permit_id,description,issued_at,work_class,permit_type,estimated_cost,contractor_name,status,address,zip_code,permit_class,contractor_phone,portal_link,source_updated_at,raw_payload,ingested_at
2026-035145 PP,New construction multi-family in the etj 33623 sqft,2026-05-01T00:00:00+00:00,New,Plumbing Permit,,"Red Kings Plumbing Contractors LLC,",Active,5121 E HOWARD LN BLDG 7,78653,Commercial,2109862480,https://abc.austintexas.gov/web/permit/public-search-other?t_detail=1&t_selected_folderrsn=13674663,2026-05-01T00:00:00+00:00,"{""permittype"": ""PP"", ""permit_type_desc"": ""Plumbing Permit"", ""permit_number"": ""2026-035145 PP"", ""permit_class_mapped"": ""Commercial"", ""permit_class"": ""Commercial"", ""work_class"": ""New"", ""condominium"": ""No"", ""permit_location"": ""5121 E HOWARD LN BLDG 7"", ""description"": ""New construction multi-family in the etj 33623 sqft"", ""tcad_id"": ""0251410311"", ""legal_description"": ""ABS 160 SUR 50 CASTRO M ACR 45.592"", ""applieddate"": ""2026-03-24T00:00:00.000"", ""issue_date"": ""2026-05-01T00:00:00.000"", ""day_issued"": ""FRIDAY"", ""calendar_year_issued"": ""2026"", ""fiscal_year_issued"": ""2026"", ""issued_in_last_30_days"": ""Yes"", ""issue_method"": ""Permit Center"", ""status_current"": ""Active"", ""statusdate"": ""2026-05-01T00:00:00.000"", ""expiresdate"": ""2026-10-28T00:00:00.000"", ""total_new_add_sqft"": ""33623"", ""number_of_floors"": ""3"", ""housing_units"": ""36"", ""original_address1"": ""5121 E HOWARD LN BLDG 7"", ""original_city"": ""AUSTIN"", ""original_state"": ""TX"", ""original_zip"": ""78653"", ""jurisdiction"": ""AUSTIN 2 MILE ETJ"", ""link"": {""url"": ""https://abc.austintexas.gov/web/permit/public-search-other?t_detail=1&t_selected_folderrsn=13674663""}, ""project_id"": ""13674663"", ""contractor_trade"": ""Plumbing Contractor"", ""contractor_company_name"": ""Red Kings Plumbing Contractors LLC,"", ""contractor_full_name"": ""Ubaldo De Santiago"", ""contractor_phone"": ""2109862480"", ""contractor_address1"": ""PO BOX 70170"", ""contractor_city"": ""San Antonio"", ""contractor_zip"": ""78270-____"", ""certificate_of_occupancy"": ""No""}",2026-05-03T07:18:31.559594+00:00
2026-009598 BP,"Total demo of shed 723 sq ft circa 1930. Submitted concurrently with new construction so demo tree review fee is waived
***The building shall not be d",2026-05-01T00:00:00+00:00,Demolition,Building Permit,0.0,Nygard & Company,Active,1902 EVA ST,78704,Residential,5128446871,https://abc.austintexas.gov/web/permit/public-search-other?t_detail=1&t_selected_folderrsn=13645639,2026-05-01T00:00:00+00:00,"{""permittype"": ""BP"", ""permit_type_desc"": ""Building Permit"", ""permit_number"": ""2026-009598 BP"", ""permit_class_mapped"": ""Residential"", ""permit_class"": ""R- 649 Demolition All Other Bldgs Res"", ""work_class"": ""Demolition"", ""condominium"": ""No"", ""permit_location"": ""1902 EVA ST"", ""description"": ""Total demo of shed 723 sq ft circa 1930. Submitted concurrently with new construction so demo tree review fee is waived\n***The building shall not be d"", ""tcad_id"": ""0402010702"", ""legal_description"": ""LOT 2 BLK 36 SWEETMAN R L ADDN"", ""applieddate"": ""2026-01-16T00:00:00.000"", ""issue_date"": ""2026-05-01T00:00:00.000"", ""day_issued"": ""FRIDAY"", ""calendar_year_issued"": ""2026"", ""fiscal_year_issued"": ""2026"", ""issued_in_last_30_days"": ""Yes"", ""issue_method"": ""Permit Center"", ""status_current"": ""Active"", ""statusdate"": ""2026-05-01T00:00:00.000"", ""expiresdate"": ""2028-05-01T00:00:00.000"", ""total_existing_bldg_sqft"": ""723"", ""total_job_valuation"": ""0"", ""number_of_floors"": ""1"", ""housing_units"": ""1"", ""original_address1"": ""1902 EVA ST"", ""original_city"": ""AUSTIN"", ""original_state"": ""TX"", ""original_zip"": ""78704"", ""council_district"": ""3"", ""jurisdiction"": ""AUSTIN FULL PURPOSE"", ""link"": {""url"": ""https://abc.austintexas.gov/web/permit/public-search-other?t_detail=1&t_selected_folderrsn=13645639""}, ""project_id"": ""13645639"", ""masterpermitnum"": ""13641894"", ""latitude"": ""30.24529588"", ""longitude"": ""-97.75281626"", ""location"": {""latitude"": ""30.24529588"", ""longitude"": ""-97.75281626"", ""human_address"": ""{\""address\"": \""\"", \""city\"": \""\"", \""state\"": \""\"", \""zip\"": \""\""}""}, ""contractor_trade"": ""General Contractor"", ""contractor_company_name"": ""Nygard & Company"", ""contractor_full_name"": ""Chris Nygard"", ""contractor_phone"": ""5128446871"", ""contractor_address2"": ""100 W COMMON"", ""contractor_city"": ""DRIPPING SPR"", ""contractor_zip"": ""78620"", ""applicant_full_name"": ""Chris Nygard"", ""applicant_org"": ""Nygard & Company"", ""applicant_phone"": ""5128446871"", ""applicant_address2"": ""100 W COMMON"", ""applicant_city"": ""DRIPPING SPR"", ""applicantzip"": ""78620"", ""certificate_of_occupancy"": ""No""}",2026-05-03T07:18:31.559594+00:00
2026-047006 PP,Moscoso S423 B Left New - 1 Story SFR w/ 3 bedrooms 2 bathrooms attached 2 car garage covered entry porch and patio required parking: 2.,2026-05-01T00:00:00+00:00,New,Plumbing Permit,,IES Residential Inc,Active,9320 FURMAN DR,78747,Residential,5125615002,https://abc.austintexas.gov/web/permit/public-search-other?t_detail=1&t_selected_folderrsn=13688218,2026-05-01T00:00:00+00:00,"{""permittype"": ""PP"", ""permit_type_desc"": ""Plumbing Permit"", ""permit_number"": ""2026-047006 PP"", ""permit_class_mapped"": ""Residential"", ""permit_class"": ""R- 101 Single Family Houses"", ""work_class"": ""New"", ""condominium"": ""No"", ""permit_location"": ""9320 FURMAN DR"", ""description"": ""Moscoso S423 B Left New - 1 Story SFR w/ 3 bedrooms 2 bathrooms attached 2 car garage covered entry porch and patio required parking: 2."", ""tcad_id"": ""0340060223"", ""legal_description"": ""THAXTON SUBD (SMALL LOT) PHS 1 BLK A LOT 23"", ""applieddate"": ""2026-04-06T00:00:00.000"", ""issue_date"": ""2026-05-01T00:00:00.000"", ""day_issued"": ""FRIDAY"", ""calendar_year_issued"": ""2026"", ""fiscal_year_issued"": ""2026"", ""issued_in_last_30_days"": ""Yes"", ""issue_method"": ""Permit Center"", ""status_current"": ""Active"", ""statusdate"": ""2026-05-01T00:00:00.000"", ""expiresdate"": ""2026-10-25T00:00:00.000"", ""total_new_add_sqft"": ""2403"", ""number_of_floors"": ""1"", ""housing_units"": ""1"", ""original_address1"": ""9320 FURMAN DR"", ""original_city"": ""AUSTIN"", ""original_state"": ""TX"", ""original_zip"": ""78747"", ""council_district"": ""2"", ""jurisdiction"": ""AUSTIN FULL PURPOSE"", ""link"": {""url"": ""https://abc.austintexas.gov/web/permit/public-search-other?t_detail=1&t_selected_folderrsn=13688218""}, ""project_id"": ""13688218"", ""masterpermitnum"": ""13688149"", ""contractor_trade"": ""Plumbing Contractor"", ""contractor_company_name"": ""IES Residential Inc"", ""contractor_full_name"": ""Charles Faught"", ""contractor_phone"": ""5125615002"", ""contractor_address2"": ""13279  POND"", ""contractor_city"": ""AUSTIN"", ""contractor_zip"": ""78729-____"", ""certificate_of_occupancy"": ""No""}",2026-05-03T07:18:31.559594+00:00
2026-048005 BP,*Partial Demo* Interior remodel,2026-05-01T00:00:00+00:00,Addition and Remodel,Building Permit,1.0,Bespoke Design Build LLC,Active,506 E 38TH HALF ST,78751,Residential,5127852706,https://abc.austintexas.gov/web/permit/public-search-other?t_detail=1&t_selected_folderrsn=13689317,2026-05-01T00:00:00+00:00,"{""permittype"": ""BP"", ""permit_type_desc"": ""Building Permit"", ""permit_number"": ""2026-048005 BP"", ""permit_class_mapped"": ""Residential"", ""permit_class"": ""R- 434 Addition & Alterations"", ""work_class"": ""Addition and Remodel"", ""condominium"": ""No"", ""permit_location"": ""506 E 38TH HALF ST"", ""description"": ""*Partial Demo* Interior remodel"", ""tcad_id"": ""0218060814"", ""legal_description"": ""LOT 5-7 BLK 4 OLT 11 DIV C OAKLAWN ADDN"", ""applieddate"": ""2026-04-10T00:00:00.000"", ""issue_date"": ""2026-05-01T00:00:00.000"", ""day_issued"": ""FRIDAY"", ""calendar_year_issued"": ""2026"", ""fiscal_year_issued"": ""2026"", ""issued_in_last_30_days"": ""Yes"", ""issue_method"": ""Permit Center"", ""status_current"": ""Active"", ""statusdate"": ""2026-05-01T00:00:00.000"", ""expiresdate"": ""2026-10-29T00:00:00.000"", ""remodel_repair_sqft"": ""521"", ""total_new_add_sqft"": ""0"", ""total_valuation_remodel"": ""4"", ""total_job_valuation"": ""1"", ""number_of_floors"": ""1"", ""housing_units"": ""1"", ""building_valuation_remodel"": ""1"", ""electrical_valuation_remodel"": ""1"", ""mechanical_valuation_remodel"": ""1"", ""plumbing_valuation_remodel"": ""1"", ""original_address1"": ""506 E 38TH HALF ST"", ""original_city"": ""AUSTIN"", ""original_state"": ""TX"", ""original_zip"": ""78751"", ""council_district"": ""9"", ""jurisdiction"": ""AUSTIN FULL PURPOSE"", ""link"": {""url"": ""https://abc.austintexas.gov/web/permit/public-search-other?t_detail=1&t_selected_folderrsn=13689317""}, ""project_id"": ""13689317"", ""masterpermitnum"": ""13684703"", ""contractor_trade"": ""General Contractor"", ""contractor_company_name"": ""Bespoke Design Build LLC"", ""contractor_full_name"": ""James Christian"", ""contractor_phone"": ""5127852706"", ""contractor_address2"": ""8610  Buffal"", ""contractor_city"": ""Lago Vista"", ""contractor_zip"": ""78645-____"", ""applicant_full_name"": ""James Christian"", ""applicant_org"": ""Bespoke Design Build LLC"", ""applicant_phone"": ""5127852706"", ""applicant_address2"": ""8610  Buffal"", ""applicant_city"": ""Lago Vista"", ""applicantzip"": ""78645-____"", ""certificate_of_occupancy"": ""No"", ""total_lot_sq_ft"": ""0""}",2026-05-03T07:18:31.559594+00:00
2026-054365 EP,New Service for SFR in ETJ,2026-05-01T00:00:00+00:00,New,Electrical Permit,,PowerHouse Electrical Services,Active,722 CRYSTAL MOUNTAIN DR,78733,Residential,5128328900,https://abc.austintexas.gov/web/permit/public-search-other?t_detail=1&t_selected_folderrsn=13696659,2026-05-01T00:00:00+00:00,"{""permittype"": ""EP"", ""permit_type_desc"": ""Electrical Permit"", ""permit_number"": ""2026-054365 EP"", ""permit_class_mapped"": ""Residential"", ""permit_class"": ""Residential"", ""work_class"": ""New"", ""condominium"": ""No"", ""permit_location"": ""722 CRYSTAL MOUNTAIN DR"", ""description"": ""New Service for SFR in ETJ"", ""tcad_id"": ""0121380110"", ""legal_description"": ""LOT 17 BLK B CRYSTAL MOUNTAIN AT BARTON CREEK SEC 1"", ""applieddate"": ""2026-05-01T00:00:00.000"", ""issue_date"": ""2026-05-01T00:00:00.000"", ""day_issued"": ""FRIDAY"", ""calendar_year_issued"": ""2026"", ""fiscal_year_issued"": ""2026"", ""issued_in_last_30_days"": ""Yes"", ""issue_method"": ""Permit Center"", ""status_current"": ""Active"", ""statusdate"": ""2026-05-01T00:00:00.000"", ""expiresdate"": ""2026-10-28T00:00:00.000"", ""total_new_add_sqft"": ""7000"", ""number_of_floors"": ""1"", ""housing_units"": ""1"", ""original_address1"": ""722 CRYSTAL MOUNTAIN DR"", ""original_city"": ""AUSTIN"", ""original_state"": ""TX"", ""original_zip"": ""78733"", ""jurisdiction"": ""AUSTIN 2 MILE ETJ"", ""link"": {""url"": ""https://abc.austintexas.gov/web/permit/public-search-other?t_detail=1&t_selected_folderrsn=13696659""}, ""project_id"": ""13696659"", ""latitude"": ""30.31192076"", ""longitude"": ""-97.87172921"", ""location"": {""latitude"": ""30.31192076"", ""longitude"": ""-97.87172921"", ""human_address"": ""{\""address\"": \""\"", \""city\"": \""\"", \""state\"": \""\"", \""zip\"": \""\""}""}, ""contractor_trade"": ""Electrical Contractor"", ""contractor_company_name"": ""PowerHouse Electrical Services"", ""contractor_full_name"": ""Russell Neal"", ""contractor_phone"": ""5128328900"", ""contractor_address2"": ""1901  Waukes"", ""contractor_city"": ""Pflugerville"", ""contractor_zip"": ""78660"", ""certificate_of_occupancy"": ""No""}",2026-05-03T07:18:31.559594+00:00
2026-038308 PP,Total demo of sfr 1732 sqft circa 1980,2026-05-01T00:00:00+00:00,Demolition,Plumbing Permit,,TRUJILLOS BROTHERS PLUMBING,Active,3202 EANES CIR,78746,Residential,5129634349,https://abc.austintexas.gov/web/permit/public-search-other?t_detail=1&t_selected_folderrsn=13678296,2026-05-01T00:00:00+00:00,"{""permittype"": ""PP"", ""permit_type_desc"": ""Plumbing Permit"", ""permit_number"": ""2026-038308 PP"", ""permit_class_mapped"": ""Residential"", ""permit_class"": ""R- 645 Demolition One Family Homes"", ""work_class"": ""Demolition"", ""condominium"": ""No"", ""permit_location"": ""3202 EANES CIR"", ""description"": ""Total demo of sfr 1732 sqft circa 1980"", ""tcad_id"": ""0106160712"", ""legal_description"": ""LOT 16 BLK B BEECAVE WOODS SEC 2"", ""applieddate"": ""2026-03-20T00:00:00.000"", ""issue_date"": ""2026-05-01T00:00:00.000"", ""day_issued"": ""FRIDAY"", ""calendar_year_issued"": ""2026"", ""fiscal_year_issued"": ""2026"", ""issued_in_last_30_days"": ""Yes"", ""issue_method"": ""Permit Center"", ""status_current"": ""Active"", ""statusdate"": ""2026-05-01T00:00:00.000"", ""expiresdate"": ""2028-04-06T00:00:00.000"", ""total_existing_bldg_sqft"": ""1"", ""original_address1"": ""3202 EANES CIR"", ""original_city"": ""AUSTIN"", ""original_state"": ""TX"", ""original_zip"": ""78746"", ""council_district"": ""8"", ""jurisdiction"": ""AUSTIN FULL PURPOSE"", ""link"": {""url"": ""https://abc.austintexas.gov/web/permit/public-search-other?t_detail=1&t_selected_folderrsn=13678296""}, ""project_id"": ""13678296"", ""masterpermitnum"": ""13678291"", ""latitude"": ""30.26787243"", ""longitude"": ""-97.80241124"", ""location"": {""latitude"": ""30.26787243"", ""longitude"": ""-97.80241124"", ""human_address"": ""{\""address\"": \""\"", \""city\"": \""\"", \""state\"": \""\"", \""zip\"": \""\""}""}, ""contractor_trade"": ""Plumbing Contractor"", ""contractor_company_name"": ""TRUJILLOS BROTHERS PLUMBING"", ""contractor_full_name"": ""SAUL TRUJILLO"", ""contractor_phone"": ""5129634349"", ""contractor_address2"": ""13425  HARRY"", ""contractor_city"": ""MANOR"", ""contractor_zip"": ""78653"", ""certificate_of_occupancy"": ""No""}",2026-05-03T07:18:31.559594+00:00
2026-041821 EP,"Interior alteration of an existing office space including a new demising wall to create separate suites 260 & 265 - (2) applications

Suite 260",2026-05-01T00:00:00+00:00,Remodel,Electrical Permit,,T M Electric,Active,5000 PLAZA ON THE LAKE,78746,Commercial,5128348174,https://abc.austintexas.gov/web/permit/public-search-other?t_detail=1&t_selected_folderrsn=13682283,2026-05-01T00:00:00+00:00,"{""permittype"": ""EP"", ""permit_type_desc"": ""Electrical Permit"", ""permit_number"": ""2026-041821 EP"", ""permit_class_mapped"": ""Commercial"", ""permit_class"": ""C-1000 Commercial Remodel"", ""work_class"": ""Remodel"", ""condominium"": ""No"", ""permit_location"": ""5000 PLAZA ON THE LAKE"", ""description"": ""Interior alteration of an existing office space including a new demising wall to create separate suites 260 & 265 - (2) applications\n\nSuite 260"", ""tcad_id"": ""0135150328"", ""legal_description"": ""LOT 1 HERMOSA OFFICE PARK"", ""applieddate"": ""2026-03-27T00:00:00.000"", ""issue_date"": ""2026-05-01T00:00:00.000"", ""day_issued"": ""FRIDAY"", ""calendar_year_issued"": ""2026"", ""fiscal_year_issued"": ""2026"", ""issued_in_last_30_days"": ""Yes"", ""issue_method"": ""Permit Center"", ""status_current"": ""Active"", ""statusdate"": ""2026-05-01T00:00:00.000"", ""expiresdate"": ""2026-10-28T00:00:00.000"", ""remodel_repair_sqft"": ""7223"", ""number_of_floors"": ""3"", ""housing_units"": ""1"", ""electrical_valuation_remodel"": ""60000"", ""original_address1"": ""5000 PLAZA ON THE LAKE"", ""original_city"": ""AUSTIN"", ""original_state"": ""TX"", ""original_zip"": ""78746"", ""council_district"": ""10"", ""jurisdiction"": ""AUSTIN FULL PURPOSE"", ""link"": {""url"": ""https://abc.austintexas.gov/web/permit/public-search-other?t_detail=1&t_selected_folderrsn=13682283""}, ""project_id"": ""13682283"", ""masterpermitnum"": ""13682227"", ""latitude"": ""30.34910559"", ""longitude"": ""-97.80157688"", ""location"": {""latitude"": ""30.34910559"", ""longitude"": ""-97.80157688"", ""human_address"": ""{\""address\"": \""\"", \""city\"": \""\"", \""state\"": \""\"", \""zip\"": \""\""}""}, ""contractor_trade"": ""Electrical Contractor"", ""contractor_company_name"": ""T M Electric"", ""contractor_full_name"": ""Tim Moll"", ""contractor_phone"": ""5128348174"", ""contractor_address2"": ""9802  Gray B"", ""contractor_city"": ""Austin"", ""contractor_zip"": ""78758"", ""certificate_of_occupancy"": ""No""}",2026-05-03T07:18:31.559594+00:00
2026-050810 PP,Replacement of an existing water heater Replace water heater,2026-05-01T00:00:00+00:00,Change Out,Plumbing Permit,,Nueva Era Plumbing  Services LLC,Active,2011 BRENTWOOD ST,78757,Residential,5125845521,https://abc.austintexas.gov/web/permit/public-search-other?t_detail=1&t_selected_folderrsn=13692661,2026-05-01T00:00:00+00:00,"{""permittype"": ""PP"", ""permit_type_desc"": ""Plumbing Permit"", ""permit_number"": ""2026-050810 PP"", ""permit_class_mapped"": ""Residential"", ""permit_class"": ""Residential"", ""work_class"": ""Change Out"", ""permit_location"": ""2011 BRENTWOOD ST"", ""description"": ""Replacement of an existing water heater Replace water heater"", ""tcad_id"": ""0233050205"", ""legal_description"": ""LOT 22 BRENTWOOD TERRACE NO 2"", ""applieddate"": ""2026-04-24T00:00:00.000"", ""issue_date"": ""2026-05-01T00:00:00.000"", ""day_issued"": ""FRIDAY"", ""calendar_year_issued"": ""2026"", ""fiscal_year_issued"": ""2026"", ""issued_in_last_30_days"": ""Yes"", ""issue_method"": ""Permit Center"", ""status_current"": ""Active"", ""statusdate"": ""2026-05-01T00:00:00.000"", ""expiresdate"": ""2026-10-28T00:00:00.000"", ""original_address1"": ""2011 BRENTWOOD ST"", ""original_city"": ""AUSTIN"", ""original_state"": ""TX"", ""original_zip"": ""78757"", ""council_district"": ""7"", ""jurisdiction"": ""AUSTIN FULL PURPOSE"", ""link"": {""url"": ""https://abc.austintexas.gov/web/permit/public-search-other?t_detail=1&t_selected_folderrsn=13692661""}, ""project_id"": ""13692661"", ""latitude"": ""30.3405809"", ""longitude"": ""-97.73577323"", ""location"": {""latitude"": ""30.3405809"", ""longitude"": ""-97.73577323"", ""human_address"": ""{\""address\"": \""\"", \""city\"": \""\"", \""state\"": \""\"", \""zip\"": \""\""}""}, ""contractor_trade"": ""Plumbing Contractor"", ""contractor_company_name"": ""Nueva Era Plumbing  Services LLC"", ""contractor_full_name"": ""Eric Garcia"", ""contractor_phone"": ""5125845521"", ""contractor_address2"": ""129  LEXINGT"", ""contractor_city"": ""McDade"", ""contractor_zip"": ""78650""}",2026-05-03T07:18:31.559594+00:00
2026-052281 BP,Brahman 3318 B Right New - 2 Story SFR CONDOMINUM w/ 4 bedrooms 2.5 bathrooms attached 2 car garage covered entry porch and patio FFE: 682.10 Site Pla,2026-05-01T00:00:00+00:00,New,Building Permit,0.0,Eva Mata,Active,700 BOLEY DR,78652,Residential,512,https://abc.austintexas.gov/web/permit/public-search-other?t_detail=1&t_selected_folderrsn=13694284,2026-05-01T00:00:00+00:00,"{""permittype"": ""BP"", ""permit_type_desc"": ""Building Permit"", ""permit_number"": ""2026-052281 BP"", ""permit_class_mapped"": ""Residential"", ""permit_class"": ""R- 101 Single Family Houses"", ""work_class"": ""New"", ""condominium"": ""Yes"", ""permit_location"": ""700 BOLEY DR"", ""description"": ""Brahman 3318 B Right New - 2 Story SFR CONDOMINUM w/ 4 bedrooms 2.5 bathrooms attached 2 car garage covered entry porch and patio FFE: 682.10 Site Pla"", ""tcad_id"": ""0451150901"", ""applieddate"": ""2026-04-15T00:00:00.000"", ""issue_date"": ""2026-05-01T00:00:00.000"", ""day_issued"": ""FRIDAY"", ""calendar_year_issued"": ""2026"", ""fiscal_year_issued"": ""2026"", ""issued_in_last_30_days"": ""Yes"", ""issue_method"": ""Permit Center"", ""status_current"": ""Active"", ""statusdate"": ""2026-05-01T00:00:00.000"", ""expiresdate"": ""2026-10-29T00:00:00.000"", ""total_new_add_sqft"": ""2946"", ""total_job_valuation"": ""0"", ""number_of_floors"": ""2"", ""housing_units"": ""1"", ""original_address1"": ""700 BOLEY DR"", ""original_city"": ""AUSTIN"", ""original_state"": ""TX"", ""original_zip"": ""78652"", ""council_district"": ""5"", ""jurisdiction"": ""AUSTIN LTD"", ""link"": {""url"": ""https://abc.austintexas.gov/web/permit/public-search-other?t_detail=1&t_selected_folderrsn=13694284""}, ""project_id"": ""13694284"", ""masterpermitnum"": ""13687455"", ""contractor_trade"": ""General Contractor"", ""contractor_full_name"": ""Eva Mata"", ""contractor_phone"": ""512"", ""contractor_city"": ""Austin"", ""applicant_full_name"": ""Eva Mata"", ""applicant_phone"": ""512"", ""applicant_city"": ""Austin"", ""certificate_of_occupancy"": ""Yes"", ""total_lot_sq_ft"": ""0""}",2026-05-03T07:18:31.559594+00:00
2026-053685 BP,ePlan: Residential Expedited Review - New construction of a 2-Story Duplex [1bed 1bath] over Attached Garage. Unit B,2026-05-01T00:00:00+00:00,New,Building Permit,0.0,Co-Sci Construction LLC **MAIN**,Active,1812 MARGARET ST UNIT B,78704,Residential,4693941563,https://abc.austintexas.gov/web/permit/public-search-other?t_detail=1&t_selected_folderrsn=13695855,2026-05-01T00:00:00+00:00,"{""permittype"": ""BP"", ""permit_type_desc"": ""Building Permit"", ""permit_number"": ""2026-053685 BP"", ""permit_class_mapped"": ""Residential"", ""permit_class"": ""R- 103 Two Family Bldgs"", ""work_class"": ""New"", ""condominium"": ""No"", ""permit_location"": ""1812 MARGARET ST UNIT B"", ""description"": ""ePlan: Residential Expedited Review - New construction of a 2-Story Duplex [1bed 1bath] over Attached Garage. Unit B"", ""tcad_id"": ""0102051616"", ""legal_description"": ""LOT 4 BLK A SOUTH LUND SOUTH"", ""applieddate"": ""2026-03-13T00:00:00.000"", ""issue_date"": ""2026-05-01T00:00:00.000"", ""day_issued"": ""FRIDAY"", ""calendar_year_issued"": ""2026"", ""fiscal_year_issued"": ""2026"", ""issued_in_last_30_days"": ""Yes"", ""issue_method"": ""Permit Center"", ""status_current"": ""Active"", ""statusdate"": ""2026-05-01T00:00:00.000"", ""expiresdate"": ""2026-10-29T00:00:00.000"", ""total_new_add_sqft"": ""1150"", ""total_job_valuation"": ""0"", ""number_of_floors"": ""2"", ""housing_units"": ""1"", ""original_address1"": ""1812 MARGARET ST UNIT B"", ""original_city"": ""AUSTIN"", ""original_state"": ""TX"", ""original_zip"": ""78704"", ""council_district"": ""5"", ""jurisdiction"": ""AUSTIN FULL PURPOSE"", ""link"": {""url"": ""https://abc.austintexas.gov/web/permit/public-search-other?t_detail=1&t_selected_folderrsn=13695855""}, ""project_id"": ""13695855"", ""masterpermitnum"": ""13669625"", ""contractor_trade"": ""General Contractor"", ""contractor_company_name"": ""Co-Sci Construction LLC **MAIN**"", ""contractor_full_name"": ""Mark Roberts"", ""contractor_phone"": ""4693941563"", ""contractor_address2"": ""1504 S Walnu"", ""contractor_city"": ""Georgetown"", ""contractor_zip"": ""78626"", ""applicant_full_name"": ""Mark Roberts"", ""applicant_org"": ""Co-Sci Construction LLC **MAIN**"", ""applicant_phone"": ""4693941563"", ""applicant_address2"": ""1504 S Walnu"", ""applicant_city"": ""Georgetown"", ""applicantzip"": ""78626"", ""certificate_of_occupancy"": ""Yes"", ""total_lot_sq_ft"": ""7667""}",2026-05-03T07:18:31.559594+00:00
2025-066092 BP,ePlan: Residential Expedited Review - New construction of a 2-Story Single Family Res. [4bed 3.5bath] with Attached Garage.,2026-05-01T00:00:00+00:00,New,Building Permit,0.0,Red Tail Construction,Active,10111 DOBBIN DR,78748,Residential,3109625784,https://abc.austintexas.gov/web/permit/public-search-other?t_detail=1&t_selected_folderrsn=13524940,2026-05-01T00:00:00+00:00,"{""permittype"": ""BP"", ""permit_type_desc"": ""Building Permit"", ""permit_number"": ""2025-066092 BP"", ""permit_class_mapped"": ""Residential"", ""permit_class"": ""R- 101 Single Family Houses"", ""work_class"": ""New"", ""condominium"": ""No"", ""permit_location"": ""10111 DOBBIN DR"", ""description"": ""ePlan: Residential Expedited Review - New construction of a 2-Story Single Family Res. [4bed 3.5bath] with Attached Garage."", ""tcad_id"": ""0428280109"", ""legal_description"": ""LOT 1 BLK 1 DOBBIN DRIVE SUBD"", ""applieddate"": ""2025-05-01T00:00:00.000"", ""issue_date"": ""2026-05-01T00:00:00.000"", ""day_issued"": ""FRIDAY"", ""calendar_year_issued"": ""2026"", ""fiscal_year_issued"": ""2026"", ""issued_in_last_30_days"": ""Yes"", ""issue_method"": ""Permit Center"", ""status_current"": ""Active"", ""statusdate"": ""2026-05-01T00:00:00.000"", ""expiresdate"": ""2026-10-29T00:00:00.000"", ""total_new_add_sqft"": ""4318"", ""total_job_valuation"": ""0"", ""number_of_floors"": ""2"", ""housing_units"": ""1"", ""original_address1"": ""10111 DOBBIN DR"", ""original_city"": ""AUSTIN"", ""original_state"": ""TX"", ""original_zip"": ""78748"", ""council_district"": ""5"", ""jurisdiction"": ""AUSTIN FULL PURPOSE"", ""link"": {""url"": ""https://abc.austintexas.gov/web/permit/public-search-other?t_detail=1&t_selected_folderrsn=13524940""}, ""project_id"": ""13524940"", ""masterpermitnum"": ""13511297"", ""latitude"": ""30.18022832"", ""longitude"": ""-97.84942389"", ""location"": {""latitude"": ""30.18022832"", ""longitude"": ""-97.84942389"", ""human_address"": ""{\""address\"": \""\"", \""city\"": \""\"", \""state\"": \""\"", \""zip\"": \""\""}""}, ""contractor_trade"": ""General Contractor"", ""contractor_company_name"": ""Red Tail Construction"", ""contractor_full_name"": ""Dustin Minium"", ""contractor_phone"": ""3109625784"", ""contractor_address2"": ""6433  Brioge"", ""contractor_city"": ""Austin"", ""contractor_zip"": ""78723"", ""applicant_full_name"": ""Dustin Minium"", ""applicant_org"": ""Red Tail Construction"", ""applicant_phone"": ""3109625784"", ""applicant_address2"": ""6433  Brioge"", ""applicant_city"": ""Austin"", ""applicantzip"": ""78723"", ""certificate_of_occupancy"": ""Yes"", ""total_lot_sq_ft"": ""43136""}",2026-05-03T07:18:31.559594+00:00
2026-035090 PP,New construction multi-family in the etj 33623 sqft,2026-05-01T00:00:00+00:00,New,Plumbing Permit,,"Red Kings Plumbing Contractors LLC,",Active,5121 E HOWARD LN BLDG 5,78653,Commercial,2109862480,https://abc.austintexas.gov/web/permit/public-search-other?t_detail=1&t_selected_folderrsn=13674595,2026-05-01T00:00:00+00:00,"{""permittype"": ""PP"", ""permit_type_desc"": ""Plumbing Permit"", ""permit_number"": ""2026-035090 PP"", ""permit_class_mapped"": ""Commercial"", ""permit_class"": ""Commercial"", ""work_class"": ""New"", ""condominium"": ""No"", ""permit_location"": ""5121 E HOWARD LN BLDG 5"", ""description"": ""New construction multi-family in the etj 33623 sqft"", ""tcad_id"": ""0251410311"", ""legal_description"": ""ABS 160 SUR 50 CASTRO M ACR 45.592"", ""applieddate"": ""2026-03-24T00:00:00.000"", ""issue_date"": ""2026-05-01T00:00:00.000"", ""day_issued"": ""FRIDAY"", ""calendar_year_issued"": ""2026"", ""fiscal_year_issued"": ""2026"", ""issued_in_last_30_days"": ""Yes"", ""issue_method"": ""Permit Center"", ""status_current"": ""Active"", ""statusdate"": ""2026-05-01T00:00:00.000"", ""expiresdate"": ""2026-10-28T00:00:00.000"", ""total_new_add_sqft"": ""33623"", ""number_of_floors"": ""3"", ""housing_units"": ""36"", ""original_address1"": ""5121 E HOWARD LN BLDG 5"", ""original_city"": ""AUSTIN"", ""original_state"": ""TX"", ""original_zip"": ""78653"", ""jurisdiction"": ""AUSTIN 2 MILE ETJ"", ""link"": {""url"": ""https://abc.austintexas.gov/web/permit/public-search-other?t_detail=1&t_selected_folderrsn=13674595""}, ""project_id"": ""13674595"", ""contractor_trade"": ""Plumbing Contractor"", ""contractor_company_name"": ""Red Kings Plumbing Contractors LLC,"", ""contractor_full_name"": ""Ubaldo De Santiago"", ""contractor_phone"": ""2109862480"", ""contractor_address1"": ""PO BOX 70170"", ""contractor_city"": ""San Antonio"", ""contractor_zip"": ""78270-____"", ""certificate_of_occupancy"": ""No""}",2026-05-03T07:18:31.559594+00:00
2026-052531 BP,Add 1692 sf of covered warehouse the existing structure.  New cover front of addition (same height) with new staircase to existing exterior door on 2n,2026-05-01T00:00:00+00:00,Addition,Building Permit,324821.0,Kb Contractors TX,Active,6711 BURNET LN,78757,Commercial,5124134484,https://abc.austintexas.gov/web/permit/public-search-other?t_detail=1&t_selected_folderrsn=13694579,2026-05-01T00:00:00+00:00,"{""permittype"": ""BP"", ""permit_type_desc"": ""Building Permit"", ""permit_number"": ""2026-052531 BP"", ""permit_class_mapped"": ""Commercial"", ""permit_class"": ""C- 437 Addn, Alter, Convn-NonRes"", ""work_class"": ""Addition"", ""condominium"": ""No"", ""permit_location"": ""6711 BURNET LN"", ""description"": ""Add 1692 sf of covered warehouse the existing structure.  New cover front of addition (same height) with new staircase to existing exterior door on 2n"", ""tcad_id"": ""0233050183"", ""legal_description"": ""LOT B * RESUB OF LTS 6-9 BLK 6 NORTHRIDGE TERRACE SEC 5"", ""applieddate"": ""2025-11-24T00:00:00.000"", ""issue_date"": ""2026-05-01T00:00:00.000"", ""day_issued"": ""FRIDAY"", ""calendar_year_issued"": ""2026"", ""fiscal_year_issued"": ""2026"", ""issued_in_last_30_days"": ""Yes"", ""issue_method"": ""Permit Center"", ""status_current"": ""Active"", ""statusdate"": ""2026-05-01T00:00:00.000"", ""expiresdate"": ""2026-10-29T00:00:00.000"", ""total_new_add_sqft"": ""1692"", ""total_job_valuation"": ""324821"", ""number_of_floors"": ""2"", ""housing_units"": ""1"", ""building_valuation"": ""0"", ""electrical_valuation"": ""0"", ""mechanical_valuation"": ""0"", ""plumbing_valuation"": ""0"", ""original_address1"": ""6711 BURNET LN"", ""original_city"": ""AUSTIN"", ""original_state"": ""TX"", ""original_zip"": ""78757"", ""council_district"": ""7"", ""jurisdiction"": ""AUSTIN FULL PURPOSE"", ""link"": {""url"": ""https://abc.austintexas.gov/web/permit/public-search-other?t_detail=1&t_selected_folderrsn=13694579""}, ""project_id"": ""13694579"", ""masterpermitnum"": ""13619726"", ""latitude"": ""30.34287954"", ""longitude"": ""-97.73669117"", ""location"": {""latitude"": ""30.34287954"", ""longitude"": ""-97.73669117"", ""human_address"": ""{\""address\"": \""\"", \""city\"": \""\"", \""state\"": \""\"", \""zip\"": \""\""}""}, ""contractor_trade"": ""General Contractor"", ""contractor_company_name"": ""Kb Contractors TX"", ""contractor_full_name"": ""Kelsi Bodin"", ""contractor_phone"": ""5124134484"", ""contractor_address2"": ""7712  MARBLE"", ""contractor_city"": ""AUSTIN"", ""contractor_zip"": ""78747-____"", ""applicant_full_name"": ""Kelsi Bodin"", ""applicant_org"": ""Kb Contractors TX"", ""applicant_phone"": ""5124134484"", ""applicant_address2"": ""7712  MARBLE"", ""applicant_city"": ""AUSTIN"", ""applicantzip"": ""78747-____"", ""certificate_of_occupancy"": ""Yes""}",2026-05-03T07:18:31.559594+00:00
2026-052943 PP,Replace sewer yard line 80ft,2026-05-01T00:00:00+00:00,Repair,Plumbing Permit,,HC Plumbing,Active,3307 HAMPTON RD,78705,Residential,5129158616,https://abc.austintexas.gov/web/permit/public-search-other?t_detail=1&t_selected_folderrsn=13695008,2026-05-01T00:00:00+00:00,"{""permittype"": ""PP"", ""permit_type_desc"": ""Plumbing Permit"", ""permit_number"": ""2026-052943 PP"", ""permit_class_mapped"": ""Residential"", ""permit_class"": ""Residential"", ""work_class"": ""Repair"", ""condominium"": ""No"", ""permit_location"": ""3307 HAMPTON RD"", ""description"": ""Replace sewer yard line 80ft"", ""tcad_id"": ""0216070702"", ""legal_description"": ""0.2497 AC OF LOT 22 OLT 6&9 DIV C BEAU SITE"", ""applieddate"": ""2026-04-28T00:00:00.000"", ""issue_date"": ""2026-05-01T00:00:00.000"", ""day_issued"": ""FRIDAY"", ""calendar_year_issued"": ""2026"", ""fiscal_year_issued"": ""2026"", ""issued_in_last_30_days"": ""Yes"", ""issue_method"": ""Permit Center"", ""status_current"": ""Active"", ""statusdate"": ""2026-05-01T00:00:00.000"", ""expiresdate"": ""2026-10-28T00:00:00.000"", ""remodel_repair_sqft"": ""2000"", ""number_of_floors"": ""0"", ""housing_units"": ""1"", ""original_address1"": ""3307 HAMPTON RD"", ""original_city"": ""AUSTIN"", ""original_state"": ""TX"", ""original_zip"": ""78705"", ""council_district"": ""9"", ""jurisdiction"": ""AUSTIN FULL PURPOSE"", ""link"": {""url"": ""https://abc.austintexas.gov/web/permit/public-search-other?t_detail=1&t_selected_folderrsn=13695008""}, ""project_id"": ""13695008"", ""latitude"": ""30.29289784"", ""longitude"": ""-97.72668325"", ""location"": {""latitude"": ""30.29289784"", ""longitude"": ""-97.72668325"", ""human_address"": ""{\""address\"": \""\"", \""city\"": \""\"", \""state\"": \""\"", \""zip\"": \""\""}""}, ""contractor_trade"": ""Plumbing Contractor"", ""contractor_company_name"": ""HC Plumbing"", ""contractor_full_name"": ""Alfonso Martinez"", ""contractor_phone"": ""5129158616"", ""contractor_address2"": ""10227  Brant"", ""contractor_city"": ""Austin"", ""contractor_zip"": ""78748"", ""certificate_of_occupancy"": ""No""}",2026-05-03T07:18:31.559594+00:00
2025-157400 MP,Unit 101 Bldg 1: New 3-story townhome with 3 bedroom 3.5 bathroom balcony attached 2-car carport.  Part of 3-unit townhome building in 3-unit use.  (9,2026-05-01T00:00:00+00:00,New,Mechanical Permit,,Airtron,Active,4413 BANISTER LN UNIT 101,78745,Residential,5128213163,https://abc.austintexas.gov/web/permit/public-search-other?t_detail=1&t_selected_folderrsn=13627405,2026-05-01T00:00:00+00:00,"{""permittype"": ""MP"", ""permit_type_desc"": ""Mechanical Permit"", ""permit_number"": ""2025-157400 MP"", ""permit_class_mapped"": ""Residential"", ""permit_class"": ""R- 101 Single Family Houses"", ""work_class"": ""New"", ""condominium"": ""No"", ""permit_location"": ""4413 BANISTER LN UNIT 101"", ""description"": ""Unit 101 Bldg 1: New 3-story townhome with 3 bedroom 3.5 bathroom balcony attached 2-car carport.  Part of 3-unit townhome building in 3-unit use.  (9"", ""tcad_id"": ""0410090541"", ""legal_description"": ""BANISTER ACRES RSB LOT 4 BLK 4 BLK 4 LOT 4A"", ""applieddate"": ""2025-04-24T00:00:00.000"", ""issue_date"": ""2026-05-01T00:00:00.000"", ""day_issued"": ""FRIDAY"", ""calendar_year_issued"": ""2026"", ""fiscal_year_issued"": ""2026"", ""issued_in_last_30_days"": ""Yes"", ""issue_method"": ""Permit Center"", ""status_current"": ""Active"", ""statusdate"": ""2026-05-01T00:00:00.000"", ""expiresdate"": ""2026-08-19T00:00:00.000"", ""total_new_add_sqft"": ""1935"", ""number_of_floors"": ""3"", ""housing_units"": ""1"", ""original_address1"": ""4413 BANISTER LN UNIT 101"", ""original_city"": ""AUSTIN"", ""original_state"": ""TX"", ""original_zip"": ""78745"", ""council_district"": ""5"", ""jurisdiction"": ""AUSTIN FULL PURPOSE"", ""link"": {""url"": ""https://abc.austintexas.gov/web/permit/public-search-other?t_detail=1&t_selected_folderrsn=13627405""}, ""project_id"": ""13627405"", ""masterpermitnum"": ""13627393"", ""contractor_trade"": ""Mechanical Contractor"", ""contractor_company_name"": ""Airtron"", ""contractor_full_name"": ""Tamara Enfield"", ""contractor_phone"": ""5128213163"", ""contractor_address2"": ""12112  BOARD"", ""contractor_city"": ""AUSTIN"", ""contractor_zip"": ""78729-____"", ""certificate_of_occupancy"": ""No""}",2026-05-03T07:18:31.559594+00:00
2025-157304 MP,Unit 302 Bldg 3:New 3-story townhome with 3 bedroom 3.5 bathroom balcony attached 2-car carport.  Part of 3-unit townhome building in 3-unit use.  (9,2026-05-01T00:00:00+00:00,New,Mechanical Permit,,Airtron,Active,4413 BANISTER LN UNIT 302,78745,Residential,5128213163,https://abc.austintexas.gov/web/permit/public-search-other?t_detail=1&t_selected_folderrsn=13627299,2026-05-01T00:00:00+00:00,"{""permittype"": ""MP"", ""permit_type_desc"": ""Mechanical Permit"", ""permit_number"": ""2025-157304 MP"", ""permit_class_mapped"": ""Residential"", ""permit_class"": ""R- 101 Single Family Houses"", ""work_class"": ""New"", ""condominium"": ""No"", ""permit_location"": ""4413 BANISTER LN UNIT 302"", ""description"": ""Unit 302 Bldg 3:New 3-story townhome with 3 bedroom 3.5 bathroom balcony attached 2-car carport.  Part of 3-unit townhome building in 3-unit use.  (9"", ""tcad_id"": ""0410090541"", ""legal_description"": ""BANISTER ACRES RSB LOT 4 BLK 4 BLK 4 LOT 4A"", ""applieddate"": ""2025-06-03T00:00:00.000"", ""issue_date"": ""2026-05-01T00:00:00.000"", ""day_issued"": ""FRIDAY"", ""calendar_year_issued"": ""2026"", ""fiscal_year_issued"": ""2026"", ""issued_in_last_30_days"": ""Yes"", ""issue_method"": ""Permit Center"", ""status_current"": ""Active"", ""statusdate"": ""2026-05-01T00:00:00.000"", ""expiresdate"": ""2026-08-19T00:00:00.000"", ""total_new_add_sqft"": ""1770"", ""number_of_floors"": ""3"", ""housing_units"": ""1"", ""original_address1"": ""4413 BANISTER LN UNIT 302"", ""original_city"": ""AUSTIN"", ""original_state"": ""TX"", ""original_zip"": ""78745"", ""council_district"": ""5"", ""jurisdiction"": ""AUSTIN FULL PURPOSE"", ""link"": {""url"": ""https://abc.austintexas.gov/web/permit/public-search-other?t_detail=1&t_selected_folderrsn=13627299""}, ""project_id"": ""13627299"", ""masterpermitnum"": ""13627279"", ""contractor_trade"": ""Mechanical Contractor"", ""contractor_company_name"": ""Airtron"", ""contractor_full_name"": ""Tamara Enfield"", ""contractor_phone"": ""5128213163"", ""contractor_address2"": ""12112  BOARD"", ""contractor_city"": ""AUSTIN"", ""contractor_zip"": ""78729-____"", ""certificate_of_occupancy"": ""No""}",2026-05-03T07:18:31.559594+00:00
2026-052433 EP,First Texas Honda sign N05 DELIVERY north elevation,2026-05-01T00:00:00+00:00,Wall,Electrical Permit,,Not Provided,Active,3400 STECK AVE,78757,Commercial,Not Provided,https://abc.austintexas.gov/web/permit/public-search-other?t_detail=1&t_selected_folderrsn=13696240,2026-05-01T00:00:00+00:00,"{""permittype"": ""EP"", ""permit_type_desc"": ""Electrical Permit"", ""permit_number"": ""2026-052433 EP"", ""permit_class_mapped"": ""Commercial"", ""permit_class"": ""Sign Permit"", ""work_class"": ""Wall"", ""permit_location"": ""3400 STECK AVE"", ""description"": ""First Texas Honda sign N05 DELIVERY north elevation"", ""tcad_id"": ""0243051112"", ""legal_description"": ""ALLANDALE ESTATES SEC 2 LOT 1"", ""applieddate"": ""2026-04-30T00:00:00.000"", ""issue_date"": ""2026-05-01T00:00:00.000"", ""day_issued"": ""FRIDAY"", ""calendar_year_issued"": ""2026"", ""fiscal_year_issued"": ""2026"", ""issued_in_last_30_days"": ""Yes"", ""issue_method"": ""Permit Center"", ""status_current"": ""Active"", ""statusdate"": ""2026-05-01T00:00:00.000"", ""expiresdate"": ""2026-10-28T00:00:00.000"", ""original_address1"": ""3400 STECK AVE"", ""original_city"": ""AUSTIN"", ""original_state"": ""TX"", ""original_zip"": ""78757"", ""council_district"": ""7"", ""jurisdiction"": ""AUSTIN FULL PURPOSE"", ""link"": {""url"": ""https://abc.austintexas.gov/web/permit/public-search-other?t_detail=1&t_selected_folderrsn=13696240""}, ""project_id"": ""13696240"", ""masterpermitnum"": ""13694472""}",2026-05-03T07:18:31.559594+00:00
2026-053504 EP,125 AMP main breaker panel replacement install ground rods and surge protection. no meter work being performed. Service Provider - Austin Energy,2026-05-01T00:00:00+00:00,Repair,Electrical Permit,,Mister Sparky Austin,Active,1003 WEEPING WILLOW DR,78753,Residential,7372793369,https://abc.austintexas.gov/web/permit/public-search-other?t_detail=1&t_selected_folderrsn=13695632,2026-05-01T00:00:00+00:00,"{""permittype"": ""EP"", ""permit_type_desc"": ""Electrical Permit"", ""permit_number"": ""2026-053504 EP"", ""permit_class_mapped"": ""Residential"", ""permit_class"": ""Residential"", ""work_class"": ""Repair"", ""condominium"": ""No"", ""permit_location"": ""1003 WEEPING WILLOW DR"", ""description"": ""125 AMP main breaker panel replacement install ground rods and surge protection. no meter work being performed. Service Provider - Austin Energy"", ""tcad_id"": ""0236190806"", ""legal_description"": ""LOT 19 BLK F WOODBRIDGE SEC 2"", ""applieddate"": ""2026-04-29T00:00:00.000"", ""issue_date"": ""2026-05-01T00:00:00.000"", ""day_issued"": ""FRIDAY"", ""calendar_year_issued"": ""2026"", ""fiscal_year_issued"": ""2026"", ""issued_in_last_30_days"": ""Yes"", ""issue_method"": ""Permit Center"", ""status_current"": ""Active"", ""statusdate"": ""2026-05-01T00:00:00.000"", ""expiresdate"": ""2026-10-28T00:00:00.000"", ""remodel_repair_sqft"": ""0"", ""number_of_floors"": ""1"", ""housing_units"": ""1"", ""electrical_valuation_remodel"": ""5690"", ""original_address1"": ""1003 WEEPING WILLOW DR"", ""original_city"": ""AUSTIN"", ""original_state"": ""TX"", ""original_zip"": ""78753"", ""council_district"": ""4"", ""jurisdiction"": ""AUSTIN FULL PURPOSE"", ""link"": {""url"": ""https://abc.austintexas.gov/web/permit/public-search-other?t_detail=1&t_selected_folderrsn=13695632""}, ""project_id"": ""13695632"", ""latitude"": ""30.34675692"", ""longitude"": ""-97.68968266"", ""location"": {""latitude"": ""30.34675692"", ""longitude"": ""-97.68968266"", ""human_address"": ""{\""address\"": \""\"", \""city\"": \""\"", \""state\"": \""\"", \""zip\"": \""\""}""}, ""contractor_trade"": ""Electrical Contractor"", ""contractor_company_name"": ""Mister Sparky Austin"", ""contractor_full_name"": ""Mark Tullier"", ""contractor_phone"": ""7372793369"", ""contractor_address2"": ""250  Grant P"", ""contractor_city"": ""Lowell"", ""contractor_zip"": ""72745-____"", ""certificate_of_occupancy"": ""No""}",2026-05-03T07:18:31.559594+00:00
2026-052271 EP,(Hatfield Ray) - INSTALLATION OF CIRCUIT FOR ELEC. VEHICLE CHARGING STATION - ESIP,2026-05-01T00:00:00+00:00,Special Inspections Program,Electrical Permit,,SMART CHARGE RESIDENTAL LLC,Active,6306 ARNOLD DR UNIT 1,78723,Residential,Not Provided,https://abc.austintexas.gov/web/permit/public-search-other?t_detail=1&t_selected_folderrsn=13694273,2026-05-01T00:00:00+00:00,"{""permittype"": ""EP"", ""permit_type_desc"": ""Electrical Permit"", ""permit_number"": ""2026-052271 EP"", ""permit_class_mapped"": ""Residential"", ""permit_class"": ""Residential"", ""work_class"": ""Special Inspections Program"", ""condominium"": ""No"", ""permit_location"": ""6306 ARNOLD DR UNIT 1"", ""description"": ""(Hatfield Ray) - INSTALLATION OF CIRCUIT FOR ELEC. VEHICLE CHARGING STATION - ESIP"", ""tcad_id"": ""0221221601"", ""applieddate"": ""2026-04-28T00:00:00.000"", ""issue_date"": ""2026-05-01T00:00:00.000"", ""day_issued"": ""FRIDAY"", ""calendar_year_issued"": ""2026"", ""fiscal_year_issued"": ""2026"", ""issued_in_last_30_days"": ""Yes"", ""issue_method"": ""Permit Center"", ""status_current"": ""Active"", ""statusdate"": ""2026-05-01T00:00:00.000"", ""expiresdate"": ""2026-10-28T00:00:00.000"", ""electrical_valuation_remodel"": ""450"", ""original_address1"": ""6306 ARNOLD DR UNIT 1"", ""original_city"": ""AUSTIN"", ""original_state"": ""TX"", ""original_zip"": ""78723"", ""council_district"": ""4"", ""jurisdiction"": ""AUSTIN FULL PURPOSE"", ""link"": {""url"": ""https://abc.austintexas.gov/web/permit/public-search-other?t_detail=1&t_selected_folderrsn=13694273""}, ""project_id"": ""13694273"", ""latitude"": ""30.30980588"", ""longitude"": ""-97.67413839"", ""location"": {""latitude"": ""30.30980588"", ""longitude"": ""-97.67413839"", ""human_address"": ""{\""address\"": \""\"", \""city\"": \""\"", \""state\"": \""\"", \""zip\"": \""\""}""}, ""contractor_trade"": ""Electrical Contractor"", ""contractor_company_name"": ""SMART CHARGE RESIDENTAL LLC"", ""contractor_full_name"": ""Clifford A Black"", ""contractor_address2"": ""4616  Howard"", ""contractor_city"": ""Austin"", ""contractor_zip"": ""78728-____"", ""certificate_of_occupancy"": ""No""}",2026-05-03T07:18:31.559594+00:00
2026-047549 MP,Express: Replacement of exterior siding,2026-05-01T00:00:00+00:00,Repair,Mechanical Permit,,"LuxAir Heating and Air Conditioning, LLC",Active,8105 MANASSAS DR,78745,Residential,5122693731,https://abc.austintexas.gov/web/permit/public-search-other?t_detail=1&t_selected_folderrsn=13688792,2026-05-01T00:00:00+00:00,"{""permittype"": ""MP"", ""permit_type_desc"": ""Mechanical Permit"", ""permit_number"": ""2026-047549 MP"", ""permit_class_mapped"": ""Residential"", ""permit_class"": ""R- 435 Renovations/Remodel"", ""work_class"": ""Repair"", ""condominium"": ""No"", ""permit_location"": ""8105 MANASSAS DR"", ""description"": ""Express: Replacement of exterior siding"", ""tcad_id"": ""0422190930"", ""legal_description"": ""LOT 84 SHILOH SUBD PHS 1 SEC 1"", ""applieddate"": ""2026-04-17T00:00:00.000"", ""issue_date"": ""2026-05-01T00:00:00.000"", ""day_issued"": ""FRIDAY"", ""calendar_year_issued"": ""2026"", ""fiscal_year_issued"": ""2026"", ""issued_in_last_30_days"": ""Yes"", ""issue_method"": ""Permit Center"", ""status_current"": ""Active"", ""statusdate"": ""2026-05-01T00:00:00.000"", ""expiresdate"": ""2026-10-26T00:00:00.000"", ""remodel_repair_sqft"": ""1"", ""number_of_floors"": ""1"", ""housing_units"": ""1"", ""original_address1"": ""8105 MANASSAS DR"", ""original_city"": ""AUSTIN"", ""original_state"": ""TX"", ""original_zip"": ""78745"", ""council_district"": ""5"", ""jurisdiction"": ""AUSTIN FULL PURPOSE"", ""link"": {""url"": ""https://abc.austintexas.gov/web/permit/public-search-other?t_detail=1&t_selected_folderrsn=13688792""}, ""project_id"": ""13688792"", ""masterpermitnum"": ""13688790"", ""contractor_trade"": ""Mechanical Contractor"", ""contractor_company_name"": ""LuxAir Heating and Air Conditioning, LLC"", ""contractor_full_name"": ""Israel Cruz"", ""contractor_phone"": ""5122693731"", ""contractor_address2"": ""513  Foxglov"", ""contractor_city"": ""HUTTO"", ""contractor_zip"": ""78634-____"", ""certificate_of_occupancy"": ""No""}",2026-05-03T07:18:31.559594+00:00
2026-035701 EP,Addition/ remodel of existing 2 story SFR w/ 3 bedrooms 2.5 bath,2026-05-01T00:00:00+00:00,Addition and Remodel,Electrical Permit,,GUTI ELECTRIC,Active,4209 DEEPWOODS DR,78731,Residential,8329041792,https://abc.austintexas.gov/web/permit/public-search-other?t_detail=1&t_selected_folderrsn=13675297,2026-05-01T00:00:00+00:00,"{""permittype"": ""EP"", ""permit_type_desc"": ""Electrical Permit"", ""permit_number"": ""2026-035701 EP"", ""permit_class_mapped"": ""Residential"", ""permit_class"": ""R- 434 Addition & Alterations"", ""work_class"": ""Addition and Remodel"", ""condominium"": ""No"", ""permit_location"": ""4209 DEEPWOODS DR"", ""description"": ""Addition/ remodel of existing 2 story SFR w/ 3 bedrooms 2.5 bath"", ""tcad_id"": ""0142070207"", ""legal_description"": ""LOT 2 BLK M NORTHWEST HILLS MESA OAKS PHS 2"", ""applieddate"": ""2026-02-05T00:00:00.000"", ""issue_date"": ""2026-05-01T00:00:00.000"", ""day_issued"": ""FRIDAY"", ""calendar_year_issued"": ""2026"", ""fiscal_year_issued"": ""2026"", ""issued_in_last_30_days"": ""Yes"", ""issue_method"": ""Permit Center"", ""status_current"": ""Active"", ""statusdate"": ""2026-05-01T00:00:00.000"", ""expiresdate"": ""2026-10-26T00:00:00.000"", ""total_existing_bldg_sqft"": ""2786"", ""remodel_repair_sqft"": ""151"", ""total_new_add_sqft"": ""761"", ""number_of_floors"": ""2"", ""housing_units"": ""1"", ""electrical_valuation_remodel"": ""1"", ""original_address1"": ""4209 DEEPWOODS DR"", ""original_city"": ""AUSTIN"", ""original_state"": ""TX"", ""original_zip"": ""78731"", ""council_district"": ""10"", ""jurisdiction"": ""AUSTIN FULL PURPOSE"", ""link"": {""url"": ""https://abc.austintexas.gov/web/permit/public-search-other?t_detail=1&t_selected_folderrsn=13675297""}, ""project_id"": ""13675297"", ""masterpermitnum"": ""13675292"", ""contractor_trade"": ""Electrical Contractor"", ""contractor_company_name"": ""GUTI ELECTRIC"", ""contractor_full_name"": ""Luis Gutierrez"", ""contractor_phone"": ""8329041792"", ""contractor_address1"": ""12115   Long"", ""contractor_city"": ""Houston"", ""contractor_zip"": ""77099"", ""certificate_of_occupancy"": ""No""}",2026-05-03T07:18:31.559594+00:00
2026-052561 BP,Brahman 3318 A Right New - 2 Story SFR CONDOMINUM w/ 4 bedrooms 2.5 bathrooms attached 2 car garage covered entry porch and patio FFE: 687.60 Site Pla,2026-05-01T00:00:00+00:00,New,Building Permit,0.0,Eva Mata,Active,804 BOLEY DR,78652,Residential,512,https://abc.austintexas.gov/web/permit/public-search-other?t_detail=1&t_selected_folderrsn=13694611,2026-05-01T00:00:00+00:00,"{""permittype"": ""BP"", ""permit_type_desc"": ""Building Permit"", ""permit_number"": ""2026-052561 BP"", ""permit_class_mapped"": ""Residential"", ""permit_class"": ""R- 101 Single Family Houses"", ""work_class"": ""New"", ""condominium"": ""Yes"", ""permit_location"": ""804 BOLEY DR"", ""description"": ""Brahman 3318 A Right New - 2 Story SFR CONDOMINUM w/ 4 bedrooms 2.5 bathrooms attached 2 car garage covered entry porch and patio FFE: 687.60 Site Pla"", ""tcad_id"": ""0451150901"", ""applieddate"": ""2026-04-15T00:00:00.000"", ""issue_date"": ""2026-05-01T00:00:00.000"", ""day_issued"": ""FRIDAY"", ""calendar_year_issued"": ""2026"", ""fiscal_year_issued"": ""2026"", ""issued_in_last_30_days"": ""Yes"", ""issue_method"": ""Permit Center"", ""status_current"": ""Active"", ""statusdate"": ""2026-05-01T00:00:00.000"", ""expiresdate"": ""2026-10-29T00:00:00.000"", ""total_new_add_sqft"": ""2907"", ""total_job_valuation"": ""0"", ""number_of_floors"": ""2"", ""housing_units"": ""1"", ""original_address1"": ""804 BOLEY DR"", ""original_city"": ""AUSTIN"", ""original_state"": ""TX"", ""original_zip"": ""78652"", ""council_district"": ""5"", ""jurisdiction"": ""AUSTIN LTD"", ""link"": {""url"": ""https://abc.austintexas.gov/web/permit/public-search-other?t_detail=1&t_selected_folderrsn=13694611""}, ""project_id"": ""13694611"", ""masterpermitnum"": ""13687492"", ""contractor_trade"": ""General Contractor"", ""contractor_full_name"": ""Eva Mata"", ""contractor_phone"": ""512"", ""contractor_city"": ""Austin"", ""applicant_full_name"": ""Eva Mata"", ""applicant_phone"": ""512"", ""applicant_city"": ""Austin"", ""certificate_of_occupancy"": ""Yes"", ""total_lot_sq_ft"": ""0""}",2026-05-03T07:18:31.559594+00:00
2026-052719 EP,Homebuilders loop for New SFR ref 2026-047459 BP. Austin LTD -Bluebonnet,2026-05-01T00:00:00+00:00,Homebuilder Loop,Electrical Permit,,"IES Residential, Inc.",Active,8825 BREEZE HILL DR,78744,Residential,5122520040,https://abc.austintexas.gov/web/permit/public-search-other?t_detail=1&t_selected_folderrsn=13694772,2026-05-01T00:00:00+00:00,"{""permittype"": ""EP"", ""permit_type_desc"": ""Electrical Permit"", ""permit_number"": ""2026-052719 EP"", ""permit_class_mapped"": ""Residential"", ""permit_class"": ""Residential"", ""work_class"": ""Homebuilder Loop"", ""permit_location"": ""8825 BREEZE HILL DR"", ""description"": ""Homebuilders loop for New SFR ref 2026-047459 BP. Austin LTD -Bluebonnet"", ""tcad_id"": ""0340130201"", ""legal_description"": ""PROSPECT PARK PHS 1 BLK BB LOT 4"", ""applieddate"": ""2026-04-28T00:00:00.000"", ""issue_date"": ""2026-05-01T00:00:00.000"", ""day_issued"": ""FRIDAY"", ""calendar_year_issued"": ""2026"", ""fiscal_year_issued"": ""2026"", ""issued_in_last_30_days"": ""Yes"", ""issue_method"": ""Permit Center"", ""status_current"": ""Active"", ""statusdate"": ""2026-05-01T00:00:00.000"", ""expiresdate"": ""2026-10-28T00:00:00.000"", ""original_address1"": ""8825 BREEZE HILL DR"", ""original_city"": ""AUSTIN"", ""original_state"": ""TX"", ""original_zip"": ""78744"", ""council_district"": ""2"", ""jurisdiction"": ""AUSTIN LTD"", ""link"": {""url"": ""https://abc.austintexas.gov/web/permit/public-search-other?t_detail=1&t_selected_folderrsn=13694772""}, ""project_id"": ""13694772"", ""contractor_trade"": ""Electrical Contractor"", ""contractor_company_name"": ""IES Residential, Inc."", ""contractor_full_name"": ""William B. Crist Jr."", ""contractor_phone"": ""5122520040"", ""contractor_address2"": ""821  GRAND A"", ""contractor_city"": ""PFLUGERVILLE"", ""contractor_zip"": ""78660-____""}",2026-05-03T07:18:31.559594+00:00
2026-053383 PP,Replacement of an existing water heater Remove and replace Water Heater - 50 gal Gas,2026-05-01T00:00:00+00:00,Change Out,Plumbing Permit,,Stellar Home Maintenance (Formerly IFM RESTORATION),Active,8807 AMPEZO TRL,78749,Residential,4302358765,https://abc.austintexas.gov/web/permit/public-search-other?t_detail=1&t_selected_folderrsn=13695498,2026-05-01T00:00:00+00:00,"{""permittype"": ""PP"", ""permit_type_desc"": ""Plumbing Permit"", ""permit_number"": ""2026-053383 PP"", ""permit_class_mapped"": ""Residential"", ""permit_class"": ""Residential"", ""work_class"": ""Change Out"", ""permit_location"": ""8807 AMPEZO TRL"", ""description"": ""Replacement of an existing water heater Remove and replace Water Heater - 50 gal Gas"", ""tcad_id"": ""0420300507"", ""legal_description"": ""LOT 7 BLK E MAPLE RUN SEC 8"", ""applieddate"": ""2026-04-29T00:00:00.000"", ""issue_date"": ""2026-05-01T00:00:00.000"", ""day_issued"": ""FRIDAY"", ""calendar_year_issued"": ""2026"", ""fiscal_year_issued"": ""2026"", ""issued_in_last_30_days"": ""Yes"", ""issue_method"": ""Permit Center"", ""status_current"": ""Active"", ""statusdate"": ""2026-05-01T00:00:00.000"", ""expiresdate"": ""2026-10-28T00:00:00.000"", ""original_address1"": ""8807 AMPEZO TRL"", ""original_city"": ""AUSTIN"", ""original_state"": ""TX"", ""original_zip"": ""78749"", ""council_district"": ""8"", ""jurisdiction"": ""AUSTIN FULL PURPOSE"", ""link"": {""url"": ""https://abc.austintexas.gov/web/permit/public-search-other?t_detail=1&t_selected_folderrsn=13695498""}, ""project_id"": ""13695498"", ""latitude"": ""30.19978565"", ""longitude"": ""-97.85057066"", ""location"": {""latitude"": ""30.19978565"", ""longitude"": ""-97.85057066"", ""human_address"": ""{\""address\"": \""\"", \""city\"": \""\"", \""state\"": \""\"", \""zip\"": \""\""}""}, ""contractor_trade"": ""Plumbing Contractor"", ""contractor_company_name"": ""Stellar Home Maintenance (Formerly IFM RESTORATION)"", ""contractor_full_name"": ""CHRISTOPHER HOOD"", ""contractor_phone"": ""4302358765"", ""contractor_address2"": ""14901  QUORU"", ""contractor_city"": ""Dallas"", ""contractor_zip"": ""75254""}",2026-05-03T07:18:31.559594+00:00
2026-053147 EP,Upgrade existing service to 200 amps,2026-05-01T00:00:00+00:00,Upgrade,Electrical Permit,,BRIGHTSIDE ELECTRICAL LLC,Active,12103 GREY ROCK LN,78750,Residential,5129208466,https://abc.austintexas.gov/web/permit/public-search-other?t_detail=1&t_selected_folderrsn=13695238,2026-05-01T00:00:00+00:00,"{""permittype"": ""EP"", ""permit_type_desc"": ""Electrical Permit"", ""permit_number"": ""2026-053147 EP"", ""permit_class_mapped"": ""Residential"", ""permit_class"": ""Residential"", ""work_class"": ""Upgrade"", ""condominium"": ""No"", ""permit_location"": ""12103 GREY ROCK LN"", ""description"": ""Upgrade existing service to 200 amps"", ""tcad_id"": ""R064775"", ""legal_description"": ""GREY ROCK VILLAGE AT ANDERSON MILL BLOCK A LOT 8"", ""applieddate"": ""2026-04-29T00:00:00.000"", ""issue_date"": ""2026-05-01T00:00:00.000"", ""day_issued"": ""FRIDAY"", ""calendar_year_issued"": ""2026"", ""fiscal_year_issued"": ""2026"", ""issued_in_last_30_days"": ""Yes"", ""issue_method"": ""Permit Center"", ""status_current"": ""Active"", ""statusdate"": ""2026-05-01T00:00:00.000"", ""expiresdate"": ""2026-10-28T00:00:00.000"", ""remodel_repair_sqft"": ""0"", ""number_of_floors"": ""1"", ""housing_units"": ""1"", ""electrical_valuation_remodel"": ""5000"", ""original_address1"": ""12103 GREY ROCK LN"", ""original_city"": ""AUSTIN"", ""original_state"": ""TX"", ""original_zip"": ""78750"", ""council_district"": ""6"", ""jurisdiction"": ""AUSTIN FULL PURPOSE"", ""link"": {""url"": ""https://abc.austintexas.gov/web/permit/public-search-other?t_detail=1&t_selected_folderrsn=13695238""}, ""project_id"": ""13695238"", ""latitude"": ""30.45585066"", ""longitude"": ""-97.80994058"", ""location"": {""latitude"": ""30.45585066"", ""longitude"": ""-97.80994058"", ""human_address"": ""{\""address\"": \""\"", \""city\"": \""\"", \""state\"": \""\"", \""zip\"": \""\""}""}, ""contractor_trade"": ""Electrical Contractor"", ""contractor_company_name"": ""BRIGHTSIDE ELECTRICAL LLC"", ""contractor_full_name"": ""Jonathan Gibson"", ""contractor_phone"": ""5129208466"", ""contractor_address2"": ""2637  ALCOTT"", ""contractor_city"": ""AUSTIN"", ""contractor_zip"": ""78748"", ""certificate_of_occupancy"": ""No""}",2026-05-03T07:18:31.559594+00:00
2026-053830 PP,Replacement of an existing water heater Replace existing 50-gallon electric water heater,2026-05-01T00:00:00+00:00,Change Out,Plumbing Permit,,Strand Brothers Service Experts,Active,2008 CANONERO DR,78746,Residential,5123333000,https://abc.austintexas.gov/web/permit/public-search-other?t_detail=1&t_selected_folderrsn=13696034,2026-05-01T00:00:00+00:00,"{""permittype"": ""PP"", ""permit_type_desc"": ""Plumbing Permit"", ""permit_number"": ""2026-053830 PP"", ""permit_class_mapped"": ""Residential"", ""permit_class"": ""Residential"", ""work_class"": ""Change Out"", ""permit_location"": ""2008 CANONERO DR"", ""description"": ""Replacement of an existing water heater Replace existing 50-gallon electric water heater"", ""tcad_id"": ""0125190304"", ""legal_description"": ""LOT 54 DAVENPORT RANCH PHS 5 SEC 1"", ""applieddate"": ""2026-04-30T00:00:00.000"", ""issue_date"": ""2026-05-01T00:00:00.000"", ""day_issued"": ""FRIDAY"", ""calendar_year_issued"": ""2026"", ""fiscal_year_issued"": ""2026"", ""issued_in_last_30_days"": ""Yes"", ""issue_method"": ""Permit Center"", ""status_current"": ""Active"", ""statusdate"": ""2026-05-01T00:00:00.000"", ""expiresdate"": ""2026-10-28T00:00:00.000"", ""original_address1"": ""2008 CANONERO DR"", ""original_city"": ""AUSTIN"", ""original_state"": ""TX"", ""original_zip"": ""78746"", ""council_district"": ""8"", ""jurisdiction"": ""AUSTIN FULL PURPOSE"", ""link"": {""url"": ""https://abc.austintexas.gov/web/permit/public-search-other?t_detail=1&t_selected_folderrsn=13696034""}, ""project_id"": ""13696034"", ""latitude"": ""30.32006199"", ""longitude"": ""-97.81356774"", ""location"": {""latitude"": ""30.32006199"", ""longitude"": ""-97.81356774"", ""human_address"": ""{\""address\"": \""\"", \""city\"": \""\"", \""state\"": \""\"", \""zip\"": \""\""}""}, ""contractor_trade"": ""Plumbing Contractor"", ""contractor_company_name"": ""Strand Brothers Service Experts"", ""contractor_full_name"": ""Doug Burris"", ""contractor_phone"": ""5123333000"", ""contractor_address2"": ""5811  TECHNI"", ""contractor_city"": ""AUSTIN"", ""contractor_zip"": ""78721-____""}",2026-05-03T07:18:31.559594+00:00
2020-188978 EP,Lot 7 block A: New construction two family residential duplex 2-story 3/3 bedroom 2.5/2.5 bath with attached 1-car garage (both units) covered front p,2026-05-01T00:00:00+00:00,New,Electrical Permit,,Atex Electrical Services,Active,4511 VINSON DR BLDG 7,78745,Residential,5129095938,https://abc.austintexas.gov/web/permit/public-search-other?t_detail=1&t_selected_folderrsn=12605365,2026-05-01T00:00:00+00:00,"{""permittype"": ""EP"", ""permit_type_desc"": ""Electrical Permit"", ""permit_number"": ""2020-188978 EP"", ""permit_class_mapped"": ""Residential"", ""permit_class"": ""R- 103 Two Family Bldgs"", ""work_class"": ""New"", ""condominium"": ""No"", ""permit_location"": ""4511 VINSON DR BLDG 7"", ""description"": ""Lot 7 block A: New construction two family residential duplex 2-story 3/3 bedroom 2.5/2.5 bath with attached 1-car garage (both units) covered front p"", ""tcad_id"": ""0410080728"", ""legal_description"": ""LOT 2 BLK A VILLAS AT VINSON OAKS RESUB"", ""applieddate"": ""2020-03-10T00:00:00.000"", ""issue_date"": ""2026-05-01T00:00:00.000"", ""day_issued"": ""FRIDAY"", ""calendar_year_issued"": ""2026"", ""fiscal_year_issued"": ""2026"", ""issued_in_last_30_days"": ""Yes"", ""issue_method"": ""Permit Center"", ""status_current"": ""Active"", ""statusdate"": ""2026-05-01T00:00:00.000"", ""expiresdate"": ""2026-09-02T00:00:00.000"", ""total_new_add_sqft"": ""3642"", ""number_of_floors"": ""2"", ""housing_units"": ""2"", ""original_address1"": ""4511 VINSON DR BLDG 7"", ""original_city"": ""AUSTIN"", ""original_state"": ""TX"", ""original_zip"": ""78745"", ""council_district"": ""3"", ""jurisdiction"": ""AUSTIN FULL PURPOSE"", ""link"": {""url"": ""https://abc.austintexas.gov/web/permit/public-search-other?t_detail=1&t_selected_folderrsn=12605365""}, ""project_id"": ""12605365"", ""masterpermitnum"": ""12605363"", ""latitude"": ""30.22007876"", ""longitude"": ""-97.77753332"", ""location"": {""latitude"": ""30.22007876"", ""longitude"": ""-97.77753332"", ""human_address"": ""{\""address\"": \""\"", \""city\"": \""\"", \""state\"": \""\"", \""zip\"": \""\""}""}, ""contractor_trade"": ""Electrical Contractor"", ""contractor_company_name"": ""Atex Electrical Services"", ""contractor_full_name"": ""Jose Alejandro"", ""contractor_phone"": ""5129095938"", ""certificate_of_occupancy"": ""No""}",2026-05-03T07:18:31.559594+00:00
2026-053922 EP,replace meter can that burned up at lugs,2026-05-01T00:00:00+00:00,Repair,Electrical Permit,,Longhorn Electric LLC,Active,2912 GUADALUPE ST,78705,Commercial,7372267017,https://abc.austintexas.gov/web/permit/public-search-other?t_detail=1&t_selected_folderrsn=13696128,2026-05-01T00:00:00+00:00,"{""permittype"": ""EP"", ""permit_type_desc"": ""Electrical Permit"", ""permit_number"": ""2026-053922 EP"", ""permit_class_mapped"": ""Commercial"", ""permit_class"": ""Commercial"", ""work_class"": ""Repair"", ""condominium"": ""No"", ""permit_location"": ""2912 GUADALUPE ST"", ""description"": ""replace meter can that burned up at lugs"", ""tcad_id"": ""0217021608"", ""legal_description"": ""LOT 4-8 BLK 1 OLT 72 DIV D BROWN LEANDER ADDN"", ""applieddate"": ""2026-04-30T00:00:00.000"", ""issue_date"": ""2026-05-01T00:00:00.000"", ""day_issued"": ""FRIDAY"", ""calendar_year_issued"": ""2026"", ""fiscal_year_issued"": ""2026"", ""issued_in_last_30_days"": ""Yes"", ""issue_method"": ""Permit Center"", ""status_current"": ""Active"", ""statusdate"": ""2026-05-01T00:00:00.000"", ""expiresdate"": ""2026-10-28T00:00:00.000"", ""remodel_repair_sqft"": ""0"", ""number_of_floors"": ""1"", ""housing_units"": ""1"", ""electrical_valuation_remodel"": ""500"", ""original_address1"": ""2912 GUADALUPE ST"", ""original_city"": ""AUSTIN"", ""original_state"": ""TX"", ""original_zip"": ""78705"", ""council_district"": ""9"", ""jurisdiction"": ""AUSTIN FULL PURPOSE"", ""link"": {""url"": ""https://abc.austintexas.gov/web/permit/public-search-other?t_detail=1&t_selected_folderrsn=13696128""}, ""project_id"": ""13696128"", ""latitude"": ""30.29600216"", ""longitude"": ""-97.74264948"", ""location"": {""latitude"": ""30.29600216"", ""longitude"": ""-97.74264948"", ""human_address"": ""{\""address\"": \""\"", \""city\"": \""\"", \""state\"": \""\"", \""zip\"": \""\""}""}, ""contractor_trade"": ""Electrical Contractor"", ""contractor_company_name"": ""Longhorn Electric LLC"", ""contractor_full_name"": ""Homero Canet"", ""contractor_phone"": ""7372267017"", ""contractor_address2"": ""167  Rocky C"", ""contractor_city"": ""MANOR"", ""contractor_zip"": ""78621-____"", ""certificate_of_occupancy"": ""No""}",2026-05-03T07:18:31.559594+00:00
2026-054140 EP,"temporary t-pole for new construction in Drew Homes

Ref: 2026-047734 BP",2026-05-01T00:00:00+00:00,Homebuilder Loop,Electrical Permit,,Landmark Electric,Active,4704 PHILCO DR,78745,Residential,5124917718,https://abc.austintexas.gov/web/permit/public-search-other?t_detail=1&t_selected_folderrsn=13696397,2026-05-01T00:00:00+00:00,"{""permittype"": ""EP"", ""permit_type_desc"": ""Electrical Permit"", ""permit_number"": ""2026-054140 EP"", ""permit_class_mapped"": ""Residential"", ""permit_class"": ""Residential"", ""work_class"": ""Homebuilder Loop"", ""permit_location"": ""4704 PHILCO DR"", ""description"": ""temporary t-pole for new construction in Drew Homes\n\nRef: 2026-047734 BP"", ""tcad_id"": ""0409120518"", ""legal_description"": ""LOT 9 BLK D PARK FOREST SEC 1"", ""applieddate"": ""2026-04-30T00:00:00.000"", ""issue_date"": ""2026-05-01T00:00:00.000"", ""day_issued"": ""FRIDAY"", ""calendar_year_issued"": ""2026"", ""fiscal_year_issued"": ""2026"", ""issued_in_last_30_days"": ""Yes"", ""issue_method"": ""Permit Center"", ""status_current"": ""Active"", ""statusdate"": ""2026-05-01T00:00:00.000"", ""expiresdate"": ""2026-10-28T00:00:00.000"", ""original_address1"": ""4704 PHILCO DR"", ""original_city"": ""AUSTIN"", ""original_state"": ""TX"", ""original_zip"": ""78745"", ""council_district"": ""5"", ""jurisdiction"": ""AUSTIN FULL PURPOSE"", ""link"": {""url"": ""https://abc.austintexas.gov/web/permit/public-search-other?t_detail=1&t_selected_folderrsn=13696397""}, ""project_id"": ""13696397"", ""contractor_trade"": ""Electrical Contractor"", ""contractor_company_name"": ""Landmark Electric"", ""contractor_full_name"": ""Robert W Brown"", ""contractor_phone"": ""5124917718"", ""contractor_address2"": ""2008  PICADI"", ""contractor_city"": ""ROUND ROCK"", ""contractor_zip"": ""78664""}",2026-05-03T07:18:31.559594+00:00
2026-045283 PP,ePlan: Commercial Expedited Review - Interior Remodel to Existing Office (151395 SF),2026-05-01T00:00:00+00:00,Remodel,Plumbing Permit,,NuFlo Plumbing,Active,7800 SHOAL CREEK BLVD UNIT E100,78757,Commercial,5129700626,https://abc.austintexas.gov/web/permit/public-search-other?t_detail=1&t_selected_folderrsn=13686146,2026-05-01T00:00:00+00:00,"{""permittype"": ""PP"", ""permit_type_desc"": ""Plumbing Permit"", ""permit_number"": ""2026-045283 PP"", ""permit_class_mapped"": ""Commercial"", ""permit_class"": ""C-1000 Commercial Remodel"", ""work_class"": ""Remodel"", ""condominium"": ""No"", ""permit_location"": ""7800 SHOAL CREEK BLVD UNIT E100"", ""description"": ""ePlan: Commercial Expedited Review - Interior Remodel to Existing Office (151395 SF)"", ""tcad_id"": ""0240030202"", ""legal_description"": ""LOT 1 *RESUB OF LOT A AUSTIN NORTHWEST SUBD"", ""applieddate"": ""2026-03-13T00:00:00.000"", ""issue_date"": ""2026-05-01T00:00:00.000"", ""day_issued"": ""FRIDAY"", ""calendar_year_issued"": ""2026"", ""fiscal_year_issued"": ""2026"", ""issued_in_last_30_days"": ""Yes"", ""issue_method"": ""Permit Center"", ""status_current"": ""Active"", ""statusdate"": ""2026-05-01T00:00:00.000"", ""expiresdate"": ""2026-10-27T00:00:00.000"", ""remodel_repair_sqft"": ""12307"", ""number_of_floors"": ""2"", ""housing_units"": ""1"", ""original_address1"": ""7800 SHOAL CREEK BLVD UNIT E100"", ""original_city"": ""AUSTIN"", ""original_state"": ""TX"", ""original_zip"": ""78757"", ""council_district"": ""7"", ""jurisdiction"": ""AUSTIN FULL PURPOSE"", ""link"": {""url"": ""https://abc.austintexas.gov/web/permit/public-search-other?t_detail=1&t_selected_folderrsn=13686146""}, ""project_id"": ""13686146"", ""masterpermitnum"": ""13686141"", ""latitude"": ""30.35982497"", ""longitude"": ""-97.74215623"", ""location"": {""latitude"": ""30.35982497"", ""longitude"": ""-97.74215623"", ""human_address"": ""{\""address\"": \""\"", \""city\"": \""\"", \""state\"": \""\"", \""zip\"": \""\""}""}, ""contractor_trade"": ""Plumbing Contractor"", ""contractor_company_name"": ""NuFlo Plumbing"", ""contractor_full_name"": ""Ismael Maldonado"", ""contractor_phone"": ""5129700626"", ""contractor_address1"": ""P.O Box 2109"", ""contractor_city"": ""Round Rock"", ""contractor_zip"": ""78680"", ""certificate_of_occupancy"": ""No""}",2026-05-03T07:18:31.559594+00:00
2026-047297 PP,Irrigation System Installation,2026-05-01T00:00:00+00:00,Irrigation,Plumbing Permit,,Not Provided,Active,7309 LAZY CREEK DR,78724,Commercial,Not Provided,https://abc.austintexas.gov/web/permit/public-search-other?t_detail=1&t_selected_folderrsn=13688498,2026-05-01T00:00:00+00:00,"{""permittype"": ""PP"", ""permit_type_desc"": ""Plumbing Permit"", ""permit_number"": ""2026-047297 PP"", ""permit_class_mapped"": ""Commercial"", ""permit_class"": ""Commercial"", ""work_class"": ""Irrigation"", ""permit_location"": ""7309 LAZY CREEK DR"", ""description"": ""Irrigation System Installation"", ""tcad_id"": ""0222280201"", ""legal_description"": ""ABS 22 SUR 29 TANNEHILL J C ACR 42.345"", ""applieddate"": ""2026-04-17T00:00:00.000"", ""issue_date"": ""2026-05-01T00:00:00.000"", ""day_issued"": ""FRIDAY"", ""calendar_year_issued"": ""2026"", ""fiscal_year_issued"": ""2026"", ""issued_in_last_30_days"": ""Yes"", ""issue_method"": ""Permit Center"", ""status_current"": ""Active"", ""statusdate"": ""2026-05-01T00:00:00.000"", ""expiresdate"": ""2026-10-28T00:00:00.000"", ""original_address1"": ""7309 LAZY CREEK DR"", ""original_city"": ""AUSTIN"", ""original_state"": ""TX"", ""original_zip"": ""78724"", ""council_district"": ""1"", ""jurisdiction"": ""AUSTIN FULL PURPOSE"", ""link"": {""url"": ""https://abc.austintexas.gov/web/permit/public-search-other?t_detail=1&t_selected_folderrsn=13688498""}, ""project_id"": ""13688498"", ""latitude"": ""30.31358501"", ""longitude"": ""-97.65656717"", ""location"": {""latitude"": ""30.31358501"", ""longitude"": ""-97.65656717"", ""human_address"": ""{\""address\"": \""\"", \""city\"": \""\"", \""state\"": \""\"", \""zip\"": \""\""}""}}",2026-05-03T07:18:31.559594+00:00
2026-053849 MP,Replacement of complete existing central heat and air system with or without duct work 2.5 TON (15 SEER) COMPLETE HORIZ GAS SYSTEM FOR U/S UNIT.,2026-05-01T00:00:00+00:00,Change Out,Mechanical Permit,,A-US Air Conditioning,Active,6511 HIRIDGE HOLLOW DR,78750,Residential,2145011826,https://abc.austintexas.gov/web/permit/public-search-other?t_detail=1&t_selected_folderrsn=13696054,2026-05-01T00:00:00+00:00,"{""permittype"": ""MP"", ""permit_type_desc"": ""Mechanical Permit"", ""permit_number"": ""2026-053849 MP"", ""permit_class_mapped"": ""Residential"", ""permit_class"": ""Residential"", ""work_class"": ""Change Out"", ""permit_location"": ""6511 HIRIDGE HOLLOW DR"", ""description"": ""Replacement of complete existing central heat and air system with or without duct work 2.5 TON (15 SEER) COMPLETE HORIZ GAS SYSTEM FOR U/S UNIT."", ""tcad_id"": ""0147110162"", ""legal_description"": ""LOT 25&26 LAKEWOOD SEC 4"", ""applieddate"": ""2026-04-30T00:00:00.000"", ""issue_date"": ""2026-05-01T00:00:00.000"", ""day_issued"": ""FRIDAY"", ""calendar_year_issued"": ""2026"", ""fiscal_year_issued"": ""2026"", ""issued_in_last_30_days"": ""Yes"", ""issue_method"": ""Permit Center"", ""status_current"": ""Active"", ""statusdate"": ""2026-05-01T00:00:00.000"", ""expiresdate"": ""2026-10-28T00:00:00.000"", ""original_address1"": ""6511 HIRIDGE HOLLOW DR"", ""original_city"": ""AUSTIN"", ""original_state"": ""TX"", ""original_zip"": ""78750"", ""council_district"": ""10"", ""jurisdiction"": ""AUSTIN FULL PURPOSE"", ""link"": {""url"": ""https://abc.austintexas.gov/web/permit/public-search-other?t_detail=1&t_selected_folderrsn=13696054""}, ""project_id"": ""13696054"", ""latitude"": ""30.37947873"", ""longitude"": ""-97.78844297"", ""location"": {""latitude"": ""30.37947873"", ""longitude"": ""-97.78844297"", ""human_address"": ""{\""address\"": \""\"", \""city\"": \""\"", \""state\"": \""\"", \""zip\"": \""\""}""}, ""contractor_trade"": ""Mechanical Contractor"", ""contractor_company_name"": ""A-US Air Conditioning"", ""contractor_full_name"": ""Abraham Sbyti"", ""contractor_phone"": ""2145011826"", ""contractor_address2"": ""707  EASY ST"", ""contractor_city"": ""Garland"", ""contractor_zip"": ""75042""}",2026-05-03T07:18:31.559594+00:00
2026-053232 EP,ev install,2026-05-01T00:00:00+00:00,Special Inspections Program,Electrical Permit,,Industrial Elect,Active,4700 RIVER PLACE BLVD UNIT 7,78730,Residential,5127385900,https://abc.austintexas.gov/web/permit/public-search-other?t_detail=1&t_selected_folderrsn=13695329,2026-05-01T00:00:00+00:00,"{""permittype"": ""EP"", ""permit_type_desc"": ""Electrical Permit"", ""permit_number"": ""2026-053232 EP"", ""permit_class_mapped"": ""Residential"", ""permit_class"": ""Residential"", ""work_class"": ""Special Inspections Program"", ""condominium"": ""No"", ""permit_location"": ""4700 RIVER PLACE BLVD UNIT 7"", ""description"": ""ev install"", ""tcad_id"": ""0143340109"", ""legal_description"": ""RIVER PLACE SECTION 21 BLK B LOT 1"", ""applieddate"": ""2026-04-29T00:00:00.000"", ""issue_date"": ""2026-05-01T00:00:00.000"", ""day_issued"": ""FRIDAY"", ""calendar_year_issued"": ""2026"", ""fiscal_year_issued"": ""2026"", ""issued_in_last_30_days"": ""Yes"", ""issue_method"": ""Permit Center"", ""status_current"": ""Active"", ""statusdate"": ""2026-05-01T00:00:00.000"", ""expiresdate"": ""2026-10-28T00:00:00.000"", ""electrical_valuation_remodel"": ""2000"", ""original_address1"": ""4700 RIVER PLACE BLVD UNIT 7"", ""original_city"": ""AUSTIN"", ""original_state"": ""TX"", ""original_zip"": ""78730"", ""council_district"": ""10"", ""jurisdiction"": ""AUSTIN FULL PURPOSE"", ""link"": {""url"": ""https://abc.austintexas.gov/web/permit/public-search-other?t_detail=1&t_selected_folderrsn=13695329""}, ""project_id"": ""13695329"", ""latitude"": ""30.37186931"", ""longitude"": ""-97.85790811"", ""location"": {""latitude"": ""30.37186931"", ""longitude"": ""-97.85790811"", ""human_address"": ""{\""address\"": \""\"", \""city\"": \""\"", \""state\"": \""\"", \""zip\"": \""\""}""}, ""contractor_trade"": ""Electrical Contractor"", ""contractor_company_name"": ""Industrial Elect"", ""contractor_full_name"": ""Mark A Brendalen"", ""contractor_phone"": ""5127385900"", ""contractor_address1"": ""P.O.Box 1493"", ""contractor_address2"": ""908  Sycamor"", ""contractor_city"": ""San Marcos"", ""contractor_zip"": ""78666"", ""certificate_of_occupancy"": ""No""}",2026-05-03T07:18:31.559594+00:00
2026-053379 PP,Replacement of an existing water heater Replacement of Gas Water Heater Like for Like,2026-05-01T00:00:00+00:00,Change Out,Plumbing Permit,,"NEW ABACUS, LLC",Active,2500 CENTURY PARK BLVD,78727,Residential,5125664182,https://abc.austintexas.gov/web/permit/public-search-other?t_detail=1&t_selected_folderrsn=13695494,2026-05-01T00:00:00+00:00,"{""permittype"": ""PP"", ""permit_type_desc"": ""Plumbing Permit"", ""permit_number"": ""2026-053379 PP"", ""permit_class_mapped"": ""Residential"", ""permit_class"": ""Residential"", ""work_class"": ""Change Out"", ""permit_location"": ""2500 CENTURY PARK BLVD"", ""description"": ""Replacement of an existing water heater Replacement of Gas Water Heater Like for Like"", ""tcad_id"": ""0268180426"", ""legal_description"": ""LOT 13 BLK A WOODS OF CENTURY PARK SEC 1"", ""applieddate"": ""2026-04-29T00:00:00.000"", ""issue_date"": ""2026-05-01T00:00:00.000"", ""day_issued"": ""FRIDAY"", ""calendar_year_issued"": ""2026"", ""fiscal_year_issued"": ""2026"", ""issued_in_last_30_days"": ""Yes"", ""issue_method"": ""Permit Center"", ""status_current"": ""Active"", ""statusdate"": ""2026-05-01T00:00:00.000"", ""expiresdate"": ""2026-10-28T00:00:00.000"", ""original_address1"": ""2500 CENTURY PARK BLVD"", ""original_city"": ""AUSTIN"", ""original_state"": ""TX"", ""original_zip"": ""78727"", ""council_district"": ""7"", ""jurisdiction"": ""AUSTIN FULL PURPOSE"", ""link"": {""url"": ""https://abc.austintexas.gov/web/permit/public-search-other?t_detail=1&t_selected_folderrsn=13695494""}, ""project_id"": ""13695494"", ""latitude"": ""30.43262834"", ""longitude"": ""-97.69123435"", ""location"": {""latitude"": ""30.43262834"", ""longitude"": ""-97.69123435"", ""human_address"": ""{\""address\"": \""\"", \""city\"": \""\"", \""state\"": \""\"", \""zip\"": \""\""}""}, ""contractor_trade"": ""Plumbing Contractor"", ""contractor_company_name"": ""NEW ABACUS, LLC"", ""contractor_full_name"": ""ALAN O'NEILL"", ""contractor_phone"": ""5125664182"", ""contractor_address1"": ""2105  DENTON"", ""contractor_city"": ""Austin"", ""contractor_zip"": ""78758""}",2026-05-03T07:18:31.559594+00:00
2026-053437 MP,Replacement of complete existing central heat and air system with or without duct work 4-TON CONDENSER CHANGE-OUT IN BACKYARD & 88K BTU FURNACE CHANGE,2026-05-01T00:00:00+00:00,Change Out,Mechanical Permit,,C & S Services,Active,11905 ROTHERHAM DR,78753,Residential,2145644704,https://abc.austintexas.gov/web/permit/public-search-other?t_detail=1&t_selected_folderrsn=13695558,2026-05-01T00:00:00+00:00,"{""permittype"": ""MP"", ""permit_type_desc"": ""Mechanical Permit"", ""permit_number"": ""2026-053437 MP"", ""permit_class_mapped"": ""Residential"", ""permit_class"": ""Residential"", ""work_class"": ""Change Out"", ""permit_location"": ""11905 ROTHERHAM DR"", ""description"": ""Replacement of complete existing central heat and air system with or without duct work 4-TON CONDENSER CHANGE-OUT IN BACKYARD & 88K BTU FURNACE CHANGE"", ""tcad_id"": ""0247280609"", ""legal_description"": ""LOT 29 BLK B COPPERFIELD SEC 1 PHS D"", ""applieddate"": ""2026-04-29T00:00:00.000"", ""issue_date"": ""2026-05-01T00:00:00.000"", ""day_issued"": ""FRIDAY"", ""calendar_year_issued"": ""2026"", ""fiscal_year_issued"": ""2026"", ""issued_in_last_30_days"": ""Yes"", ""issue_method"": ""Permit Center"", ""status_current"": ""Active"", ""statusdate"": ""2026-05-01T00:00:00.000"", ""expiresdate"": ""2026-10-28T00:00:00.000"", ""original_address1"": ""11905 ROTHERHAM DR"", ""original_city"": ""AUSTIN"", ""original_state"": ""TX"", ""original_zip"": ""78753"", ""council_district"": ""1"", ""jurisdiction"": ""AUSTIN FULL PURPOSE"", ""link"": {""url"": ""https://abc.austintexas.gov/web/permit/public-search-other?t_detail=1&t_selected_folderrsn=13695558""}, ""project_id"": ""13695558"", ""latitude"": ""30.37959148"", ""longitude"": ""-97.65879221"", ""location"": {""latitude"": ""30.37959148"", ""longitude"": ""-97.65879221"", ""human_address"": ""{\""address\"": \""\"", \""city\"": \""\"", \""state\"": \""\"", \""zip\"": \""\""}""}, ""contractor_trade"": ""Mechanical Contractor"", ""contractor_company_name"": ""C & S Services"", ""contractor_full_name"": ""Chris Sauter"", ""contractor_phone"": ""2145644704"", ""contractor_address2"": ""1200  Lake G"", ""contractor_city"": ""Rockwall"", ""contractor_zip"": ""75087""}",2026-05-03T07:18:31.559594+00:00
2026-054163 BP,Express: Re-roof,2026-05-01T00:00:00+00:00,Repair,Building Permit,1.0,"Caden Roofing, Sheetmetal and General Contracting",Active,5219 MOON SHADOW DR,78735,Residential,5123640278,https://abc.austintexas.gov/web/permit/public-search-other?t_detail=1&t_selected_folderrsn=13696420,2026-05-01T00:00:00+00:00,"{""permittype"": ""BP"", ""permit_type_desc"": ""Building Permit"", ""permit_number"": ""2026-054163 BP"", ""permit_class_mapped"": ""Residential"", ""permit_class"": ""R- 435 Renovations/Remodel"", ""work_class"": ""Repair"", ""condominium"": ""No"", ""permit_location"": ""5219 MOON SHADOW DR"", ""description"": ""Express: Re-roof"", ""tcad_id"": ""0101250413"", ""legal_description"": ""LOT 13 BLK J VILLAGE PARK 3 AT TRAVIS COUNTRY"", ""applieddate"": ""2026-04-30T00:00:00.000"", ""issue_date"": ""2026-05-01T00:00:00.000"", ""day_issued"": ""FRIDAY"", ""calendar_year_issued"": ""2026"", ""fiscal_year_issued"": ""2026"", ""issued_in_last_30_days"": ""Yes"", ""issue_method"": ""Permit Center"", ""status_current"": ""Active"", ""statusdate"": ""2026-05-01T00:00:00.000"", ""expiresdate"": ""2026-10-29T00:00:00.000"", ""remodel_repair_sqft"": ""1"", ""total_valuation_remodel"": ""4"", ""total_job_valuation"": ""1"", ""number_of_floors"": ""1"", ""housing_units"": ""1"", ""building_valuation_remodel"": ""1"", ""electrical_valuation_remodel"": ""1"", ""mechanical_valuation_remodel"": ""1"", ""plumbing_valuation_remodel"": ""1"", ""original_address1"": ""5219 MOON SHADOW DR"", ""original_city"": ""AUSTIN"", ""original_state"": ""TX"", ""original_zip"": ""78735"", ""council_district"": ""8"", ""jurisdiction"": ""AUSTIN FULL PURPOSE"", ""link"": {""url"": ""https://abc.austintexas.gov/web/permit/public-search-other?t_detail=1&t_selected_folderrsn=13696420""}, ""project_id"": ""13696420"", ""masterpermitnum"": ""13696370"", ""latitude"": ""30.25545754"", ""longitude"": ""-97.83519976"", ""location"": {""latitude"": ""30.25545754"", ""longitude"": ""-97.83519976"", ""human_address"": ""{\""address\"": \""\"", \""city\"": \""\"", \""state\"": \""\"", \""zip\"": \""\""}""}, ""contractor_trade"": ""General Contractor"", ""contractor_company_name"": ""Caden Roofing, Sheetmetal and General Contracting"", ""contractor_full_name"": ""Fareed Tulbah"", ""contractor_phone"": ""5123640278"", ""contractor_address2"": ""3704  SADDLE"", ""contractor_city"": ""AUSTIN"", ""contractor_zip"": ""78739"", ""applicant_full_name"": ""Fareed Tulbah"", ""applicant_org"": ""Caden Roofing, Sheetmetal and General Contracting"", ""applicant_phone"": ""5123640278"", ""applicant_address2"": ""3704  SADDLE"", ""applicant_city"": ""AUSTIN"", ""applicantzip"": ""78739"", ""certificate_of_occupancy"": ""No""}",2026-05-03T07:18:31.559594+00:00
2026-053452 MP,Replacement of complete existing central heat and air system with or without duct work 1 system: 3 TON York  Dual fuel 15 seer Natural Gas furnace  He,2026-05-01T00:00:00+00:00,Change Out,Mechanical Permit,,Salt Light & Electric,Active,9909 FAYLIN DR,78753,Residential,5122725000,https://abc.austintexas.gov/web/permit/public-search-other?t_detail=1&t_selected_folderrsn=13695575,2026-05-01T00:00:00+00:00,"{""permittype"": ""MP"", ""permit_type_desc"": ""Mechanical Permit"", ""permit_number"": ""2026-053452 MP"", ""permit_class_mapped"": ""Residential"", ""permit_class"": ""Residential"", ""work_class"": ""Change Out"", ""permit_location"": ""9909 FAYLIN DR"", ""description"": ""Replacement of complete existing central heat and air system with or without duct work 1 system: 3 TON York  Dual fuel 15 seer Natural Gas furnace  He"", ""tcad_id"": ""0240241204"", ""legal_description"": ""LOT 1 BLK G WINDSOR HILLS SEC 3"", ""applieddate"": ""2026-04-29T00:00:00.000"", ""issue_date"": ""2026-05-01T00:00:00.000"", ""day_issued"": ""FRIDAY"", ""calendar_year_issued"": ""2026"", ""fiscal_year_issued"": ""2026"", ""issued_in_last_30_days"": ""Yes"", ""issue_method"": ""Permit Center"", ""status_current"": ""Active"", ""statusdate"": ""2026-05-01T00:00:00.000"", ""expiresdate"": ""2026-10-28T00:00:00.000"", ""original_address1"": ""9909 FAYLIN DR"", ""original_city"": ""AUSTIN"", ""original_state"": ""TX"", ""original_zip"": ""78753"", ""council_district"": ""4"", ""jurisdiction"": ""AUSTIN FULL PURPOSE"", ""link"": {""url"": ""https://abc.austintexas.gov/web/permit/public-search-other?t_detail=1&t_selected_folderrsn=13695575""}, ""project_id"": ""13695575"", ""latitude"": ""30.35912292"", ""longitude"": ""-97.67373333"", ""location"": {""latitude"": ""30.35912292"", ""longitude"": ""-97.67373333"", ""human_address"": ""{\""address\"": \""\"", \""city\"": \""\"", \""state\"": \""\"", \""zip\"": \""\""}""}, ""contractor_trade"": ""Mechanical Contractor"", ""contractor_company_name"": ""Salt Light & Electric"", ""contractor_full_name"": ""Brendan McCarthy"", ""contractor_phone"": ""5122725000"", ""contractor_address2"": ""3804  BENT B"", ""contractor_city"": ""ROUND ROCK"", ""contractor_zip"": ""78664-____""}",2026-05-03T07:18:31.559594+00:00
2026-053057 PP,Whole Home Gas repipe,2026-05-01T00:00:00+00:00,Repair,Plumbing Permit,,"Stan's Heating, Air, & Plumbing",Active,5700 JOE SAYERS AVE,78756,Residential,5129299393,https://abc.austintexas.gov/web/permit/public-search-other?t_detail=1&t_selected_folderrsn=13695141,2026-05-01T00:00:00+00:00,"{""permittype"": ""PP"", ""permit_type_desc"": ""Plumbing Permit"", ""permit_number"": ""2026-053057 PP"", ""permit_class_mapped"": ""Residential"", ""permit_class"": ""Residential"", ""work_class"": ""Repair"", ""condominium"": ""No"", ""permit_location"": ""5700 JOE SAYERS AVE"", ""description"": ""Whole Home Gas repipe"", ""tcad_id"": ""0228060511"", ""legal_description"": ""LOT 11 BLK C BREEZY HOLLOW ADDN SEC NO 3"", ""applieddate"": ""2026-04-29T00:00:00.000"", ""issue_date"": ""2026-05-01T00:00:00.000"", ""day_issued"": ""FRIDAY"", ""calendar_year_issued"": ""2026"", ""fiscal_year_issued"": ""2026"", ""issued_in_last_30_days"": ""Yes"", ""issue_method"": ""Permit Center"", ""status_current"": ""Active"", ""statusdate"": ""2026-05-01T00:00:00.000"", ""expiresdate"": ""2026-10-28T00:00:00.000"", ""remodel_repair_sqft"": ""1200"", ""number_of_floors"": ""0"", ""housing_units"": ""1"", ""original_address1"": ""5700 JOE SAYERS AVE"", ""original_city"": ""AUSTIN"", ""original_state"": ""TX"", ""original_zip"": ""78756"", ""council_district"": ""7"", ""jurisdiction"": ""AUSTIN FULL PURPOSE"", ""link"": {""url"": ""https://abc.austintexas.gov/web/permit/public-search-other?t_detail=1&t_selected_folderrsn=13695141""}, ""project_id"": ""13695141"", ""latitude"": ""30.32964997"", ""longitude"": ""-97.73368644"", ""location"": {""latitude"": ""30.32964997"", ""longitude"": ""-97.73368644"", ""human_address"": ""{\""address\"": \""\"", \""city\"": \""\"", \""state\"": \""\"", \""zip\"": \""\""}""}, ""contractor_trade"": ""Plumbing Contractor"", ""contractor_company_name"": ""Stan's Heating, Air, & Plumbing"", ""contractor_full_name"": ""Brandon Cardwell"", ""contractor_phone"": ""5129299393"", ""contractor_address2"": ""6016  DILLAR"", ""contractor_city"": ""AUSTIN"", ""contractor_zip"": ""78752"", ""certificate_of_occupancy"": ""No""}",2026-05-03T07:18:31.559594+00:00
2026-053242 PP,ETJ - Install Sprinkler System,2026-05-01T00:00:00+00:00,Irrigation,Plumbing Permit,,Not Provided,Active,13200 PARSONS PRAIRIE LN,78610,Residential,Not Provided,https://abc.austintexas.gov/web/permit/public-search-other?t_detail=1&t_selected_folderrsn=13695339,2026-05-01T00:00:00+00:00,"{""permittype"": ""PP"", ""permit_type_desc"": ""Plumbing Permit"", ""permit_number"": ""2026-053242 PP"", ""permit_class_mapped"": ""Residential"", ""permit_class"": ""Residential"", ""work_class"": ""Irrigation"", ""permit_location"": ""13200 PARSONS PRAIRIE LN"", ""description"": ""ETJ - Install Sprinkler System"", ""tcad_id"": ""0464080104"", ""legal_description"": ""ABS 159 SUR 7 CORBIN W P 212.0789 AC (1-D-1)"", ""applieddate"": ""2026-04-29T00:00:00.000"", ""issue_date"": ""2026-05-01T00:00:00.000"", ""day_issued"": ""FRIDAY"", ""calendar_year_issued"": ""2026"", ""fiscal_year_issued"": ""2026"", ""issued_in_last_30_days"": ""Yes"", ""issue_method"": ""Permit Center"", ""status_current"": ""Active"", ""statusdate"": ""2026-05-01T00:00:00.000"", ""expiresdate"": ""2026-10-28T00:00:00.000"", ""original_address1"": ""13200 PARSONS PRAIRIE LN"", ""original_city"": ""BUDA"", ""original_state"": ""TX"", ""original_zip"": ""78610"", ""jurisdiction"": ""AUSTIN 2 MILE ETJ"", ""link"": {""url"": ""https://abc.austintexas.gov/web/permit/public-search-other?t_detail=1&t_selected_folderrsn=13695339""}, ""project_id"": ""13695339""}",2026-05-03T07:18:31.559594+00:00
2026-052799 EP,Homebuilder Loop Austin 2 Mile ETJ Austin Energy,2026-05-01T00:00:00+00:00,Homebuilder Loop,Electrical Permit,,"IES Residential, Inc.",Active,5613 BOTTICELLI DR,78747,Residential,5122520040,https://abc.austintexas.gov/web/permit/public-search-other?t_detail=1&t_selected_folderrsn=13694862,2026-05-01T00:00:00+00:00,"{""permittype"": ""EP"", ""permit_type_desc"": ""Electrical Permit"", ""permit_number"": ""2026-052799 EP"", ""permit_class_mapped"": ""Residential"", ""permit_class"": ""Residential"", ""work_class"": ""Homebuilder Loop"", ""permit_location"": ""5613 BOTTICELLI DR"", ""description"": ""Homebuilder Loop Austin 2 Mile ETJ Austin Energy"", ""tcad_id"": ""0449071304"", ""legal_description"": ""WEST BELLA FORTUNA PHS 3 (SMALL LT SUBD) BLK G LOT 40"", ""applieddate"": ""2026-04-28T00:00:00.000"", ""issue_date"": ""2026-05-01T00:00:00.000"", ""day_issued"": ""FRIDAY"", ""calendar_year_issued"": ""2026"", ""fiscal_year_issued"": ""2026"", ""issued_in_last_30_days"": ""Yes"", ""issue_method"": ""Permit Center"", ""status_current"": ""Active"", ""statusdate"": ""2026-05-01T00:00:00.000"", ""expiresdate"": ""2026-10-28T00:00:00.000"", ""original_address1"": ""5613 BOTTICELLI DR"", ""original_city"": ""AUSTIN"", ""original_state"": ""TX"", ""original_zip"": ""78747"", ""jurisdiction"": ""AUSTIN 2 MILE ETJ"", ""link"": {""url"": ""https://abc.austintexas.gov/web/permit/public-search-other?t_detail=1&t_selected_folderrsn=13694862""}, ""project_id"": ""13694862"", ""contractor_trade"": ""Electrical Contractor"", ""contractor_company_name"": ""IES Residential, Inc."", ""contractor_full_name"": ""William B. Crist Jr."", ""contractor_phone"": ""5122520040"", ""contractor_address2"": ""821  GRAND A"", ""contractor_city"": ""PFLUGERVILLE"", ""contractor_zip"": ""78660-____""}",2026-05-03T07:18:31.559594+00:00
2026-028717 PP,*S.M.A.R.T. HOUSING* *GREEN BUILDING* ePlan: Residential Expedited Review - New construction of a 3-Story Townhome [3bed 3.5bath] with Attached Garage,2026-05-01T00:00:00+00:00,New,Plumbing Permit,,Victory Plumbing Company,Active,4200 ENDURANCE WAY,78731,Residential,5129907200,https://abc.austintexas.gov/web/permit/public-search-other?t_detail=1&t_selected_folderrsn=13667470,2026-05-01T00:00:00+00:00,"{""permittype"": ""PP"", ""permit_type_desc"": ""Plumbing Permit"", ""permit_number"": ""2026-028717 PP"", ""permit_class_mapped"": ""Residential"", ""permit_class"": ""R- 101 Single Family Houses"", ""work_class"": ""New"", ""condominium"": ""No"", ""permit_location"": ""4200 ENDURANCE WAY"", ""description"": ""*S.M.A.R.T. HOUSING* *GREEN BUILDING* ePlan: Residential Expedited Review - New construction of a 3-Story Townhome [3bed 3.5bath] with Attached Garage"", ""tcad_id"": ""0124000601"", ""applieddate"": ""2026-02-04T00:00:00.000"", ""issue_date"": ""2026-05-01T00:00:00.000"", ""day_issued"": ""FRIDAY"", ""calendar_year_issued"": ""2026"", ""fiscal_year_issued"": ""2026"", ""issued_in_last_30_days"": ""Yes"", ""issue_method"": ""Permit Center"", ""status_current"": ""Active"", ""statusdate"": ""2026-05-01T00:00:00.000"", ""expiresdate"": ""2026-09-13T00:00:00.000"", ""total_new_add_sqft"": ""3270"", ""number_of_floors"": ""3"", ""housing_units"": ""1"", ""original_address1"": ""4200 ENDURANCE WAY"", ""original_city"": ""AUSTIN"", ""original_state"": ""TX"", ""original_zip"": ""78731"", ""council_district"": ""10"", ""jurisdiction"": ""AUSTIN FULL PURPOSE"", ""link"": {""url"": ""https://abc.austintexas.gov/web/permit/public-search-other?t_detail=1&t_selected_folderrsn=13667470""}, ""project_id"": ""13667470"", ""masterpermitnum"": ""13667214"", ""latitude"": ""30.3156748"", ""longitude"": ""-97.75407886"", ""location"": {""latitude"": ""30.3156748"", ""longitude"": ""-97.75407886"", ""human_address"": ""{\""address\"": \""\"", \""city\"": \""\"", \""state\"": \""\"", \""zip\"": \""\""}""}, ""contractor_trade"": ""Plumbing Contractor"", ""contractor_company_name"": ""Victory Plumbing Company"", ""contractor_full_name"": ""Randolph Taylor"", ""contractor_phone"": ""5129907200"", ""contractor_address2"": ""1175  Countr"", ""contractor_city"": ""HUTTO"", ""contractor_zip"": ""78634"", ""certificate_of_occupancy"": ""No""}",2026-05-03T07:18:31.559594+00:00
2026-053574 EP,New construction sfr in the etj,2026-05-01T00:00:00+00:00,New,Electrical Permit,,"IES Residential, Inc.",Active,13712 STOCKSBRIDGE DR,78660,Residential,5122520040,https://abc.austintexas.gov/web/permit/public-search-other?t_detail=1&t_selected_folderrsn=13695714,2026-05-01T00:00:00+00:00,"{""permittype"": ""EP"", ""permit_type_desc"": ""Electrical Permit"", ""permit_number"": ""2026-053574 EP"", ""permit_class_mapped"": ""Residential"", ""permit_class"": ""Residential"", ""work_class"": ""New"", ""condominium"": ""No"", ""permit_location"": ""13712 STOCKSBRIDGE DR"", ""description"": ""New construction sfr in the etj"", ""tcad_id"": ""0256401706"", ""legal_description"": ""HOWARD LANE PHS 3 BLK J LOT 21"", ""applieddate"": ""2026-04-30T00:00:00.000"", ""issue_date"": ""2026-05-01T00:00:00.000"", ""day_issued"": ""FRIDAY"", ""calendar_year_issued"": ""2026"", ""fiscal_year_issued"": ""2026"", ""issued_in_last_30_days"": ""Yes"", ""issue_method"": ""Permit Center"", ""status_current"": ""Active"", ""statusdate"": ""2026-05-01T00:00:00.000"", ""expiresdate"": ""2026-10-28T00:00:00.000"", ""total_new_add_sqft"": ""0"", ""number_of_floors"": ""1"", ""housing_units"": ""1"", ""original_address1"": ""13712 STOCKSBRIDGE DR"", ""original_city"": ""AUSTIN"", ""original_state"": ""TX"", ""original_zip"": ""78660"", ""jurisdiction"": ""AUSTIN 2 MILE ETJ"", ""link"": {""url"": ""https://abc.austintexas.gov/web/permit/public-search-other?t_detail=1&t_selected_folderrsn=13695714""}, ""project_id"": ""13695714"", ""contractor_trade"": ""Electrical Contractor"", ""contractor_company_name"": ""IES Residential, Inc."", ""contractor_full_name"": ""William B. Crist Jr."", ""contractor_phone"": ""5122520040"", ""contractor_address2"": ""821  GRAND A"", ""contractor_city"": ""PFLUGERVILLE"", ""contractor_zip"": ""78660-____"", ""certificate_of_occupancy"": ""No""}",2026-05-03T07:18:31.559594+00:00
2026-048088 MP,Replacement of complete existing central heat and air system with or without duct work Replacement of HVAC system without duct work for the Unit Model,2026-05-01T00:00:00+00:00,Change Out,Mechanical Permit,,Cool Country Services LLC,Active,1109 S PLEASANT VALLEY RD,78741,Commercial,5122126695,https://abc.austintexas.gov/web/permit/public-search-other?t_detail=1&t_selected_folderrsn=13689410,2026-05-01T00:00:00+00:00,"{""permittype"": ""MP"", ""permit_type_desc"": ""Mechanical Permit"", ""permit_number"": ""2026-048088 MP"", ""permit_class_mapped"": ""Commercial"", ""permit_class"": ""Commercial"", ""work_class"": ""Change Out"", ""permit_location"": ""1109 S PLEASANT VALLEY RD"", ""description"": ""Replacement of complete existing central heat and air system with or without duct work Replacement of HVAC system without duct work for the Unit Model"", ""tcad_id"": ""0303090201"", ""legal_description"": ""LOT 1 BLK A JEFFERSON COMMONS AT TOWN LAKE"", ""applieddate"": ""2026-04-20T00:00:00.000"", ""issue_date"": ""2026-05-01T00:00:00.000"", ""day_issued"": ""FRIDAY"", ""calendar_year_issued"": ""2026"", ""fiscal_year_issued"": ""2026"", ""issued_in_last_30_days"": ""Yes"", ""issue_method"": ""Permit Center"", ""status_current"": ""Active"", ""statusdate"": ""2026-05-01T00:00:00.000"", ""expiresdate"": ""2026-10-28T00:00:00.000"", ""original_address1"": ""1109 S PLEASANT VALLEY RD"", ""original_city"": ""AUSTIN"", ""original_state"": ""TX"", ""original_zip"": ""78741"", ""council_district"": ""3"", ""jurisdiction"": ""AUSTIN FULL PURPOSE"", ""link"": {""url"": ""https://abc.austintexas.gov/web/permit/public-search-other?t_detail=1&t_selected_folderrsn=13689410""}, ""project_id"": ""13689410"", ""contractor_trade"": ""Mechanical Contractor"", ""contractor_company_name"": ""Cool Country Services LLC"", ""contractor_full_name"": ""Glenn Broussard"", ""contractor_phone"": ""5122126695"", ""contractor_address2"": ""1425  Bodiam"", ""contractor_city"": ""Bulverde"", ""contractor_zip"": ""78163-____""}",2026-05-03T07:18:31.559594+00:00
2026-053881 BP,QT - TPO ROOF REPLACEMENT DOWN TO PLYWOOD - OVA,2026-05-01T00:00:00+00:00,Remodel,Building Permit,,"DG Roofing, LLC",Active,2304 HANCOCK DR,78756,Commercial,5126689088,https://abc.austintexas.gov/web/permit/public-search-other?t_detail=1&t_selected_folderrsn=13696086,2026-05-01T00:00:00+00:00,"{""permittype"": ""BP"", ""permit_type_desc"": ""Building Permit"", ""permit_number"": ""2026-053881 BP"", ""permit_class_mapped"": ""Commercial"", ""permit_class"": ""C-1000 Commercial Remodel"", ""work_class"": ""Remodel"", ""condominium"": ""No"", ""permit_location"": ""2304 HANCOCK DR"", ""description"": ""QT - TPO ROOF REPLACEMENT DOWN TO PLYWOOD - OVA"", ""tcad_id"": ""0227030594"", ""legal_description"": ""UNT 1 BLD A HANCOCK PROFESSIONAL CONDOMINIUM PLUS 17.01% INTEREST IN COMMON AREA"", ""applieddate"": ""2026-04-29T00:00:00.000"", ""issue_date"": ""2026-05-01T00:00:00.000"", ""day_issued"": ""FRIDAY"", ""calendar_year_issued"": ""2026"", ""fiscal_year_issued"": ""2026"", ""issued_in_last_30_days"": ""Yes"", ""issue_method"": ""Permit Center"", ""status_current"": ""Active"", ""statusdate"": ""2026-05-01T00:00:00.000"", ""expiresdate"": ""2026-10-29T00:00:00.000"", ""remodel_repair_sqft"": ""3900"", ""total_valuation_remodel"": ""0"", ""number_of_floors"": ""1"", ""housing_units"": ""6"", ""building_valuation_remodel"": ""0"", ""electrical_valuation_remodel"": ""0"", ""mechanical_valuation_remodel"": ""0"", ""plumbing_valuation_remodel"": ""0"", ""medgas_valuation_remodel"": ""0"", ""original_address1"": ""2304 HANCOCK DR"", ""original_city"": ""AUSTIN"", ""original_state"": ""TX"", ""original_zip"": ""78756"", ""council_district"": ""7"", ""jurisdiction"": ""AUSTIN FULL PURPOSE"", ""link"": {""url"": ""https://abc.austintexas.gov/web/permit/public-search-other?t_detail=1&t_selected_folderrsn=13696086""}, ""project_id"": ""13696086"", ""masterpermitnum"": ""13695459"", ""latitude"": ""30.32443112"", ""longitude"": ""-97.74231098"", ""location"": {""latitude"": ""30.32443112"", ""longitude"": ""-97.74231098"", ""human_address"": ""{\""address\"": \""\"", \""city\"": \""\"", \""state\"": \""\"", \""zip\"": \""\""}""}, ""contractor_trade"": ""General Contractor"", ""contractor_company_name"": ""DG Roofing, LLC"", ""contractor_full_name"": ""Cameron Smith"", ""contractor_phone"": ""5126689088"", ""contractor_address2"": ""2727  FM 812"", ""contractor_city"": ""DEL VALLE"", ""contractor_zip"": ""78617-____"", ""applicant_full_name"": ""Cameron Smith"", ""applicant_org"": ""DG Roofing, LLC"", ""applicant_phone"": ""5126689088"", ""applicant_address2"": ""2727  FM 812"", ""applicant_city"": ""DEL VALLE"", ""applicantzip"": ""78617-____"", ""certificate_of_occupancy"": ""No""}",2026-05-03T07:18:31.559594+00:00
2026-013698 MP,ePlan: Commercial Expedited Review - Interior tenant improvement for a 3680 SF restaurant with outdoor seating in an existing to a multi-tenant buildi,2026-05-01T00:00:00+00:00,Remodel,Mechanical Permit,,Generations HVAC,Active,1100 S LAMAR BLVD UNIT 1125,78704,Commercial,5128212548,https://abc.austintexas.gov/web/permit/public-search-other?t_detail=1&t_selected_folderrsn=13650300,2026-05-01T00:00:00+00:00,"{""permittype"": ""MP"", ""permit_type_desc"": ""Mechanical Permit"", ""permit_number"": ""2026-013698 MP"", ""permit_class_mapped"": ""Commercial"", ""permit_class"": ""C-1000 Commercial Remodel"", ""work_class"": ""Remodel"", ""condominium"": ""No"", ""permit_location"": ""1100 S LAMAR BLVD UNIT 1125"", ""description"": ""ePlan: Commercial Expedited Review - Interior tenant improvement for a 3680 SF restaurant with outdoor seating in an existing to a multi-tenant buildi"", ""tcad_id"": ""0102040426"", ""legal_description"": ""8.9661 AC OF LOT 5-6 EVERGREEN HEIGHTS"", ""applieddate"": ""2025-12-23T00:00:00.000"", ""issue_date"": ""2026-05-01T00:00:00.000"", ""day_issued"": ""FRIDAY"", ""calendar_year_issued"": ""2026"", ""fiscal_year_issued"": ""2026"", ""issued_in_last_30_days"": ""Yes"", ""issue_method"": ""Permit Center"", ""status_current"": ""Active"", ""statusdate"": ""2026-05-01T00:00:00.000"", ""expiresdate"": ""2026-10-06T00:00:00.000"", ""remodel_repair_sqft"": ""3860"", ""number_of_floors"": ""1"", ""housing_units"": ""1"", ""original_address1"": ""1100 S LAMAR BLVD UNIT 1125"", ""original_city"": ""AUSTIN"", ""original_state"": ""TX"", ""original_zip"": ""78704"", ""council_district"": ""9"", ""jurisdiction"": ""AUSTIN FULL PURPOSE"", ""link"": {""url"": ""https://abc.austintexas.gov/web/permit/public-search-other?t_detail=1&t_selected_folderrsn=13650300""}, ""project_id"": ""13650300"", ""masterpermitnum"": ""13650298"", ""latitude"": ""30.25571158"", ""longitude"": ""-97.7625396"", ""location"": {""latitude"": ""30.25571158"", ""longitude"": ""-97.7625396"", ""human_address"": ""{\""address\"": \""\"", \""city\"": \""\"", \""state\"": \""\"", \""zip\"": \""\""}""}, ""contractor_trade"": ""Mechanical Contractor"", ""contractor_company_name"": ""Generations HVAC"", ""contractor_full_name"": ""Edward Pessin"", ""contractor_phone"": ""5128212548"", ""contractor_address1"": ""17513 ROBINH"", ""contractor_address2"": ""LAGO VISTA T"", ""contractor_city"": ""LAGO VISTA"", ""contractor_zip"": ""78645"", ""certificate_of_occupancy"": ""No""}",2026-05-03T07:18:31.559594+00:00
2026-053561 BP,"New construction of 2 story sfr condo with 3 beds 2.5 baths and attached 2 car garage

PUD",2026-05-01T00:00:00+00:00,New,Building Permit,0.0,David Weekley Homes (MAIN),Active,5708 FORKS RD,78747,Residential,5128218885,https://abc.austintexas.gov/web/permit/public-search-other?t_detail=1&t_selected_folderrsn=13695689,2026-05-01T00:00:00+00:00,"{""permittype"": ""BP"", ""permit_type_desc"": ""Building Permit"", ""permit_number"": ""2026-053561 BP"", ""permit_class_mapped"": ""Residential"", ""permit_class"": ""R- 101 Single Family Houses"", ""work_class"": ""New"", ""condominium"": ""Yes"", ""permit_location"": ""5708 FORKS RD"", ""description"": ""New construction of 2 story sfr condo with 3 beds 2.5 baths and attached 2 car garage\n\nPUD"", ""tcad_id"": ""0438011501"", ""applieddate"": ""2026-04-15T00:00:00.000"", ""issue_date"": ""2026-05-01T00:00:00.000"", ""day_issued"": ""FRIDAY"", ""calendar_year_issued"": ""2026"", ""fiscal_year_issued"": ""2026"", ""issued_in_last_30_days"": ""Yes"", ""issue_method"": ""Permit Center"", ""status_current"": ""Active"", ""statusdate"": ""2026-05-01T00:00:00.000"", ""expiresdate"": ""2026-10-29T00:00:00.000"", ""total_new_add_sqft"": ""2314"", ""total_job_valuation"": ""0"", ""number_of_floors"": ""2"", ""housing_units"": ""1"", ""original_address1"": ""5708 FORKS RD"", ""original_city"": ""AUSTIN"", ""original_state"": ""TX"", ""original_zip"": ""78747"", ""council_district"": ""2"", ""jurisdiction"": ""AUSTIN FULL PURPOSE"", ""link"": {""url"": ""https://abc.austintexas.gov/web/permit/public-search-other?t_detail=1&t_selected_folderrsn=13695689""}, ""project_id"": ""13695689"", ""masterpermitnum"": ""13687581"", ""contractor_trade"": ""General Contractor"", ""contractor_company_name"": ""David Weekley Homes (MAIN)"", ""contractor_full_name"": ""Robin Campbell"", ""contractor_phone"": ""5128218885"", ""contractor_address2"": ""9000  Waterf"", ""contractor_city"": ""AUSTIN"", ""contractor_zip"": ""78758"", ""applicant_full_name"": ""Robin Campbell"", ""applicant_org"": ""David Weekley Homes (MAIN)"", ""applicant_phone"": ""5128218885"", ""applicant_address2"": ""9000  Waterf"", ""applicant_city"": ""AUSTIN"", ""applicantzip"": ""78758"", ""certificate_of_occupancy"": ""Yes"", ""total_lot_sq_ft"": ""2314""}",2026-05-03T07:18:31.559594+00:00
2026-053419 BP,Retroactive permit. Enclose covered porch conduct interior remodel including replacement and addition of windows bathroom and kitchen remodel replace,2026-05-01T00:00:00+00:00,Addition and Remodel,Building Permit,1.0,Michael Rubinov,Active,3512 OAK SPRINGS DR,78721,Residential,2678083351,https://abc.austintexas.gov/web/permit/public-search-other?t_detail=1&t_selected_folderrsn=13695534,2026-05-01T00:00:00+00:00,"{""permittype"": ""BP"", ""permit_type_desc"": ""Building Permit"", ""permit_number"": ""2026-053419 BP"", ""permit_class_mapped"": ""Residential"", ""permit_class"": ""R- 434 Addition & Alterations"", ""work_class"": ""Addition and Remodel"", ""condominium"": ""No"", ""permit_location"": ""3512 OAK SPRINGS DR"", ""description"": ""Retroactive permit. Enclose covered porch conduct interior remodel including replacement and addition of windows bathroom and kitchen remodel replace"", ""tcad_id"": ""0209160457"", ""legal_description"": ""LOT 8 NUEVA VIDA I-A"", ""applieddate"": ""2026-02-24T00:00:00.000"", ""issue_date"": ""2026-05-01T00:00:00.000"", ""day_issued"": ""FRIDAY"", ""calendar_year_issued"": ""2026"", ""fiscal_year_issued"": ""2026"", ""issued_in_last_30_days"": ""Yes"", ""issue_method"": ""Permit Center"", ""status_current"": ""Active"", ""statusdate"": ""2026-05-01T00:00:00.000"", ""expiresdate"": ""2026-10-29T00:00:00.000"", ""remodel_repair_sqft"": ""1"", ""total_new_add_sqft"": ""671"", ""total_valuation_remodel"": ""0"", ""total_job_valuation"": ""1"", ""number_of_floors"": ""2"", ""housing_units"": ""1"", ""building_valuation_remodel"": ""0"", ""electrical_valuation_remodel"": ""0"", ""mechanical_valuation_remodel"": ""0"", ""plumbing_valuation_remodel"": ""0"", ""original_address1"": ""3512 OAK SPRINGS DR"", ""original_city"": ""AUSTIN"", ""original_state"": ""TX"", ""original_zip"": ""78721"", ""council_district"": ""1"", ""jurisdiction"": ""AUSTIN FULL PURPOSE"", ""link"": {""url"": ""https://abc.austintexas.gov/web/permit/public-search-other?t_detail=1&t_selected_folderrsn=13695534""}, ""project_id"": ""13695534"", ""masterpermitnum"": ""13660074"", ""latitude"": ""30.27404686"", ""longitude"": ""-97.69469684"", ""location"": {""latitude"": ""30.27404686"", ""longitude"": ""-97.69469684"", ""human_address"": ""{\""address\"": \""\"", \""city\"": \""\"", \""state\"": \""\"", \""zip\"": \""\""}""}, ""contractor_trade"": ""General Contractor"", ""contractor_full_name"": ""Michael Rubinov"", ""contractor_phone"": ""2678083351"", ""contractor_address1"": ""1612 PENNSYL"", ""contractor_address2"": ""AUSTIN TX  7"", ""contractor_city"": ""AUSTIN"", ""contractor_zip"": ""78702"", ""applicant_full_name"": ""Michael Rubinov"", ""applicant_phone"": ""2678083351"", ""applicant_address1"": ""1612 PENNSYL"", ""applicant_address2"": ""AUSTIN TX  7"", ""applicant_city"": ""AUSTIN"", ""applicantzip"": ""78702"", ""certificate_of_occupancy"": ""No"", ""total_lot_sq_ft"": ""6506""}",2026-05-03T07:18:31.559594+00:00
2026-054084 MP,Replacement of complete existing central heat and air system with or without duct work,2026-05-01T00:00:00+00:00,Change Out,Mechanical Permit,,"Airsheen Services, LLC",Active,10300 TULAROSA PASS,78726,Residential,5125774776,https://abc.austintexas.gov/web/permit/public-search-other?t_detail=1&t_selected_folderrsn=13696336,2026-05-01T00:00:00+00:00,"{""permittype"": ""MP"", ""permit_type_desc"": ""Mechanical Permit"", ""permit_number"": ""2026-054084 MP"", ""permit_class_mapped"": ""Residential"", ""permit_class"": ""Residential"", ""work_class"": ""Change Out"", ""permit_location"": ""10300 TULAROSA PASS"", ""description"": ""Replacement of complete existing central heat and air system with or without duct work"", ""tcad_id"": ""0166210946"", ""legal_description"": ""LOT 52 BLK B CANYON CREEK SEC 32"", ""applieddate"": ""2026-04-30T00:00:00.000"", ""issue_date"": ""2026-05-01T00:00:00.000"", ""day_issued"": ""FRIDAY"", ""calendar_year_issued"": ""2026"", ""fiscal_year_issued"": ""2026"", ""issued_in_last_30_days"": ""Yes"", ""issue_method"": ""Permit Center"", ""status_current"": ""Active"", ""statusdate"": ""2026-05-01T00:00:00.000"", ""expiresdate"": ""2026-10-28T00:00:00.000"", ""original_address1"": ""10300 TULAROSA PASS"", ""original_city"": ""AUSTIN"", ""original_state"": ""TX"", ""original_zip"": ""78726"", ""council_district"": ""6"", ""jurisdiction"": ""AUSTIN FULL PURPOSE"", ""link"": {""url"": ""https://abc.austintexas.gov/web/permit/public-search-other?t_detail=1&t_selected_folderrsn=13696336""}, ""project_id"": ""13696336"", ""latitude"": ""30.42998064"", ""longitude"": ""-97.82000598"", ""location"": {""latitude"": ""30.42998064"", ""longitude"": ""-97.82000598"", ""human_address"": ""{\""address\"": \""\"", \""city\"": \""\"", \""state\"": \""\"", \""zip\"": \""\""}""}, ""contractor_trade"": ""Mechanical Contractor"", ""contractor_company_name"": ""Airsheen Services, LLC"", ""contractor_full_name"": ""Shahin Shahidi"", ""contractor_phone"": ""5125774776"", ""contractor_address1"": ""13492 RESEAR"", ""contractor_address2"": ""AUSTIN TX  7"", ""contractor_city"": ""AUSTIN"", ""contractor_zip"": ""78752""}",2026-05-03T07:18:31.559594+00:00
2026-052418 BP,Randall 3314 C Right New - 2 Story SFR CONDOMINUM w/ 3 bedrooms 2.5 bathrooms attached 2 car garage covered entry porch and patio FFE: 681.34 Site Pla,2026-05-01T00:00:00+00:00,New,Building Permit,0.0,Eva Mata,Active,13208 KEEFER DR,78652,Residential,512,https://abc.austintexas.gov/web/permit/public-search-other?t_detail=1&t_selected_folderrsn=13694452,2026-05-01T00:00:00+00:00,"{""permittype"": ""BP"", ""permit_type_desc"": ""Building Permit"", ""permit_number"": ""2026-052418 BP"", ""permit_class_mapped"": ""Residential"", ""permit_class"": ""R- 101 Single Family Houses"", ""work_class"": ""New"", ""condominium"": ""Yes"", ""permit_location"": ""13208 KEEFER DR"", ""description"": ""Randall 3314 C Right New - 2 Story SFR CONDOMINUM w/ 3 bedrooms 2.5 bathrooms attached 2 car garage covered entry porch and patio FFE: 681.34 Site Pla"", ""tcad_id"": ""0451150901"", ""applieddate"": ""2026-04-15T00:00:00.000"", ""issue_date"": ""2026-05-01T00:00:00.000"", ""day_issued"": ""FRIDAY"", ""calendar_year_issued"": ""2026"", ""fiscal_year_issued"": ""2026"", ""issued_in_last_30_days"": ""Yes"", ""issue_method"": ""Permit Center"", ""status_current"": ""Active"", ""statusdate"": ""2026-05-01T00:00:00.000"", ""expiresdate"": ""2026-10-29T00:00:00.000"", ""total_new_add_sqft"": ""2433"", ""total_job_valuation"": ""0"", ""number_of_floors"": ""2"", ""housing_units"": ""1"", ""original_address1"": ""13208 KEEFER DR"", ""original_city"": ""AUSTIN"", ""original_state"": ""TX"", ""original_zip"": ""78652"", ""council_district"": ""5"", ""jurisdiction"": ""AUSTIN LTD"", ""link"": {""url"": ""https://abc.austintexas.gov/web/permit/public-search-other?t_detail=1&t_selected_folderrsn=13694452""}, ""project_id"": ""13694452"", ""masterpermitnum"": ""13687477"", ""contractor_trade"": ""General Contractor"", ""contractor_full_name"": ""Eva Mata"", ""contractor_phone"": ""512"", ""contractor_city"": ""Austin"", ""applicant_full_name"": ""Eva Mata"", ""applicant_phone"": ""512"", ""applicant_city"": ""Austin"", ""certificate_of_occupancy"": ""Yes"", ""total_lot_sq_ft"": ""0""}",2026-05-03T07:18:31.559594+00:00
2026-053351 PP,"Replacement of an existing water heater new 40-gallon natural gas water heater  change out 

8602 Bowling Green Drive Austin TX 78757",2026-05-01T00:00:00+00:00,Change Out,Plumbing Permit,,Radiant Plumbing & AC,Active,8602 BOWLING GREEN DR,78757,Residential,5122639988,https://abc.austintexas.gov/web/permit/public-search-other?t_detail=1&t_selected_folderrsn=13695461,2026-05-01T00:00:00+00:00,"{""permittype"": ""PP"", ""permit_type_desc"": ""Plumbing Permit"", ""permit_number"": ""2026-053351 PP"", ""permit_class_mapped"": ""Residential"", ""permit_class"": ""Residential"", ""work_class"": ""Change Out"", ""permit_location"": ""8602 BOWLING GREEN DR"", ""description"": ""Replacement of an existing water heater new 40-gallon natural gas water heater  change out \n\n8602 Bowling Green Drive Austin TX 78757"", ""tcad_id"": ""0244070214"", ""legal_description"": ""LOT 15 & N 30FT LOT 16 BLK C BOWLING GREEN"", ""applieddate"": ""2026-04-29T00:00:00.000"", ""issue_date"": ""2026-05-01T00:00:00.000"", ""day_issued"": ""FRIDAY"", ""calendar_year_issued"": ""2026"", ""fiscal_year_issued"": ""2026"", ""issued_in_last_30_days"": ""Yes"", ""issue_method"": ""Permit Center"", ""status_current"": ""Active"", ""statusdate"": ""2026-05-01T00:00:00.000"", ""expiresdate"": ""2026-10-28T00:00:00.000"", ""original_address1"": ""8602 BOWLING GREEN DR"", ""original_city"": ""AUSTIN"", ""original_state"": ""TX"", ""original_zip"": ""78757"", ""council_district"": ""4"", ""jurisdiction"": ""AUSTIN FULL PURPOSE"", ""link"": {""url"": ""https://abc.austintexas.gov/web/permit/public-search-other?t_detail=1&t_selected_folderrsn=13695461""}, ""project_id"": ""13695461"", ""latitude"": ""30.3679588"", ""longitude"": ""-97.72686843"", ""location"": {""latitude"": ""30.3679588"", ""longitude"": ""-97.72686843"", ""human_address"": ""{\""address\"": \""\"", \""city\"": \""\"", \""state\"": \""\"", \""zip\"": \""\""}""}, ""contractor_trade"": ""Plumbing Contractor"", ""contractor_company_name"": ""Radiant Plumbing & AC"", ""contractor_full_name"": ""Jacob Schmidt"", ""contractor_phone"": ""5122639988"", ""contractor_address2"": ""901  REINLI"", ""contractor_city"": ""AUSTIN"", ""contractor_zip"": ""78751-____""}",2026-05-03T07:18:31.559594+00:00
2026-053683 BP,ePlan: Residential Expedited Review - New construction of a 2-Story Duplex [4bed 4bath]. Unit A,2026-05-01T00:00:00+00:00,New,Building Permit,0.0,Co-Sci Construction LLC **MAIN**,Active,1812 MARGARET ST UNIT A,78704,Residential,4693941563,https://abc.austintexas.gov/web/permit/public-search-other?t_detail=1&t_selected_folderrsn=13695853,2026-05-01T00:00:00+00:00,"{""permittype"": ""BP"", ""permit_type_desc"": ""Building Permit"", ""permit_number"": ""2026-053683 BP"", ""permit_class_mapped"": ""Residential"", ""permit_class"": ""R- 103 Two Family Bldgs"", ""work_class"": ""New"", ""condominium"": ""No"", ""permit_location"": ""1812 MARGARET ST UNIT A"", ""description"": ""ePlan: Residential Expedited Review - New construction of a 2-Story Duplex [4bed 4bath]. Unit A"", ""tcad_id"": ""0102051616"", ""legal_description"": ""LOT 4 BLK A SOUTH LUND SOUTH"", ""applieddate"": ""2026-03-13T00:00:00.000"", ""issue_date"": ""2026-05-01T00:00:00.000"", ""day_issued"": ""FRIDAY"", ""calendar_year_issued"": ""2026"", ""fiscal_year_issued"": ""2026"", ""issued_in_last_30_days"": ""Yes"", ""issue_method"": ""Permit Center"", ""status_current"": ""Active"", ""statusdate"": ""2026-05-01T00:00:00.000"", ""expiresdate"": ""2026-10-29T00:00:00.000"", ""total_new_add_sqft"": ""3519"", ""total_job_valuation"": ""0"", ""number_of_floors"": ""2"", ""housing_units"": ""1"", ""original_address1"": ""1812 MARGARET ST UNIT A"", ""original_city"": ""AUSTIN"", ""original_state"": ""TX"", ""original_zip"": ""78704"", ""council_district"": ""5"", ""jurisdiction"": ""AUSTIN FULL PURPOSE"", ""link"": {""url"": ""https://abc.austintexas.gov/web/permit/public-search-other?t_detail=1&t_selected_folderrsn=13695853""}, ""project_id"": ""13695853"", ""masterpermitnum"": ""13669625"", ""contractor_trade"": ""General Contractor"", ""contractor_company_name"": ""Co-Sci Construction LLC **MAIN**"", ""contractor_full_name"": ""Mark Roberts"", ""contractor_phone"": ""4693941563"", ""contractor_address2"": ""1504 S Walnu"", ""contractor_city"": ""Georgetown"", ""contractor_zip"": ""78626"", ""applicant_full_name"": ""Mark Roberts"", ""applicant_org"": ""Co-Sci Construction LLC **MAIN**"", ""applicant_phone"": ""4693941563"", ""applicant_address2"": ""1504 S Walnu"", ""applicant_city"": ""Georgetown"", ""applicantzip"": ""78626"", ""certificate_of_occupancy"": ""Yes"", ""total_lot_sq_ft"": ""7667""}",2026-05-03T07:18:31.559594+00:00
2026-054144 PP,Replacement of an existing water heater,2026-05-01T00:00:00+00:00,Change Out,Plumbing Permit,,Proven Plumbing LLC,Active,13009 CANDLESTICK PL,78727,Residential,5122965604,https://abc.austintexas.gov/web/permit/public-search-other?t_detail=1&t_selected_folderrsn=13696401,2026-05-01T00:00:00+00:00,"{""permittype"": ""PP"", ""permit_type_desc"": ""Plumbing Permit"", ""permit_number"": ""2026-054144 PP"", ""permit_class_mapped"": ""Residential"", ""permit_class"": ""Residential"", ""work_class"": ""Change Out"", ""permit_location"": ""13009 CANDLESTICK PL"", ""description"": ""Replacement of an existing water heater"", ""tcad_id"": ""0264180411"", ""legal_description"": ""LOT 17 BLK O LAMPLIGHT VILLAGE SEC 3"", ""applieddate"": ""2026-04-30T00:00:00.000"", ""issue_date"": ""2026-05-01T00:00:00.000"", ""day_issued"": ""FRIDAY"", ""calendar_year_issued"": ""2026"", ""fiscal_year_issued"": ""2026"", ""issued_in_last_30_days"": ""Yes"", ""issue_method"": ""Permit Center"", ""status_current"": ""Active"", ""statusdate"": ""2026-05-01T00:00:00.000"", ""expiresdate"": ""2026-10-28T00:00:00.000"", ""original_address1"": ""13009 CANDLESTICK PL"", ""original_city"": ""AUSTIN"", ""original_state"": ""TX"", ""original_zip"": ""78727"", ""council_district"": ""7"", ""jurisdiction"": ""AUSTIN FULL PURPOSE"", ""link"": {""url"": ""https://abc.austintexas.gov/web/permit/public-search-other?t_detail=1&t_selected_folderrsn=13696401""}, ""project_id"": ""13696401"", ""latitude"": ""30.42314135"", ""longitude"": ""-97.69105643"", ""location"": {""latitude"": ""30.42314135"", ""longitude"": ""-97.69105643"", ""human_address"": ""{\""address\"": \""\"", \""city\"": \""\"", \""state\"": \""\"", \""zip\"": \""\""}""}, ""contractor_trade"": ""Plumbing Contractor"", ""contractor_company_name"": ""Proven Plumbing LLC"", ""contractor_full_name"": ""Louis H Natale"", ""contractor_phone"": ""5122965604"", ""contractor_address2"": ""604  Timber"", ""contractor_city"": ""Cedar Park"", ""contractor_zip"": ""78613""}",2026-05-03T07:18:31.559594+00:00
2025-160977 BP,Interior Remodel of a single-family residence.,2026-05-01T00:00:00+00:00,Addition and Remodel,Building Permit,1.0,Chioco Development Inc.,Active,706 WINFLO DR,78703,Residential,5127793813,https://abc.austintexas.gov/web/permit/public-search-other?t_detail=1&t_selected_folderrsn=13631525,2026-05-01T00:00:00+00:00,"{""permittype"": ""BP"", ""permit_type_desc"": ""Building Permit"", ""permit_number"": ""2025-160977 BP"", ""permit_class_mapped"": ""Residential"", ""permit_class"": ""R- 434 Addition & Alterations"", ""work_class"": ""Addition and Remodel"", ""condominium"": ""No"", ""permit_location"": ""706 WINFLO DR"", ""description"": ""Interior Remodel of a single-family residence."", ""tcad_id"": ""0108031131"", ""legal_description"": ""LOT 9 PARK VIEW"", ""applieddate"": ""2025-11-26T00:00:00.000"", ""issue_date"": ""2026-05-01T00:00:00.000"", ""day_issued"": ""FRIDAY"", ""calendar_year_issued"": ""2026"", ""fiscal_year_issued"": ""2026"", ""issued_in_last_30_days"": ""Yes"", ""issue_method"": ""Permit Center"", ""status_current"": ""Active"", ""statusdate"": ""2026-05-01T00:00:00.000"", ""expiresdate"": ""2026-10-29T00:00:00.000"", ""remodel_repair_sqft"": ""1437"", ""total_new_add_sqft"": ""0"", ""total_valuation_remodel"": ""0"", ""total_job_valuation"": ""1"", ""number_of_floors"": ""1"", ""housing_units"": ""1"", ""building_valuation_remodel"": ""0"", ""electrical_valuation_remodel"": ""0"", ""mechanical_valuation_remodel"": ""0"", ""plumbing_valuation_remodel"": ""0"", ""original_address1"": ""706 WINFLO DR"", ""original_city"": ""AUSTIN"", ""original_state"": ""TX"", ""original_zip"": ""78703"", ""council_district"": ""9"", ""jurisdiction"": ""AUSTIN FULL PURPOSE"", ""link"": {""url"": ""https://abc.austintexas.gov/web/permit/public-search-other?t_detail=1&t_selected_folderrsn=13631525""}, ""project_id"": ""13631525"", ""masterpermitnum"": ""13620968"", ""latitude"": ""30.27509455"", ""longitude"": ""-97.75877546"", ""location"": {""latitude"": ""30.27509455"", ""longitude"": ""-97.75877546"", ""human_address"": ""{\""address\"": \""\"", \""city\"": \""\"", \""state\"": \""\"", \""zip\"": \""\""}""}, ""contractor_trade"": ""General Contractor"", ""contractor_company_name"": ""Chioco Development Inc."", ""contractor_full_name"": ""Joey Chioco"", ""contractor_phone"": ""5127793813"", ""contractor_address2"": ""1204  MADISO"", ""contractor_city"": ""AUSTIN"", ""contractor_zip"": ""78757"", ""applicant_full_name"": ""Joey Chioco"", ""applicant_org"": ""Chioco Development Inc."", ""applicant_phone"": ""5127793813"", ""applicant_address2"": ""1204  MADISO"", ""applicant_city"": ""AUSTIN"", ""applicantzip"": ""78757"", ""certificate_of_occupancy"": ""No"", ""total_lot_sq_ft"": ""0""}",2026-05-03T07:18:31.559594+00:00
2026-053637 PP,Replaced Log Lighter Valve,2026-05-01T00:00:00+00:00,Repair,Plumbing Permit,,"NEW ABACUS, LLC",Active,6001 MESSENGER STAKE,78746,Residential,5125664182,https://abc.austintexas.gov/web/permit/public-search-other?t_detail=1&t_selected_folderrsn=13695794,2026-05-01T00:00:00+00:00,"{""permittype"": ""PP"", ""permit_type_desc"": ""Plumbing Permit"", ""permit_number"": ""2026-053637 PP"", ""permit_class_mapped"": ""Residential"", ""permit_class"": ""Residential"", ""work_class"": ""Repair"", ""condominium"": ""No"", ""permit_location"": ""6001 MESSENGER STAKE"", ""description"": ""Replaced Log Lighter Valve"", ""tcad_id"": ""0131150611"", ""legal_description"": ""LOT 1 DAVENPORT RANCH PHS 3 SEC 3"", ""applieddate"": ""2026-04-30T00:00:00.000"", ""issue_date"": ""2026-05-01T00:00:00.000"", ""day_issued"": ""FRIDAY"", ""calendar_year_issued"": ""2026"", ""fiscal_year_issued"": ""2026"", ""issued_in_last_30_days"": ""Yes"", ""issue_method"": ""Permit Center"", ""status_current"": ""Active"", ""statusdate"": ""2026-05-01T00:00:00.000"", ""expiresdate"": ""2026-10-28T00:00:00.000"", ""remodel_repair_sqft"": ""2857"", ""number_of_floors"": ""0"", ""housing_units"": ""0"", ""original_address1"": ""6001 MESSENGER STAKE"", ""original_city"": ""AUSTIN"", ""original_state"": ""TX"", ""original_zip"": ""78746"", ""council_district"": ""8"", ""jurisdiction"": ""AUSTIN FULL PURPOSE"", ""link"": {""url"": ""https://abc.austintexas.gov/web/permit/public-search-other?t_detail=1&t_selected_folderrsn=13695794""}, ""project_id"": ""13695794"", ""latitude"": ""30.3382066"", ""longitude"": ""-97.8016029"", ""location"": {""latitude"": ""30.3382066"", ""longitude"": ""-97.8016029"", ""human_address"": ""{\""address\"": \""\"", \""city\"": \""\"", \""state\"": \""\"", \""zip\"": \""\""}""}, ""contractor_trade"": ""Plumbing Contractor"", ""contractor_company_name"": ""NEW ABACUS, LLC"", ""contractor_full_name"": ""ALAN O'NEILL"", ""contractor_phone"": ""5125664182"", ""contractor_address1"": ""2105  DENTON"", ""contractor_city"": ""Austin"", ""contractor_zip"": ""78758"", ""certificate_of_occupancy"": ""No""}",2026-05-03T07:18:31.559594+00:00
2026-053076 MP,Replacement of complete existing central heat and air system with or without duct work HVAC Changeout/Alteration: replace and install 2.5 ton air cond,2026-05-01T00:00:00+00:00,Change Out,Mechanical Permit,,Strand Brothers Service Experts,Active,5602 SHADY OAK CT,78756,Residential,3462663635,https://abc.austintexas.gov/web/permit/public-search-other?t_detail=1&t_selected_folderrsn=13695163,2026-05-01T00:00:00+00:00,"{""permittype"": ""MP"", ""permit_type_desc"": ""Mechanical Permit"", ""permit_number"": ""2026-053076 MP"", ""permit_class_mapped"": ""Residential"", ""permit_class"": ""Residential"", ""work_class"": ""Change Out"", ""permit_location"": ""5602 SHADY OAK CT"", ""description"": ""Replacement of complete existing central heat and air system with or without duct work HVAC Changeout/Alteration: replace and install 2.5 ton air cond"", ""tcad_id"": ""0230010532"", ""legal_description"": ""LOT 38 BLK D SHOALMONT ADDN SEC 4"", ""applieddate"": ""2026-04-29T00:00:00.000"", ""issue_date"": ""2026-05-01T00:00:00.000"", ""day_issued"": ""FRIDAY"", ""calendar_year_issued"": ""2026"", ""fiscal_year_issued"": ""2026"", ""issued_in_last_30_days"": ""Yes"", ""issue_method"": ""Permit Center"", ""status_current"": ""Active"", ""statusdate"": ""2026-05-01T00:00:00.000"", ""expiresdate"": ""2026-10-28T00:00:00.000"", ""original_address1"": ""5602 SHADY OAK CT"", ""original_city"": ""AUSTIN"", ""original_state"": ""TX"", ""original_zip"": ""78756"", ""council_district"": ""7"", ""jurisdiction"": ""AUSTIN FULL PURPOSE"", ""link"": {""url"": ""https://abc.austintexas.gov/web/permit/public-search-other?t_detail=1&t_selected_folderrsn=13695163""}, ""project_id"": ""13695163"", ""latitude"": ""30.33290771"", ""longitude"": ""-97.74735295"", ""location"": {""latitude"": ""30.33290771"", ""longitude"": ""-97.74735295"", ""human_address"": ""{\""address\"": \""\"", \""city\"": \""\"", \""state\"": \""\"", \""zip\"": \""\""}""}, ""contractor_trade"": ""Mechanical Contractor"", ""contractor_company_name"": ""Strand Brothers Service Experts"", ""contractor_full_name"": ""Michael McCoy"", ""contractor_phone"": ""3462663635"", ""contractor_address2"": ""5811  TECHNI"", ""contractor_city"": ""AUSTIN"", ""contractor_zip"": ""78721-____""}",2026-05-03T07:18:31.559594+00:00
2026-052281 MP,Brahman 3318 B Right New - 2 Story SFR CONDOMINUM w/ 4 bedrooms 2.5 bathrooms attached 2 car garage covered entry porch and patio FFE: 682.10 Site Pla,2026-05-01T00:00:00+00:00,New,Mechanical Permit,,IES Residential Inc,Active,700 BOLEY DR,78652,Residential,5125615002,https://abc.austintexas.gov/web/permit/public-search-other?t_detail=1&t_selected_folderrsn=13694289,2026-05-01T00:00:00+00:00,"{""permittype"": ""MP"", ""permit_type_desc"": ""Mechanical Permit"", ""permit_number"": ""2026-052281 MP"", ""permit_class_mapped"": ""Residential"", ""permit_class"": ""R- 101 Single Family Houses"", ""work_class"": ""New"", ""condominium"": ""No"", ""permit_location"": ""700 BOLEY DR"", ""description"": ""Brahman 3318 B Right New - 2 Story SFR CONDOMINUM w/ 4 bedrooms 2.5 bathrooms attached 2 car garage covered entry porch and patio FFE: 682.10 Site Pla"", ""tcad_id"": ""0451150901"", ""applieddate"": ""2026-04-15T00:00:00.000"", ""issue_date"": ""2026-05-01T00:00:00.000"", ""day_issued"": ""FRIDAY"", ""calendar_year_issued"": ""2026"", ""fiscal_year_issued"": ""2026"", ""issued_in_last_30_days"": ""Yes"", ""issue_method"": ""Permit Center"", ""status_current"": ""Active"", ""statusdate"": ""2026-05-01T00:00:00.000"", ""expiresdate"": ""2026-10-29T00:00:00.000"", ""total_new_add_sqft"": ""2946"", ""number_of_floors"": ""2"", ""housing_units"": ""1"", ""original_address1"": ""700 BOLEY DR"", ""original_city"": ""AUSTIN"", ""original_state"": ""TX"", ""original_zip"": ""78652"", ""council_district"": ""5"", ""jurisdiction"": ""AUSTIN LTD"", ""link"": {""url"": ""https://abc.austintexas.gov/web/permit/public-search-other?t_detail=1&t_selected_folderrsn=13694289""}, ""project_id"": ""13694289"", ""masterpermitnum"": ""13694284"", ""contractor_trade"": ""Mechanical Contractor"", ""contractor_company_name"": ""IES Residential Inc"", ""contractor_full_name"": ""Charles Faught"", ""contractor_phone"": ""5125615002"", ""contractor_address2"": ""13279  POND"", ""contractor_city"": ""AUSTIN"", ""contractor_zip"": ""78729-____"", ""certificate_of_occupancy"": ""No""}",2026-05-03T07:18:31.559594+00:00
2026-053434 EP,Request to disconnect new 150 amp automatic transfer switch installation on existing 150 amp panel no new meter can required,2026-05-01T00:00:00+00:00,Repair,Electrical Permit,,Horus Partners,Active,1811 BELFORD DR,78757,Residential,5124765555,https://abc.austintexas.gov/web/permit/public-search-other?t_detail=1&t_selected_folderrsn=13695552,2026-05-01T00:00:00+00:00,"{""permittype"": ""EP"", ""permit_type_desc"": ""Electrical Permit"", ""permit_number"": ""2026-053434 EP"", ""permit_class_mapped"": ""Residential"", ""permit_class"": ""Residential"", ""work_class"": ""Repair"", ""condominium"": ""No"", ""permit_location"": ""1811 BELFORD DR"", ""description"": ""Request to disconnect new 150 amp automatic transfer switch installation on existing 150 amp panel no new meter can required"", ""tcad_id"": ""0238081101"", ""legal_description"": ""LOT 1 BLK B ALLANDALE NORTH SEC 1"", ""applieddate"": ""2026-04-29T00:00:00.000"", ""issue_date"": ""2026-05-01T00:00:00.000"", ""day_issued"": ""FRIDAY"", ""calendar_year_issued"": ""2026"", ""fiscal_year_issued"": ""2026"", ""issued_in_last_30_days"": ""Yes"", ""issue_method"": ""Permit Center"", ""status_current"": ""Active"", ""statusdate"": ""2026-05-01T00:00:00.000"", ""expiresdate"": ""2026-10-28T00:00:00.000"", ""remodel_repair_sqft"": ""0"", ""number_of_floors"": ""1"", ""housing_units"": ""1"", ""electrical_valuation_remodel"": ""3000"", ""original_address1"": ""1811 BELFORD DR"", ""original_city"": ""AUSTIN"", ""original_state"": ""TX"", ""original_zip"": ""78757"", ""council_district"": ""4"", ""jurisdiction"": ""AUSTIN FULL PURPOSE"", ""link"": {""url"": ""https://abc.austintexas.gov/web/permit/public-search-other?t_detail=1&t_selected_folderrsn=13695552""}, ""project_id"": ""13695552"", ""latitude"": ""30.35493721"", ""longitude"": ""-97.72504156"", ""location"": {""latitude"": ""30.35493721"", ""longitude"": ""-97.72504156"", ""human_address"": ""{\""address\"": \""\"", \""city\"": \""\"", \""state\"": \""\"", \""zip\"": \""\""}""}, ""contractor_trade"": ""Electrical Contractor"", ""contractor_company_name"": ""Horus Partners"", ""contractor_full_name"": ""Mark Pride"", ""contractor_phone"": ""5124765555"", ""contractor_address2"": ""2000 S 7th S"", ""contractor_city"": ""Austin"", ""contractor_zip"": ""78704"", ""certificate_of_occupancy"": ""No""}",2026-05-03T07:18:31.559594+00:00
2025-157402 MP,Unit 103 Bldg 1: New 3-story townhome with 3 bedroom 3.5 bathroom balcony attached 2-car carport.  Part of 3-unit townhome building in 3-unit use.  (9,2026-05-01T00:00:00+00:00,New,Mechanical Permit,,Airtron,Active,4413 BANISTER LN UNIT 103,78745,Residential,5128213163,https://abc.austintexas.gov/web/permit/public-search-other?t_detail=1&t_selected_folderrsn=13627411,2026-05-01T00:00:00+00:00,"{""permittype"": ""MP"", ""permit_type_desc"": ""Mechanical Permit"", ""permit_number"": ""2025-157402 MP"", ""permit_class_mapped"": ""Residential"", ""permit_class"": ""R- 101 Single Family Houses"", ""work_class"": ""New"", ""condominium"": ""No"", ""permit_location"": ""4413 BANISTER LN UNIT 103"", ""description"": ""Unit 103 Bldg 1: New 3-story townhome with 3 bedroom 3.5 bathroom balcony attached 2-car carport.  Part of 3-unit townhome building in 3-unit use.  (9"", ""tcad_id"": ""0410090541"", ""legal_description"": ""BANISTER ACRES RSB LOT 4 BLK 4 BLK 4 LOT 4A"", ""applieddate"": ""2025-04-24T00:00:00.000"", ""issue_date"": ""2026-05-01T00:00:00.000"", ""day_issued"": ""FRIDAY"", ""calendar_year_issued"": ""2026"", ""fiscal_year_issued"": ""2026"", ""issued_in_last_30_days"": ""Yes"", ""issue_method"": ""Permit Center"", ""status_current"": ""Active"", ""statusdate"": ""2026-05-01T00:00:00.000"", ""expiresdate"": ""2026-08-19T00:00:00.000"", ""total_new_add_sqft"": ""1935"", ""number_of_floors"": ""3"", ""housing_units"": ""1"", ""original_address1"": ""4413 BANISTER LN UNIT 103"", ""original_city"": ""AUSTIN"", ""original_state"": ""TX"", ""original_zip"": ""78745"", ""council_district"": ""5"", ""jurisdiction"": ""AUSTIN FULL PURPOSE"", ""link"": {""url"": ""https://abc.austintexas.gov/web/permit/public-search-other?t_detail=1&t_selected_folderrsn=13627411""}, ""project_id"": ""13627411"", ""masterpermitnum"": ""13627395"", ""contractor_trade"": ""Mechanical Contractor"", ""contractor_company_name"": ""Airtron"", ""contractor_full_name"": ""Tamara Enfield"", ""contractor_phone"": ""5128213163"", ""contractor_address2"": ""12112  BOARD"", ""contractor_city"": ""AUSTIN"", ""contractor_zip"": ""78729-____"", ""certificate_of_occupancy"": ""No""}",2026-05-03T07:18:31.559594+00:00
2026-052543 EP,EV charger installation,2026-05-01T00:00:00+00:00,Special Inspections Program,Electrical Permit,,"D and C Electric, Inc",Active,11915 RENNALEE LOOP,78753,Residential,5129544782,https://abc.austintexas.gov/web/permit/public-search-other?t_detail=1&t_selected_folderrsn=13694592,2026-05-01T00:00:00+00:00,"{""permittype"": ""EP"", ""permit_type_desc"": ""Electrical Permit"", ""permit_number"": ""2026-052543 EP"", ""permit_class_mapped"": ""Residential"", ""permit_class"": ""Residential"", ""work_class"": ""Special Inspections Program"", ""condominium"": ""No"", ""permit_location"": ""11915 RENNALEE LOOP"", ""description"": ""EV charger installation"", ""tcad_id"": ""0252200708"", ""legal_description"": ""LOT 9 BLK F OAK RIDGE SEC 3"", ""applieddate"": ""2026-04-28T00:00:00.000"", ""issue_date"": ""2026-05-01T00:00:00.000"", ""day_issued"": ""FRIDAY"", ""calendar_year_issued"": ""2026"", ""fiscal_year_issued"": ""2026"", ""issued_in_last_30_days"": ""Yes"", ""issue_method"": ""Permit Center"", ""status_current"": ""Active"", ""statusdate"": ""2026-05-01T00:00:00.000"", ""expiresdate"": ""2026-10-28T00:00:00.000"", ""electrical_valuation_remodel"": ""900"", ""original_address1"": ""11915 RENNALEE LOOP"", ""original_city"": ""AUSTIN"", ""original_state"": ""TX"", ""original_zip"": ""78753"", ""council_district"": ""7"", ""jurisdiction"": ""AUSTIN FULL PURPOSE"", ""link"": {""url"": ""https://abc.austintexas.gov/web/permit/public-search-other?t_detail=1&t_selected_folderrsn=13694592""}, ""project_id"": ""13694592"", ""latitude"": ""30.38762598"", ""longitude"": ""-97.678683"", ""location"": {""latitude"": ""30.38762598"", ""longitude"": ""-97.678683"", ""human_address"": ""{\""address\"": \""\"", \""city\"": \""\"", \""state\"": \""\"", \""zip\"": \""\""}""}, ""contractor_trade"": ""Electrical Contractor"", ""contractor_company_name"": ""D and C Electric, Inc"", ""contractor_full_name"": ""Chance Reyes"", ""contractor_phone"": ""5129544782"", ""contractor_address2"": ""3233  Windin"", ""contractor_city"": ""Austin"", ""contractor_zip"": ""78750"", ""certificate_of_occupancy"": ""No""}",2026-05-03T07:18:31.559594+00:00
2026-054177 PP,"New construction multi-family in the etj 32394 sqft
 bldg 10",2026-05-01T00:00:00+00:00,New,Plumbing Permit,,"Red Kings Plumbing Contractors LLC,",Active,5117 E HOWARD LN BLDG 10,78653,Commercial,2109862480,https://abc.austintexas.gov/web/permit/public-search-other?t_detail=1&t_selected_folderrsn=13696434,2026-05-01T00:00:00+00:00,"{""permittype"": ""PP"", ""permit_type_desc"": ""Plumbing Permit"", ""permit_number"": ""2026-054177 PP"", ""permit_class_mapped"": ""Commercial"", ""permit_class"": ""Commercial"", ""work_class"": ""New"", ""condominium"": ""No"", ""permit_location"": ""5117 E HOWARD LN BLDG 10"", ""description"": ""New construction multi-family in the etj 32394 sqft\n bldg 10"", ""tcad_id"": ""0251410337"", ""legal_description"": ""LOT 1 LESS .0900AC THOMISON SUBD & ABS 160 SUR 50 CASTRO M TOTAL 14.686AC"", ""applieddate"": ""2026-04-30T00:00:00.000"", ""issue_date"": ""2026-05-01T00:00:00.000"", ""day_issued"": ""FRIDAY"", ""calendar_year_issued"": ""2026"", ""fiscal_year_issued"": ""2026"", ""issued_in_last_30_days"": ""Yes"", ""issue_method"": ""Permit Center"", ""status_current"": ""Active"", ""statusdate"": ""2026-05-01T00:00:00.000"", ""expiresdate"": ""2026-10-28T00:00:00.000"", ""total_new_add_sqft"": ""32394"", ""number_of_floors"": ""3"", ""housing_units"": ""36"", ""original_address1"": ""5117 E HOWARD LN BLDG 10"", ""original_city"": ""AUSTIN"", ""original_state"": ""TX"", ""original_zip"": ""78653"", ""jurisdiction"": ""AUSTIN 2 MILE ETJ"", ""link"": {""url"": ""https://abc.austintexas.gov/web/permit/public-search-other?t_detail=1&t_selected_folderrsn=13696434""}, ""project_id"": ""13696434"", ""contractor_trade"": ""Plumbing Contractor"", ""contractor_company_name"": ""Red Kings Plumbing Contractors LLC,"", ""contractor_full_name"": ""Ubaldo De Santiago"", ""contractor_phone"": ""2109862480"", ""contractor_address1"": ""PO BOX 70170"", ""contractor_city"": ""San Antonio"", ""contractor_zip"": ""78270-____"", ""certificate_of_occupancy"": ""No""}",2026-05-03T07:18:31.559594+00:00
2026-048200 EP,Add HVAC to office/warehouse tenant space.,2026-05-01T00:00:00+00:00,Remodel,Electrical Permit,,Airco Mechanical LTD,Active,6025 WILCAB RD BLDG 1 UNIT 700,78721,Commercial,5128372917,https://abc.austintexas.gov/web/permit/public-search-other?t_detail=1&t_selected_folderrsn=13689539,2026-05-01T00:00:00+00:00,"{""permittype"": ""EP"", ""permit_type_desc"": ""Electrical Permit"", ""permit_number"": ""2026-048200 EP"", ""permit_class_mapped"": ""Commercial"", ""permit_class"": ""C-1000 Commercial Remodel"", ""work_class"": ""Remodel"", ""condominium"": ""No"", ""permit_location"": ""6025 WILCAB RD BLDG 1 UNIT 700"", ""description"": ""Add HVAC to office/warehouse tenant space."", ""tcad_id"": ""0209230109"", ""legal_description"": ""WILCAB CREATIVE OFFICES BLK A LOT 1"", ""applieddate"": ""2026-03-17T00:00:00.000"", ""issue_date"": ""2026-05-01T00:00:00.000"", ""day_issued"": ""FRIDAY"", ""calendar_year_issued"": ""2026"", ""fiscal_year_issued"": ""2026"", ""issued_in_last_30_days"": ""Yes"", ""issue_method"": ""Permit Center"", ""status_current"": ""Active"", ""statusdate"": ""2026-05-01T00:00:00.000"", ""expiresdate"": ""2026-10-20T00:00:00.000"", ""remodel_repair_sqft"": ""4440"", ""number_of_floors"": ""1"", ""housing_units"": ""1"", ""electrical_valuation_remodel"": ""32521"", ""original_address1"": ""6025 WILCAB RD BLDG 1 UNIT 700"", ""original_city"": ""AUSTIN"", ""original_state"": ""TX"", ""original_zip"": ""78721"", ""council_district"": ""1"", ""jurisdiction"": ""AUSTIN FULL PURPOSE"", ""link"": {""url"": ""https://abc.austintexas.gov/web/permit/public-search-other?t_detail=1&t_selected_folderrsn=13689539""}, ""project_id"": ""13689539"", ""masterpermitnum"": ""13689538"", ""latitude"": ""30.27244946"", ""longitude"": ""-97.67396963"", ""location"": {""latitude"": ""30.27244946"", ""longitude"": ""-97.67396963"", ""human_address"": ""{\""address\"": \""\"", \""city\"": \""\"", \""state\"": \""\"", \""zip\"": \""\""}""}, ""contractor_trade"": ""Electrical Contractor"", ""contractor_company_name"": ""Airco Mechanical LTD"", ""contractor_full_name"": ""Mark Henderson"", ""contractor_phone"": ""5128372917"", ""contractor_address2"": ""1000 S IH 35"", ""contractor_city"": ""ROUND ROCK"", ""contractor_zip"": ""78681"", ""certificate_of_occupancy"": ""No""}",2026-05-03T07:18:31.559594+00:00
2026-052266 MP,Replacement of mini-split system INSTALL NEW MINI SPLT IN THE GARAGE,2026-05-01T00:00:00+00:00,Change Out,Mechanical Permit,,Woods Comfort Systems,Active,6919 GREENSHORES DR,78730,Residential,5123926907,https://abc.austintexas.gov/web/permit/public-search-other?t_detail=1&t_selected_folderrsn=13694268,2026-05-01T00:00:00+00:00,"{""permittype"": ""MP"", ""permit_type_desc"": ""Mechanical Permit"", ""permit_number"": ""2026-052266 MP"", ""permit_class_mapped"": ""Residential"", ""permit_class"": ""Residential"", ""work_class"": ""Change Out"", ""permit_location"": ""6919 GREENSHORES DR"", ""description"": ""Replacement of mini-split system INSTALL NEW MINI SPLT IN THE GARAGE"", ""tcad_id"": ""0133190202"", ""legal_description"": ""LOT 19 BLK 1 GREENSHORES ON LAKE AUSTIN PHS 2"", ""applieddate"": ""2026-04-28T00:00:00.000"", ""issue_date"": ""2026-05-01T00:00:00.000"", ""day_issued"": ""FRIDAY"", ""calendar_year_issued"": ""2026"", ""fiscal_year_issued"": ""2026"", ""issued_in_last_30_days"": ""Yes"", ""issue_method"": ""Permit Center"", ""status_current"": ""Active"", ""statusdate"": ""2026-05-01T00:00:00.000"", ""expiresdate"": ""2026-10-28T00:00:00.000"", ""original_address1"": ""6919 GREENSHORES DR"", ""original_city"": ""AUSTIN"", ""original_state"": ""TX"", ""original_zip"": ""78730"", ""council_district"": ""10"", ""jurisdiction"": ""AUSTIN LTD"", ""link"": {""url"": ""https://abc.austintexas.gov/web/permit/public-search-other?t_detail=1&t_selected_folderrsn=13694268""}, ""project_id"": ""13694268"", ""latitude"": ""30.34309483"", ""longitude"": ""-97.81603875"", ""location"": {""latitude"": ""30.34309483"", ""longitude"": ""-97.81603875"", ""human_address"": ""{\""address\"": \""\"", \""city\"": \""\"", \""state\"": \""\"", \""zip\"": \""\""}""}, ""contractor_trade"": ""Mechanical Contractor"", ""contractor_company_name"": ""Woods Comfort Systems"", ""contractor_full_name"": ""Christopher Woods"", ""contractor_phone"": ""5123926907"", ""contractor_address1"": ""P.O. Box 741"", ""contractor_city"": ""San Marcos"", ""contractor_zip"": ""78667""}",2026-05-03T07:18:31.559594+00:00
2026-053043 PP,Replacement of an existing water heater Replacement of Gas Water Heater Like for Like,2026-05-01T00:00:00+00:00,Change Out,Plumbing Permit,,"NEW ABACUS, LLC",Active,2103 RABB GLEN ST,78704,Residential,5125664182,https://abc.austintexas.gov/web/permit/public-search-other?t_detail=1&t_selected_folderrsn=13695118,2026-05-01T00:00:00+00:00,"{""permittype"": ""PP"", ""permit_type_desc"": ""Plumbing Permit"", ""permit_number"": ""2026-053043 PP"", ""permit_class_mapped"": ""Residential"", ""permit_class"": ""Residential"", ""work_class"": ""Change Out"", ""permit_location"": ""2103 RABB GLEN ST"", ""description"": ""Replacement of an existing water heater Replacement of Gas Water Heater Like for Like"", ""tcad_id"": ""0100080705"", ""legal_description"": ""LOT 2 BLK 2 RABB INWOOD HILLS"", ""applieddate"": ""2026-04-29T00:00:00.000"", ""issue_date"": ""2026-05-01T00:00:00.000"", ""day_issued"": ""FRIDAY"", ""calendar_year_issued"": ""2026"", ""fiscal_year_issued"": ""2026"", ""issued_in_last_30_days"": ""Yes"", ""issue_method"": ""Permit Center"", ""status_current"": ""Active"", ""statusdate"": ""2026-05-01T00:00:00.000"", ""expiresdate"": ""2026-10-28T00:00:00.000"", ""original_address1"": ""2103 RABB GLEN ST"", ""original_city"": ""AUSTIN"", ""original_state"": ""TX"", ""original_zip"": ""78704"", ""council_district"": ""5"", ""jurisdiction"": ""AUSTIN FULL PURPOSE"", ""link"": {""url"": ""https://abc.austintexas.gov/web/permit/public-search-other?t_detail=1&t_selected_folderrsn=13695118""}, ""project_id"": ""13695118"", ""latitude"": ""30.24979236"", ""longitude"": ""-97.77790947"", ""location"": {""latitude"": ""30.24979236"", ""longitude"": ""-97.77790947"", ""human_address"": ""{\""address\"": \""\"", \""city\"": \""\"", \""state\"": \""\"", \""zip\"": \""\""}""}, ""contractor_trade"": ""Plumbing Contractor"", ""contractor_company_name"": ""NEW ABACUS, LLC"", ""contractor_full_name"": ""ALAN O'NEILL"", ""contractor_phone"": ""5125664182"", ""contractor_address1"": ""2105  DENTON"", ""contractor_city"": ""Austin"", ""contractor_zip"": ""78758""}",2026-05-03T07:18:31.559594+00:00
2026-026227 PP,New pool pavilion and bathroom addition to rear of existing SFR,2026-05-01T00:00:00+00:00,New,Plumbing Permit,,PK PLUMBING,Active,4715 BULL CREEK RD,78731,Residential,5129668936,https://abc.austintexas.gov/web/permit/public-search-other?t_detail=1&t_selected_folderrsn=13664465,2026-05-01T00:00:00+00:00,"{""permittype"": ""PP"", ""permit_type_desc"": ""Plumbing Permit"", ""permit_number"": ""2026-026227 PP"", ""permit_class_mapped"": ""Residential"", ""permit_class"": ""R- 330  Accessory Use to Primary"", ""work_class"": ""New"", ""condominium"": ""No"", ""permit_location"": ""4715 BULL CREEK RD"", ""description"": ""New pool pavilion and bathroom addition to rear of existing SFR"", ""tcad_id"": ""0227000909"", ""legal_description"": ""LOT 9 BLK A *RESUB OF BLK A FISET PLACE"", ""applieddate"": ""2025-07-01T00:00:00.000"", ""issue_date"": ""2026-05-01T00:00:00.000"", ""day_issued"": ""FRIDAY"", ""calendar_year_issued"": ""2026"", ""fiscal_year_issued"": ""2026"", ""issued_in_last_30_days"": ""Yes"", ""issue_method"": ""Permit Center"", ""status_current"": ""Active"", ""statusdate"": ""2026-05-01T00:00:00.000"", ""expiresdate"": ""2026-10-11T00:00:00.000"", ""total_new_add_sqft"": ""403"", ""number_of_floors"": ""1"", ""housing_units"": ""1"", ""original_address1"": ""4715 BULL CREEK RD"", ""original_city"": ""AUSTIN"", ""original_state"": ""TX"", ""original_zip"": ""78731"", ""council_district"": ""7"", ""jurisdiction"": ""AUSTIN FULL PURPOSE"", ""link"": {""url"": ""https://abc.austintexas.gov/web/permit/public-search-other?t_detail=1&t_selected_folderrsn=13664465""}, ""project_id"": ""13664465"", ""masterpermitnum"": ""13664447"", ""contractor_trade"": ""Plumbing Contractor"", ""contractor_company_name"": ""PK PLUMBING"", ""contractor_full_name"": ""Peter Kecskes"", ""contractor_phone"": ""5129668936"", ""contractor_address1"": ""PO BOX 954"", ""contractor_address2"": ""CEDAR PARK T"", ""contractor_city"": ""CEDAR PARK"", ""contractor_zip"": ""78630"", ""certificate_of_occupancy"": ""No""}",2026-05-03T07:18:31.559594+00:00
2026-051870 EP,EP is for an electrical service to power up a temporary traffic signal at Kenwood Ave & E Riverside Intersection. TxDOT Project CSJ 0015 13 428.,2026-05-01T00:00:00+00:00,Upgrade,Electrical Permit,,"Sice, Inc",Active,1029 1/2 E RIVERSIDE DR,78704,Commercial,3052183688,https://abc.austintexas.gov/web/permit/public-search-other?t_detail=1&t_selected_folderrsn=13693844,2026-05-01T00:00:00+00:00,"{""permittype"": ""EP"", ""permit_type_desc"": ""Electrical Permit"", ""permit_number"": ""2026-051870 EP"", ""permit_class_mapped"": ""Commercial"", ""permit_class"": ""Commercial"", ""work_class"": ""Upgrade"", ""condominium"": ""No"", ""permit_location"": ""1029 1/2 E RIVERSIDE DR"", ""description"": ""EP is for an electrical service to power up a temporary traffic signal at Kenwood Ave & E Riverside Intersection. TxDOT Project CSJ 0015 13 428."", ""applieddate"": ""2026-04-27T00:00:00.000"", ""issue_date"": ""2026-05-01T00:00:00.000"", ""day_issued"": ""FRIDAY"", ""calendar_year_issued"": ""2026"", ""fiscal_year_issued"": ""2026"", ""issued_in_last_30_days"": ""Yes"", ""issue_method"": ""Permit Center"", ""status_current"": ""Active"", ""statusdate"": ""2026-05-01T00:00:00.000"", ""expiresdate"": ""2026-10-28T00:00:00.000"", ""remodel_repair_sqft"": ""0"", ""number_of_floors"": ""1"", ""housing_units"": ""1"", ""electrical_valuation_remodel"": ""1"", ""original_address1"": ""1029 1/2 E RIVERSIDE DR"", ""original_city"": ""AUSTIN"", ""original_state"": ""TX"", ""original_zip"": ""78704"", ""council_district"": ""9"", ""jurisdiction"": ""AUSTIN FULL PURPOSE"", ""link"": {""url"": ""https://abc.austintexas.gov/web/permit/public-search-other?t_detail=1&t_selected_folderrsn=13693844""}, ""project_id"": ""13693844"", ""contractor_trade"": ""Electrical Contractor"", ""contractor_company_name"": ""Sice, Inc"", ""contractor_full_name"": ""Robert Hernandez"", ""contractor_phone"": ""3052183688"", ""contractor_address2"": ""14350 NW 56t"", ""contractor_city"": ""Miami"", ""contractor_zip"": ""33186-____"", ""certificate_of_occupancy"": ""No""}",2026-05-03T07:18:31.559594+00:00
2026-052929 EP,Upgrade main service panel replace kitchen outlets with GFCIs,2026-05-01T00:00:00+00:00,Upgrade,Electrical Permit,,Longhorn Electric LLC,Active,6012 GLEN MEADOW DR,78745,Residential,7372267017,https://abc.austintexas.gov/web/permit/public-search-other?t_detail=1&t_selected_folderrsn=13694994,2026-05-01T00:00:00+00:00,"{""permittype"": ""EP"", ""permit_type_desc"": ""Electrical Permit"", ""permit_number"": ""2026-052929 EP"", ""permit_class_mapped"": ""Residential"", ""permit_class"": ""Residential"", ""work_class"": ""Upgrade"", ""condominium"": ""No"", ""permit_location"": ""6012 GLEN MEADOW DR"", ""description"": ""Upgrade main service panel replace kitchen outlets with GFCIs"", ""tcad_id"": ""0417100907"", ""legal_description"": ""LOT 33 BLK N FLOURNOYS SWEETBRIAR SEC IX"", ""applieddate"": ""2026-04-28T00:00:00.000"", ""issue_date"": ""2026-05-01T00:00:00.000"", ""day_issued"": ""FRIDAY"", ""calendar_year_issued"": ""2026"", ""fiscal_year_issued"": ""2026"", ""issued_in_last_30_days"": ""Yes"", ""issue_method"": ""Permit Center"", ""status_current"": ""Active"", ""statusdate"": ""2026-05-01T00:00:00.000"", ""expiresdate"": ""2026-10-28T00:00:00.000"", ""remodel_repair_sqft"": ""0"", ""number_of_floors"": ""1"", ""housing_units"": ""1"", ""electrical_valuation_remodel"": ""1"", ""original_address1"": ""6012 GLEN MEADOW DR"", ""original_city"": ""AUSTIN"", ""original_state"": ""TX"", ""original_zip"": ""78745"", ""council_district"": ""2"", ""jurisdiction"": ""AUSTIN FULL PURPOSE"", ""link"": {""url"": ""https://abc.austintexas.gov/web/permit/public-search-other?t_detail=1&t_selected_folderrsn=13694994""}, ""project_id"": ""13694994"", ""latitude"": ""30.20131938"", ""longitude"": ""-97.77879585"", ""location"": {""latitude"": ""30.20131938"", ""longitude"": ""-97.77879585"", ""human_address"": ""{\""address\"": \""\"", \""city\"": \""\"", \""state\"": \""\"", \""zip\"": \""\""}""}, ""contractor_trade"": ""Electrical Contractor"", ""contractor_company_name"": ""Longhorn Electric LLC"", ""contractor_full_name"": ""Homero Canet"", ""contractor_phone"": ""7372267017"", ""contractor_address2"": ""167  Rocky C"", ""contractor_city"": ""MANOR"", ""contractor_zip"": ""78621-____"", ""certificate_of_occupancy"": ""No""}",2026-05-03T07:18:31.559594+00:00
2026-052419 EP,First Texas Honda Sign N04 Express Service S elevation,2026-05-01T00:00:00+00:00,Wall,Electrical Permit,,Not Provided,Active,3400 STECK AVE,78757,Commercial,Not Provided,https://abc.austintexas.gov/web/permit/public-search-other?t_detail=1&t_selected_folderrsn=13696241,2026-05-01T00:00:00+00:00,"{""permittype"": ""EP"", ""permit_type_desc"": ""Electrical Permit"", ""permit_number"": ""2026-052419 EP"", ""permit_class_mapped"": ""Commercial"", ""permit_class"": ""Sign Permit"", ""work_class"": ""Wall"", ""permit_location"": ""3400 STECK AVE"", ""description"": ""First Texas Honda Sign N04 Express Service S elevation"", ""tcad_id"": ""0243051112"", ""legal_description"": ""ALLANDALE ESTATES SEC 2 LOT 1"", ""applieddate"": ""2026-04-30T00:00:00.000"", ""issue_date"": ""2026-05-01T00:00:00.000"", ""day_issued"": ""FRIDAY"", ""calendar_year_issued"": ""2026"", ""fiscal_year_issued"": ""2026"", ""issued_in_last_30_days"": ""Yes"", ""issue_method"": ""Permit Center"", ""status_current"": ""Active"", ""statusdate"": ""2026-05-01T00:00:00.000"", ""expiresdate"": ""2026-10-28T00:00:00.000"", ""original_address1"": ""3400 STECK AVE"", ""original_city"": ""AUSTIN"", ""original_state"": ""TX"", ""original_zip"": ""78757"", ""council_district"": ""7"", ""jurisdiction"": ""AUSTIN FULL PURPOSE"", ""link"": {""url"": ""https://abc.austintexas.gov/web/permit/public-search-other?t_detail=1&t_selected_folderrsn=13696241""}, ""project_id"": ""13696241"", ""masterpermitnum"": ""13694453""}",2026-05-03T07:18:31.559594+00:00
2026-035388 PP,35 tunnel below the foundation to replace entire drain system. 1 access hole - back,2026-05-01T00:00:00+00:00,Repair,Plumbing Permit,,Accurate Leak & Line,Active,1200 NEWPORT AVE,78753,Residential,5122195325,https://abc.austintexas.gov/web/permit/public-search-other?t_detail=1&t_selected_folderrsn=13674943,2026-05-01T00:00:00+00:00,"{""permittype"": ""PP"", ""permit_type_desc"": ""Plumbing Permit"", ""permit_number"": ""2026-035388 PP"", ""permit_class_mapped"": ""Residential"", ""permit_class"": ""Residential"", ""work_class"": ""Repair"", ""condominium"": ""No"", ""permit_location"": ""1200 NEWPORT AVE"", ""description"": ""35 tunnel below the foundation to replace entire drain system. 1 access hole - back"", ""tcad_id"": ""0242240414"", ""legal_description"": ""LOT 14 BLK R NORTH ACRES SEC 1"", ""applieddate"": ""2026-03-24T00:00:00.000"", ""issue_date"": ""2026-05-01T00:00:00.000"", ""day_issued"": ""FRIDAY"", ""calendar_year_issued"": ""2026"", ""fiscal_year_issued"": ""2026"", ""issued_in_last_30_days"": ""Yes"", ""issue_method"": ""Permit Center"", ""status_current"": ""Active"", ""statusdate"": ""2026-05-01T00:00:00.000"", ""expiresdate"": ""2026-10-28T00:00:00.000"", ""remodel_repair_sqft"": ""1500"", ""number_of_floors"": ""0"", ""housing_units"": ""0"", ""original_address1"": ""1200 NEWPORT AVE"", ""original_city"": ""AUSTIN"", ""original_state"": ""TX"", ""original_zip"": ""78753"", ""council_district"": ""1"", ""jurisdiction"": ""AUSTIN FULL PURPOSE"", ""link"": {""url"": ""https://abc.austintexas.gov/web/permit/public-search-other?t_detail=1&t_selected_folderrsn=13674943""}, ""project_id"": ""13674943"", ""latitude"": ""30.36401787"", ""longitude"": ""-97.67462598"", ""location"": {""latitude"": ""30.36401787"", ""longitude"": ""-97.67462598"", ""human_address"": ""{\""address\"": \""\"", \""city\"": \""\"", \""state\"": \""\"", \""zip\"": \""\""}""}, ""contractor_trade"": ""Plumbing Contractor"", ""contractor_company_name"": ""Accurate Leak & Line"", ""contractor_full_name"": ""Steve  Montgomery"", ""contractor_phone"": ""5122195325"", ""contractor_address2"": ""439 N GUN BA"", ""contractor_city"": ""GUN BARREL"", ""contractor_zip"": ""75156-____"", ""certificate_of_occupancy"": ""No""}",2026-05-03T07:18:31.559594+00:00
2026-053568 EP,New construction sfr in the etj,2026-05-01T00:00:00+00:00,New,Electrical Permit,,"IES Residential, Inc.",Active,2700 FOSS RD,78660,Residential,5122520040,https://abc.austintexas.gov/web/permit/public-search-other?t_detail=1&t_selected_folderrsn=13695708,2026-05-01T00:00:00+00:00,"{""permittype"": ""EP"", ""permit_type_desc"": ""Electrical Permit"", ""permit_number"": ""2026-053568 EP"", ""permit_class_mapped"": ""Residential"", ""permit_class"": ""Residential"", ""work_class"": ""New"", ""condominium"": ""No"", ""permit_location"": ""2700 FOSS RD"", ""description"": ""New construction sfr in the etj"", ""tcad_id"": ""0256401717"", ""legal_description"": ""HOWARD LANE PHS 3 BLK J LOT 10"", ""applieddate"": ""2026-04-30T00:00:00.000"", ""issue_date"": ""2026-05-01T00:00:00.000"", ""day_issued"": ""FRIDAY"", ""calendar_year_issued"": ""2026"", ""fiscal_year_issued"": ""2026"", ""issued_in_last_30_days"": ""Yes"", ""issue_method"": ""Permit Center"", ""status_current"": ""Active"", ""statusdate"": ""2026-05-01T00:00:00.000"", ""expiresdate"": ""2026-10-28T00:00:00.000"", ""total_new_add_sqft"": ""0"", ""number_of_floors"": ""1"", ""housing_units"": ""1"", ""original_address1"": ""2700 FOSS RD"", ""original_city"": ""AUSTIN"", ""original_state"": ""TX"", ""original_zip"": ""78660"", ""jurisdiction"": ""AUSTIN 2 MILE ETJ"", ""link"": {""url"": ""https://abc.austintexas.gov/web/permit/public-search-other?t_detail=1&t_selected_folderrsn=13695708""}, ""project_id"": ""13695708"", ""contractor_trade"": ""Electrical Contractor"", ""contractor_company_name"": ""IES Residential, Inc."", ""contractor_full_name"": ""William B. Crist Jr."", ""contractor_phone"": ""5122520040"", ""contractor_address2"": ""821  GRAND A"", ""contractor_city"": ""PFLUGERVILLE"", ""contractor_zip"": ""78660-____"", ""certificate_of_occupancy"": ""No""}",2026-05-03T07:18:31.559594+00:00
2025-156763 EP,TEMP POWER,2026-05-01T00:00:00+00:00,Homebuilder Loop,Electrical Permit,,Doctor Electric,Active,5341 CALLUNA DR,78725,Residential,2106678975,https://abc.austintexas.gov/web/permit/public-search-other?t_detail=1&t_selected_folderrsn=13626628,2026-05-01T00:00:00+00:00,"{""permittype"": ""EP"", ""permit_type_desc"": ""Electrical Permit"", ""permit_number"": ""2025-156763 EP"", ""permit_class_mapped"": ""Residential"", ""permit_class"": ""Residential"", ""work_class"": ""Homebuilder Loop"", ""permit_location"": ""5341 CALLUNA DR"", ""description"": ""TEMP POWER"", ""tcad_id"": ""0302590314"", ""applieddate"": ""2025-12-10T00:00:00.000"", ""issue_date"": ""2026-05-01T00:00:00.000"", ""day_issued"": ""FRIDAY"", ""calendar_year_issued"": ""2026"", ""fiscal_year_issued"": ""2026"", ""issued_in_last_30_days"": ""Yes"", ""issue_method"": ""Permit Center"", ""status_current"": ""Active"", ""statusdate"": ""2026-05-01T00:00:00.000"", ""expiresdate"": ""2026-10-28T00:00:00.000"", ""original_address1"": ""5341 CALLUNA DR"", ""original_city"": ""AUSTIN"", ""original_state"": ""TX"", ""original_zip"": ""78725"", ""jurisdiction"": ""AUSTIN 5 MILE ETJ"", ""link"": {""url"": ""https://abc.austintexas.gov/web/permit/public-search-other?t_detail=1&t_selected_folderrsn=13626628""}, ""project_id"": ""13626628"", ""contractor_trade"": ""Electrical Contractor"", ""contractor_company_name"": ""Doctor Electric"", ""contractor_full_name"": ""Javier Valdes"", ""contractor_phone"": ""2106678975"", ""contractor_address2"": ""4418  Center"", ""contractor_city"": ""San Antonio"", ""contractor_zip"": ""78217""}",2026-05-03T07:18:31.559594+00:00
2025-157401 MP,Unit 102 Bldg 1: New 3-story townhome with 3 bedroom 3.5 bathroom balcony attached 2-car carport.  Part of 3-unit townhome building in 3-unit use.  (9,2026-05-01T00:00:00+00:00,New,Mechanical Permit,,Airtron,Active,4413 BANISTER LN UNIT 102,78745,Residential,5128213163,https://abc.austintexas.gov/web/permit/public-search-other?t_detail=1&t_selected_folderrsn=13627408,2026-05-01T00:00:00+00:00,"{""permittype"": ""MP"", ""permit_type_desc"": ""Mechanical Permit"", ""permit_number"": ""2025-157401 MP"", ""permit_class_mapped"": ""Residential"", ""permit_class"": ""R- 101 Single Family Houses"", ""work_class"": ""New"", ""condominium"": ""No"", ""permit_location"": ""4413 BANISTER LN UNIT 102"", ""description"": ""Unit 102 Bldg 1: New 3-story townhome with 3 bedroom 3.5 bathroom balcony attached 2-car carport.  Part of 3-unit townhome building in 3-unit use.  (9"", ""tcad_id"": ""0410090541"", ""legal_description"": ""BANISTER ACRES RSB LOT 4 BLK 4 BLK 4 LOT 4A"", ""applieddate"": ""2025-04-24T00:00:00.000"", ""issue_date"": ""2026-05-01T00:00:00.000"", ""day_issued"": ""FRIDAY"", ""calendar_year_issued"": ""2026"", ""fiscal_year_issued"": ""2026"", ""issued_in_last_30_days"": ""Yes"", ""issue_method"": ""Permit Center"", ""status_current"": ""Active"", ""statusdate"": ""2026-05-01T00:00:00.000"", ""expiresdate"": ""2026-08-19T00:00:00.000"", ""total_new_add_sqft"": ""1935"", ""number_of_floors"": ""3"", ""housing_units"": ""1"", ""original_address1"": ""4413 BANISTER LN UNIT 102"", ""original_city"": ""AUSTIN"", ""original_state"": ""TX"", ""original_zip"": ""78745"", ""council_district"": ""5"", ""jurisdiction"": ""AUSTIN FULL PURPOSE"", ""link"": {""url"": ""https://abc.austintexas.gov/web/permit/public-search-other?t_detail=1&t_selected_folderrsn=13627408""}, ""project_id"": ""13627408"", ""masterpermitnum"": ""13627394"", ""contractor_trade"": ""Mechanical Contractor"", ""contractor_company_name"": ""Airtron"", ""contractor_full_name"": ""Tamara Enfield"", ""contractor_phone"": ""5128213163"", ""contractor_address2"": ""12112  BOARD"", ""contractor_city"": ""AUSTIN"", ""contractor_zip"": ""78729-____"", ""certificate_of_occupancy"": ""No""}",2026-05-03T07:18:31.559594+00:00
2026-047040 EP,"Level 2 EV Charger powered by a 60amp Circuit Breaker. Run #6 THHN c.u. & #10 THHN c.u.
ground through <5 feet New 3 4 EMT conduit to power the Level",2026-05-01T00:00:00+00:00,Repair,Electrical Permit,,Faraday Electric,Active,1608 MORGAN LN,78704,Residential,6193520310,https://abc.austintexas.gov/web/permit/public-search-other?t_detail=1&t_selected_folderrsn=13688183,2026-05-01T00:00:00+00:00,"{""permittype"": ""EP"", ""permit_type_desc"": ""Electrical Permit"", ""permit_number"": ""2026-047040 EP"", ""permit_class_mapped"": ""Residential"", ""permit_class"": ""Residential"", ""work_class"": ""Repair"", ""condominium"": ""No"", ""permit_location"": ""1608 MORGAN LN"", ""description"": ""Level 2 EV Charger powered by a 60amp Circuit Breaker. Run #6 THHN c.u. & #10 THHN c.u.\nground through <5 feet New 3 4 EMT conduit to power the Level"", ""tcad_id"": ""0406090231"", ""legal_description"": ""0.1880 AC OF LOT 26 BANISTER HEIGHTS"", ""applieddate"": ""2026-04-16T00:00:00.000"", ""issue_date"": ""2026-05-01T00:00:00.000"", ""day_issued"": ""FRIDAY"", ""calendar_year_issued"": ""2026"", ""fiscal_year_issued"": ""2026"", ""issued_in_last_30_days"": ""Yes"", ""issue_method"": ""Permit Center"", ""status_current"": ""Active"", ""statusdate"": ""2026-05-01T00:00:00.000"", ""expiresdate"": ""2026-10-28T00:00:00.000"", ""remodel_repair_sqft"": ""0"", ""number_of_floors"": ""1"", ""housing_units"": ""1"", ""electrical_valuation_remodel"": ""600"", ""original_address1"": ""1608 MORGAN LN"", ""original_city"": ""AUSTIN"", ""original_state"": ""TX"", ""original_zip"": ""78704"", ""council_district"": ""5"", ""jurisdiction"": ""AUSTIN FULL PURPOSE"", ""link"": {""url"": ""https://abc.austintexas.gov/web/permit/public-search-other?t_detail=1&t_selected_folderrsn=13688183""}, ""project_id"": ""13688183"", ""latitude"": ""30.23031838"", ""longitude"": ""-97.78223495"", ""location"": {""latitude"": ""30.23031838"", ""longitude"": ""-97.78223495"", ""human_address"": ""{\""address\"": \""\"", \""city\"": \""\"", \""state\"": \""\"", \""zip\"": \""\""}""}, ""contractor_trade"": ""Electrical Contractor"", ""contractor_company_name"": ""Faraday Electric"", ""contractor_full_name"": ""Danny Jones"", ""contractor_phone"": ""6193520310"", ""contractor_address2"": ""5535  Silver"", ""contractor_city"": ""Bryan"", ""contractor_zip"": ""77807-____"", ""certificate_of_occupancy"": ""No""}",2026-05-03T07:18:31.559594+00:00
2026-035135 PP,New construction multi-family in the etj 33623 sqft,2026-05-01T00:00:00+00:00,New,Plumbing Permit,,"Red Kings Plumbing Contractors LLC,",Active,5121 E HOWARD LN BLDG 6,78653,Commercial,2109862480,https://abc.austintexas.gov/web/permit/public-search-other?t_detail=1&t_selected_folderrsn=13674652,2026-05-01T00:00:00+00:00,"{""permittype"": ""PP"", ""permit_type_desc"": ""Plumbing Permit"", ""permit_number"": ""2026-035135 PP"", ""permit_class_mapped"": ""Commercial"", ""permit_class"": ""Commercial"", ""work_class"": ""New"", ""condominium"": ""No"", ""permit_location"": ""5121 E HOWARD LN BLDG 6"", ""description"": ""New construction multi-family in the etj 33623 sqft"", ""tcad_id"": ""0251410311"", ""legal_description"": ""ABS 160 SUR 50 CASTRO M ACR 45.592"", ""applieddate"": ""2026-03-24T00:00:00.000"", ""issue_date"": ""2026-05-01T00:00:00.000"", ""day_issued"": ""FRIDAY"", ""calendar_year_issued"": ""2026"", ""fiscal_year_issued"": ""2026"", ""issued_in_last_30_days"": ""Yes"", ""issue_method"": ""Permit Center"", ""status_current"": ""Active"", ""statusdate"": ""2026-05-01T00:00:00.000"", ""expiresdate"": ""2026-10-28T00:00:00.000"", ""total_new_add_sqft"": ""33623"", ""number_of_floors"": ""3"", ""housing_units"": ""36"", ""original_address1"": ""5121 E HOWARD LN BLDG 6"", ""original_city"": ""AUSTIN"", ""original_state"": ""TX"", ""original_zip"": ""78653"", ""jurisdiction"": ""AUSTIN 2 MILE ETJ"", ""link"": {""url"": ""https://abc.austintexas.gov/web/permit/public-search-other?t_detail=1&t_selected_folderrsn=13674652""}, ""project_id"": ""13674652"", ""contractor_trade"": ""Plumbing Contractor"", ""contractor_company_name"": ""Red Kings Plumbing Contractors LLC,"", ""contractor_full_name"": ""Ubaldo De Santiago"", ""contractor_phone"": ""2109862480"", ""contractor_address1"": ""PO BOX 70170"", ""contractor_city"": ""San Antonio"", ""contractor_zip"": ""78270-____"", ""certificate_of_occupancy"": ""No""}",2026-05-03T07:18:31.559594+00:00
2025-083811 MP,New construction single-family residential 1-story 4 bedroom 2.5 bath with attached 2-car garage covered front porch and covered rear patio.,2026-05-01T00:00:00+00:00,New,Mechanical Permit,,Casa Mechanical Services,Active,10312 CURB STRAP DR,78724,Residential,5123347344,https://abc.austintexas.gov/web/permit/public-search-other?t_detail=1&t_selected_folderrsn=13544961,2026-05-01T00:00:00+00:00,"{""permittype"": ""MP"", ""permit_type_desc"": ""Mechanical Permit"", ""permit_number"": ""2025-083811 MP"", ""permit_class_mapped"": ""Residential"", ""permit_class"": ""R- 101 Single Family Houses"", ""work_class"": ""New"", ""condominium"": ""No"", ""permit_location"": ""10312 CURB STRAP DR"", ""description"": ""New construction single-family residential 1-story 4 bedroom 2.5 bath with attached 2-car garage covered front porch and covered rear patio."", ""tcad_id"": ""0229490113"", ""legal_description"": ""PARKSIDE SEC 1 AT WILDHORSE RANCH BLK B LOT 33"", ""applieddate"": ""2025-06-11T00:00:00.000"", ""issue_date"": ""2026-05-01T00:00:00.000"", ""day_issued"": ""FRIDAY"", ""calendar_year_issued"": ""2026"", ""fiscal_year_issued"": ""2026"", ""issued_in_last_30_days"": ""Yes"", ""issue_method"": ""Permit Center"", ""status_current"": ""Active"", ""statusdate"": ""2026-05-01T00:00:00.000"", ""expiresdate"": ""2026-10-25T00:00:00.000"", ""total_new_add_sqft"": ""2663"", ""number_of_floors"": ""2"", ""housing_units"": ""1"", ""original_address1"": ""10312 CURB STRAP DR"", ""original_city"": ""AUSTIN"", ""original_state"": ""TX"", ""original_zip"": ""78724"", ""council_district"": ""1"", ""jurisdiction"": ""AUSTIN FULL PURPOSE"", ""link"": {""url"": ""https://abc.austintexas.gov/web/permit/public-search-other?t_detail=1&t_selected_folderrsn=13544961""}, ""project_id"": ""13544961"", ""masterpermitnum"": ""13544958"", ""contractor_trade"": ""Mechanical Contractor"", ""contractor_company_name"": ""Casa Mechanical Services"", ""contractor_full_name"": ""Layth Christianson"", ""contractor_phone"": ""5123347344"", ""contractor_address2"": ""2401 E Old S"", ""contractor_city"": ""Round Rock"", ""contractor_zip"": ""78665-____"", ""certificate_of_occupancy"": ""No""}",2026-05-03T07:18:31.559594+00:00
2026-026424 MP,Estonian 3316 A Left New - 2 Story SFR CONDOMINUM w/ 4 bedrooms 3 bathrooms attached 2 car garage covered entry porch and patio FFE: 691.88 Site Plan:,2026-05-01T00:00:00+00:00,New,Mechanical Permit,,IES Residential Inc,Active,13108 INCLINE DR,78652,Residential,5125615002,https://abc.austintexas.gov/web/permit/public-search-other?t_detail=1&t_selected_folderrsn=13664680,2026-05-01T00:00:00+00:00,"{""permittype"": ""MP"", ""permit_type_desc"": ""Mechanical Permit"", ""permit_number"": ""2026-026424 MP"", ""permit_class_mapped"": ""Residential"", ""permit_class"": ""R- 101 Single Family Houses"", ""work_class"": ""New"", ""condominium"": ""No"", ""permit_location"": ""13108 INCLINE DR"", ""description"": ""Estonian 3316 A Left New - 2 Story SFR CONDOMINUM w/ 4 bedrooms 3 bathrooms attached 2 car garage covered entry porch and patio FFE: 691.88 Site Plan:"", ""tcad_id"": ""0451150901"", ""applieddate"": ""2026-02-20T00:00:00.000"", ""issue_date"": ""2026-05-01T00:00:00.000"", ""day_issued"": ""FRIDAY"", ""calendar_year_issued"": ""2026"", ""fiscal_year_issued"": ""2026"", ""issued_in_last_30_days"": ""Yes"", ""issue_method"": ""Permit Center"", ""status_current"": ""Active"", ""statusdate"": ""2026-05-01T00:00:00.000"", ""expiresdate"": ""2026-09-03T00:00:00.000"", ""total_new_add_sqft"": ""2932"", ""number_of_floors"": ""2"", ""housing_units"": ""1"", ""original_address1"": ""13108 INCLINE DR"", ""original_city"": ""AUSTIN"", ""original_state"": ""TX"", ""original_zip"": ""78652"", ""council_district"": ""5"", ""jurisdiction"": ""AUSTIN LTD"", ""link"": {""url"": ""https://abc.austintexas.gov/web/permit/public-search-other?t_detail=1&t_selected_folderrsn=13664680""}, ""project_id"": ""13664680"", ""masterpermitnum"": ""13664673"", ""contractor_trade"": ""Mechanical Contractor"", ""contractor_company_name"": ""IES Residential Inc"", ""contractor_full_name"": ""Charles Faught"", ""contractor_phone"": ""5125615002"", ""contractor_address2"": ""13279  POND"", ""contractor_city"": ""AUSTIN"", ""contractor_zip"": ""78729-____"", ""certificate_of_occupancy"": ""No""}",2026-05-03T07:18:31.559594+00:00
2026-047006 MP,Moscoso S423 B Left New - 1 Story SFR w/ 3 bedrooms 2 bathrooms attached 2 car garage covered entry porch and patio required parking: 2.,2026-05-01T00:00:00+00:00,New,Mechanical Permit,,IES Residential Inc,Active,9320 FURMAN DR,78747,Residential,5125615002,https://abc.austintexas.gov/web/permit/public-search-other?t_detail=1&t_selected_folderrsn=13688217,2026-05-01T00:00:00+00:00,"{""permittype"": ""MP"", ""permit_type_desc"": ""Mechanical Permit"", ""permit_number"": ""2026-047006 MP"", ""permit_class_mapped"": ""Residential"", ""permit_class"": ""R- 101 Single Family Houses"", ""work_class"": ""New"", ""condominium"": ""No"", ""permit_location"": ""9320 FURMAN DR"", ""description"": ""Moscoso S423 B Left New - 1 Story SFR w/ 3 bedrooms 2 bathrooms attached 2 car garage covered entry porch and patio required parking: 2."", ""tcad_id"": ""0340060223"", ""legal_description"": ""THAXTON SUBD (SMALL LOT) PHS 1 BLK A LOT 23"", ""applieddate"": ""2026-04-06T00:00:00.000"", ""issue_date"": ""2026-05-01T00:00:00.000"", ""day_issued"": ""FRIDAY"", ""calendar_year_issued"": ""2026"", ""fiscal_year_issued"": ""2026"", ""issued_in_last_30_days"": ""Yes"", ""issue_method"": ""Permit Center"", ""status_current"": ""Active"", ""statusdate"": ""2026-05-01T00:00:00.000"", ""expiresdate"": ""2026-10-25T00:00:00.000"", ""total_new_add_sqft"": ""2403"", ""number_of_floors"": ""1"", ""housing_units"": ""1"", ""original_address1"": ""9320 FURMAN DR"", ""original_city"": ""AUSTIN"", ""original_state"": ""TX"", ""original_zip"": ""78747"", ""council_district"": ""2"", ""jurisdiction"": ""AUSTIN FULL PURPOSE"", ""link"": {""url"": ""https://abc.austintexas.gov/web/permit/public-search-other?t_detail=1&t_selected_folderrsn=13688217""}, ""project_id"": ""13688217"", ""masterpermitnum"": ""13688149"", ""contractor_trade"": ""Mechanical Contractor"", ""contractor_company_name"": ""IES Residential Inc"", ""contractor_full_name"": ""Charles Faught"", ""contractor_phone"": ""5125615002"", ""contractor_address2"": ""13279  POND"", ""contractor_city"": ""AUSTIN"", ""contractor_zip"": ""78729-____"", ""certificate_of_occupancy"": ""No""}",2026-05-03T07:18:31.559594+00:00
2025-158017 MP,Unit 202 Bldg 2:New 3-story townhome with 3 bedroom 3.5 bathroom balcony attached 2-car carport.  Part of 3-unit townhome building in 3-unit use.  (9,2026-05-01T00:00:00+00:00,New,Mechanical Permit,,Airtron,Active,4413 BANISTER LN UNIT 202,78745,Residential,5128213163,https://abc.austintexas.gov/web/permit/public-search-other?t_detail=1&t_selected_folderrsn=13628209,2026-05-01T00:00:00+00:00,"{""permittype"": ""MP"", ""permit_type_desc"": ""Mechanical Permit"", ""permit_number"": ""2025-158017 MP"", ""permit_class_mapped"": ""Residential"", ""permit_class"": ""R- 101 Single Family Houses"", ""work_class"": ""New"", ""condominium"": ""No"", ""permit_location"": ""4413 BANISTER LN UNIT 202"", ""description"": ""Unit 202 Bldg 2:New 3-story townhome with 3 bedroom 3.5 bathroom balcony attached 2-car carport.  Part of 3-unit townhome building in 3-unit use.  (9"", ""tcad_id"": ""0410090541"", ""legal_description"": ""BANISTER ACRES RSB LOT 4 BLK 4 BLK 4 LOT 4A"", ""applieddate"": ""2025-06-10T00:00:00.000"", ""issue_date"": ""2026-05-01T00:00:00.000"", ""day_issued"": ""FRIDAY"", ""calendar_year_issued"": ""2026"", ""fiscal_year_issued"": ""2026"", ""issued_in_last_30_days"": ""Yes"", ""issue_method"": ""Permit Center"", ""status_current"": ""Active"", ""statusdate"": ""2026-05-01T00:00:00.000"", ""expiresdate"": ""2026-08-19T00:00:00.000"", ""total_new_add_sqft"": ""1870"", ""number_of_floors"": ""3"", ""housing_units"": ""1"", ""original_address1"": ""4413 BANISTER LN UNIT 202"", ""original_city"": ""AUSTIN"", ""original_state"": ""TX"", ""original_zip"": ""78745"", ""council_district"": ""5"", ""jurisdiction"": ""AUSTIN FULL PURPOSE"", ""link"": {""url"": ""https://abc.austintexas.gov/web/permit/public-search-other?t_detail=1&t_selected_folderrsn=13628209""}, ""project_id"": ""13628209"", ""masterpermitnum"": ""13628139"", ""contractor_trade"": ""Mechanical Contractor"", ""contractor_company_name"": ""Airtron"", ""contractor_full_name"": ""Tamara Enfield"", ""contractor_phone"": ""5128213163"", ""contractor_address2"": ""12112  BOARD"", ""contractor_city"": ""AUSTIN"", ""contractor_zip"": ""78729-____"", ""certificate_of_occupancy"": ""No""}",2026-05-03T07:18:31.559594+00:00
2026-027393 EP,Dexter 3317 B Left New - 2 Story SFR CONDOMINUM w/ 3 bedrooms 2.5 bathrooms attached 2 car garage covered entry porch and patio FFE: 680.08 Site Plan:,2026-05-01T00:00:00+00:00,New,Electrical Permit,,"IES Residential, Inc.",Active,13215 KEEFER DR,78652,Residential,5122520040,https://abc.austintexas.gov/web/permit/public-search-other?t_detail=1&t_selected_folderrsn=13665777,2026-05-01T00:00:00+00:00,"{""permittype"": ""EP"", ""permit_type_desc"": ""Electrical Permit"", ""permit_number"": ""2026-027393 EP"", ""permit_class_mapped"": ""Residential"", ""permit_class"": ""R- 101 Single Family Houses"", ""work_class"": ""New"", ""condominium"": ""No"", ""permit_location"": ""13215 KEEFER DR"", ""description"": ""Dexter 3317 B Left New - 2 Story SFR CONDOMINUM w/ 3 bedrooms 2.5 bathrooms attached 2 car garage covered entry porch and patio FFE: 680.08 Site Plan:"", ""tcad_id"": ""0451150901"", ""applieddate"": ""2026-02-23T00:00:00.000"", ""issue_date"": ""2026-05-01T00:00:00.000"", ""day_issued"": ""FRIDAY"", ""calendar_year_issued"": ""2026"", ""fiscal_year_issued"": ""2026"", ""issued_in_last_30_days"": ""Yes"", ""issue_method"": ""Permit Center"", ""status_current"": ""Active"", ""statusdate"": ""2026-05-01T00:00:00.000"", ""expiresdate"": ""2026-09-07T00:00:00.000"", ""total_new_add_sqft"": ""2705"", ""number_of_floors"": ""2"", ""housing_units"": ""1"", ""original_address1"": ""13215 KEEFER DR"", ""original_city"": ""AUSTIN"", ""original_state"": ""TX"", ""original_zip"": ""78652"", ""council_district"": ""5"", ""jurisdiction"": ""AUSTIN LTD"", ""link"": {""url"": ""https://abc.austintexas.gov/web/permit/public-search-other?t_detail=1&t_selected_folderrsn=13665777""}, ""project_id"": ""13665777"", ""masterpermitnum"": ""13665772"", ""contractor_trade"": ""Electrical Contractor"", ""contractor_company_name"": ""IES Residential, Inc."", ""contractor_full_name"": ""William B. Crist Jr."", ""contractor_phone"": ""5122520040"", ""contractor_address2"": ""821  GRAND A"", ""contractor_city"": ""PFLUGERVILLE"", ""contractor_zip"": ""78660-____"", ""certificate_of_occupancy"": ""No""}",2026-05-03T07:18:31.559594+00:00
2026-051791 EP,"Homebuilder Loop

Ref: 2026 -031623 BP",2026-05-01T00:00:00+00:00,Homebuilder Loop,Electrical Permit,,Silver's Electric,Active,10303 GAIL RD,78748,Residential,5124609167,https://abc.austintexas.gov/web/permit/public-search-other?t_detail=1&t_selected_folderrsn=13693758,2026-05-01T00:00:00+00:00,"{""permittype"": ""EP"", ""permit_type_desc"": ""Electrical Permit"", ""permit_number"": ""2026-051791 EP"", ""permit_class_mapped"": ""Residential"", ""permit_class"": ""Residential"", ""work_class"": ""Homebuilder Loop"", ""permit_location"": ""10303 GAIL RD"", ""description"": ""Homebuilder Loop\n\nRef: 2026 -031623 BP"", ""tcad_id"": ""0430230504"", ""legal_description"": ""LOT 9-B FORD OAKS ANNEX RESUB TITLE CANCELLED TO REAL ESTATE S# FR321469938MC"", ""applieddate"": ""2026-04-27T00:00:00.000"", ""issue_date"": ""2026-05-01T00:00:00.000"", ""day_issued"": ""FRIDAY"", ""calendar_year_issued"": ""2026"", ""fiscal_year_issued"": ""2026"", ""issued_in_last_30_days"": ""Yes"", ""issue_method"": ""Permit Center"", ""status_current"": ""Active"", ""statusdate"": ""2026-05-01T00:00:00.000"", ""expiresdate"": ""2026-10-28T00:00:00.000"", ""original_address1"": ""10303 GAIL RD"", ""original_city"": ""AUSTIN"", ""original_state"": ""TX"", ""original_zip"": ""78748"", ""council_district"": ""5"", ""jurisdiction"": ""AUSTIN FULL PURPOSE"", ""link"": {""url"": ""https://abc.austintexas.gov/web/permit/public-search-other?t_detail=1&t_selected_folderrsn=13693758""}, ""project_id"": ""13693758"", ""latitude"": ""30.17201683"", ""longitude"": ""-97.83166865"", ""location"": {""latitude"": ""30.17201683"", ""longitude"": ""-97.83166865"", ""human_address"": ""{\""address\"": \""\"", \""city\"": \""\"", \""state\"": \""\"", \""zip\"": \""\""}""}, ""contractor_trade"": ""Electrical Contractor"", ""contractor_company_name"": ""Silver's Electric"", ""contractor_full_name"": ""Silvestre Serna"", ""contractor_phone"": ""5124609167"", ""contractor_address1"": ""P.O. BOX 996""}",2026-05-03T07:18:31.559594+00:00
2026-003600 PP,ePlan: Commercial Expedited Review - Tenant Improvement Scope of Work to include Interior Build out and Changes to Store Front (136946 SF),2026-05-01T00:00:00+00:00,Remodel,Plumbing Permit,,Sanchez Plumbing Services LLC,Active,12707 N MOPAC EXPY SVRD NB UNIT 400,78727,Commercial,5124666259,https://abc.austintexas.gov/web/permit/public-search-other?t_detail=1&t_selected_folderrsn=13638910,2026-05-01T00:00:00+00:00,"{""permittype"": ""PP"", ""permit_type_desc"": ""Plumbing Permit"", ""permit_number"": ""2026-003600 PP"", ""permit_class_mapped"": ""Commercial"", ""permit_class"": ""C-1000 Commercial Remodel"", ""work_class"": ""Remodel"", ""condominium"": ""No"", ""permit_location"": ""12707 N MOPAC EXPY SVRD NB UNIT 400"", ""description"": ""ePlan: Commercial Expedited Review - Tenant Improvement Scope of Work to include Interior Build out and Changes to Store Front (136946 SF)"", ""tcad_id"": ""0264130129"", ""legal_description"": ""LOT 3 PARMER CROSSING SUBD SEC 2"", ""applieddate"": ""2025-11-21T00:00:00.000"", ""issue_date"": ""2026-05-01T00:00:00.000"", ""day_issued"": ""FRIDAY"", ""calendar_year_issued"": ""2026"", ""fiscal_year_issued"": ""2026"", ""issued_in_last_30_days"": ""Yes"", ""issue_method"": ""Permit Center"", ""status_current"": ""Active"", ""statusdate"": ""2026-05-01T00:00:00.000"", ""expiresdate"": ""2026-09-29T00:00:00.000"", ""remodel_repair_sqft"": ""35966"", ""number_of_floors"": ""1"", ""housing_units"": ""1"", ""original_address1"": ""12707 N MOPAC EXPY SVRD NB UNIT 400"", ""original_city"": ""AUSTIN"", ""original_state"": ""TX"", ""original_zip"": ""78727"", ""council_district"": ""7"", ""jurisdiction"": ""AUSTIN FULL PURPOSE"", ""link"": {""url"": ""https://abc.austintexas.gov/web/permit/public-search-other?t_detail=1&t_selected_folderrsn=13638910""}, ""project_id"": ""13638910"", ""masterpermitnum"": ""13638905"", ""latitude"": ""30.42302466"", ""longitude"": ""-97.69996489"", ""location"": {""latitude"": ""30.42302466"", ""longitude"": ""-97.69996489"", ""human_address"": ""{\""address\"": \""\"", \""city\"": \""\"", \""state\"": \""\"", \""zip\"": \""\""}""}, ""contractor_trade"": ""Plumbing Contractor"", ""contractor_company_name"": ""Sanchez Plumbing Services LLC"", ""contractor_full_name"": ""Antonio Rodriguez"", ""contractor_phone"": ""5124666259"", ""contractor_address2"": ""19421  WT GA"", ""contractor_city"": ""MANOR"", ""contractor_zip"": ""78653-____"", ""certificate_of_occupancy"": ""No""}",2026-05-03T07:18:31.559594+00:00
2026-010337 BP,Amnesty CO for sf res circa 1980,2026-05-01T00:00:00+00:00,Addition and Remodel,Building Permit,1.0,Iffat Fatima LLC,Active,11908 STOUT OAK TRL,78750,Residential,5122931773,https://abc.austintexas.gov/web/permit/public-search-other?t_detail=1&t_selected_folderrsn=13646519,2026-05-01T00:00:00+00:00,"{""permittype"": ""BP"", ""permit_type_desc"": ""Building Permit"", ""permit_number"": ""2026-010337 BP"", ""permit_class_mapped"": ""Residential"", ""permit_class"": ""R- 434 Addition & Alterations"", ""work_class"": ""Addition and Remodel"", ""condominium"": ""No"", ""permit_location"": ""11908 STOUT OAK TRL"", ""description"": ""Amnesty CO for sf res circa 1980"", ""tcad_id"": ""R076218"", ""legal_description"": ""VILLAGE 16 AT ANDERSON MILL BLOCK D LOT 23"", ""applieddate"": ""2026-01-02T00:00:00.000"", ""issue_date"": ""2026-05-01T00:00:00.000"", ""day_issued"": ""FRIDAY"", ""calendar_year_issued"": ""2026"", ""fiscal_year_issued"": ""2026"", ""issued_in_last_30_days"": ""Yes"", ""issue_method"": ""Permit Center"", ""status_current"": ""Active"", ""statusdate"": ""2026-05-01T00:00:00.000"", ""expiresdate"": ""2026-10-29T00:00:00.000"", ""remodel_repair_sqft"": ""0"", ""total_new_add_sqft"": ""1"", ""total_valuation_remodel"": ""0"", ""total_job_valuation"": ""1"", ""number_of_floors"": ""1"", ""housing_units"": ""1"", ""building_valuation_remodel"": ""0"", ""electrical_valuation_remodel"": ""0"", ""mechanical_valuation_remodel"": ""0"", ""plumbing_valuation_remodel"": ""0"", ""original_address1"": ""11908 STOUT OAK TRL"", ""original_city"": ""AUSTIN"", ""original_state"": ""TX"", ""original_zip"": ""78750"", ""council_district"": ""6"", ""jurisdiction"": ""AUSTIN FULL PURPOSE"", ""link"": {""url"": ""https://abc.austintexas.gov/web/permit/public-search-other?t_detail=1&t_selected_folderrsn=13646519""}, ""project_id"": ""13646519"", ""masterpermitnum"": ""13635183"", ""contractor_trade"": ""General Contractor"", ""contractor_company_name"": ""Iffat Fatima LLC"", ""contractor_full_name"": ""Iffat Fatima"", ""contractor_phone"": ""5122931773"", ""contractor_address2"": ""7400 N Lamar"", ""contractor_city"": ""austin"", ""contractor_zip"": ""78752"", ""applicant_full_name"": ""Iffat Fatima"", ""applicant_org"": ""Iffat Fatima LLC"", ""applicant_phone"": ""5122931773"", ""applicant_address2"": ""7400 N Lamar"", ""applicant_city"": ""austin"", ""applicantzip"": ""78752"", ""certificate_of_occupancy"": ""No"", ""total_lot_sq_ft"": ""5750""}",2026-05-03T07:18:31.559594+00:00
2026-037847 EP,Replace existing electrical equipment with new equipment.  New meter base and main disconnect not upgrading size just equipment.,2026-05-01T00:00:00+00:00,Upgrade,Electrical Permit,,Falcon Novus,Active,6502 CANON WREN DR,78746,Residential,5126992807,https://abc.austintexas.gov/web/permit/public-search-other?t_detail=1&t_selected_folderrsn=13677793,2026-05-01T00:00:00+00:00,"{""permittype"": ""EP"", ""permit_type_desc"": ""Electrical Permit"", ""permit_number"": ""2026-037847 EP"", ""permit_class_mapped"": ""Residential"", ""permit_class"": ""Residential"", ""work_class"": ""Upgrade"", ""condominium"": ""No"", ""permit_location"": ""6502 CANON WREN DR"", ""description"": ""Replace existing electrical equipment with new equipment.  New meter base and main disconnect not upgrading size just equipment."", ""tcad_id"": ""0117250401"", ""legal_description"": ""LOT 18 BEE CREEK HILLS ADDN"", ""applieddate"": ""2026-03-30T00:00:00.000"", ""issue_date"": ""2026-05-01T00:00:00.000"", ""day_issued"": ""FRIDAY"", ""calendar_year_issued"": ""2026"", ""fiscal_year_issued"": ""2026"", ""issued_in_last_30_days"": ""Yes"", ""issue_method"": ""Permit Center"", ""status_current"": ""Active"", ""statusdate"": ""2026-05-01T00:00:00.000"", ""expiresdate"": ""2026-10-28T00:00:00.000"", ""remodel_repair_sqft"": ""0"", ""number_of_floors"": ""1"", ""housing_units"": ""1"", ""electrical_valuation_remodel"": ""4000"", ""original_address1"": ""6502 CANON WREN DR"", ""original_city"": ""AUSTIN"", ""original_state"": ""TX"", ""original_zip"": ""78746"", ""jurisdiction"": ""AUSTIN 2 MILE ETJ"", ""link"": {""url"": ""https://abc.austintexas.gov/web/permit/public-search-other?t_detail=1&t_selected_folderrsn=13677793""}, ""project_id"": ""13677793"", ""latitude"": ""30.30136358"", ""longitude"": ""-97.83285461"", ""location"": {""latitude"": ""30.30136358"", ""longitude"": ""-97.83285461"", ""human_address"": ""{\""address\"": \""\"", \""city\"": \""\"", \""state\"": \""\"", \""zip\"": \""\""}""}, ""contractor_trade"": ""Electrical Contractor"", ""contractor_company_name"": ""Falcon Novus"", ""contractor_full_name"": ""Harvey J Henderson"", ""contractor_phone"": ""5126992807"", ""contractor_address2"": ""2206  BROUGH"", ""contractor_city"": ""AUSTIN"", ""contractor_zip"": ""78727"", ""certificate_of_occupancy"": ""No""}",2026-05-03T07:18:31.559594+00:00
2026-050393 MP,Addition and remodel: Interior to be completely gutted. Some walls to be removed or relocated. All windows and doors to be replaced. Minor Electrical,2026-05-01T00:00:00+00:00,Addition and Remodel,Mechanical Permit,,Cair Heating and Air Conditioning LLC,Active,2306 STANDISH DR,78745,Residential,5124708447,https://abc.austintexas.gov/web/permit/public-search-other?t_detail=1&t_selected_folderrsn=13692180,2026-05-01T00:00:00+00:00,"{""permittype"": ""MP"", ""permit_type_desc"": ""Mechanical Permit"", ""permit_number"": ""2026-050393 MP"", ""permit_class_mapped"": ""Residential"", ""permit_class"": ""R- 434 Addition & Alterations"", ""work_class"": ""Addition and Remodel"", ""condominium"": ""No"", ""permit_location"": ""2306 STANDISH DR"", ""description"": ""Addition and remodel: Interior to be completely gutted. Some walls to be removed or relocated. All windows and doors to be replaced. Minor Electrical"", ""tcad_id"": ""0412170504"", ""legal_description"": ""LOT 4 BLK E CHERRY CREEK III"", ""applieddate"": ""2026-01-12T00:00:00.000"", ""issue_date"": ""2026-05-01T00:00:00.000"", ""day_issued"": ""FRIDAY"", ""calendar_year_issued"": ""2026"", ""fiscal_year_issued"": ""2026"", ""issued_in_last_30_days"": ""Yes"", ""issue_method"": ""Permit Center"", ""status_current"": ""Active"", ""statusdate"": ""2026-05-01T00:00:00.000"", ""expiresdate"": ""2026-09-29T00:00:00.000"", ""total_existing_bldg_sqft"": ""2248"", ""remodel_repair_sqft"": ""1620"", ""total_new_add_sqft"": ""93"", ""number_of_floors"": ""1"", ""housing_units"": ""1"", ""original_address1"": ""2306 STANDISH DR"", ""original_city"": ""AUSTIN"", ""original_state"": ""TX"", ""original_zip"": ""78745"", ""council_district"": ""5"", ""jurisdiction"": ""AUSTIN FULL PURPOSE"", ""link"": {""url"": ""https://abc.austintexas.gov/web/permit/public-search-other?t_detail=1&t_selected_folderrsn=13692180""}, ""project_id"": ""13692180"", ""masterpermitnum"": ""13658463"", ""latitude"": ""30.21654983"", ""longitude"": ""-97.80411699"", ""location"": {""latitude"": ""30.21654983"", ""longitude"": ""-97.80411699"", ""human_address"": ""{\""address\"": \""\"", \""city\"": \""\"", \""state\"": \""\"", \""zip\"": \""\""}""}, ""contractor_trade"": ""Mechanical Contractor"", ""contractor_company_name"": ""Cair Heating and Air Conditioning LLC"", ""contractor_full_name"": ""Ivan Gonzalez"", ""contractor_phone"": ""5124708447"", ""contractor_city"": ""Austin"", ""certificate_of_occupancy"": ""No""}",2026-05-03T07:18:31.559594+00:00
2026-054250 BP,New construction single-family residential 2-story 4 bedroom 4.5 bath with attached 3-car garage covered front porch and covered patio.,2026-05-01T00:00:00+00:00,New,Building Permit,0.0,"Taylor Morrison of Texas, Inc.",Active,9505 WIGGY WAY,78744,Residential,5123288866,https://abc.austintexas.gov/web/permit/public-search-other?t_detail=1&t_selected_folderrsn=13696516,2026-05-01T00:00:00+00:00,"{""permittype"": ""BP"", ""permit_type_desc"": ""Building Permit"", ""permit_number"": ""2026-054250 BP"", ""permit_class_mapped"": ""Residential"", ""permit_class"": ""R- 101 Single Family Houses"", ""work_class"": ""New"", ""condominium"": ""No"", ""permit_location"": ""9505 WIGGY WAY"", ""description"": ""New construction single-family residential 2-story 4 bedroom 4.5 bath with attached 3-car garage covered front porch and covered patio."", ""tcad_id"": ""0340131706"", ""legal_description"": ""PROSPECT PARK PHS 1 BLK R LOT 1"", ""applieddate"": ""2026-04-09T00:00:00.000"", ""issue_date"": ""2026-05-01T00:00:00.000"", ""day_issued"": ""FRIDAY"", ""calendar_year_issued"": ""2026"", ""fiscal_year_issued"": ""2026"", ""issued_in_last_30_days"": ""Yes"", ""issue_method"": ""Permit Center"", ""status_current"": ""Active"", ""statusdate"": ""2026-05-01T00:00:00.000"", ""expiresdate"": ""2026-10-29T00:00:00.000"", ""total_new_add_sqft"": ""4400"", ""total_job_valuation"": ""0"", ""number_of_floors"": ""2"", ""housing_units"": ""1"", ""original_address1"": ""9505 WIGGY WAY"", ""original_city"": ""AUSTIN"", ""original_state"": ""TX"", ""original_zip"": ""78744"", ""council_district"": ""2"", ""jurisdiction"": ""AUSTIN LTD"", ""link"": {""url"": ""https://abc.austintexas.gov/web/permit/public-search-other?t_detail=1&t_selected_folderrsn=13696516""}, ""project_id"": ""13696516"", ""masterpermitnum"": ""13683758"", ""contractor_trade"": ""General Contractor"", ""contractor_company_name"": ""Taylor Morrison of Texas, Inc."", ""contractor_full_name"": ""Marla Lamb"", ""contractor_phone"": ""5123288866"", ""contractor_address2"": ""11200  Lakel"", ""contractor_city"": ""AUSTIN"", ""contractor_zip"": ""78717"", ""applicant_full_name"": ""Marla Lamb"", ""applicant_org"": ""Taylor Morrison of Texas, Inc."", ""applicant_phone"": ""5123288866"", ""applicant_address2"": ""11200  Lakel"", ""applicant_city"": ""AUSTIN"", ""applicantzip"": ""78717"", ""certificate_of_occupancy"": ""Yes"", ""total_lot_sq_ft"": ""7200""}",2026-05-03T07:18:31.559594+00:00
2026-053536 PP,"Replacement of an existing water heater new Rheem 50-gallon gas water heater change out 

11222 Windermere Meadows Austin TX 78759",2026-05-01T00:00:00+00:00,Change Out,Plumbing Permit,,Radiant Plumbing & AC,Active,11222 WINDERMERE MEADOWS,78759,Residential,5122639988,https://abc.austintexas.gov/web/permit/public-search-other?t_detail=1&t_selected_folderrsn=13695664,2026-05-01T00:00:00+00:00,"{""permittype"": ""PP"", ""permit_type_desc"": ""Plumbing Permit"", ""permit_number"": ""2026-053536 PP"", ""permit_class_mapped"": ""Residential"", ""permit_class"": ""Residential"", ""work_class"": ""Change Out"", ""permit_location"": ""11222 WINDERMERE MEADOWS"", ""description"": ""Replacement of an existing water heater new Rheem 50-gallon gas water heater change out \n\n11222 Windermere Meadows Austin TX 78759"", ""tcad_id"": ""0164070116"", ""legal_description"": ""LOT 8 BLK W BARRINGTON OAKS SEC 5"", ""applieddate"": ""2026-04-29T00:00:00.000"", ""issue_date"": ""2026-05-01T00:00:00.000"", ""day_issued"": ""FRIDAY"", ""calendar_year_issued"": ""2026"", ""fiscal_year_issued"": ""2026"", ""issued_in_last_30_days"": ""Yes"", ""issue_method"": ""Permit Center"", ""status_current"": ""Active"", ""statusdate"": ""2026-05-01T00:00:00.000"", ""expiresdate"": ""2026-10-28T00:00:00.000"", ""original_address1"": ""11222 WINDERMERE MEADOWS"", ""original_city"": ""AUSTIN"", ""original_state"": ""TX"", ""original_zip"": ""78759"", ""council_district"": ""10"", ""jurisdiction"": ""AUSTIN FULL PURPOSE"", ""link"": {""url"": ""https://abc.austintexas.gov/web/permit/public-search-other?t_detail=1&t_selected_folderrsn=13695664""}, ""project_id"": ""13695664"", ""latitude"": ""30.42390889"", ""longitude"": ""-97.77329962"", ""location"": {""latitude"": ""30.42390889"", ""longitude"": ""-97.77329962"", ""human_address"": ""{\""address\"": \""\"", \""city\"": \""\"", \""state\"": \""\"", \""zip\"": \""\""}""}, ""contractor_trade"": ""Plumbing Contractor"", ""contractor_company_name"": ""Radiant Plumbing & AC"", ""contractor_full_name"": ""Jacob Schmidt"", ""contractor_phone"": ""5122639988"", ""contractor_address2"": ""901  REINLI"", ""contractor_city"": ""AUSTIN"", ""contractor_zip"": ""78751-____""}",2026-05-03T07:18:31.559594+00:00
2026-053778 PP,Replacement of an existing water heater We are swapping out the old gas tank water heater for a similar model,2026-05-01T00:00:00+00:00,Change Out,Plumbing Permit,,Reliant Plumbing,Active,11502 THREE OAKS TRL,78759,Residential,5126754420,https://abc.austintexas.gov/web/permit/public-search-other?t_detail=1&t_selected_folderrsn=13695970,2026-05-01T00:00:00+00:00,"{""permittype"": ""PP"", ""permit_type_desc"": ""Plumbing Permit"", ""permit_number"": ""2026-053778 PP"", ""permit_class_mapped"": ""Residential"", ""permit_class"": ""Residential"", ""work_class"": ""Change Out"", ""permit_location"": ""11502 THREE OAKS TRL"", ""description"": ""Replacement of an existing water heater We are swapping out the old gas tank water heater for a similar model"", ""tcad_id"": ""0164050608"", ""legal_description"": ""LOT 9 BLK E OAK FOREST SEC 2"", ""applieddate"": ""2026-04-30T00:00:00.000"", ""issue_date"": ""2026-05-01T00:00:00.000"", ""day_issued"": ""FRIDAY"", ""calendar_year_issued"": ""2026"", ""fiscal_year_issued"": ""2026"", ""issued_in_last_30_days"": ""Yes"", ""issue_method"": ""Permit Center"", ""status_current"": ""Active"", ""statusdate"": ""2026-05-01T00:00:00.000"", ""expiresdate"": ""2026-10-28T00:00:00.000"", ""original_address1"": ""11502 THREE OAKS TRL"", ""original_city"": ""AUSTIN"", ""original_state"": ""TX"", ""original_zip"": ""78759"", ""council_district"": ""10"", ""jurisdiction"": ""AUSTIN FULL PURPOSE"", ""link"": {""url"": ""https://abc.austintexas.gov/web/permit/public-search-other?t_detail=1&t_selected_folderrsn=13695970""}, ""project_id"": ""13695970"", ""latitude"": ""30.42288748"", ""longitude"": ""-97.76224138"", ""location"": {""latitude"": ""30.42288748"", ""longitude"": ""-97.76224138"", ""human_address"": ""{\""address\"": \""\"", \""city\"": \""\"", \""state\"": \""\"", \""zip\"": \""\""}""}, ""contractor_trade"": ""Plumbing Contractor"", ""contractor_company_name"": ""Reliant Plumbing"", ""contractor_full_name"": ""Jason Oliphant"", ""contractor_phone"": ""5126754420"", ""contractor_address2"": ""3841  SR RR"", ""contractor_city"": ""Austin"", ""contractor_zip"": ""78734-____""}",2026-05-03T07:18:31.559594+00:00
2026-028718 PP,*S.M.A.R.T. HOUSING* *GREEN BUILDING*  ePlan: Residential Expedited Review - New construction of a 3-Story Townhome [3bed 3.5bath] with Attached Garag,2026-05-01T00:00:00+00:00,New,Plumbing Permit,,Victory Plumbing Company,Active,4202 ENDURANCE WAY,78731,Residential,5129907200,https://abc.austintexas.gov/web/permit/public-search-other?t_detail=1&t_selected_folderrsn=13667473,2026-05-01T00:00:00+00:00,"{""permittype"": ""PP"", ""permit_type_desc"": ""Plumbing Permit"", ""permit_number"": ""2026-028718 PP"", ""permit_class_mapped"": ""Residential"", ""permit_class"": ""R- 101 Single Family Houses"", ""work_class"": ""New"", ""condominium"": ""No"", ""permit_location"": ""4202 ENDURANCE WAY"", ""description"": ""*S.M.A.R.T. HOUSING* *GREEN BUILDING*  ePlan: Residential Expedited Review - New construction of a 3-Story Townhome [3bed 3.5bath] with Attached Garag"", ""tcad_id"": ""0124000601"", ""applieddate"": ""2026-02-04T00:00:00.000"", ""issue_date"": ""2026-05-01T00:00:00.000"", ""day_issued"": ""FRIDAY"", ""calendar_year_issued"": ""2026"", ""fiscal_year_issued"": ""2026"", ""issued_in_last_30_days"": ""Yes"", ""issue_method"": ""Permit Center"", ""status_current"": ""Active"", ""statusdate"": ""2026-05-01T00:00:00.000"", ""expiresdate"": ""2026-09-13T00:00:00.000"", ""total_new_add_sqft"": ""3270"", ""number_of_floors"": ""3"", ""housing_units"": ""1"", ""original_address1"": ""4202 ENDURANCE WAY"", ""original_city"": ""AUSTIN"", ""original_state"": ""TX"", ""original_zip"": ""78731"", ""council_district"": ""10"", ""jurisdiction"": ""AUSTIN FULL PURPOSE"", ""link"": {""url"": ""https://abc.austintexas.gov/web/permit/public-search-other?t_detail=1&t_selected_folderrsn=13667473""}, ""project_id"": ""13667473"", ""masterpermitnum"": ""13667215"", ""latitude"": ""30.31577773"", ""longitude"": ""-97.75400003"", ""location"": {""latitude"": ""30.31577773"", ""longitude"": ""-97.75400003"", ""human_address"": ""{\""address\"": \""\"", \""city\"": \""\"", \""state\"": \""\"", \""zip\"": \""\""}""}, ""contractor_trade"": ""Plumbing Contractor"", ""contractor_company_name"": ""Victory Plumbing Company"", ""contractor_full_name"": ""Randolph Taylor"", ""contractor_phone"": ""5129907200"", ""contractor_address2"": ""1175  Countr"", ""contractor_city"": ""HUTTO"", ""contractor_zip"": ""78634"", ""certificate_of_occupancy"": ""No""}",2026-05-03T07:18:31.559594+00:00
2026-052800 EP,Homebuilder Loop Austin 2 Mile ETJ Austin Energy,2026-05-01T00:00:00+00:00,Homebuilder Loop,Electrical Permit,,"IES Residential, Inc.",Active,13510 RIDING DR,78660,Residential,5122520040,https://abc.austintexas.gov/web/permit/public-search-other?t_detail=1&t_selected_folderrsn=13694863,2026-05-01T00:00:00+00:00,"{""permittype"": ""EP"", ""permit_type_desc"": ""Electrical Permit"", ""permit_number"": ""2026-052800 EP"", ""permit_class_mapped"": ""Residential"", ""permit_class"": ""Residential"", ""work_class"": ""Homebuilder Loop"", ""permit_location"": ""13510 RIDING DR"", ""description"": ""Homebuilder Loop Austin 2 Mile ETJ Austin Energy"", ""tcad_id"": ""0256380413"", ""legal_description"": ""HOWARD LANE PHS 3 BLK Q LOT 6"", ""applieddate"": ""2026-04-28T00:00:00.000"", ""issue_date"": ""2026-05-01T00:00:00.000"", ""day_issued"": ""FRIDAY"", ""calendar_year_issued"": ""2026"", ""fiscal_year_issued"": ""2026"", ""issued_in_last_30_days"": ""Yes"", ""issue_method"": ""Permit Center"", ""status_current"": ""Active"", ""statusdate"": ""2026-05-01T00:00:00.000"", ""expiresdate"": ""2026-10-28T00:00:00.000"", ""original_address1"": ""13510 RIDING DR"", ""original_city"": ""AUSTIN"", ""original_state"": ""TX"", ""original_zip"": ""78660"", ""jurisdiction"": ""AUSTIN 2 MILE ETJ"", ""link"": {""url"": ""https://abc.austintexas.gov/web/permit/public-search-other?t_detail=1&t_selected_folderrsn=13694863""}, ""project_id"": ""13694863"", ""contractor_trade"": ""Electrical Contractor"", ""contractor_company_name"": ""IES Residential, Inc."", ""contractor_full_name"": ""William B. Crist Jr."", ""contractor_phone"": ""5122520040"", ""contractor_address2"": ""821  GRAND A"", ""contractor_city"": ""PFLUGERVILLE"", ""contractor_zip"": ""78660-____""}",2026-05-03T07:18:31.559594+00:00
2026-035074 PP,New construction multi-family in the etj 33954 sqft,2026-05-01T00:00:00+00:00,New,Plumbing Permit,,"Red Kings Plumbing Contractors LLC,",Active,5121 E HOWARD LN BLDG 3,78653,Commercial,2109862480,https://abc.austintexas.gov/web/permit/public-search-other?t_detail=1&t_selected_folderrsn=13674579,2026-05-01T00:00:00+00:00,"{""permittype"": ""PP"", ""permit_type_desc"": ""Plumbing Permit"", ""permit_number"": ""2026-035074 PP"", ""permit_class_mapped"": ""Commercial"", ""permit_class"": ""Commercial"", ""work_class"": ""New"", ""condominium"": ""No"", ""permit_location"": ""5121 E HOWARD LN BLDG 3"", ""description"": ""New construction multi-family in the etj 33954 sqft"", ""tcad_id"": ""0251410311"", ""legal_description"": ""ABS 160 SUR 50 CASTRO M ACR 45.592"", ""applieddate"": ""2026-03-24T00:00:00.000"", ""issue_date"": ""2026-05-01T00:00:00.000"", ""day_issued"": ""FRIDAY"", ""calendar_year_issued"": ""2026"", ""fiscal_year_issued"": ""2026"", ""issued_in_last_30_days"": ""Yes"", ""issue_method"": ""Permit Center"", ""status_current"": ""Active"", ""statusdate"": ""2026-05-01T00:00:00.000"", ""expiresdate"": ""2026-10-28T00:00:00.000"", ""total_new_add_sqft"": ""33954"", ""number_of_floors"": ""3"", ""housing_units"": ""36"", ""original_address1"": ""5121 E HOWARD LN BLDG 3"", ""original_city"": ""AUSTIN"", ""original_state"": ""TX"", ""original_zip"": ""78653"", ""jurisdiction"": ""AUSTIN 2 MILE ETJ"", ""link"": {""url"": ""https://abc.austintexas.gov/web/permit/public-search-other?t_detail=1&t_selected_folderrsn=13674579""}, ""project_id"": ""13674579"", ""contractor_trade"": ""Plumbing Contractor"", ""contractor_company_name"": ""Red Kings Plumbing Contractors LLC,"", ""contractor_full_name"": ""Ubaldo De Santiago"", ""contractor_phone"": ""2109862480"", ""contractor_address1"": ""PO BOX 70170"", ""contractor_city"": ""San Antonio"", ""contractor_zip"": ""78270-____"", ""certificate_of_occupancy"": ""No""}",2026-05-03T07:18:31.559594+00:00
2026-025416 MP,New single-story SFR with attached garage covered porch and covered patio *PRODUCTION BUILDER- GREEN BUILDING*,2026-05-01T00:00:00+00:00,New,Mechanical Permit,,Casa Mechanical Services,Active,9404 HAMADRYAS DR,78744,Residential,5123347344,https://abc.austintexas.gov/web/permit/public-search-other?t_detail=1&t_selected_folderrsn=13663560,2026-05-01T00:00:00+00:00,"{""permittype"": ""MP"", ""permit_type_desc"": ""Mechanical Permit"", ""permit_number"": ""2026-025416 MP"", ""permit_class_mapped"": ""Residential"", ""permit_class"": ""R- 101 Single Family Houses"", ""work_class"": ""New"", ""condominium"": ""No"", ""permit_location"": ""9404 HAMADRYAS DR"", ""description"": ""New single-story SFR with attached garage covered porch and covered patio *PRODUCTION BUILDER- GREEN BUILDING*"", ""tcad_id"": ""0340150537"", ""legal_description"": ""PROSPECT PARK PHS 1 BLK M LOT 36"", ""applieddate"": ""2026-01-15T00:00:00.000"", ""issue_date"": ""2026-05-01T00:00:00.000"", ""day_issued"": ""FRIDAY"", ""calendar_year_issued"": ""2026"", ""fiscal_year_issued"": ""2026"", ""issued_in_last_30_days"": ""Yes"", ""issue_method"": ""Permit Center"", ""status_current"": ""Active"", ""statusdate"": ""2026-05-01T00:00:00.000"", ""expiresdate"": ""2026-10-11T00:00:00.000"", ""total_new_add_sqft"": ""2916"", ""number_of_floors"": ""1"", ""housing_units"": ""1"", ""original_address1"": ""9404 HAMADRYAS DR"", ""original_city"": ""AUSTIN"", ""original_state"": ""TX"", ""original_zip"": ""78744"", ""council_district"": ""2"", ""jurisdiction"": ""AUSTIN LTD"", ""link"": {""url"": ""https://abc.austintexas.gov/web/permit/public-search-other?t_detail=1&t_selected_folderrsn=13663560""}, ""project_id"": ""13663560"", ""masterpermitnum"": ""13663554"", ""contractor_trade"": ""Mechanical Contractor"", ""contractor_company_name"": ""Casa Mechanical Services"", ""contractor_full_name"": ""Layth Christianson"", ""contractor_phone"": ""5123347344"", ""contractor_address2"": ""2401 E Old S"", ""contractor_city"": ""Round Rock"", ""contractor_zip"": ""78665-____"", ""certificate_of_occupancy"": ""No""}",2026-05-03T07:18:31.559594+00:00
2026-045747 MP,New 2-story 1 bedroom 1 bathroom dwelling unit with attached garage covered porch and covered 2nd floor balcony.,2026-05-01T00:00:00+00:00,New,Mechanical Permit,,Airtron,Active,1902 EVA ST BLDG 2,78704,Residential,5128213163,https://abc.austintexas.gov/web/permit/public-search-other?t_detail=1&t_selected_folderrsn=13686665,2026-05-01T00:00:00+00:00,"{""permittype"": ""MP"", ""permit_type_desc"": ""Mechanical Permit"", ""permit_number"": ""2026-045747 MP"", ""permit_class_mapped"": ""Residential"", ""permit_class"": ""R- 101 Single Family Houses"", ""work_class"": ""New"", ""condominium"": ""No"", ""permit_location"": ""1902 EVA ST BLDG 2"", ""description"": ""New 2-story 1 bedroom 1 bathroom dwelling unit with attached garage covered porch and covered 2nd floor balcony."", ""tcad_id"": ""0402010702"", ""legal_description"": ""LOT 2 BLK 36 SWEETMAN R L ADDN"", ""applieddate"": ""2026-01-16T00:00:00.000"", ""issue_date"": ""2026-05-01T00:00:00.000"", ""day_issued"": ""FRIDAY"", ""calendar_year_issued"": ""2026"", ""fiscal_year_issued"": ""2026"", ""issued_in_last_30_days"": ""Yes"", ""issue_method"": ""Permit Center"", ""status_current"": ""Active"", ""statusdate"": ""2026-05-01T00:00:00.000"", ""expiresdate"": ""2026-10-29T00:00:00.000"", ""total_new_add_sqft"": ""2160"", ""number_of_floors"": ""2"", ""housing_units"": ""1"", ""original_address1"": ""1902 EVA ST BLDG 2"", ""original_city"": ""AUSTIN"", ""original_state"": ""TX"", ""original_zip"": ""78704"", ""council_district"": ""3"", ""jurisdiction"": ""AUSTIN FULL PURPOSE"", ""link"": {""url"": ""https://abc.austintexas.gov/web/permit/public-search-other?t_detail=1&t_selected_folderrsn=13686665""}, ""project_id"": ""13686665"", ""masterpermitnum"": ""13686653"", ""contractor_trade"": ""Mechanical Contractor"", ""contractor_company_name"": ""Airtron"", ""contractor_full_name"": ""Tamara Enfield"", ""contractor_phone"": ""5128213163"", ""contractor_address2"": ""12112  BOARD"", ""contractor_city"": ""AUSTIN"", ""contractor_zip"": ""78729-____"", ""certificate_of_occupancy"": ""No""}",2026-05-03T07:18:31.559594+00:00
2026-049425 EP,1548BL NEW 1 STORY 3 BEDROOM 2 BATH SINGLE FAMILY RESIDENTIAL HOME WITH ATTACHED GARAGE COVERED FRONT PORCH AND REAR PATIO,2026-05-01T00:00:00+00:00,New,Electrical Permit,,Landmark Electric,Active,13220 KINCANE DR,78617,Residential,5124917718,https://abc.austintexas.gov/web/permit/public-search-other?t_detail=1&t_selected_folderrsn=13690953,2026-05-01T00:00:00+00:00,"{""permittype"": ""EP"", ""permit_type_desc"": ""Electrical Permit"", ""permit_number"": ""2026-049425 EP"", ""permit_class_mapped"": ""Residential"", ""permit_class"": ""R- 101 Single Family Houses"", ""work_class"": ""New"", ""condominium"": ""No"", ""permit_location"": ""13220 KINCANE DR"", ""description"": ""1548BL NEW 1 STORY 3 BEDROOM 2 BATH SINGLE FAMILY RESIDENTIAL HOME WITH ATTACHED GARAGE COVERED FRONT PORCH AND REAR PATIO"", ""tcad_id"": ""0336400716"", ""legal_description"": ""STONEY RIDGE HIGHLANDS PHS 1 A SMALL LOT SUBD BLK B LOT 15"", ""applieddate"": ""2026-04-09T00:00:00.000"", ""issue_date"": ""2026-05-01T00:00:00.000"", ""day_issued"": ""FRIDAY"", ""calendar_year_issued"": ""2026"", ""fiscal_year_issued"": ""2026"", ""issued_in_last_30_days"": ""Yes"", ""issue_method"": ""Permit Center"", ""status_current"": ""Active"", ""statusdate"": ""2026-05-01T00:00:00.000"", ""expiresdate"": ""2026-10-28T00:00:00.000"", ""total_new_add_sqft"": ""2058"", ""number_of_floors"": ""1"", ""housing_units"": ""1"", ""original_address1"": ""13220 KINCANE DR"", ""original_city"": ""AUSTIN"", ""original_state"": ""TX"", ""original_zip"": ""78617"", ""council_district"": ""2"", ""jurisdiction"": ""AUSTIN LTD"", ""link"": {""url"": ""https://abc.austintexas.gov/web/permit/public-search-other?t_detail=1&t_selected_folderrsn=13690953""}, ""project_id"": ""13690953"", ""masterpermitnum"": ""13690948"", ""contractor_trade"": ""Electrical Contractor"", ""contractor_company_name"": ""Landmark Electric"", ""contractor_full_name"": ""Robert W Brown"", ""contractor_phone"": ""5124917718"", ""contractor_address2"": ""2008  PICADI"", ""contractor_city"": ""ROUND ROCK"", ""contractor_zip"": ""78664"", ""certificate_of_occupancy"": ""No""}",2026-05-03T07:18:31.559594+00:00
2026-047493 BP,New construction in-ground pool.,2026-05-01T00:00:00+00:00,New,Building Permit,0.0,A Team Solution Services LLC,Active,1002 DAPHNE CT,78704,Residential,5127065438,https://abc.austintexas.gov/web/permit/public-search-other?t_detail=1&t_selected_folderrsn=13688723,2026-05-01T00:00:00+00:00,"{""permittype"": ""BP"", ""permit_type_desc"": ""Building Permit"", ""permit_number"": ""2026-047493 BP"", ""permit_class_mapped"": ""Residential"", ""permit_class"": ""R- 329 Res Structures Other Than Bldg"", ""work_class"": ""New"", ""condominium"": ""No"", ""permit_location"": ""1002 DAPHNE CT"", ""description"": ""New construction in-ground pool."", ""tcad_id"": ""0405060325"", ""legal_description"": ""LOT 11 GARDEN OAKS SEC 5-A"", ""applieddate"": ""2026-02-20T00:00:00.000"", ""issue_date"": ""2026-05-01T00:00:00.000"", ""day_issued"": ""FRIDAY"", ""calendar_year_issued"": ""2026"", ""fiscal_year_issued"": ""2026"", ""issued_in_last_30_days"": ""Yes"", ""issue_method"": ""Permit Center"", ""status_current"": ""Active"", ""statusdate"": ""2026-05-01T00:00:00.000"", ""expiresdate"": ""2026-10-29T00:00:00.000"", ""total_new_add_sqft"": ""220"", ""total_job_valuation"": ""0"", ""number_of_floors"": ""1"", ""housing_units"": ""1"", ""original_address1"": ""1002 DAPHNE CT"", ""original_city"": ""AUSTIN"", ""original_state"": ""TX"", ""original_zip"": ""78704"", ""council_district"": ""3"", ""jurisdiction"": ""AUSTIN FULL PURPOSE"", ""link"": {""url"": ""https://abc.austintexas.gov/web/permit/public-search-other?t_detail=1&t_selected_folderrsn=13688723""}, ""project_id"": ""13688723"", ""masterpermitnum"": ""13658484"", ""latitude"": ""30.23357265"", ""longitude"": ""-97.77179486"", ""location"": {""latitude"": ""30.23357265"", ""longitude"": ""-97.77179486"", ""human_address"": ""{\""address\"": \""\"", \""city\"": \""\"", \""state\"": \""\"", \""zip\"": \""\""}""}, ""contractor_trade"": ""General Contractor"", ""contractor_company_name"": ""A Team Solution Services LLC"", ""contractor_full_name"": ""Anthony Hunter"", ""contractor_phone"": ""5127065438"", ""contractor_address2"": ""310  Washing"", ""contractor_city"": ""leander"", ""contractor_zip"": ""78641"", ""applicant_full_name"": ""Anthony Hunter"", ""applicant_org"": ""A Team Solution Services LLC"", ""applicant_phone"": ""5127065438"", ""applicant_address2"": ""310  Washing"", ""applicant_city"": ""leander"", ""applicantzip"": ""78641"", ""certificate_of_occupancy"": ""Yes"", ""total_lot_sq_ft"": ""7248""}",2026-05-03T07:18:31.559594+00:00
2026-053771 BP,New construction of a 2-story single family dwelling in a condo regime. 3 BEDROOM 2.5 BATHROOM ATTACHED 2 CAR GARAGE,2026-05-01T00:00:00+00:00,New,Building Permit,0.0,New Home Co,Active,8101 ERMIS FARM RD,78745,Residential,5128519010,https://abc.austintexas.gov/web/permit/public-search-other?t_detail=1&t_selected_folderrsn=13695963,2026-05-01T00:00:00+00:00,"{""permittype"": ""BP"", ""permit_type_desc"": ""Building Permit"", ""permit_number"": ""2026-053771 BP"", ""permit_class_mapped"": ""Residential"", ""permit_class"": ""R- 101 Single Family Houses"", ""work_class"": ""New"", ""condominium"": ""Yes"", ""permit_location"": ""8101 ERMIS FARM RD"", ""description"": ""New construction of a 2-story single family dwelling in a condo regime. 3 BEDROOM 2.5 BATHROOM ATTACHED 2 CAR GARAGE"", ""tcad_id"": ""0424151801"", ""applieddate"": ""2026-03-03T00:00:00.000"", ""issue_date"": ""2026-05-01T00:00:00.000"", ""day_issued"": ""FRIDAY"", ""calendar_year_issued"": ""2026"", ""fiscal_year_issued"": ""2026"", ""issued_in_last_30_days"": ""Yes"", ""issue_method"": ""Permit Center"", ""status_current"": ""Active"", ""statusdate"": ""2026-05-01T00:00:00.000"", ""expiresdate"": ""2026-10-29T00:00:00.000"", ""total_new_add_sqft"": ""2302"", ""total_job_valuation"": ""0"", ""number_of_floors"": ""2"", ""housing_units"": ""1"", ""original_address1"": ""8101 ERMIS FARM RD"", ""original_city"": ""AUSTIN"", ""original_state"": ""TX"", ""original_zip"": ""78745"", ""council_district"": ""5"", ""jurisdiction"": ""AUSTIN FULL PURPOSE"", ""link"": {""url"": ""https://abc.austintexas.gov/web/permit/public-search-other?t_detail=1&t_selected_folderrsn=13695963""}, ""project_id"": ""13695963"", ""masterpermitnum"": ""13663308"", ""contractor_trade"": ""General Contractor"", ""contractor_company_name"": ""New Home Co"", ""contractor_full_name"": ""Jeremiah Marchand-Simons"", ""contractor_phone"": ""5128519010"", ""contractor_address2"": ""10800  PECAN"", ""contractor_city"": ""AUSTIN"", ""contractor_zip"": ""78750-____"", ""applicant_full_name"": ""Jeremiah Marchand-Simons"", ""applicant_org"": ""New Home Co"", ""applicant_phone"": ""5128519010"", ""applicant_address2"": ""10800  PECAN"", ""applicant_city"": ""AUSTIN"", ""applicantzip"": ""78750-____"", ""certificate_of_occupancy"": ""Yes"", ""total_lot_sq_ft"": ""0""}",2026-05-03T07:18:31.559594+00:00
2026-052291 BP,Estonian 3316 C Right New - 2 Story SFR CONDOMINUM w/ 4 bedrooms 3 bathrooms attached 2 car garage covered entry porch and patio FFE: 687.01 Site Plan,2026-05-01T00:00:00+00:00,New,Building Permit,0.0,Eva Mata,Active,802 BOLEY DR,78652,Residential,512,https://abc.austintexas.gov/web/permit/public-search-other?t_detail=1&t_selected_folderrsn=13694300,2026-05-01T00:00:00+00:00,"{""permittype"": ""BP"", ""permit_type_desc"": ""Building Permit"", ""permit_number"": ""2026-052291 BP"", ""permit_class_mapped"": ""Residential"", ""permit_class"": ""R- 101 Single Family Houses"", ""work_class"": ""New"", ""condominium"": ""Yes"", ""permit_location"": ""802 BOLEY DR"", ""description"": ""Estonian 3316 C Right New - 2 Story SFR CONDOMINUM w/ 4 bedrooms 3 bathrooms attached 2 car garage covered entry porch and patio FFE: 687.01 Site Plan"", ""tcad_id"": ""0451150901"", ""applieddate"": ""2026-04-15T00:00:00.000"", ""issue_date"": ""2026-05-01T00:00:00.000"", ""day_issued"": ""FRIDAY"", ""calendar_year_issued"": ""2026"", ""fiscal_year_issued"": ""2026"", ""issued_in_last_30_days"": ""Yes"", ""issue_method"": ""Permit Center"", ""status_current"": ""Active"", ""statusdate"": ""2026-05-01T00:00:00.000"", ""expiresdate"": ""2026-10-29T00:00:00.000"", ""total_new_add_sqft"": ""2882"", ""total_job_valuation"": ""0"", ""number_of_floors"": ""2"", ""housing_units"": ""1"", ""original_address1"": ""802 BOLEY DR"", ""original_city"": ""AUSTIN"", ""original_state"": ""TX"", ""original_zip"": ""78652"", ""council_district"": ""5"", ""jurisdiction"": ""AUSTIN LTD"", ""link"": {""url"": ""https://abc.austintexas.gov/web/permit/public-search-other?t_detail=1&t_selected_folderrsn=13694300""}, ""project_id"": ""13694300"", ""masterpermitnum"": ""13687559"", ""contractor_trade"": ""General Contractor"", ""contractor_full_name"": ""Eva Mata"", ""contractor_phone"": ""512"", ""contractor_city"": ""Austin"", ""applicant_full_name"": ""Eva Mata"", ""applicant_phone"": ""512"", ""applicant_city"": ""Austin"", ""certificate_of_occupancy"": ""Yes"", ""total_lot_sq_ft"": ""0""}",2026-05-03T07:18:31.559594+00:00
2026-011092 MP,ePlan: Residential Expedited Review - New construction of a 2-Story Single Family Res. [5bed 5.5bath] with Attached Garage,2026-05-01T00:00:00+00:00,New,Mechanical Permit,,Protex Plumbing and Mechanical,Active,2907 OAKLANE DR,78704,Residential,5128989665,https://abc.austintexas.gov/web/permit/public-search-other?t_detail=1&t_selected_folderrsn=13647372,2026-05-01T00:00:00+00:00,"{""permittype"": ""MP"", ""permit_type_desc"": ""Mechanical Permit"", ""permit_number"": ""2026-011092 MP"", ""permit_class_mapped"": ""Residential"", ""permit_class"": ""R- 101 Single Family Houses"", ""work_class"": ""New"", ""condominium"": ""No"", ""permit_location"": ""2907 OAKLANE DR"", ""description"": ""ePlan: Residential Expedited Review - New construction of a 2-Story Single Family Res. [5bed 5.5bath] with Attached Garage"", ""tcad_id"": ""0400100309"", ""legal_description"": ""LOT 9 BLK E BARTON HILLS SEC 2"", ""applieddate"": ""2025-12-05T00:00:00.000"", ""issue_date"": ""2026-05-01T00:00:00.000"", ""day_issued"": ""FRIDAY"", ""calendar_year_issued"": ""2026"", ""fiscal_year_issued"": ""2026"", ""issued_in_last_30_days"": ""Yes"", ""issue_method"": ""Permit Center"", ""status_current"": ""Active"", ""statusdate"": ""2026-05-01T00:00:00.000"", ""expiresdate"": ""2026-10-05T00:00:00.000"", ""total_new_add_sqft"": ""5813"", ""number_of_floors"": ""2"", ""housing_units"": ""1"", ""original_address1"": ""2907 OAKLANE DR"", ""original_city"": ""AUSTIN"", ""original_state"": ""TX"", ""original_zip"": ""78704"", ""council_district"": ""5"", ""jurisdiction"": ""AUSTIN FULL PURPOSE"", ""link"": {""url"": ""https://abc.austintexas.gov/web/permit/public-search-other?t_detail=1&t_selected_folderrsn=13647372""}, ""project_id"": ""13647372"", ""masterpermitnum"": ""13647360"", ""latitude"": ""30.24841545"", ""longitude"": ""-97.78666067"", ""location"": {""latitude"": ""30.24841545"", ""longitude"": ""-97.78666067"", ""human_address"": ""{\""address\"": \""\"", \""city\"": \""\"", \""state\"": \""\"", \""zip\"": \""\""}""}, ""contractor_trade"": ""Mechanical Contractor"", ""contractor_company_name"": ""Protex Plumbing and Mechanical"", ""contractor_full_name"": ""Cory Vales"", ""contractor_phone"": ""5128989665"", ""contractor_address2"": ""1151  CR 118"", ""contractor_city"": ""Hutto"", ""contractor_zip"": ""78634-____"", ""certificate_of_occupancy"": ""No""}",2026-05-03T07:18:31.559594+00:00
2026-045203 EP,Cox  39-57490 - Install new _5.1__kW rooftop solar system to existing residential only using backfed breaker only.,2026-05-01T00:00:00+00:00,Auxiliary Power,Electrical Permit,,Power Home Remodeling,Active,6320 EL MIRANDO ST,78741,Residential,6108745000,https://abc.austintexas.gov/web/permit/public-search-other?t_detail=1&t_selected_folderrsn=13686035,2026-05-01T00:00:00+00:00,"{""permittype"": ""EP"", ""permit_type_desc"": ""Electrical Permit"", ""permit_number"": ""2026-045203 EP"", ""permit_class_mapped"": ""Residential"", ""permit_class"": ""Residential"", ""work_class"": ""Auxiliary Power"", ""condominium"": ""No"", ""permit_location"": ""6320 EL MIRANDO ST"", ""description"": ""Cox  39-57490 - Install new _5.1__kW rooftop solar system to existing residential only using backfed breaker only."", ""tcad_id"": ""0303170531"", ""legal_description"": ""50 X 153.1FT ABS 24 DELVALLE S"", ""applieddate"": ""2026-04-14T00:00:00.000"", ""issue_date"": ""2026-05-01T00:00:00.000"", ""day_issued"": ""FRIDAY"", ""calendar_year_issued"": ""2026"", ""fiscal_year_issued"": ""2026"", ""issued_in_last_30_days"": ""Yes"", ""issue_method"": ""Permit Center"", ""status_current"": ""Active"", ""statusdate"": ""2026-05-01T00:00:00.000"", ""expiresdate"": ""2026-10-28T00:00:00.000"", ""number_of_floors"": ""1"", ""housing_units"": ""1"", ""electrical_valuation_remodel"": ""25480"", ""original_address1"": ""6320 EL MIRANDO ST"", ""original_city"": ""AUSTIN"", ""original_state"": ""TX"", ""original_zip"": ""78741"", ""council_district"": ""3"", ""jurisdiction"": ""AUSTIN FULL PURPOSE"", ""link"": {""url"": ""https://abc.austintexas.gov/web/permit/public-search-other?t_detail=1&t_selected_folderrsn=13686035""}, ""project_id"": ""13686035"", ""latitude"": ""30.23947244"", ""longitude"": ""-97.69217933"", ""location"": {""latitude"": ""30.23947244"", ""longitude"": ""-97.69217933"", ""human_address"": ""{\""address\"": \""\"", \""city\"": \""\"", \""state\"": \""\"", \""zip\"": \""\""}""}, ""contractor_trade"": ""Electrical Contractor"", ""contractor_company_name"": ""Power Home Remodeling"", ""contractor_full_name"": ""Mark Bedell"", ""contractor_phone"": ""6108745000"", ""contractor_address2"": ""7701  Metrop"", ""contractor_city"": ""Austin"", ""contractor_zip"": ""78744-____"", ""certificate_of_occupancy"": ""No""}",2026-05-03T07:18:31.559594+00:00
2026-053668 PP,Pulled meter - gas leak,2026-05-01T00:00:00+00:00,Repair,Plumbing Permit,,Mojica Plumbing & Drain Cleaning,Active,2800 WAYMAKER WAY UNIT 15,78746,Residential,5122517731,https://abc.austintexas.gov/web/permit/public-search-other?t_detail=1&t_selected_folderrsn=13695837,2026-05-01T00:00:00+00:00,"{""permittype"": ""PP"", ""permit_type_desc"": ""Plumbing Permit"", ""permit_number"": ""2026-053668 PP"", ""permit_class_mapped"": ""Residential"", ""permit_class"": ""Residential"", ""work_class"": ""Repair"", ""condominium"": ""No"", ""permit_location"": ""2800 WAYMAKER WAY UNIT 15"", ""description"": ""Pulled meter - gas leak"", ""tcad_id"": ""0127190302"", ""legal_description"": ""UNT 56 DAVENPORT RIM CONDOMINIUMS AMENDED PLUS 1.429 % INT IN COM AREA"", ""applieddate"": ""2026-04-30T00:00:00.000"", ""issue_date"": ""2026-05-01T00:00:00.000"", ""day_issued"": ""FRIDAY"", ""calendar_year_issued"": ""2026"", ""fiscal_year_issued"": ""2026"", ""issued_in_last_30_days"": ""Yes"", ""issue_method"": ""Permit Center"", ""status_current"": ""Active"", ""statusdate"": ""2026-05-01T00:00:00.000"", ""expiresdate"": ""2026-10-28T00:00:00.000"", ""remodel_repair_sqft"": ""2918"", ""number_of_floors"": ""1"", ""housing_units"": ""1"", ""original_address1"": ""2800 WAYMAKER WAY UNIT 15"", ""original_city"": ""AUSTIN"", ""original_state"": ""TX"", ""original_zip"": ""78746"", ""council_district"": ""8"", ""jurisdiction"": ""AUSTIN FULL PURPOSE"", ""link"": {""url"": ""https://abc.austintexas.gov/web/permit/public-search-other?t_detail=1&t_selected_folderrsn=13695837""}, ""project_id"": ""13695837"", ""latitude"": ""30.32579585"", ""longitude"": ""-97.80976572"", ""location"": {""latitude"": ""30.32579585"", ""longitude"": ""-97.80976572"", ""human_address"": ""{\""address\"": \""\"", \""city\"": \""\"", \""state\"": \""\"", \""zip\"": \""\""}""}, ""contractor_trade"": ""Plumbing Contractor"", ""contractor_company_name"": ""Mojica Plumbing & Drain Cleaning"", ""contractor_full_name"": ""Reinaldo Mojica"", ""contractor_phone"": ""5122517731"", ""contractor_address2"": ""1808  Bench"", ""contractor_city"": ""Austin"", ""contractor_zip"": ""78728"", ""certificate_of_occupancy"": ""No""}",2026-05-03T07:18:31.559594+00:00
2026-053597 BP,New 1-story 3 bedroom 2.5 bathroom single family residence with covered porches.,2026-05-01T00:00:00+00:00,New,Building Permit,0.0,United Built Homes,Active,6107 CADDIE ST,78741,Residential,5122521040,https://abc.austintexas.gov/web/permit/public-search-other?t_detail=1&t_selected_folderrsn=13695740,2026-05-01T00:00:00+00:00,"{""permittype"": ""BP"", ""permit_type_desc"": ""Building Permit"", ""permit_number"": ""2026-053597 BP"", ""permit_class_mapped"": ""Residential"", ""permit_class"": ""R- 101 Single Family Houses"", ""work_class"": ""New"", ""condominium"": ""No"", ""permit_location"": ""6107 CADDIE ST"", ""description"": ""New 1-story 3 bedroom 2.5 bathroom single family residence with covered porches."", ""tcad_id"": ""0308140413"", ""legal_description"": ""LOT A LITTMAN LYDIA NO 4"", ""applieddate"": ""2025-10-23T00:00:00.000"", ""issue_date"": ""2026-05-01T00:00:00.000"", ""day_issued"": ""FRIDAY"", ""calendar_year_issued"": ""2026"", ""fiscal_year_issued"": ""2026"", ""issued_in_last_30_days"": ""Yes"", ""issue_method"": ""Permit Center"", ""status_current"": ""Active"", ""statusdate"": ""2026-05-01T00:00:00.000"", ""expiresdate"": ""2026-10-29T00:00:00.000"", ""total_new_add_sqft"": ""1817"", ""total_job_valuation"": ""0"", ""number_of_floors"": ""1"", ""housing_units"": ""1"", ""original_address1"": ""6107 CADDIE ST"", ""original_city"": ""AUSTIN"", ""original_state"": ""TX"", ""original_zip"": ""78741"", ""council_district"": ""3"", ""jurisdiction"": ""AUSTIN FULL PURPOSE"", ""link"": {""url"": ""https://abc.austintexas.gov/web/permit/public-search-other?t_detail=1&t_selected_folderrsn=13695740""}, ""project_id"": ""13695740"", ""masterpermitnum"": ""13604761"", ""latitude"": ""30.22812585"", ""longitude"": ""-97.70427809"", ""location"": {""latitude"": ""30.22812585"", ""longitude"": ""-97.70427809"", ""human_address"": ""{\""address\"": \""\"", \""city\"": \""\"", \""state\"": \""\"", \""zip\"": \""\""}""}, ""contractor_trade"": ""General Contractor"", ""contractor_company_name"": ""United Built Homes"", ""contractor_full_name"": ""Rhea Bullock"", ""contractor_phone"": ""5122521040"", ""contractor_address2"": ""3590  Greenl"", ""contractor_city"": ""ROUND ROCK"", ""contractor_zip"": ""78513-____"", ""applicant_full_name"": ""Rhea Bullock"", ""applicant_org"": ""United Built Homes"", ""applicant_phone"": ""5122521040"", ""applicant_address2"": ""3590  Greenl"", ""applicant_city"": ""ROUND ROCK"", ""applicantzip"": ""78513-____"", ""certificate_of_occupancy"": ""Yes"", ""total_lot_sq_ft"": ""7481""}",2026-05-03T07:18:31.559594+00:00
2026-053534 PP,"Replacement of an existing water heater 50-gallon water heater change out 

5801 Fox Chapel Drive Austin TX 78746",2026-05-01T00:00:00+00:00,Change Out,Plumbing Permit,,Radiant Plumbing & AC,Active,5801 FOX CHAPEL DR,78746,Residential,5122639988,https://abc.austintexas.gov/web/permit/public-search-other?t_detail=1&t_selected_folderrsn=13695662,2026-05-01T00:00:00+00:00,"{""permittype"": ""PP"", ""permit_type_desc"": ""Plumbing Permit"", ""permit_number"": ""2026-053534 PP"", ""permit_class_mapped"": ""Residential"", ""permit_class"": ""Residential"", ""work_class"": ""Change Out"", ""permit_location"": ""5801 FOX CHAPEL DR"", ""description"": ""Replacement of an existing water heater 50-gallon water heater change out \n\n5801 Fox Chapel Drive Austin TX 78746"", ""tcad_id"": ""0111230601"", ""legal_description"": ""LOT 1 BLK E HILLS OF LOST CREEK SEC 5"", ""applieddate"": ""2026-04-29T00:00:00.000"", ""issue_date"": ""2026-05-01T00:00:00.000"", ""day_issued"": ""FRIDAY"", ""calendar_year_issued"": ""2026"", ""fiscal_year_issued"": ""2026"", ""issued_in_last_30_days"": ""Yes"", ""issue_method"": ""Permit Center"", ""status_current"": ""Active"", ""statusdate"": ""2026-05-01T00:00:00.000"", ""expiresdate"": ""2026-10-28T00:00:00.000"", ""original_address1"": ""5801 FOX CHAPEL DR"", ""original_city"": ""AUSTIN"", ""original_state"": ""TX"", ""original_zip"": ""78746"", ""jurisdiction"": ""AUSTIN 2 MILE ETJ"", ""link"": {""url"": ""https://abc.austintexas.gov/web/permit/public-search-other?t_detail=1&t_selected_folderrsn=13695662""}, ""project_id"": ""13695662"", ""latitude"": ""30.28164192"", ""longitude"": ""-97.83274753"", ""location"": {""latitude"": ""30.28164192"", ""longitude"": ""-97.83274753"", ""human_address"": ""{\""address\"": \""\"", \""city\"": \""\"", \""state\"": \""\"", \""zip\"": \""\""}""}, ""contractor_trade"": ""Plumbing Contractor"", ""contractor_company_name"": ""Radiant Plumbing & AC"", ""contractor_full_name"": ""Jacob Schmidt"", ""contractor_phone"": ""5122639988"", ""contractor_address2"": ""901  REINLI"", ""contractor_city"": ""AUSTIN"", ""contractor_zip"": ""78751-____""}",2026-05-03T07:18:31.559594+00:00
2026-054247 BP,Connect Mobile Home with Decks 6x8 Front and 4x4 Rear,2026-05-01T00:00:00+00:00,Addition and Remodel,Building Permit,,Air Pro Incorporated **MAIN**,Active,5701 JOHNNY MORRIS RD UNIT 365,78724,Residential,5123261511,https://abc.austintexas.gov/web/permit/public-search-other?t_detail=1&t_selected_folderrsn=13696510,2026-05-01T00:00:00+00:00,"{""permittype"": ""BP"", ""permit_type_desc"": ""Building Permit"", ""permit_number"": ""2026-054247 BP"", ""permit_class_mapped"": ""Residential"", ""permit_class"": ""R- 439 Addition Mobile Home"", ""work_class"": ""Addition and Remodel"", ""condominium"": ""No"", ""permit_location"": ""5701 JOHNNY MORRIS RD UNIT 365"", ""description"": ""Connect Mobile Home with Decks 6x8 Front and 4x4 Rear"", ""tcad_id"": ""0217300201"", ""legal_description"": ""ABS 4 SUR 19 BURLESON J ACR 40.0000"", ""applieddate"": ""2026-05-01T00:00:00.000"", ""issue_date"": ""2026-05-01T00:00:00.000"", ""day_issued"": ""FRIDAY"", ""calendar_year_issued"": ""2026"", ""fiscal_year_issued"": ""2026"", ""issued_in_last_30_days"": ""Yes"", ""issue_method"": ""Permit Center"", ""status_current"": ""Active"", ""statusdate"": ""2026-05-01T00:00:00.000"", ""expiresdate"": ""2026-10-28T00:00:00.000"", ""total_new_add_sqft"": ""64"", ""number_of_floors"": ""1"", ""housing_units"": ""2"", ""original_address1"": ""5701 JOHNNY MORRIS RD UNIT 365"", ""original_city"": ""AUSTIN"", ""original_state"": ""TX"", ""original_zip"": ""78724"", ""council_district"": ""1"", ""jurisdiction"": ""AUSTIN FULL PURPOSE"", ""link"": {""url"": ""https://abc.austintexas.gov/web/permit/public-search-other?t_detail=1&t_selected_folderrsn=13696510""}, ""project_id"": ""13696510"", ""latitude"": ""30.29222184"", ""longitude"": ""-97.65192067"", ""location"": {""latitude"": ""30.29222184"", ""longitude"": ""-97.65192067"", ""human_address"": ""{\""address\"": \""\"", \""city\"": \""\"", \""state\"": \""\"", \""zip\"": \""\""}""}, ""contractor_trade"": ""General Contractor"", ""contractor_company_name"": ""Air Pro Incorporated **MAIN**"", ""contractor_full_name"": ""Gene Mundahl"", ""contractor_phone"": ""5123261511"", ""contractor_address1"": ""P.O.Box 1757"", ""contractor_city"": ""Austin"", ""contractor_zip"": ""78760"", ""certificate_of_occupancy"": ""No""}",2026-05-03T07:18:31.559594+00:00
2026-015483 MP,Gustine 2983-LS202-L New 2-Story Single Family Residence with (5) bedrooms (3) bathrooms Attached Garage Covered Patio & Porch Cafe & Loft,2026-05-01T00:00:00+00:00,New,Mechanical Permit,,Casa Mechanical Services,Active,5103 MONARDA MINT DR,78653,Residential,5123347344,https://abc.austintexas.gov/web/permit/public-search-other?t_detail=1&t_selected_folderrsn=13652412,2026-05-01T00:00:00+00:00,"{""permittype"": ""MP"", ""permit_type_desc"": ""Mechanical Permit"", ""permit_number"": ""2026-015483 MP"", ""permit_class_mapped"": ""Residential"", ""permit_class"": ""R- 101 Single Family Houses"", ""work_class"": ""New"", ""condominium"": ""No"", ""permit_location"": ""5103 MONARDA MINT DR"", ""description"": ""Gustine 2983-LS202-L New 2-Story Single Family Residence with (5) bedrooms (3) bathrooms Attached Garage Covered Patio & Porch Cafe & Loft"", ""tcad_id"": ""0243400201"", ""legal_description"": ""HARRIS BRANCH TRACT E-35B BLK A LOT 1"", ""applieddate"": ""2026-01-28T00:00:00.000"", ""issue_date"": ""2026-05-01T00:00:00.000"", ""day_issued"": ""FRIDAY"", ""calendar_year_issued"": ""2026"", ""fiscal_year_issued"": ""2026"", ""issued_in_last_30_days"": ""Yes"", ""issue_method"": ""Permit Center"", ""status_current"": ""Active"", ""statusdate"": ""2026-05-01T00:00:00.000"", ""expiresdate"": ""2026-10-11T00:00:00.000"", ""total_new_add_sqft"": ""3162"", ""number_of_floors"": ""2"", ""housing_units"": ""1"", ""original_address1"": ""5103 MONARDA MINT DR"", ""original_city"": ""AUSTIN"", ""original_state"": ""TX"", ""original_zip"": ""78653"", ""council_district"": ""1"", ""jurisdiction"": ""AUSTIN FULL PURPOSE"", ""link"": {""url"": ""https://abc.austintexas.gov/web/permit/public-search-other?t_detail=1&t_selected_folderrsn=13652412""}, ""project_id"": ""13652412"", ""masterpermitnum"": ""13652405"", ""contractor_trade"": ""Mechanical Contractor"", ""contractor_company_name"": ""Casa Mechanical Services"", ""contractor_full_name"": ""Layth Christianson"", ""contractor_phone"": ""5123347344"", ""contractor_address2"": ""2401 E Old S"", ""contractor_city"": ""Round Rock"", ""contractor_zip"": ""78665-____"", ""certificate_of_occupancy"": ""No""}",2026-05-03T07:18:31.559594+00:00
2026-047459 EP,New construction single-family residential 4 bedroom 4.5 bath with attached 2-car garage covered porch and covered patio.,2026-05-01T00:00:00+00:00,New,Electrical Permit,,"IES Residential, Inc.",Active,8825 BREEZE HILL DR,78744,Residential,5122520040,https://abc.austintexas.gov/web/permit/public-search-other?t_detail=1&t_selected_folderrsn=13688681,2026-05-01T00:00:00+00:00,"{""permittype"": ""EP"", ""permit_type_desc"": ""Electrical Permit"", ""permit_number"": ""2026-047459 EP"", ""permit_class_mapped"": ""Residential"", ""permit_class"": ""R- 101 Single Family Houses"", ""work_class"": ""New"", ""condominium"": ""No"", ""permit_location"": ""8825 BREEZE HILL DR"", ""description"": ""New construction single-family residential 4 bedroom 4.5 bath with attached 2-car garage covered porch and covered patio."", ""tcad_id"": ""0340130201"", ""legal_description"": ""PROSPECT PARK PHS 1 BLK BB LOT 4"", ""applieddate"": ""2026-03-12T00:00:00.000"", ""issue_date"": ""2026-05-01T00:00:00.000"", ""day_issued"": ""FRIDAY"", ""calendar_year_issued"": ""2026"", ""fiscal_year_issued"": ""2026"", ""issued_in_last_30_days"": ""Yes"", ""issue_method"": ""Permit Center"", ""status_current"": ""Active"", ""statusdate"": ""2026-05-01T00:00:00.000"", ""expiresdate"": ""2026-10-16T00:00:00.000"", ""total_new_add_sqft"": ""3843"", ""number_of_floors"": ""2"", ""housing_units"": ""1"", ""original_address1"": ""8825 BREEZE HILL DR"", ""original_city"": ""AUSTIN"", ""original_state"": ""TX"", ""original_zip"": ""78744"", ""council_district"": ""2"", ""jurisdiction"": ""AUSTIN LTD"", ""link"": {""url"": ""https://abc.austintexas.gov/web/permit/public-search-other?t_detail=1&t_selected_folderrsn=13688681""}, ""project_id"": ""13688681"", ""masterpermitnum"": ""13688679"", ""contractor_trade"": ""Electrical Contractor"", ""contractor_company_name"": ""IES Residential, Inc."", ""contractor_full_name"": ""William B. Crist Jr."", ""contractor_phone"": ""5122520040"", ""contractor_address2"": ""821  GRAND A"", ""contractor_city"": ""PFLUGERVILLE"", ""contractor_zip"": ""78660-____"", ""certificate_of_occupancy"": ""No""}",2026-05-03T07:18:31.559594+00:00
2026-052994 PP,Installation of P REIONATOR PRO SOFTENER WITH CHLORAMINE REDUCTION RXM13-AB,2026-05-01T00:00:00+00:00,Repair,Plumbing Permit,,"NEW ABACUS, LLC",Active,2106 ALLWOOD DR BLDG C,78704,Residential,5125664182,https://abc.austintexas.gov/web/permit/public-search-other?t_detail=1&t_selected_folderrsn=13695066,2026-05-01T00:00:00+00:00,"{""permittype"": ""PP"", ""permit_type_desc"": ""Plumbing Permit"", ""permit_number"": ""2026-052994 PP"", ""permit_class_mapped"": ""Residential"", ""permit_class"": ""Residential"", ""work_class"": ""Repair"", ""condominium"": ""No"", ""permit_location"": ""2106 ALLWOOD DR BLDG C"", ""description"": ""Installation of P REIONATOR PRO SOFTENER WITH CHLORAMINE REDUCTION RXM13-AB"", ""tcad_id"": ""0100062901"", ""applieddate"": ""2026-04-29T00:00:00.000"", ""issue_date"": ""2026-05-01T00:00:00.000"", ""day_issued"": ""FRIDAY"", ""calendar_year_issued"": ""2026"", ""fiscal_year_issued"": ""2026"", ""issued_in_last_30_days"": ""Yes"", ""issue_method"": ""Permit Center"", ""status_current"": ""Active"", ""statusdate"": ""2026-05-01T00:00:00.000"", ""expiresdate"": ""2026-10-28T00:00:00.000"", ""remodel_repair_sqft"": ""2051"", ""number_of_floors"": ""0"", ""housing_units"": ""0"", ""original_address1"": ""2106 ALLWOOD DR BLDG C"", ""original_city"": ""AUSTIN"", ""original_state"": ""TX"", ""original_zip"": ""78704"", ""council_district"": ""5"", ""jurisdiction"": ""AUSTIN FULL PURPOSE"", ""link"": {""url"": ""https://abc.austintexas.gov/web/permit/public-search-other?t_detail=1&t_selected_folderrsn=13695066""}, ""project_id"": ""13695066"", ""latitude"": ""30.25052382"", ""longitude"": ""-97.77363242"", ""location"": {""latitude"": ""30.25052382"", ""longitude"": ""-97.77363242"", ""human_address"": ""{\""address\"": \""\"", \""city\"": \""\"", \""state\"": \""\"", \""zip\"": \""\""}""}, ""contractor_trade"": ""Plumbing Contractor"", ""contractor_company_name"": ""NEW ABACUS, LLC"", ""contractor_full_name"": ""ALAN O'NEILL"", ""contractor_phone"": ""5125664182"", ""contractor_address1"": ""2105  DENTON"", ""contractor_city"": ""Austin"", ""contractor_zip"": ""78758"", ""certificate_of_occupancy"": ""No""}",2026-05-03T07:18:31.559594+00:00
2026-054599 BP,Express: Replace 7 windows like for like,2026-05-01T00:00:00+00:00,Repair,Building Permit,1.0,Damselfly Improvement LLC DBA DaBella,Active,12715 ACADIAN TRL,78727,Residential,5123541779,https://abc.austintexas.gov/web/permit/public-search-other?t_detail=1&t_selected_folderrsn=13696932,2026-05-01T00:00:00+00:00,"{""permittype"": ""BP"", ""permit_type_desc"": ""Building Permit"", ""permit_number"": ""2026-054599 BP"", ""permit_class_mapped"": ""Residential"", ""permit_class"": ""R- 435 Renovations/Remodel"", ""work_class"": ""Repair"", ""condominium"": ""No"", ""permit_location"": ""12715 ACADIAN TRL"", ""description"": ""Express: Replace 7 windows like for like"", ""tcad_id"": ""0268000524"", ""legal_description"": ""LOT 5 BLK J MILWOOD SEC 14"", ""applieddate"": ""2026-05-01T00:00:00.000"", ""issue_date"": ""2026-05-01T00:00:00.000"", ""day_issued"": ""FRIDAY"", ""calendar_year_issued"": ""2026"", ""fiscal_year_issued"": ""2026"", ""issued_in_last_30_days"": ""Yes"", ""issue_method"": ""Permit Center"", ""status_current"": ""Active"", ""statusdate"": ""2026-05-01T00:00:00.000"", ""expiresdate"": ""2026-10-29T00:00:00.000"", ""remodel_repair_sqft"": ""1"", ""total_valuation_remodel"": ""4"", ""total_job_valuation"": ""1"", ""number_of_floors"": ""1"", ""housing_units"": ""1"", ""building_valuation_remodel"": ""1"", ""electrical_valuation_remodel"": ""1"", ""mechanical_valuation_remodel"": ""1"", ""plumbing_valuation_remodel"": ""1"", ""original_address1"": ""12715 ACADIAN TRL"", ""original_city"": ""AUSTIN"", ""original_state"": ""TX"", ""original_zip"": ""78727"", ""council_district"": ""6"", ""jurisdiction"": ""AUSTIN FULL PURPOSE"", ""link"": {""url"": ""https://abc.austintexas.gov/web/permit/public-search-other?t_detail=1&t_selected_folderrsn=13696932""}, ""project_id"": ""13696932"", ""masterpermitnum"": ""13696927"", ""latitude"": ""30.43620485"", ""longitude"": ""-97.74446378"", ""location"": {""latitude"": ""30.43620485"", ""longitude"": ""-97.74446378"", ""human_address"": ""{\""address\"": \""\"", \""city\"": \""\"", \""state\"": \""\"", \""zip\"": \""\""}""}, ""contractor_trade"": ""General Contractor"", ""contractor_company_name"": ""Damselfly Improvement LLC DBA DaBella"", ""contractor_full_name"": ""Priyanka Bharath"", ""contractor_phone"": ""5123541779"", ""contractor_address2"": ""400  Anderso"", ""contractor_city"": ""Austin"", ""contractor_zip"": ""78752-____"", ""applicant_full_name"": ""Priyanka Bharath"", ""applicant_org"": ""Damselfly Improvement LLC DBA DaBella"", ""applicant_phone"": ""5123541779"", ""applicant_address2"": ""400  Anderso"", ""applicant_city"": ""Austin"", ""applicantzip"": ""78752-____"", ""certificate_of_occupancy"": ""No""}",2026-05-03T07:18:31.559594+00:00
2026-052796 EP,Homebuilder Loop Austin 2 Mile ETJ Austin Energy,2026-05-01T00:00:00+00:00,Homebuilder Loop,Electrical Permit,,"IES Residential, Inc.",Active,11925 ELLENA CV,78747,Residential,5122520040,https://abc.austintexas.gov/web/permit/public-search-other?t_detail=1&t_selected_folderrsn=13694859,2026-05-01T00:00:00+00:00,"{""permittype"": ""EP"", ""permit_type_desc"": ""Electrical Permit"", ""permit_number"": ""2026-052796 EP"", ""permit_class_mapped"": ""Residential"", ""permit_class"": ""Residential"", ""work_class"": ""Homebuilder Loop"", ""permit_location"": ""11925 ELLENA CV"", ""description"": ""Homebuilder Loop Austin 2 Mile ETJ Austin Energy"", ""tcad_id"": ""0449070420"", ""legal_description"": ""WEST BELLA FORTUNA PHS 2 (A SMALL LT SUBD) BLK L LOT 124"", ""applieddate"": ""2026-04-28T00:00:00.000"", ""issue_date"": ""2026-05-01T00:00:00.000"", ""day_issued"": ""FRIDAY"", ""calendar_year_issued"": ""2026"", ""fiscal_year_issued"": ""2026"", ""issued_in_last_30_days"": ""Yes"", ""issue_method"": ""Permit Center"", ""status_current"": ""Active"", ""statusdate"": ""2026-05-01T00:00:00.000"", ""expiresdate"": ""2026-10-28T00:00:00.000"", ""original_address1"": ""11925 ELLENA CV"", ""original_city"": ""AUSTIN"", ""original_state"": ""TX"", ""original_zip"": ""78747"", ""jurisdiction"": ""AUSTIN 2 MILE ETJ"", ""link"": {""url"": ""https://abc.austintexas.gov/web/permit/public-search-other?t_detail=1&t_selected_folderrsn=13694859""}, ""project_id"": ""13694859"", ""contractor_trade"": ""Electrical Contractor"", ""contractor_company_name"": ""IES Residential, Inc."", ""contractor_full_name"": ""William B. Crist Jr."", ""contractor_phone"": ""5122520040"", ""contractor_address2"": ""821  GRAND A"", ""contractor_city"": ""PFLUGERVILLE"", ""contractor_zip"": ""78660-____""}",2026-05-03T07:18:31.559594+00:00
2026-052475 BP,Construction of in-ground swimming pool,2026-05-01T00:00:00+00:00,New,Building Permit,50000.0,"Pools Unlimited, Inc.",Active,403 E KOENIG LN,78751,Commercial,8309805051,https://abc.austintexas.gov/web/permit/public-search-other?t_detail=1&t_selected_folderrsn=13694517,2026-05-01T00:00:00+00:00,"{""permittype"": ""BP"", ""permit_type_desc"": ""Building Permit"", ""permit_number"": ""2026-052475 BP"", ""permit_class_mapped"": ""Commercial"", ""permit_class"": ""C- 329 Com Structures Other Than Bldg"", ""work_class"": ""New"", ""condominium"": ""No"", ""permit_location"": ""403 E KOENIG LN"", ""description"": ""Construction of in-ground swimming pool"", ""tcad_id"": ""0226100701"", ""legal_description"": ""ABS 789 SUR 57 WALLACE J P ACR 6.5980"", ""applieddate"": ""2026-01-16T00:00:00.000"", ""issue_date"": ""2026-05-01T00:00:00.000"", ""day_issued"": ""FRIDAY"", ""calendar_year_issued"": ""2026"", ""fiscal_year_issued"": ""2026"", ""issued_in_last_30_days"": ""Yes"", ""issue_method"": ""Permit Center"", ""status_current"": ""Active"", ""statusdate"": ""2026-05-01T00:00:00.000"", ""expiresdate"": ""2026-10-29T00:00:00.000"", ""total_new_add_sqft"": ""694"", ""total_job_valuation"": ""50000"", ""number_of_floors"": ""1"", ""housing_units"": ""1"", ""building_valuation"": ""0"", ""electrical_valuation"": ""0"", ""mechanical_valuation"": ""0"", ""plumbing_valuation"": ""0"", ""original_address1"": ""403 E KOENIG LN"", ""original_city"": ""AUSTIN"", ""original_state"": ""TX"", ""original_zip"": ""78751"", ""council_district"": ""4"", ""jurisdiction"": ""AUSTIN FULL PURPOSE"", ""link"": {""url"": ""https://abc.austintexas.gov/web/permit/public-search-other?t_detail=1&t_selected_folderrsn=13694517""}, ""project_id"": ""13694517"", ""masterpermitnum"": ""13641780"", ""latitude"": ""30.32106007"", ""longitude"": ""-97.7172993"", ""location"": {""latitude"": ""30.32106007"", ""longitude"": ""-97.7172993"", ""human_address"": ""{\""address\"": \""\"", \""city\"": \""\"", \""state\"": \""\"", \""zip\"": \""\""}""}, ""contractor_trade"": ""General Contractor"", ""contractor_company_name"": ""Pools Unlimited, Inc."", ""contractor_full_name"": ""Randy Morrow"", ""contractor_phone"": ""8309805051"", ""contractor_address2"": ""33145  Stahl"", ""contractor_city"": ""Bulverde"", ""contractor_zip"": ""78163-____"", ""applicant_full_name"": ""Randy Morrow"", ""applicant_org"": ""Pools Unlimited, Inc."", ""applicant_phone"": ""8309805051"", ""applicant_address2"": ""33145  Stahl"", ""applicant_city"": ""Bulverde"", ""applicantzip"": ""78163-____"", ""certificate_of_occupancy"": ""Yes""}",2026-05-03T07:18:31.559594+00:00
2026-053566 BP,*Green Building* New 2-story 4 bedroom 3.5 bathroom single family residence with attached garage covered front porch and rear covered patio.,2026-05-01T00:00:00+00:00,New,Building Permit,0.0,"Milestone Community Builders, LLC(MAIN)",Active,11404 CRAZY ALICE RUN,78653,Residential,5126864986,https://abc.austintexas.gov/web/permit/public-search-other?t_detail=1&t_selected_folderrsn=13695702,2026-05-01T00:00:00+00:00,"{""permittype"": ""BP"", ""permit_type_desc"": ""Building Permit"", ""permit_number"": ""2026-053566 BP"", ""permit_class_mapped"": ""Residential"", ""permit_class"": ""R- 101 Single Family Houses"", ""work_class"": ""New"", ""condominium"": ""No"", ""permit_location"": ""11404 CRAZY ALICE RUN"", ""description"": ""*Green Building* New 2-story 4 bedroom 3.5 bathroom single family residence with attached garage covered front porch and rear covered patio."", ""tcad_id"": ""0231570106"", ""legal_description"": ""SADDLE RIDGE AT WILDHORSE RANCH - SEC 1 BLK D LOT 6"", ""applieddate"": ""2026-02-24T00:00:00.000"", ""issue_date"": ""2026-05-01T00:00:00.000"", ""day_issued"": ""FRIDAY"", ""calendar_year_issued"": ""2026"", ""fiscal_year_issued"": ""2026"", ""issued_in_last_30_days"": ""Yes"", ""issue_method"": ""Permit Center"", ""status_current"": ""Active"", ""statusdate"": ""2026-05-01T00:00:00.000"", ""expiresdate"": ""2026-10-29T00:00:00.000"", ""total_new_add_sqft"": ""3025"", ""total_job_valuation"": ""0"", ""number_of_floors"": ""2"", ""housing_units"": ""1"", ""original_address1"": ""11404 CRAZY ALICE RUN"", ""original_city"": ""AUSTIN"", ""original_state"": ""TX"", ""original_zip"": ""78653"", ""council_district"": ""1"", ""jurisdiction"": ""AUSTIN FULL PURPOSE"", ""link"": {""url"": ""https://abc.austintexas.gov/web/permit/public-search-other?t_detail=1&t_selected_folderrsn=13695702""}, ""project_id"": ""13695702"", ""masterpermitnum"": ""13659884"", ""contractor_trade"": ""General Contractor"", ""contractor_company_name"": ""Milestone Community Builders, LLC(MAIN)"", ""contractor_full_name"": ""Garrett Martin"", ""contractor_phone"": ""5126864986"", ""contractor_address2"": ""2100  NORTHL"", ""contractor_city"": ""AUSTIN"", ""contractor_zip"": ""78756-____"", ""applicant_full_name"": ""Garrett Martin"", ""applicant_org"": ""Milestone Community Builders, LLC(MAIN)"", ""applicant_phone"": ""5126864986"", ""applicant_address2"": ""2100  NORTHL"", ""applicant_city"": ""AUSTIN"", ""applicantzip"": ""78756-____"", ""certificate_of_occupancy"": ""Yes"", ""total_lot_sq_ft"": ""5618""}",2026-05-03T07:18:31.559594+00:00
2026-053112 MP,Replacement of mini-split system HVAC changeout/alteration: remove existing system and install one 2.5-ton Lennox EL16KP1 single-stage heat pump with,2026-05-01T00:00:00+00:00,Change Out,Mechanical Permit,,Strand Brothers Service Experts,Active,6309 SOFTWOOD DR,78744,Residential,3462663635,https://abc.austintexas.gov/web/permit/public-search-other?t_detail=1&t_selected_folderrsn=13695203,2026-05-01T00:00:00+00:00,"{""permittype"": ""MP"", ""permit_type_desc"": ""Mechanical Permit"", ""permit_number"": ""2026-053112 MP"", ""permit_class_mapped"": ""Residential"", ""permit_class"": ""Residential"", ""work_class"": ""Change Out"", ""permit_location"": ""6309 SOFTWOOD DR"", ""description"": ""Replacement of mini-split system HVAC changeout/alteration: remove existing system and install one 2.5-ton Lennox EL16KP1 single-stage heat pump with"", ""tcad_id"": ""0423000214"", ""legal_description"": ""LOT 19 BLK A CREEK BEND SEC 4"", ""applieddate"": ""2026-04-29T00:00:00.000"", ""issue_date"": ""2026-05-01T00:00:00.000"", ""day_issued"": ""FRIDAY"", ""calendar_year_issued"": ""2026"", ""fiscal_year_issued"": ""2026"", ""issued_in_last_30_days"": ""Yes"", ""issue_method"": ""Permit Center"", ""status_current"": ""Active"", ""statusdate"": ""2026-05-01T00:00:00.000"", ""expiresdate"": ""2026-10-28T00:00:00.000"", ""original_address1"": ""6309 SOFTWOOD DR"", ""original_city"": ""AUSTIN"", ""original_state"": ""TX"", ""original_zip"": ""78744"", ""council_district"": ""2"", ""jurisdiction"": ""AUSTIN FULL PURPOSE"", ""link"": {""url"": ""https://abc.austintexas.gov/web/permit/public-search-other?t_detail=1&t_selected_folderrsn=13695203""}, ""project_id"": ""13695203"", ""latitude"": ""30.18391144"", ""longitude"": ""-97.74885855"", ""location"": {""latitude"": ""30.18391144"", ""longitude"": ""-97.74885855"", ""human_address"": ""{\""address\"": \""\"", \""city\"": \""\"", \""state\"": \""\"", \""zip\"": \""\""}""}, ""contractor_trade"": ""Mechanical Contractor"", ""contractor_company_name"": ""Strand Brothers Service Experts"", ""contractor_full_name"": ""Michael McCoy"", ""contractor_phone"": ""3462663635"", ""contractor_address2"": ""5811  TECHNI"", ""contractor_city"": ""AUSTIN"", ""contractor_zip"": ""78721-____""}",2026-05-03T07:18:31.559594+00:00
2026-053961 BP,EXPRESS: Install 15 push piers,2026-05-01T00:00:00+00:00,Repair,Building Permit,1.0,Foundation Support Specialists,Active,6604 LEXINGTON RD,78757,Residential,7262242320,https://abc.austintexas.gov/web/permit/public-search-other?t_detail=1&t_selected_folderrsn=13696175,2026-05-01T00:00:00+00:00,"{""permittype"": ""BP"", ""permit_type_desc"": ""Building Permit"", ""permit_number"": ""2026-053961 BP"", ""permit_class_mapped"": ""Residential"", ""permit_class"": ""R- 435 Renovations/Remodel"", ""work_class"": ""Repair"", ""condominium"": ""No"", ""permit_location"": ""6604 LEXINGTON RD"", ""description"": ""EXPRESS: Install 15 push piers"", ""tcad_id"": ""0235010334"", ""legal_description"": ""LOT 17 BLK D ALLANDALE TERRACE SEC 2 PHS 4"", ""applieddate"": ""2026-04-30T00:00:00.000"", ""issue_date"": ""2026-05-01T00:00:00.000"", ""day_issued"": ""FRIDAY"", ""calendar_year_issued"": ""2026"", ""fiscal_year_issued"": ""2026"", ""issued_in_last_30_days"": ""Yes"", ""issue_method"": ""Permit Center"", ""status_current"": ""Active"", ""statusdate"": ""2026-05-01T00:00:00.000"", ""expiresdate"": ""2026-10-29T00:00:00.000"", ""remodel_repair_sqft"": ""1"", ""total_valuation_remodel"": ""4"", ""total_job_valuation"": ""1"", ""number_of_floors"": ""1"", ""housing_units"": ""1"", ""building_valuation_remodel"": ""1"", ""electrical_valuation_remodel"": ""1"", ""mechanical_valuation_remodel"": ""1"", ""plumbing_valuation_remodel"": ""1"", ""original_address1"": ""6604 LEXINGTON RD"", ""original_city"": ""AUSTIN"", ""original_state"": ""TX"", ""original_zip"": ""78757"", ""council_district"": ""7"", ""jurisdiction"": ""AUSTIN FULL PURPOSE"", ""link"": {""url"": ""https://abc.austintexas.gov/web/permit/public-search-other?t_detail=1&t_selected_folderrsn=13696175""}, ""project_id"": ""13696175"", ""masterpermitnum"": ""13696165"", ""latitude"": ""30.34685875"", ""longitude"": ""-97.74714385"", ""location"": {""latitude"": ""30.34685875"", ""longitude"": ""-97.74714385"", ""human_address"": ""{\""address\"": \""\"", \""city\"": \""\"", \""state\"": \""\"", \""zip\"": \""\""}""}, ""contractor_trade"": ""General Contractor"", ""contractor_company_name"": ""Foundation Support Specialists"", ""contractor_full_name"": ""Gary Rodriguez"", ""contractor_phone"": ""7262242320"", ""contractor_address2"": ""18630  Goll"", ""contractor_city"": ""San Antonio"", ""contractor_zip"": ""78266-____"", ""applicant_full_name"": ""Gary Rodriguez"", ""applicant_org"": ""Foundation Support Specialists"", ""applicant_phone"": ""7262242320"", ""applicant_address2"": ""18630  Goll"", ""applicant_city"": ""San Antonio"", ""applicantzip"": ""78266-____"", ""certificate_of_occupancy"": ""No""}",2026-05-03T07:18:31.559594+00:00
2026-053797 BP,Express: Replacement of 3 windows like for like,2026-05-01T00:00:00+00:00,Repair,Building Permit,1.0,"Infinity Replacement,LLC",Active,714 E 32ND ST,78705,Residential,6124901922,https://abc.austintexas.gov/web/permit/public-search-other?t_detail=1&t_selected_folderrsn=13695998,2026-05-01T00:00:00+00:00,"{""permittype"": ""BP"", ""permit_type_desc"": ""Building Permit"", ""permit_number"": ""2026-053797 BP"", ""permit_class_mapped"": ""Residential"", ""permit_class"": ""R- 435 Renovations/Remodel"", ""work_class"": ""Repair"", ""condominium"": ""No"", ""permit_location"": ""714 E 32ND ST"", ""description"": ""Express: Replacement of 3 windows like for like"", ""tcad_id"": ""0215060320"", ""legal_description"": ""LOT 15 * & W 38FT LOT 16 OLT 7 DIV C STARK SUBD"", ""applieddate"": ""2026-04-30T00:00:00.000"", ""issue_date"": ""2026-05-01T00:00:00.000"", ""day_issued"": ""FRIDAY"", ""calendar_year_issued"": ""2026"", ""fiscal_year_issued"": ""2026"", ""issued_in_last_30_days"": ""Yes"", ""issue_method"": ""Permit Center"", ""status_current"": ""Active"", ""statusdate"": ""2026-05-01T00:00:00.000"", ""expiresdate"": ""2026-10-29T00:00:00.000"", ""remodel_repair_sqft"": ""1"", ""total_valuation_remodel"": ""4"", ""total_job_valuation"": ""1"", ""number_of_floors"": ""1"", ""housing_units"": ""1"", ""building_valuation_remodel"": ""1"", ""electrical_valuation_remodel"": ""1"", ""mechanical_valuation_remodel"": ""1"", ""plumbing_valuation_remodel"": ""1"", ""original_address1"": ""714 E 32ND ST"", ""original_city"": ""AUSTIN"", ""original_state"": ""TX"", ""original_zip"": ""78705"", ""council_district"": ""9"", ""jurisdiction"": ""AUSTIN FULL PURPOSE"", ""link"": {""url"": ""https://abc.austintexas.gov/web/permit/public-search-other?t_detail=1&t_selected_folderrsn=13695998""}, ""project_id"": ""13695998"", ""masterpermitnum"": ""13695937"", ""latitude"": ""30.29260882"", ""longitude"": ""-97.72978433"", ""location"": {""latitude"": ""30.29260882"", ""longitude"": ""-97.72978433"", ""human_address"": ""{\""address\"": \""\"", \""city\"": \""\"", \""state\"": \""\"", \""zip\"": \""\""}""}, ""contractor_trade"": ""General Contractor"", ""contractor_company_name"": ""Infinity Replacement,LLC"", ""contractor_full_name"": ""Douglas Bailey"", ""contractor_phone"": ""6124901922"", ""contractor_address2"": ""8408  ANNALI"", ""contractor_city"": ""AUSTIN"", ""contractor_zip"": ""78744-____"", ""applicant_full_name"": ""Douglas Bailey"", ""applicant_org"": ""Infinity Replacement,LLC"", ""applicant_phone"": ""6124901922"", ""applicant_address2"": ""8408  ANNALI"", ""applicant_city"": ""AUSTIN"", ""applicantzip"": ""78744-____"", ""certificate_of_occupancy"": ""No""}",2026-05-03T07:18:31.559594+00:00
2026-044944 EP,ePlan: Commercial Expedited Review -[APPROVED] Interior Remodel to Convert Building into a Commercial Production Kitchen and Warehousing Facility Phas,2026-05-01T00:00:00+00:00,Remodel,Electrical Permit,,T M Electric,Active,7050 BURLESON RD,78744,Commercial,5128348174,https://abc.austintexas.gov/web/permit/public-search-other?t_detail=1&t_selected_folderrsn=13686051,2026-05-01T00:00:00+00:00,"{""permittype"": ""EP"", ""permit_type_desc"": ""Electrical Permit"", ""permit_number"": ""2026-044944 EP"", ""permit_class_mapped"": ""Commercial"", ""permit_class"": ""C-1000 Commercial Remodel"", ""work_class"": ""Remodel"", ""condominium"": ""No"", ""permit_location"": ""7050 BURLESON RD"", ""description"": ""ePlan: Commercial Expedited Review -[APPROVED] Interior Remodel to Convert Building into a Commercial Production Kitchen and Warehousing Facility Phas"", ""tcad_id"": ""0318130701"", ""applieddate"": ""2026-03-05T00:00:00.000"", ""issue_date"": ""2026-05-01T00:00:00.000"", ""day_issued"": ""FRIDAY"", ""calendar_year_issued"": ""2026"", ""fiscal_year_issued"": ""2026"", ""issued_in_last_30_days"": ""Yes"", ""issue_method"": ""Permit Center"", ""status_current"": ""Active"", ""statusdate"": ""2026-05-01T00:00:00.000"", ""expiresdate"": ""2026-10-14T00:00:00.000"", ""remodel_repair_sqft"": ""18616"", ""number_of_floors"": ""1"", ""housing_units"": ""1"", ""electrical_valuation_remodel"": ""200000"", ""original_address1"": ""7050 BURLESON RD"", ""original_city"": ""AUSTIN"", ""original_state"": ""TX"", ""original_zip"": ""78744"", ""council_district"": ""2"", ""jurisdiction"": ""AUSTIN FULL PURPOSE"", ""link"": {""url"": ""https://abc.austintexas.gov/web/permit/public-search-other?t_detail=1&t_selected_folderrsn=13686051""}, ""project_id"": ""13686051"", ""masterpermitnum"": ""13685729"", ""contractor_trade"": ""Electrical Contractor"", ""contractor_company_name"": ""T M Electric"", ""contractor_full_name"": ""Tim Moll"", ""contractor_phone"": ""5128348174"", ""contractor_address2"": ""9802  Gray B"", ""contractor_city"": ""Austin"", ""contractor_zip"": ""78758"", ""certificate_of_occupancy"": ""No""}",2026-05-03T07:18:31.559594+00:00
2026-052547 EP,200 amp panel 200amp meter grounding and bonding,2026-05-01T00:00:00+00:00,Upgrade,Electrical Permit,,"D and C Electric, Inc",Active,1700 BARTON HILLS DR,78704,Residential,5129544782,https://abc.austintexas.gov/web/permit/public-search-other?t_detail=1&t_selected_folderrsn=13694596,2026-05-01T00:00:00+00:00,"{""permittype"": ""EP"", ""permit_type_desc"": ""Electrical Permit"", ""permit_number"": ""2026-052547 EP"", ""permit_class_mapped"": ""Residential"", ""permit_class"": ""Residential"", ""work_class"": ""Upgrade"", ""condominium"": ""No"", ""permit_location"": ""1700 BARTON HILLS DR"", ""description"": ""200 amp panel 200amp meter grounding and bonding"", ""tcad_id"": ""0102091001"", ""legal_description"": ""LOT 8 BLK 8 BARTON TERRACE SEC 3"", ""applieddate"": ""2026-04-28T00:00:00.000"", ""issue_date"": ""2026-05-01T00:00:00.000"", ""day_issued"": ""FRIDAY"", ""calendar_year_issued"": ""2026"", ""fiscal_year_issued"": ""2026"", ""issued_in_last_30_days"": ""Yes"", ""issue_method"": ""Permit Center"", ""status_current"": ""Active"", ""statusdate"": ""2026-05-01T00:00:00.000"", ""expiresdate"": ""2026-10-28T00:00:00.000"", ""remodel_repair_sqft"": ""0"", ""number_of_floors"": ""1"", ""housing_units"": ""1"", ""electrical_valuation_remodel"": ""5500"", ""original_address1"": ""1700 BARTON HILLS DR"", ""original_city"": ""AUSTIN"", ""original_state"": ""TX"", ""original_zip"": ""78704"", ""council_district"": ""5"", ""jurisdiction"": ""AUSTIN FULL PURPOSE"", ""link"": {""url"": ""https://abc.austintexas.gov/web/permit/public-search-other?t_detail=1&t_selected_folderrsn=13694596""}, ""project_id"": ""13694596"", ""latitude"": ""30.25949437"", ""longitude"": ""-97.77895799"", ""location"": {""latitude"": ""30.25949437"", ""longitude"": ""-97.77895799"", ""human_address"": ""{\""address\"": \""\"", \""city\"": \""\"", \""state\"": \""\"", \""zip\"": \""\""}""}, ""contractor_trade"": ""Electrical Contractor"", ""contractor_company_name"": ""D and C Electric, Inc"", ""contractor_full_name"": ""Chance Reyes"", ""contractor_phone"": ""5129544782"", ""contractor_address2"": ""3233  Windin"", ""contractor_city"": ""Austin"", ""contractor_zip"": ""78750"", ""certificate_of_occupancy"": ""No""}",2026-05-03T07:18:31.559594+00:00
2026-051045 EP,ev install,2026-05-01T00:00:00+00:00,Special Inspections Program,Electrical Permit,,Industrial Elect,Active,2013 RODEO DR,78727,Residential,5127385900,https://abc.austintexas.gov/web/permit/public-search-other?t_detail=1&t_selected_folderrsn=13692944,2026-05-01T00:00:00+00:00,"{""permittype"": ""EP"", ""permit_type_desc"": ""Electrical Permit"", ""permit_number"": ""2026-051045 EP"", ""permit_class_mapped"": ""Residential"", ""permit_class"": ""Residential"", ""work_class"": ""Special Inspections Program"", ""condominium"": ""No"", ""permit_location"": ""2013 RODEO DR"", ""description"": ""ev install"", ""tcad_id"": ""0266180215"", ""legal_description"": ""LOT 1 BLK D SCOFIELD FARMS PHS 3 SEC 3"", ""applieddate"": ""2026-04-24T00:00:00.000"", ""issue_date"": ""2026-05-01T00:00:00.000"", ""day_issued"": ""FRIDAY"", ""calendar_year_issued"": ""2026"", ""fiscal_year_issued"": ""2026"", ""issued_in_last_30_days"": ""Yes"", ""issue_method"": ""Permit Center"", ""status_current"": ""Active"", ""statusdate"": ""2026-05-01T00:00:00.000"", ""expiresdate"": ""2026-10-28T00:00:00.000"", ""electrical_valuation_remodel"": ""2000"", ""original_address1"": ""2013 RODEO DR"", ""original_city"": ""AUSTIN"", ""original_state"": ""TX"", ""original_zip"": ""78727"", ""council_district"": ""7"", ""jurisdiction"": ""AUSTIN FULL PURPOSE"", ""link"": {""url"": ""https://abc.austintexas.gov/web/permit/public-search-other?t_detail=1&t_selected_folderrsn=13692944""}, ""project_id"": ""13692944"", ""latitude"": ""30.42672457"", ""longitude"": ""-97.68956174"", ""location"": {""latitude"": ""30.42672457"", ""longitude"": ""-97.68956174"", ""human_address"": ""{\""address\"": \""\"", \""city\"": \""\"", \""state\"": \""\"", \""zip\"": \""\""}""}, ""contractor_trade"": ""Electrical Contractor"", ""contractor_company_name"": ""Industrial Elect"", ""contractor_full_name"": ""Mark A Brendalen"", ""contractor_phone"": ""5127385900"", ""contractor_address1"": ""P.O.Box 1493"", ""contractor_address2"": ""908  Sycamor"", ""contractor_city"": ""San Marcos"", ""contractor_zip"": ""78666"", ""certificate_of_occupancy"": ""No""}",2026-05-03T07:18:31.559594+00:00
2026-053167 EP,"We had an emergency outage as a tree fell on an incoming line which ripped the mast and meter off the wall.
We have rebuilt and passed the temp power/",2026-05-01T00:00:00+00:00,Repair,Electrical Permit,,Southern Cross Electric DBA: Aussie Electric Inc.,Active,1309 JULIET ST,78704,Residential,5127758774,https://abc.austintexas.gov/web/permit/public-search-other?t_detail=1&t_selected_folderrsn=13695260,2026-05-01T00:00:00+00:00,"{""permittype"": ""EP"", ""permit_type_desc"": ""Electrical Permit"", ""permit_number"": ""2026-053167 EP"", ""permit_class_mapped"": ""Residential"", ""permit_class"": ""Residential"", ""work_class"": ""Repair"", ""condominium"": ""No"", ""permit_location"": ""1309 JULIET ST"", ""description"": ""We had an emergency outage as a tree fell on an incoming line which ripped the mast and meter off the wall.\nWe have rebuilt and passed the temp power/"", ""tcad_id"": ""0103030509"", ""legal_description"": ""LOT 9 OKIE HEIGHTS"", ""applieddate"": ""2026-04-29T00:00:00.000"", ""issue_date"": ""2026-05-01T00:00:00.000"", ""day_issued"": ""FRIDAY"", ""calendar_year_issued"": ""2026"", ""fiscal_year_issued"": ""2026"", ""issued_in_last_30_days"": ""Yes"", ""issue_method"": ""Permit Center"", ""status_current"": ""Active"", ""statusdate"": ""2026-05-01T00:00:00.000"", ""expiresdate"": ""2026-10-28T00:00:00.000"", ""remodel_repair_sqft"": ""0"", ""number_of_floors"": ""1"", ""housing_units"": ""1"", ""electrical_valuation_remodel"": ""2000"", ""original_address1"": ""1309 JULIET ST"", ""original_city"": ""AUSTIN"", ""original_state"": ""TX"", ""original_zip"": ""78704"", ""council_district"": ""9"", ""jurisdiction"": ""AUSTIN FULL PURPOSE"", ""link"": {""url"": ""https://abc.austintexas.gov/web/permit/public-search-other?t_detail=1&t_selected_folderrsn=13695260""}, ""project_id"": ""13695260"", ""latitude"": ""30.25785969"", ""longitude"": ""-97.76103772"", ""location"": {""latitude"": ""30.25785969"", ""longitude"": ""-97.76103772"", ""human_address"": ""{\""address\"": \""\"", \""city\"": \""\"", \""state\"": \""\"", \""zip\"": \""\""}""}, ""contractor_trade"": ""Electrical Contractor"", ""contractor_company_name"": ""Southern Cross Electric DBA: Aussie Electric Inc."", ""contractor_full_name"": ""Grant Campbell"", ""contractor_phone"": ""5127758774"", ""contractor_address2"": ""7305  Trento"", ""contractor_city"": ""Austin"", ""contractor_zip"": ""78736"", ""certificate_of_occupancy"": ""No""}",2026-05-03T07:18:31.559594+00:00
2026-053471 BP,Express- Bathroom remodel as per attached scope of work,2026-05-01T00:00:00+00:00,Repair,Building Permit,1.0,ATX Home Remodeling,Active,5800 TINITA CT,78739,Residential,8186018452,https://abc.austintexas.gov/web/permit/public-search-other?t_detail=1&t_selected_folderrsn=13695597,2026-05-01T00:00:00+00:00,"{""permittype"": ""BP"", ""permit_type_desc"": ""Building Permit"", ""permit_number"": ""2026-053471 BP"", ""permit_class_mapped"": ""Residential"", ""permit_class"": ""R- 435 Renovations/Remodel"", ""work_class"": ""Repair"", ""condominium"": ""No"", ""permit_location"": ""5800 TINITA CT"", ""description"": ""Express- Bathroom remodel as per attached scope of work"", ""tcad_id"": ""0426400226"", ""legal_description"": ""LOT 173 BLK RR CIRCLE C RANCH PHS B SEC 16"", ""applieddate"": ""2026-04-29T00:00:00.000"", ""issue_date"": ""2026-05-01T00:00:00.000"", ""day_issued"": ""FRIDAY"", ""calendar_year_issued"": ""2026"", ""fiscal_year_issued"": ""2026"", ""issued_in_last_30_days"": ""Yes"", ""issue_method"": ""Permit Center"", ""status_current"": ""Active"", ""statusdate"": ""2026-05-01T00:00:00.000"", ""expiresdate"": ""2026-10-29T00:00:00.000"", ""remodel_repair_sqft"": ""1"", ""total_valuation_remodel"": ""4"", ""total_job_valuation"": ""1"", ""number_of_floors"": ""1"", ""housing_units"": ""1"", ""building_valuation_remodel"": ""1"", ""electrical_valuation_remodel"": ""1"", ""mechanical_valuation_remodel"": ""1"", ""plumbing_valuation_remodel"": ""1"", ""original_address1"": ""5800 TINITA CT"", ""original_city"": ""AUSTIN"", ""original_state"": ""TX"", ""original_zip"": ""78739"", ""council_district"": ""8"", ""jurisdiction"": ""AUSTIN FULL PURPOSE"", ""link"": {""url"": ""https://abc.austintexas.gov/web/permit/public-search-other?t_detail=1&t_selected_folderrsn=13695597""}, ""project_id"": ""13695597"", ""masterpermitnum"": ""13695593"", ""latitude"": ""30.18500698"", ""longitude"": ""-97.88821721"", ""location"": {""latitude"": ""30.18500698"", ""longitude"": ""-97.88821721"", ""human_address"": ""{\""address\"": \""\"", \""city\"": \""\"", \""state\"": \""\"", \""zip\"": \""\""}""}, ""contractor_trade"": ""General Contractor"", ""contractor_company_name"": ""ATX Home Remodeling"", ""contractor_full_name"": ""Daniel Sanchez"", ""contractor_phone"": ""8186018452"", ""contractor_address2"": ""3532  BEE CA"", ""contractor_city"": ""AUSTIN"", ""contractor_zip"": ""78746-____"", ""applicant_full_name"": ""Daniel Sanchez"", ""applicant_org"": ""ATX Home Remodeling"", ""applicant_phone"": ""8186018452"", ""applicant_address2"": ""3532  BEE CA"", ""applicant_city"": ""AUSTIN"", ""applicantzip"": ""78746-____"", ""certificate_of_occupancy"": ""No""}",2026-05-03T07:18:31.559594+00:00
2026-049415 EP,2458BR NEW 4 BEDROOM 3 1/2 BATH SINGLE FAMILY RESIDENTIAL HOME WITH ATTACHED GARAGE COVERED FRONT PORCH AND REAR PATIO,2026-05-01T00:00:00+00:00,New,Electrical Permit,,Landmark Electric,Active,13241 LOSGLAID DR,78617,Residential,5124917718,https://abc.austintexas.gov/web/permit/public-search-other?t_detail=1&t_selected_folderrsn=13690942,2026-05-01T00:00:00+00:00,"{""permittype"": ""EP"", ""permit_type_desc"": ""Electrical Permit"", ""permit_number"": ""2026-049415 EP"", ""permit_class_mapped"": ""Residential"", ""permit_class"": ""R- 101 Single Family Houses"", ""work_class"": ""New"", ""condominium"": ""No"", ""permit_location"": ""13241 LOSGLAID DR"", ""description"": ""2458BR NEW 4 BEDROOM 3 1/2 BATH SINGLE FAMILY RESIDENTIAL HOME WITH ATTACHED GARAGE COVERED FRONT PORCH AND REAR PATIO"", ""tcad_id"": ""0336400701"", ""legal_description"": ""STONEY RIDGE HIGHLANDS PHS 1 A SMALL LOT SUBD BLK B LOT 49"", ""applieddate"": ""2026-04-09T00:00:00.000"", ""issue_date"": ""2026-05-01T00:00:00.000"", ""day_issued"": ""FRIDAY"", ""calendar_year_issued"": ""2026"", ""fiscal_year_issued"": ""2026"", ""issued_in_last_30_days"": ""Yes"", ""issue_method"": ""Permit Center"", ""status_current"": ""Active"", ""statusdate"": ""2026-05-01T00:00:00.000"", ""expiresdate"": ""2026-10-27T00:00:00.000"", ""total_new_add_sqft"": ""2887"", ""number_of_floors"": ""2"", ""housing_units"": ""1"", ""original_address1"": ""13241 LOSGLAID DR"", ""original_city"": ""AUSTIN"", ""original_state"": ""TX"", ""original_zip"": ""78617"", ""council_district"": ""2"", ""jurisdiction"": ""AUSTIN LTD"", ""link"": {""url"": ""https://abc.austintexas.gov/web/permit/public-search-other?t_detail=1&t_selected_folderrsn=13690942""}, ""project_id"": ""13690942"", ""masterpermitnum"": ""13690935"", ""contractor_trade"": ""Electrical Contractor"", ""contractor_company_name"": ""Landmark Electric"", ""contractor_full_name"": ""Robert W Brown"", ""contractor_phone"": ""5124917718"", ""contractor_address2"": ""2008  PICADI"", ""contractor_city"": ""ROUND ROCK"", ""contractor_zip"": ""78664"", ""certificate_of_occupancy"": ""No""}",2026-05-03T07:18:31.559594+00:00
2026-035061 PP,New construction multi-family in the etj 32706 sqft,2026-05-01T00:00:00+00:00,New,Plumbing Permit,,"Red Kings Plumbing Contractors LLC,",Active,5121 E HOWARD LN BLDG 1,78653,Commercial,2109862480,https://abc.austintexas.gov/web/permit/public-search-other?t_detail=1&t_selected_folderrsn=13674566,2026-05-01T00:00:00+00:00,"{""permittype"": ""PP"", ""permit_type_desc"": ""Plumbing Permit"", ""permit_number"": ""2026-035061 PP"", ""permit_class_mapped"": ""Commercial"", ""permit_class"": ""Commercial"", ""work_class"": ""New"", ""condominium"": ""No"", ""permit_location"": ""5121 E HOWARD LN BLDG 1"", ""description"": ""New construction multi-family in the etj 32706 sqft"", ""tcad_id"": ""0251410311"", ""legal_description"": ""ABS 160 SUR 50 CASTRO M ACR 45.592"", ""applieddate"": ""2026-03-24T00:00:00.000"", ""issue_date"": ""2026-05-01T00:00:00.000"", ""day_issued"": ""FRIDAY"", ""calendar_year_issued"": ""2026"", ""fiscal_year_issued"": ""2026"", ""issued_in_last_30_days"": ""Yes"", ""issue_method"": ""Permit Center"", ""status_current"": ""Active"", ""statusdate"": ""2026-05-01T00:00:00.000"", ""expiresdate"": ""2026-10-28T00:00:00.000"", ""total_new_add_sqft"": ""32706"", ""number_of_floors"": ""3"", ""housing_units"": ""36"", ""original_address1"": ""5121 E HOWARD LN BLDG 1"", ""original_city"": ""AUSTIN"", ""original_state"": ""TX"", ""original_zip"": ""78653"", ""jurisdiction"": ""AUSTIN 2 MILE ETJ"", ""link"": {""url"": ""https://abc.austintexas.gov/web/permit/public-search-other?t_detail=1&t_selected_folderrsn=13674566""}, ""project_id"": ""13674566"", ""contractor_trade"": ""Plumbing Contractor"", ""contractor_company_name"": ""Red Kings Plumbing Contractors LLC,"", ""contractor_full_name"": ""Ubaldo De Santiago"", ""contractor_phone"": ""2109862480"", ""contractor_address1"": ""PO BOX 70170"", ""contractor_city"": ""San Antonio"", ""contractor_zip"": ""78270-____"", ""certificate_of_occupancy"": ""No""}",2026-05-03T07:18:31.559594+00:00
2026-054176 PP,Replacement of an existing water heater Replace like/like E water heater.,2026-05-01T00:00:00+00:00,Change Out,Plumbing Permit,,ABC Home & Commercial Service,Active,10903 CALLANISH PARK DR,78750,Residential,5128379500,https://abc.austintexas.gov/web/permit/public-search-other?t_detail=1&t_selected_folderrsn=13696433,2026-05-01T00:00:00+00:00,"{""permittype"": ""PP"", ""permit_type_desc"": ""Plumbing Permit"", ""permit_number"": ""2026-054176 PP"", ""permit_class_mapped"": ""Residential"", ""permit_class"": ""Residential"", ""work_class"": ""Change Out"", ""permit_location"": ""10903 CALLANISH PARK DR"", ""description"": ""Replacement of an existing water heater Replace like/like E water heater."", ""tcad_id"": ""0166110106"", ""legal_description"": ""LOT 76 BLK D PARK AT SPICEWOOD SPRINGS PHS 1 SEC III"", ""applieddate"": ""2026-04-30T00:00:00.000"", ""issue_date"": ""2026-05-01T00:00:00.000"", ""day_issued"": ""FRIDAY"", ""calendar_year_issued"": ""2026"", ""fiscal_year_issued"": ""2026"", ""issued_in_last_30_days"": ""Yes"", ""issue_method"": ""Permit Center"", ""status_current"": ""Active"", ""statusdate"": ""2026-05-01T00:00:00.000"", ""expiresdate"": ""2026-10-28T00:00:00.000"", ""original_address1"": ""10903 CALLANISH PARK DR"", ""original_city"": ""AUSTIN"", ""original_state"": ""TX"", ""original_zip"": ""78750"", ""council_district"": ""6"", ""jurisdiction"": ""AUSTIN FULL PURPOSE"", ""link"": {""url"": ""https://abc.austintexas.gov/web/permit/public-search-other?t_detail=1&t_selected_folderrsn=13696433""}, ""project_id"": ""13696433"", ""latitude"": ""30.42817833"", ""longitude"": ""-97.78883603"", ""location"": {""latitude"": ""30.42817833"", ""longitude"": ""-97.78883603"", ""human_address"": ""{\""address\"": \""\"", \""city\"": \""\"", \""state\"": \""\"", \""zip\"": \""\""}""}, ""contractor_trade"": ""Plumbing Contractor"", ""contractor_company_name"": ""ABC Home & Commercial Service"", ""contractor_full_name"": ""Mike Yazolino"", ""contractor_phone"": ""5128379500"", ""contractor_address2"": ""9475 E Highw"", ""contractor_city"": ""Austin"", ""contractor_zip"": ""78724""}",2026-05-03T07:18:31.559594+00:00
2026-051918 EP,ev install,2026-05-01T00:00:00+00:00,Special Inspections Program,Electrical Permit,,Industrial Elect,Active,4549 GOLF VISTA DR,78730,Residential,5127385900,https://abc.austintexas.gov/web/permit/public-search-other?t_detail=1&t_selected_folderrsn=13693895,2026-05-01T00:00:00+00:00,"{""permittype"": ""EP"", ""permit_type_desc"": ""Electrical Permit"", ""permit_number"": ""2026-051918 EP"", ""permit_class_mapped"": ""Residential"", ""permit_class"": ""Residential"", ""work_class"": ""Special Inspections Program"", ""condominium"": ""No"", ""permit_location"": ""4549 GOLF VISTA DR"", ""description"": ""ev install"", ""tcad_id"": ""0143340220"", ""legal_description"": ""LOT 168 BLK Q OVERLOOK AT RIVER PLACE THE"", ""applieddate"": ""2026-04-27T00:00:00.000"", ""issue_date"": ""2026-05-01T00:00:00.000"", ""day_issued"": ""FRIDAY"", ""calendar_year_issued"": ""2026"", ""fiscal_year_issued"": ""2026"", ""issued_in_last_30_days"": ""Yes"", ""issue_method"": ""Permit Center"", ""status_current"": ""Active"", ""statusdate"": ""2026-05-01T00:00:00.000"", ""expiresdate"": ""2026-10-28T00:00:00.000"", ""electrical_valuation_remodel"": ""2000"", ""original_address1"": ""4549 GOLF VISTA DR"", ""original_city"": ""AUSTIN"", ""original_state"": ""TX"", ""original_zip"": ""78730"", ""council_district"": ""10"", ""jurisdiction"": ""AUSTIN FULL PURPOSE"", ""link"": {""url"": ""https://abc.austintexas.gov/web/permit/public-search-other?t_detail=1&t_selected_folderrsn=13693895""}, ""project_id"": ""13693895"", ""latitude"": ""30.37164171"", ""longitude"": ""-97.85651833"", ""location"": {""latitude"": ""30.37164171"", ""longitude"": ""-97.85651833"", ""human_address"": ""{\""address\"": \""\"", \""city\"": \""\"", \""state\"": \""\"", \""zip\"": \""\""}""}, ""contractor_trade"": ""Electrical Contractor"", ""contractor_company_name"": ""Industrial Elect"", ""contractor_full_name"": ""Mark A Brendalen"", ""contractor_phone"": ""5127385900"", ""contractor_address1"": ""P.O.Box 1493"", ""contractor_address2"": ""908  Sycamor"", ""contractor_city"": ""San Marcos"", ""contractor_zip"": ""78666"", ""certificate_of_occupancy"": ""No""}",2026-05-03T07:18:31.559594+00:00
2026-050632 EP,Express - Replaces windows doors flooring cabinets replace electric plugs switches outfits replace plumbing fixtures (faucets shower & bath valves) re,2026-05-01T00:00:00+00:00,Repair,Electrical Permit,,Anzaldua Electric Inc,Active,8307 COPANO DR,78749,Residential,5123082072,https://abc.austintexas.gov/web/permit/public-search-other?t_detail=1&t_selected_folderrsn=13692464,2026-05-01T00:00:00+00:00,"{""permittype"": ""EP"", ""permit_type_desc"": ""Electrical Permit"", ""permit_number"": ""2026-050632 EP"", ""permit_class_mapped"": ""Residential"", ""permit_class"": ""R- 435 Renovations/Remodel"", ""work_class"": ""Repair"", ""condominium"": ""No"", ""permit_location"": ""8307 COPANO DR"", ""description"": ""Express - Replaces windows doors flooring cabinets replace electric plugs switches outfits replace plumbing fixtures (faucets shower & bath valves) re"", ""tcad_id"": ""0418300907"", ""legal_description"": ""LOT 24 BLK Z MAPLE RUN SEC 6"", ""applieddate"": ""2026-04-23T00:00:00.000"", ""issue_date"": ""2026-05-01T00:00:00.000"", ""day_issued"": ""FRIDAY"", ""calendar_year_issued"": ""2026"", ""fiscal_year_issued"": ""2026"", ""issued_in_last_30_days"": ""Yes"", ""issue_method"": ""Permit Center"", ""status_current"": ""Active"", ""statusdate"": ""2026-05-01T00:00:00.000"", ""expiresdate"": ""2026-10-25T00:00:00.000"", ""remodel_repair_sqft"": ""1"", ""number_of_floors"": ""1"", ""housing_units"": ""1"", ""electrical_valuation_remodel"": ""1000"", ""original_address1"": ""8307 COPANO DR"", ""original_city"": ""AUSTIN"", ""original_state"": ""TX"", ""original_zip"": ""78749"", ""council_district"": ""8"", ""jurisdiction"": ""AUSTIN FULL PURPOSE"", ""link"": {""url"": ""https://abc.austintexas.gov/web/permit/public-search-other?t_detail=1&t_selected_folderrsn=13692464""}, ""project_id"": ""13692464"", ""masterpermitnum"": ""13692463"", ""latitude"": ""30.20655099"", ""longitude"": ""-97.85055511"", ""location"": {""latitude"": ""30.20655099"", ""longitude"": ""-97.85055511"", ""human_address"": ""{\""address\"": \""\"", \""city\"": \""\"", \""state\"": \""\"", \""zip\"": \""\""}""}, ""contractor_trade"": ""Electrical Contractor"", ""contractor_company_name"": ""Anzaldua Electric Inc"", ""contractor_full_name"": ""Julio C Anzaldua"", ""contractor_phone"": ""5123082072"", ""contractor_address2"": ""161  Cedar S"", ""contractor_city"": ""Bastrop"", ""contractor_zip"": ""78602"", ""certificate_of_occupancy"": ""No""}",2026-05-03T07:18:31.559594+00:00
2026-028720 PP,*S.M.A.R.T. HOUSING* *GREEN BUILDING* ePlan: Residential Expedited Review - New construction of a 3-Story Townhome [3bed 3.5bath] with Attached Garage,2026-05-01T00:00:00+00:00,New,Plumbing Permit,,Victory Plumbing Company,Active,4206 ENDURANCE WAY,78731,Residential,5129907200,https://abc.austintexas.gov/web/permit/public-search-other?t_detail=1&t_selected_folderrsn=13667479,2026-05-01T00:00:00+00:00,"{""permittype"": ""PP"", ""permit_type_desc"": ""Plumbing Permit"", ""permit_number"": ""2026-028720 PP"", ""permit_class_mapped"": ""Residential"", ""permit_class"": ""R- 101 Single Family Houses"", ""work_class"": ""New"", ""condominium"": ""No"", ""permit_location"": ""4206 ENDURANCE WAY"", ""description"": ""*S.M.A.R.T. HOUSING* *GREEN BUILDING* ePlan: Residential Expedited Review - New construction of a 3-Story Townhome [3bed 3.5bath] with Attached Garage"", ""tcad_id"": ""0124000601"", ""applieddate"": ""2026-02-04T00:00:00.000"", ""issue_date"": ""2026-05-01T00:00:00.000"", ""day_issued"": ""FRIDAY"", ""calendar_year_issued"": ""2026"", ""fiscal_year_issued"": ""2026"", ""issued_in_last_30_days"": ""Yes"", ""issue_method"": ""Permit Center"", ""status_current"": ""Active"", ""statusdate"": ""2026-05-01T00:00:00.000"", ""expiresdate"": ""2026-09-13T00:00:00.000"", ""total_new_add_sqft"": ""3270"", ""number_of_floors"": ""3"", ""housing_units"": ""1"", ""original_address1"": ""4206 ENDURANCE WAY"", ""original_city"": ""AUSTIN"", ""original_state"": ""TX"", ""original_zip"": ""78731"", ""council_district"": ""10"", ""jurisdiction"": ""AUSTIN FULL PURPOSE"", ""link"": {""url"": ""https://abc.austintexas.gov/web/permit/public-search-other?t_detail=1&t_selected_folderrsn=13667479""}, ""project_id"": ""13667479"", ""masterpermitnum"": ""13667217"", ""latitude"": ""30.31587496"", ""longitude"": ""-97.75404815"", ""location"": {""latitude"": ""30.31587496"", ""longitude"": ""-97.75404815"", ""human_address"": ""{\""address\"": \""\"", \""city\"": \""\"", \""state\"": \""\"", \""zip\"": \""\""}""}, ""contractor_trade"": ""Plumbing Contractor"", ""contractor_company_name"": ""Victory Plumbing Company"", ""contractor_full_name"": ""Randolph Taylor"", ""contractor_phone"": ""5129907200"", ""contractor_address2"": ""1175  Countr"", ""contractor_city"": ""HUTTO"", ""contractor_zip"": ""78634"", ""certificate_of_occupancy"": ""No""}",2026-05-03T07:18:31.559594+00:00
2026-045283 EP,ePlan: Commercial Expedited Review - Interior Remodel to Existing Office (151395 SF),2026-05-01T00:00:00+00:00,Remodel,Electrical Permit,,Carroll Electric,Active,7800 SHOAL CREEK BLVD UNIT E100,78757,Commercial,5127486203,https://abc.austintexas.gov/web/permit/public-search-other?t_detail=1&t_selected_folderrsn=13686143,2026-05-01T00:00:00+00:00,"{""permittype"": ""EP"", ""permit_type_desc"": ""Electrical Permit"", ""permit_number"": ""2026-045283 EP"", ""permit_class_mapped"": ""Commercial"", ""permit_class"": ""C-1000 Commercial Remodel"", ""work_class"": ""Remodel"", ""condominium"": ""No"", ""permit_location"": ""7800 SHOAL CREEK BLVD UNIT E100"", ""description"": ""ePlan: Commercial Expedited Review - Interior Remodel to Existing Office (151395 SF)"", ""tcad_id"": ""0240030202"", ""legal_description"": ""LOT 1 *RESUB OF LOT A AUSTIN NORTHWEST SUBD"", ""applieddate"": ""2026-03-13T00:00:00.000"", ""issue_date"": ""2026-05-01T00:00:00.000"", ""day_issued"": ""FRIDAY"", ""calendar_year_issued"": ""2026"", ""fiscal_year_issued"": ""2026"", ""issued_in_last_30_days"": ""Yes"", ""issue_method"": ""Permit Center"", ""status_current"": ""Active"", ""statusdate"": ""2026-05-01T00:00:00.000"", ""expiresdate"": ""2026-10-27T00:00:00.000"", ""remodel_repair_sqft"": ""12307"", ""number_of_floors"": ""2"", ""housing_units"": ""1"", ""electrical_valuation_remodel"": ""30000"", ""original_address1"": ""7800 SHOAL CREEK BLVD UNIT E100"", ""original_city"": ""AUSTIN"", ""original_state"": ""TX"", ""original_zip"": ""78757"", ""council_district"": ""7"", ""jurisdiction"": ""AUSTIN FULL PURPOSE"", ""link"": {""url"": ""https://abc.austintexas.gov/web/permit/public-search-other?t_detail=1&t_selected_folderrsn=13686143""}, ""project_id"": ""13686143"", ""masterpermitnum"": ""13686141"", ""latitude"": ""30.35982497"", ""longitude"": ""-97.74215623"", ""location"": {""latitude"": ""30.35982497"", ""longitude"": ""-97.74215623"", ""human_address"": ""{\""address\"": \""\"", \""city\"": \""\"", \""state\"": \""\"", \""zip\"": \""\""}""}, ""contractor_trade"": ""Electrical Contractor"", ""contractor_company_name"": ""Carroll Electric"", ""contractor_full_name"": ""Richard Carroll"", ""contractor_phone"": ""5127486203"", ""contractor_address1"": ""12311 HAVELO"", ""contractor_address2"": ""AUSTIN TX  7"", ""contractor_city"": ""Austin"", ""contractor_zip"": ""78759"", ""certificate_of_occupancy"": ""No""}",2026-05-03T07:18:31.559594+00:00
2026-053373 PP,Replacement of an existing water heater swapping out old gas tankless water heater for a similar model,2026-05-01T00:00:00+00:00,Change Out,Plumbing Permit,,Reliant Plumbing,Active,2002 HOLLY ST,78702,Residential,5126754420,https://abc.austintexas.gov/web/permit/public-search-other?t_detail=1&t_selected_folderrsn=13695485,2026-05-01T00:00:00+00:00,"{""permittype"": ""PP"", ""permit_type_desc"": ""Plumbing Permit"", ""permit_number"": ""2026-053373 PP"", ""permit_class_mapped"": ""Residential"", ""permit_class"": ""Residential"", ""work_class"": ""Change Out"", ""permit_location"": ""2002 HOLLY ST"", ""description"": ""Replacement of an existing water heater swapping out old gas tankless water heater for a similar model"", ""tcad_id"": ""0202080615"", ""legal_description"": ""LOT 10 BLK E OLT 49&50 DIV O DRIVING PARK ADDN"", ""applieddate"": ""2026-04-29T00:00:00.000"", ""issue_date"": ""2026-05-01T00:00:00.000"", ""day_issued"": ""FRIDAY"", ""calendar_year_issued"": ""2026"", ""fiscal_year_issued"": ""2026"", ""issued_in_last_30_days"": ""Yes"", ""issue_method"": ""Permit Center"", ""status_current"": ""Active"", ""statusdate"": ""2026-05-01T00:00:00.000"", ""expiresdate"": ""2026-10-28T00:00:00.000"", ""original_address1"": ""2002 HOLLY ST"", ""original_city"": ""AUSTIN"", ""original_state"": ""TX"", ""original_zip"": ""78702"", ""council_district"": ""3"", ""jurisdiction"": ""AUSTIN FULL PURPOSE"", ""link"": {""url"": ""https://abc.austintexas.gov/web/permit/public-search-other?t_detail=1&t_selected_folderrsn=13695485""}, ""project_id"": ""13695485"", ""latitude"": ""30.25306151"", ""longitude"": ""-97.72464132"", ""location"": {""latitude"": ""30.25306151"", ""longitude"": ""-97.72464132"", ""human_address"": ""{\""address\"": \""\"", \""city\"": \""\"", \""state\"": \""\"", \""zip\"": \""\""}""}, ""contractor_trade"": ""Plumbing Contractor"", ""contractor_company_name"": ""Reliant Plumbing"", ""contractor_full_name"": ""Jason Oliphant"", ""contractor_phone"": ""5126754420"", ""contractor_address2"": ""3841  SR RR"", ""contractor_city"": ""Austin"", ""contractor_zip"": ""78734-____""}",2026-05-03T07:18:31.559594+00:00
2026-050728 PP,"Replacement of an existing water heater 40 gallon gas water heater change out 

9009 Kimono Ridge Drive Austin TX 78748",2026-05-01T00:00:00+00:00,Change Out,Plumbing Permit,,Radiant Plumbing & AC,Active,9009 KIMONO RIDGE DR,78748,Residential,5122639988,https://abc.austintexas.gov/web/permit/public-search-other?t_detail=1&t_selected_folderrsn=13692572,2026-05-01T00:00:00+00:00,"{""permittype"": ""PP"", ""permit_type_desc"": ""Plumbing Permit"", ""permit_number"": ""2026-050728 PP"", ""permit_class_mapped"": ""Residential"", ""permit_class"": ""Residential"", ""work_class"": ""Change Out"", ""permit_location"": ""9009 KIMONO RIDGE DR"", ""description"": ""Replacement of an existing water heater 40 gallon gas water heater change out \n\n9009 Kimono Ridge Drive Austin TX 78748"", ""tcad_id"": ""0426191005"", ""legal_description"": ""LOT 44 BLK B LAURELWOOD ESTATES"", ""applieddate"": ""2026-04-24T00:00:00.000"", ""issue_date"": ""2026-05-01T00:00:00.000"", ""day_issued"": ""FRIDAY"", ""calendar_year_issued"": ""2026"", ""fiscal_year_issued"": ""2026"", ""issued_in_last_30_days"": ""Yes"", ""issue_method"": ""Permit Center"", ""status_current"": ""Active"", ""statusdate"": ""2026-05-01T00:00:00.000"", ""expiresdate"": ""2026-10-28T00:00:00.000"", ""original_address1"": ""9009 KIMONO RIDGE DR"", ""original_city"": ""AUSTIN"", ""original_state"": ""TX"", ""original_zip"": ""78748"", ""council_district"": ""5"", ""jurisdiction"": ""AUSTIN FULL PURPOSE"", ""link"": {""url"": ""https://abc.austintexas.gov/web/permit/public-search-other?t_detail=1&t_selected_folderrsn=13692572""}, ""project_id"": ""13692572"", ""latitude"": ""30.18100367"", ""longitude"": ""-97.81646263"", ""location"": {""latitude"": ""30.18100367"", ""longitude"": ""-97.81646263"", ""human_address"": ""{\""address\"": \""\"", \""city\"": \""\"", \""state\"": \""\"", \""zip\"": \""\""}""}, ""contractor_trade"": ""Plumbing Contractor"", ""contractor_company_name"": ""Radiant Plumbing & AC"", ""contractor_full_name"": ""Jacob Schmidt"", ""contractor_phone"": ""5122639988"", ""contractor_address2"": ""901  REINLI"", ""contractor_city"": ""AUSTIN"", ""contractor_zip"": ""78751-____""}",2026-05-03T07:18:31.559594+00:00
2026-044945 EP,ePlan: Commercial Expedited Review -[APPROVED] Interior Remodel to Convert Building to House Breakroom and General Maintenance (1512 SF).,2026-05-01T00:00:00+00:00,Remodel,Electrical Permit,,T M Electric,Active,7050 BURLESON RD,78744,Commercial,5128348174,https://abc.austintexas.gov/web/permit/public-search-other?t_detail=1&t_selected_folderrsn=13686054,2026-05-01T00:00:00+00:00,"{""permittype"": ""EP"", ""permit_type_desc"": ""Electrical Permit"", ""permit_number"": ""2026-044945 EP"", ""permit_class_mapped"": ""Commercial"", ""permit_class"": ""C-1000 Commercial Remodel"", ""work_class"": ""Remodel"", ""condominium"": ""No"", ""permit_location"": ""7050 BURLESON RD"", ""description"": ""ePlan: Commercial Expedited Review -[APPROVED] Interior Remodel to Convert Building to House Breakroom and General Maintenance (1512 SF)."", ""tcad_id"": ""0318130701"", ""applieddate"": ""2026-03-05T00:00:00.000"", ""issue_date"": ""2026-05-01T00:00:00.000"", ""day_issued"": ""FRIDAY"", ""calendar_year_issued"": ""2026"", ""fiscal_year_issued"": ""2026"", ""issued_in_last_30_days"": ""Yes"", ""issue_method"": ""Permit Center"", ""status_current"": ""Active"", ""statusdate"": ""2026-05-01T00:00:00.000"", ""expiresdate"": ""2026-10-14T00:00:00.000"", ""remodel_repair_sqft"": ""1512"", ""number_of_floors"": ""1"", ""housing_units"": ""1"", ""electrical_valuation_remodel"": ""1"", ""original_address1"": ""7050 BURLESON RD"", ""original_city"": ""AUSTIN"", ""original_state"": ""TX"", ""original_zip"": ""78744"", ""council_district"": ""2"", ""jurisdiction"": ""AUSTIN FULL PURPOSE"", ""link"": {""url"": ""https://abc.austintexas.gov/web/permit/public-search-other?t_detail=1&t_selected_folderrsn=13686054""}, ""project_id"": ""13686054"", ""masterpermitnum"": ""13685730"", ""contractor_trade"": ""Electrical Contractor"", ""contractor_company_name"": ""T M Electric"", ""contractor_full_name"": ""Tim Moll"", ""contractor_phone"": ""5128348174"", ""contractor_address2"": ""9802  Gray B"", ""contractor_city"": ""Austin"", ""contractor_zip"": ""78758"", ""certificate_of_occupancy"": ""No""}",2026-05-03T07:18:31.559594+00:00
2026-047524 EP,Remodel existing 1st floor hospital areas.,2026-05-01T00:00:00+00:00,Remodel,Electrical Permit,,Prism Electric Inc,Active,12221 N MOPAC EXPY SVRD NB,78758,Commercial,5129262000,https://abc.austintexas.gov/web/permit/public-search-other?t_detail=1&t_selected_folderrsn=13688765,2026-05-01T00:00:00+00:00,"{""permittype"": ""EP"", ""permit_type_desc"": ""Electrical Permit"", ""permit_number"": ""2026-047524 EP"", ""permit_class_mapped"": ""Commercial"", ""permit_class"": ""C-1000 Commercial Remodel"", ""work_class"": ""Remodel"", ""condominium"": ""No"", ""permit_location"": ""12221 N MOPAC EXPY SVRD NB"", ""description"": ""Remodel existing 1st floor hospital areas."", ""tcad_id"": ""0260130901"", ""legal_description"": ""36.3670 A LOT 1 BLK B CENTRUM SUBD THE RESUB OF BLK B & E"", ""applieddate"": ""2025-08-06T00:00:00.000"", ""issue_date"": ""2026-05-01T00:00:00.000"", ""day_issued"": ""FRIDAY"", ""calendar_year_issued"": ""2026"", ""fiscal_year_issued"": ""2026"", ""issued_in_last_30_days"": ""Yes"", ""issue_method"": ""Permit Center"", ""status_current"": ""Active"", ""statusdate"": ""2026-05-01T00:00:00.000"", ""expiresdate"": ""2026-10-27T00:00:00.000"", ""remodel_repair_sqft"": ""826"", ""number_of_floors"": ""5"", ""housing_units"": ""1"", ""electrical_valuation_remodel"": ""167100"", ""original_address1"": ""12221 N MOPAC EXPY SVRD NB"", ""original_city"": ""AUSTIN"", ""original_state"": ""TX"", ""original_zip"": ""78758"", ""council_district"": ""7"", ""jurisdiction"": ""AUSTIN FULL PURPOSE"", ""link"": {""url"": ""https://abc.austintexas.gov/web/permit/public-search-other?t_detail=1&t_selected_folderrsn=13688765""}, ""project_id"": ""13688765"", ""masterpermitnum"": ""13688761"", ""latitude"": ""30.41218895"", ""longitude"": ""-97.70577289"", ""location"": {""latitude"": ""30.41218895"", ""longitude"": ""-97.70577289"", ""human_address"": ""{\""address\"": \""\"", \""city\"": \""\"", \""state\"": \""\"", \""zip\"": \""\""}""}, ""contractor_trade"": ""Electrical Contractor"", ""contractor_company_name"": ""Prism Electric Inc"", ""contractor_full_name"": ""Blake Combs"", ""contractor_phone"": ""5129262000"", ""contractor_address2"": ""2985  Market"", ""contractor_city"": ""Garland"", ""contractor_zip"": ""75041-____"", ""certificate_of_occupancy"": ""No""}",2026-05-03T07:18:31.559594+00:00
2026-028760 EP,Falcon S404 A Left New - 2 Story SFR w/ 4 bedrooms 2.5 bathrooms attached 2 car garage covered entry porch and patio required parking: 2.,2026-05-01T00:00:00+00:00,New,Electrical Permit,,Landmark Electric,Active,4512 LAVA ISLAND DR,78747,Residential,5124917718,https://abc.austintexas.gov/web/permit/public-search-other?t_detail=1&t_selected_folderrsn=13667277,2026-05-01T00:00:00+00:00,"{""permittype"": ""EP"", ""permit_type_desc"": ""Electrical Permit"", ""permit_number"": ""2026-028760 EP"", ""permit_class_mapped"": ""Residential"", ""permit_class"": ""R- 101 Single Family Houses"", ""work_class"": ""New"", ""condominium"": ""No"", ""permit_location"": ""4512 LAVA ISLAND DR"", ""description"": ""Falcon S404 A Left New - 2 Story SFR w/ 4 bedrooms 2.5 bathrooms attached 2 car garage covered entry porch and patio required parking: 2."", ""tcad_id"": ""0447110903"", ""legal_description"": ""CASCADES AT ONION CREEK EAST PHS 3 BLK I LOT 43"", ""applieddate"": ""2026-02-26T00:00:00.000"", ""issue_date"": ""2026-05-01T00:00:00.000"", ""day_issued"": ""FRIDAY"", ""calendar_year_issued"": ""2026"", ""fiscal_year_issued"": ""2026"", ""issued_in_last_30_days"": ""Yes"", ""issue_method"": ""Permit Center"", ""status_current"": ""Active"", ""statusdate"": ""2026-05-01T00:00:00.000"", ""expiresdate"": ""2026-10-28T00:00:00.000"", ""total_new_add_sqft"": ""2848"", ""number_of_floors"": ""2"", ""housing_units"": ""1"", ""original_address1"": ""4512 LAVA ISLAND DR"", ""original_city"": ""AUSTIN"", ""original_state"": ""TX"", ""original_zip"": ""78747"", ""council_district"": ""5"", ""jurisdiction"": ""AUSTIN FULL PURPOSE"", ""link"": {""url"": ""https://abc.austintexas.gov/web/permit/public-search-other?t_detail=1&t_selected_folderrsn=13667277""}, ""project_id"": ""13667277"", ""masterpermitnum"": ""13667272"", ""contractor_trade"": ""Electrical Contractor"", ""contractor_company_name"": ""Landmark Electric"", ""contractor_full_name"": ""Robert W Brown"", ""contractor_phone"": ""5124917718"", ""contractor_address2"": ""2008  PICADI"", ""contractor_city"": ""ROUND ROCK"", ""contractor_zip"": ""78664"", ""certificate_of_occupancy"": ""No""}",2026-05-03T07:18:31.559594+00:00
2026-054597 PP,Change from regular Waterheater To tankless w/h for Unit C of the fourplex,2026-05-01T00:00:00+00:00,Repair,Plumbing Permit,,Loredos Plumbing,Active,4401 MATTIE ST UNIT C,78723,Commercial,7372636253,https://abc.austintexas.gov/web/permit/public-search-other?t_detail=1&t_selected_folderrsn=13696930,2026-05-01T00:00:00+00:00,"{""permittype"": ""PP"", ""permit_type_desc"": ""Plumbing Permit"", ""permit_number"": ""2026-054597 PP"", ""permit_class_mapped"": ""Commercial"", ""permit_class"": ""Commercial"", ""work_class"": ""Repair"", ""condominium"": ""No"", ""permit_location"": ""4401 MATTIE ST UNIT C"", ""description"": ""Change from regular Waterheater To tankless w/h for Unit C of the fourplex"", ""tcad_id"": ""0217161401"", ""applieddate"": ""2026-05-01T00:00:00.000"", ""issue_date"": ""2026-05-01T00:00:00.000"", ""day_issued"": ""FRIDAY"", ""calendar_year_issued"": ""2026"", ""fiscal_year_issued"": ""2026"", ""issued_in_last_30_days"": ""Yes"", ""issue_method"": ""Permit Center"", ""status_current"": ""Active"", ""statusdate"": ""2026-05-01T00:00:00.000"", ""expiresdate"": ""2026-10-28T00:00:00.000"", ""number_of_floors"": ""0"", ""plumbing_valuation"": ""0"", ""original_address1"": ""4401 MATTIE ST UNIT C"", ""original_city"": ""AUSTIN"", ""original_state"": ""TX"", ""original_zip"": ""78723"", ""council_district"": ""9"", ""jurisdiction"": ""AUSTIN FULL PURPOSE"", ""link"": {""url"": ""https://abc.austintexas.gov/web/permit/public-search-other?t_detail=1&t_selected_folderrsn=13696930""}, ""project_id"": ""13696930"", ""contractor_trade"": ""Plumbing Contractor"", ""contractor_company_name"": ""Loredos Plumbing"", ""contractor_full_name"": ""Reynaldo Loredo"", ""contractor_phone"": ""7372636253"", ""contractor_address2"": ""13001  Amary"", ""contractor_city"": ""ELGIN"", ""contractor_zip"": ""78621-____"", ""certificate_of_occupancy"": ""No""}",2026-05-03T07:18:31.559594+00:00
2026-051561 PP,Excavate 20 tunnel to repair main drain line under house,2026-05-01T00:00:00+00:00,Repair,Plumbing Permit,,Radiant Plumbing & AC,Active,13201 BROADMEADE AVE,78729,Residential,5122639988,https://abc.austintexas.gov/web/permit/public-search-other?t_detail=1&t_selected_folderrsn=13693511,2026-05-01T00:00:00+00:00,"{""permittype"": ""PP"", ""permit_type_desc"": ""Plumbing Permit"", ""permit_number"": ""2026-051561 PP"", ""permit_class_mapped"": ""Residential"", ""permit_class"": ""Residential"", ""work_class"": ""Repair"", ""condominium"": ""No"", ""permit_location"": ""13201 BROADMEADE AVE"", ""description"": ""Excavate 20 tunnel to repair main drain line under house"", ""tcad_id"": ""R062946"", ""legal_description"": ""FOREST NORTH ESTATES PHASE 2 LOT 188"", ""applieddate"": ""2026-04-27T00:00:00.000"", ""issue_date"": ""2026-05-01T00:00:00.000"", ""day_issued"": ""FRIDAY"", ""calendar_year_issued"": ""2026"", ""fiscal_year_issued"": ""2026"", ""issued_in_last_30_days"": ""Yes"", ""issue_method"": ""Permit Center"", ""status_current"": ""Active"", ""statusdate"": ""2026-05-01T00:00:00.000"", ""expiresdate"": ""2026-10-28T00:00:00.000"", ""remodel_repair_sqft"": ""1500"", ""number_of_floors"": ""0"", ""housing_units"": ""1"", ""original_address1"": ""13201 BROADMEADE AVE"", ""original_city"": ""AUSTIN"", ""original_state"": ""TX"", ""original_zip"": ""78729"", ""jurisdiction"": ""AUSTIN 2 MILE ETJ"", ""link"": {""url"": ""https://abc.austintexas.gov/web/permit/public-search-other?t_detail=1&t_selected_folderrsn=13693511""}, ""project_id"": ""13693511"", ""latitude"": ""30.46134792"", ""longitude"": ""-97.77875616"", ""location"": {""latitude"": ""30.46134792"", ""longitude"": ""-97.77875616"", ""human_address"": ""{\""address\"": \""\"", \""city\"": \""\"", \""state\"": \""\"", \""zip\"": \""\""}""}, ""contractor_trade"": ""Plumbing Contractor"", ""contractor_company_name"": ""Radiant Plumbing & AC"", ""contractor_full_name"": ""Jacob Schmidt"", ""contractor_phone"": ""5122639988"", ""contractor_address2"": ""901  REINLI"", ""contractor_city"": ""AUSTIN"", ""contractor_zip"": ""78751-____"", ""certificate_of_occupancy"": ""No""}",2026-05-03T07:18:31.559594+00:00
2026-053593 EP,New construction sfr in the etj,2026-05-01T00:00:00+00:00,New,Electrical Permit,,"IES Residential, Inc.",Active,5613 BOTTICELLI DR,78747,Residential,5122520040,https://abc.austintexas.gov/web/permit/public-search-other?t_detail=1&t_selected_folderrsn=13695736,2026-05-01T00:00:00+00:00,"{""permittype"": ""EP"", ""permit_type_desc"": ""Electrical Permit"", ""permit_number"": ""2026-053593 EP"", ""permit_class_mapped"": ""Residential"", ""permit_class"": ""Residential"", ""work_class"": ""New"", ""condominium"": ""No"", ""permit_location"": ""5613 BOTTICELLI DR"", ""description"": ""New construction sfr in the etj"", ""tcad_id"": ""0449071304"", ""legal_description"": ""WEST BELLA FORTUNA PHS 3 (SMALL LT SUBD) BLK G LOT 40"", ""applieddate"": ""2026-04-30T00:00:00.000"", ""issue_date"": ""2026-05-01T00:00:00.000"", ""day_issued"": ""FRIDAY"", ""calendar_year_issued"": ""2026"", ""fiscal_year_issued"": ""2026"", ""issued_in_last_30_days"": ""Yes"", ""issue_method"": ""Permit Center"", ""status_current"": ""Active"", ""statusdate"": ""2026-05-01T00:00:00.000"", ""expiresdate"": ""2026-10-28T00:00:00.000"", ""total_new_add_sqft"": ""0"", ""number_of_floors"": ""1"", ""housing_units"": ""1"", ""original_address1"": ""5613 BOTTICELLI DR"", ""original_city"": ""AUSTIN"", ""original_state"": ""TX"", ""original_zip"": ""78747"", ""jurisdiction"": ""AUSTIN 2 MILE ETJ"", ""link"": {""url"": ""https://abc.austintexas.gov/web/permit/public-search-other?t_detail=1&t_selected_folderrsn=13695736""}, ""project_id"": ""13695736"", ""contractor_trade"": ""Electrical Contractor"", ""contractor_company_name"": ""IES Residential, Inc."", ""contractor_full_name"": ""William B. Crist Jr."", ""contractor_phone"": ""5122520040"", ""contractor_address2"": ""821  GRAND A"", ""contractor_city"": ""PFLUGERVILLE"", ""contractor_zip"": ""78660-____"", ""certificate_of_occupancy"": ""No""}",2026-05-03T07:18:31.559594+00:00
2026-035078 PP,New construction multi-family in the etj 33954 sqft,2026-05-01T00:00:00+00:00,New,Plumbing Permit,,"Red Kings Plumbing Contractors LLC,",Active,5121 E HOWARD LN BLDG 4,78653,Commercial,2109862480,https://abc.austintexas.gov/web/permit/public-search-other?t_detail=1&t_selected_folderrsn=13674583,2026-05-01T00:00:00+00:00,"{""permittype"": ""PP"", ""permit_type_desc"": ""Plumbing Permit"", ""permit_number"": ""2026-035078 PP"", ""permit_class_mapped"": ""Commercial"", ""permit_class"": ""Commercial"", ""work_class"": ""New"", ""condominium"": ""No"", ""permit_location"": ""5121 E HOWARD LN BLDG 4"", ""description"": ""New construction multi-family in the etj 33954 sqft"", ""tcad_id"": ""0251410311"", ""legal_description"": ""ABS 160 SUR 50 CASTRO M ACR 45.592"", ""applieddate"": ""2026-03-24T00:00:00.000"", ""issue_date"": ""2026-05-01T00:00:00.000"", ""day_issued"": ""FRIDAY"", ""calendar_year_issued"": ""2026"", ""fiscal_year_issued"": ""2026"", ""issued_in_last_30_days"": ""Yes"", ""issue_method"": ""Permit Center"", ""status_current"": ""Active"", ""statusdate"": ""2026-05-01T00:00:00.000"", ""expiresdate"": ""2026-10-28T00:00:00.000"", ""total_new_add_sqft"": ""33954"", ""number_of_floors"": ""3"", ""housing_units"": ""36"", ""original_address1"": ""5121 E HOWARD LN BLDG 4"", ""original_city"": ""AUSTIN"", ""original_state"": ""TX"", ""original_zip"": ""78653"", ""jurisdiction"": ""AUSTIN 2 MILE ETJ"", ""link"": {""url"": ""https://abc.austintexas.gov/web/permit/public-search-other?t_detail=1&t_selected_folderrsn=13674583""}, ""project_id"": ""13674583"", ""contractor_trade"": ""Plumbing Contractor"", ""contractor_company_name"": ""Red Kings Plumbing Contractors LLC,"", ""contractor_full_name"": ""Ubaldo De Santiago"", ""contractor_phone"": ""2109862480"", ""contractor_address1"": ""PO BOX 70170"", ""contractor_city"": ""San Antonio"", ""contractor_zip"": ""78270-____"", ""certificate_of_occupancy"": ""No""}",2026-05-03T07:18:31.559594+00:00
2026-024554 EP,New construction accessory to primary use detached 1-story accessory structure with 1 bedroom 1 bath covered porch and uncovered wood deck/ steps.,2026-05-01T00:00:00+00:00,New,Electrical Permit,,Perez Power Solutions LLC,Active,10404 TALLEYRAN DR,78750,Residential,8305564694,https://abc.austintexas.gov/web/permit/public-search-other?t_detail=1&t_selected_folderrsn=13662599,2026-05-01T00:00:00+00:00,"{""permittype"": ""EP"", ""permit_type_desc"": ""Electrical Permit"", ""permit_number"": ""2026-024554 EP"", ""permit_class_mapped"": ""Residential"", ""permit_class"": ""R- 330  Accessory Use to Primary"", ""work_class"": ""New"", ""condominium"": ""No"", ""permit_location"": ""10404 TALLEYRAN DR"", ""description"": ""New construction accessory to primary use detached 1-story accessory structure with 1 bedroom 1 bath covered porch and uncovered wood deck/ steps."", ""tcad_id"": ""0166150816"", ""legal_description"": ""LOT 23 BLK BJ SPICEWOOD AT BALCONES VILLAGESEC 6"", ""applieddate"": ""2025-10-09T00:00:00.000"", ""issue_date"": ""2026-05-01T00:00:00.000"", ""day_issued"": ""FRIDAY"", ""calendar_year_issued"": ""2026"", ""fiscal_year_issued"": ""2026"", ""issued_in_last_30_days"": ""Yes"", ""issue_method"": ""Permit Center"", ""status_current"": ""Active"", ""statusdate"": ""2026-05-01T00:00:00.000"", ""expiresdate"": ""2026-09-01T00:00:00.000"", ""total_new_add_sqft"": ""595"", ""number_of_floors"": ""1"", ""housing_units"": ""1"", ""original_address1"": ""10404 TALLEYRAN DR"", ""original_city"": ""AUSTIN"", ""original_state"": ""TX"", ""original_zip"": ""78750"", ""council_district"": ""6"", ""jurisdiction"": ""AUSTIN FULL PURPOSE"", ""link"": {""url"": ""https://abc.austintexas.gov/web/permit/public-search-other?t_detail=1&t_selected_folderrsn=13662599""}, ""project_id"": ""13662599"", ""masterpermitnum"": ""13662596"", ""latitude"": ""30.42848892"", ""longitude"": ""-97.80510921"", ""location"": {""latitude"": ""30.42848892"", ""longitude"": ""-97.80510921"", ""human_address"": ""{\""address\"": \""\"", \""city\"": \""\"", \""state\"": \""\"", \""zip\"": \""\""}""}, ""contractor_trade"": ""Electrical Contractor"", ""contractor_company_name"": ""Perez Power Solutions LLC"", ""contractor_full_name"": ""Jonathan Perez"", ""contractor_phone"": ""8305564694"", ""contractor_address2"": ""2039  North"", ""contractor_city"": ""New Braunfel"", ""contractor_zip"": ""78130-____"", ""certificate_of_occupancy"": ""No""}",2026-05-03T07:18:31.559594+00:00
2026-052802 EP,Homebuilder Loop Austin 2 Mile ETJ Austin Energy,2026-05-01T00:00:00+00:00,Homebuilder Loop,Electrical Permit,,"IES Residential, Inc.",Active,13712 STOCKSBRIDGE DR,78660,Residential,5122520040,https://abc.austintexas.gov/web/permit/public-search-other?t_detail=1&t_selected_folderrsn=13694865,2026-05-01T00:00:00+00:00,"{""permittype"": ""EP"", ""permit_type_desc"": ""Electrical Permit"", ""permit_number"": ""2026-052802 EP"", ""permit_class_mapped"": ""Residential"", ""permit_class"": ""Residential"", ""work_class"": ""Homebuilder Loop"", ""permit_location"": ""13712 STOCKSBRIDGE DR"", ""description"": ""Homebuilder Loop Austin 2 Mile ETJ Austin Energy"", ""tcad_id"": ""0256401706"", ""legal_description"": ""HOWARD LANE PHS 3 BLK J LOT 21"", ""applieddate"": ""2026-04-28T00:00:00.000"", ""issue_date"": ""2026-05-01T00:00:00.000"", ""day_issued"": ""FRIDAY"", ""calendar_year_issued"": ""2026"", ""fiscal_year_issued"": ""2026"", ""issued_in_last_30_days"": ""Yes"", ""issue_method"": ""Permit Center"", ""status_current"": ""Active"", ""statusdate"": ""2026-05-01T00:00:00.000"", ""expiresdate"": ""2026-10-28T00:00:00.000"", ""original_address1"": ""13712 STOCKSBRIDGE DR"", ""original_city"": ""AUSTIN"", ""original_state"": ""TX"", ""original_zip"": ""78660"", ""jurisdiction"": ""AUSTIN 2 MILE ETJ"", ""link"": {""url"": ""https://abc.austintexas.gov/web/permit/public-search-other?t_detail=1&t_selected_folderrsn=13694865""}, ""project_id"": ""13694865"", ""contractor_trade"": ""Electrical Contractor"", ""contractor_company_name"": ""IES Residential, Inc."", ""contractor_full_name"": ""William B. Crist Jr."", ""contractor_phone"": ""5122520040"", ""contractor_address2"": ""821  GRAND A"", ""contractor_city"": ""PFLUGERVILLE"", ""contractor_zip"": ""78660-____""}",2026-05-03T07:18:31.559594+00:00
2026-052535 EP,200amp panel 2ooamp meter base grounding and bonding,2026-05-01T00:00:00+00:00,Upgrade,Electrical Permit,,"D and C Electric, Inc",Active,4703 HICKORY HOLW,78731,Residential,5129544782,https://abc.austintexas.gov/web/permit/public-search-other?t_detail=1&t_selected_folderrsn=13694584,2026-05-01T00:00:00+00:00,"{""permittype"": ""EP"", ""permit_type_desc"": ""Electrical Permit"", ""permit_number"": ""2026-052535 EP"", ""permit_class_mapped"": ""Residential"", ""permit_class"": ""Residential"", ""work_class"": ""Upgrade"", ""condominium"": ""No"", ""permit_location"": ""4703 HICKORY HOLW"", ""description"": ""200amp panel 2ooamp meter base grounding and bonding"", ""tcad_id"": ""0136100460"", ""legal_description"": ""LOT 19 BLK B CAT MOUNTAIN VILLAS SEC 2 PLUS .2754% INTEREST IN COMMON AREA"", ""applieddate"": ""2026-04-28T00:00:00.000"", ""issue_date"": ""2026-05-01T00:00:00.000"", ""day_issued"": ""FRIDAY"", ""calendar_year_issued"": ""2026"", ""fiscal_year_issued"": ""2026"", ""issued_in_last_30_days"": ""Yes"", ""issue_method"": ""Permit Center"", ""status_current"": ""Active"", ""statusdate"": ""2026-05-01T00:00:00.000"", ""expiresdate"": ""2026-10-28T00:00:00.000"", ""remodel_repair_sqft"": ""0"", ""number_of_floors"": ""1"", ""housing_units"": ""1"", ""electrical_valuation_remodel"": ""4500"", ""original_address1"": ""4703 HICKORY HOLW"", ""original_city"": ""AUSTIN"", ""original_state"": ""TX"", ""original_zip"": ""78731"", ""council_district"": ""10"", ""jurisdiction"": ""AUSTIN FULL PURPOSE"", ""link"": {""url"": ""https://abc.austintexas.gov/web/permit/public-search-other?t_detail=1&t_selected_folderrsn=13694584""}, ""project_id"": ""13694584"", ""latitude"": ""30.34602855"", ""longitude"": ""-97.780104"", ""location"": {""latitude"": ""30.34602855"", ""longitude"": ""-97.780104"", ""human_address"": ""{\""address\"": \""\"", \""city\"": \""\"", \""state\"": \""\"", \""zip\"": \""\""}""}, ""contractor_trade"": ""Electrical Contractor"", ""contractor_company_name"": ""D and C Electric, Inc"", ""contractor_full_name"": ""Chance Reyes"", ""contractor_phone"": ""5129544782"", ""contractor_address2"": ""3233  Windin"", ""contractor_city"": ""Austin"", ""contractor_zip"": ""78750"", ""certificate_of_occupancy"": ""No""}",2026-05-03T07:18:31.559594+00:00
2026-050399 PP,Replacement of an existing water heater,2026-05-01T00:00:00+00:00,Change Out,Plumbing Permit,,Goettl Air Conditioning & Plumbing,Active,6717 PONCHA PASS,78749,Residential,5129912882,https://abc.austintexas.gov/web/permit/public-search-other?t_detail=1&t_selected_folderrsn=13692186,2026-05-01T00:00:00+00:00,"{""permittype"": ""PP"", ""permit_type_desc"": ""Plumbing Permit"", ""permit_number"": ""2026-050399 PP"", ""permit_class_mapped"": ""Residential"", ""permit_class"": ""Residential"", ""work_class"": ""Change Out"", ""permit_location"": ""6717 PONCHA PASS"", ""description"": ""Replacement of an existing water heater"", ""tcad_id"": ""0410381326"", ""legal_description"": ""LOT 29 BLK C SHADOWRIDGE CROSSING SEC 1"", ""applieddate"": ""2026-04-23T00:00:00.000"", ""issue_date"": ""2026-05-01T00:00:00.000"", ""day_issued"": ""FRIDAY"", ""calendar_year_issued"": ""2026"", ""fiscal_year_issued"": ""2026"", ""issued_in_last_30_days"": ""Yes"", ""issue_method"": ""Permit Center"", ""status_current"": ""Active"", ""statusdate"": ""2026-05-01T00:00:00.000"", ""expiresdate"": ""2026-10-28T00:00:00.000"", ""original_address1"": ""6717 PONCHA PASS"", ""original_city"": ""AUSTIN"", ""original_state"": ""TX"", ""original_zip"": ""78749"", ""council_district"": ""8"", ""jurisdiction"": ""AUSTIN FULL PURPOSE"", ""link"": {""url"": ""https://abc.austintexas.gov/web/permit/public-search-other?t_detail=1&t_selected_folderrsn=13692186""}, ""project_id"": ""13692186"", ""latitude"": ""30.22779234"", ""longitude"": ""-97.8755646"", ""location"": {""latitude"": ""30.22779234"", ""longitude"": ""-97.8755646"", ""human_address"": ""{\""address\"": \""\"", \""city\"": \""\"", \""state\"": \""\"", \""zip\"": \""\""}""}, ""contractor_trade"": ""Plumbing Contractor"", ""contractor_company_name"": ""Goettl Air Conditioning & Plumbing"", ""contractor_full_name"": ""Henry Rodriguez"", ""contractor_phone"": ""5129912882"", ""contractor_address2"": ""3600  SILVER"", ""contractor_city"": ""AUSTIN"", ""contractor_zip"": ""78744-____""}",2026-05-03T07:18:31.559594+00:00
2026-053448 EP,"Rack permit 
111 Mildred St Bldg # 3",2026-05-01T00:00:00+00:00,Upgrade,Electrical Permit,,AEI Electric LLC,Active,111 MILDRED ST BLDG 3,78702,Residential,5128392478,https://abc.austintexas.gov/web/permit/public-search-other?t_detail=1&t_selected_folderrsn=13695569,2026-05-01T00:00:00+00:00,"{""permittype"": ""EP"", ""permit_type_desc"": ""Electrical Permit"", ""permit_number"": ""2026-053448 EP"", ""permit_class_mapped"": ""Residential"", ""permit_class"": ""Residential"", ""work_class"": ""Upgrade"", ""condominium"": ""No"", ""permit_location"": ""111 MILDRED ST BLDG 3"", ""description"": ""Rack permit \n111 Mildred St Bldg # 3"", ""tcad_id"": ""0202100702"", ""legal_description"": ""LOT 5 OLT 25 DIV O JONES F H SUBD"", ""applieddate"": ""2026-04-29T00:00:00.000"", ""issue_date"": ""2026-05-01T00:00:00.000"", ""day_issued"": ""FRIDAY"", ""calendar_year_issued"": ""2026"", ""fiscal_year_issued"": ""2026"", ""issued_in_last_30_days"": ""Yes"", ""issue_method"": ""Permit Center"", ""status_current"": ""Active"", ""statusdate"": ""2026-05-01T00:00:00.000"", ""expiresdate"": ""2026-10-28T00:00:00.000"", ""remodel_repair_sqft"": ""0"", ""number_of_floors"": ""1"", ""housing_units"": ""1"", ""electrical_valuation_remodel"": ""10"", ""original_address1"": ""111 MILDRED ST BLDG 3"", ""original_city"": ""AUSTIN"", ""original_state"": ""TX"", ""original_zip"": ""78702"", ""council_district"": ""3"", ""jurisdiction"": ""AUSTIN FULL PURPOSE"", ""link"": {""url"": ""https://abc.austintexas.gov/web/permit/public-search-other?t_detail=1&t_selected_folderrsn=13695569""}, ""project_id"": ""13695569"", ""latitude"": ""30.25580583"", ""longitude"": ""-97.71881385"", ""location"": {""latitude"": ""30.25580583"", ""longitude"": ""-97.71881385"", ""human_address"": ""{\""address\"": \""\"", \""city\"": \""\"", \""state\"": \""\"", \""zip\"": \""\""}""}, ""contractor_trade"": ""Electrical Contractor"", ""contractor_company_name"": ""AEI Electric LLC"", ""contractor_full_name"": ""Terry Herrin"", ""contractor_phone"": ""5128392478"", ""contractor_address2"": ""7500  Inspir"", ""contractor_city"": ""Austin"", ""contractor_zip"": ""78724"", ""certificate_of_occupancy"": ""No""}",2026-05-03T07:18:31.559594+00:00
2026-053075 BP,Bradford 3315 C Right New - 2 Story SFR CONDOMINUM w/ 3 bedrooms 2.5 bathrooms attached 2 car garage covered entry porch and patio FFE: 681.66 Site Pl,2026-05-01T00:00:00+00:00,New,Building Permit,0.0,Eva Mata,Active,13201 KEEFER DR,78652,Residential,512,https://abc.austintexas.gov/web/permit/public-search-other?t_detail=1&t_selected_folderrsn=13695162,2026-05-01T00:00:00+00:00,"{""permittype"": ""BP"", ""permit_type_desc"": ""Building Permit"", ""permit_number"": ""2026-053075 BP"", ""permit_class_mapped"": ""Residential"", ""permit_class"": ""R- 101 Single Family Houses"", ""work_class"": ""New"", ""condominium"": ""Yes"", ""permit_location"": ""13201 KEEFER DR"", ""description"": ""Bradford 3315 C Right New - 2 Story SFR CONDOMINUM w/ 3 bedrooms 2.5 bathrooms attached 2 car garage covered entry porch and patio FFE: 681.66 Site Pl"", ""tcad_id"": ""0451150901"", ""applieddate"": ""2026-04-15T00:00:00.000"", ""issue_date"": ""2026-05-01T00:00:00.000"", ""day_issued"": ""FRIDAY"", ""calendar_year_issued"": ""2026"", ""fiscal_year_issued"": ""2026"", ""issued_in_last_30_days"": ""Yes"", ""issue_method"": ""Permit Center"", ""status_current"": ""Active"", ""statusdate"": ""2026-05-01T00:00:00.000"", ""expiresdate"": ""2026-10-29T00:00:00.000"", ""total_new_add_sqft"": ""2798"", ""total_job_valuation"": ""0"", ""number_of_floors"": ""2"", ""housing_units"": ""1"", ""original_address1"": ""13201 KEEFER DR"", ""original_city"": ""AUSTIN"", ""original_state"": ""TX"", ""original_zip"": ""78652"", ""council_district"": ""5"", ""jurisdiction"": ""AUSTIN LTD"", ""link"": {""url"": ""https://abc.austintexas.gov/web/permit/public-search-other?t_detail=1&t_selected_folderrsn=13695162""}, ""project_id"": ""13695162"", ""masterpermitnum"": ""13687534"", ""contractor_trade"": ""General Contractor"", ""contractor_full_name"": ""Eva Mata"", ""contractor_phone"": ""512"", ""contractor_city"": ""Austin"", ""applicant_full_name"": ""Eva Mata"", ""applicant_phone"": ""512"", ""applicant_city"": ""Austin"", ""certificate_of_occupancy"": ""Yes"", ""total_lot_sq_ft"": ""0""}",2026-05-03T07:18:31.559594+00:00
2025-158016 MP,"ePlan: Residential Expedited Review - New THREE UNIT RES.
Unit 201 Bldg 2:  New 3-story townhome with 3 bedroom 3.5 bathroom balcony attached 2-car ca",2026-05-01T00:00:00+00:00,New,Mechanical Permit,,Airtron,Active,4413 BANISTER LN UNIT 201,78745,Residential,5128213163,https://abc.austintexas.gov/web/permit/public-search-other?t_detail=1&t_selected_folderrsn=13628206,2026-05-01T00:00:00+00:00,"{""permittype"": ""MP"", ""permit_type_desc"": ""Mechanical Permit"", ""permit_number"": ""2025-158016 MP"", ""permit_class_mapped"": ""Residential"", ""permit_class"": ""R- 101 Single Family Houses"", ""work_class"": ""New"", ""condominium"": ""No"", ""permit_location"": ""4413 BANISTER LN UNIT 201"", ""description"": ""ePlan: Residential Expedited Review - New THREE UNIT RES.\nUnit 201 Bldg 2:  New 3-story townhome with 3 bedroom 3.5 bathroom balcony attached 2-car ca"", ""tcad_id"": ""0410090541"", ""legal_description"": ""BANISTER ACRES RSB LOT 4 BLK 4 BLK 4 LOT 4A"", ""applieddate"": ""2025-06-10T00:00:00.000"", ""issue_date"": ""2026-05-01T00:00:00.000"", ""day_issued"": ""FRIDAY"", ""calendar_year_issued"": ""2026"", ""fiscal_year_issued"": ""2026"", ""issued_in_last_30_days"": ""Yes"", ""issue_method"": ""Permit Center"", ""status_current"": ""Active"", ""statusdate"": ""2026-05-01T00:00:00.000"", ""expiresdate"": ""2026-08-19T00:00:00.000"", ""total_new_add_sqft"": ""1818"", ""number_of_floors"": ""2"", ""housing_units"": ""1"", ""original_address1"": ""4413 BANISTER LN UNIT 201"", ""original_city"": ""AUSTIN"", ""original_state"": ""TX"", ""original_zip"": ""78745"", ""council_district"": ""5"", ""jurisdiction"": ""AUSTIN FULL PURPOSE"", ""link"": {""url"": ""https://abc.austintexas.gov/web/permit/public-search-other?t_detail=1&t_selected_folderrsn=13628206""}, ""project_id"": ""13628206"", ""masterpermitnum"": ""13628138"", ""contractor_trade"": ""Mechanical Contractor"", ""contractor_company_name"": ""Airtron"", ""contractor_full_name"": ""Tamara Enfield"", ""contractor_phone"": ""5128213163"", ""contractor_address2"": ""12112  BOARD"", ""contractor_city"": ""AUSTIN"", ""contractor_zip"": ""78729-____"", ""certificate_of_occupancy"": ""No""}",2026-05-03T07:18:31.559594+00:00
2026-053576 EP,New construction sfr in the etj,2026-05-01T00:00:00+00:00,New,Electrical Permit,,"IES Residential, Inc.",Active,13510 RIDING DR,78660,Residential,5122520040,https://abc.austintexas.gov/web/permit/public-search-other?t_detail=1&t_selected_folderrsn=13695719,2026-05-01T00:00:00+00:00,"{""permittype"": ""EP"", ""permit_type_desc"": ""Electrical Permit"", ""permit_number"": ""2026-053576 EP"", ""permit_class_mapped"": ""Residential"", ""permit_class"": ""Residential"", ""work_class"": ""New"", ""condominium"": ""No"", ""permit_location"": ""13510 RIDING DR"", ""description"": ""New construction sfr in the etj"", ""tcad_id"": ""0256380413"", ""legal_description"": ""HOWARD LANE PHS 3 BLK Q LOT 6"", ""applieddate"": ""2026-04-30T00:00:00.000"", ""issue_date"": ""2026-05-01T00:00:00.000"", ""day_issued"": ""FRIDAY"", ""calendar_year_issued"": ""2026"", ""fiscal_year_issued"": ""2026"", ""issued_in_last_30_days"": ""Yes"", ""issue_method"": ""Permit Center"", ""status_current"": ""Active"", ""statusdate"": ""2026-05-01T00:00:00.000"", ""expiresdate"": ""2026-10-28T00:00:00.000"", ""total_new_add_sqft"": ""0"", ""number_of_floors"": ""1"", ""housing_units"": ""1"", ""original_address1"": ""13510 RIDING DR"", ""original_city"": ""AUSTIN"", ""original_state"": ""TX"", ""original_zip"": ""78660"", ""jurisdiction"": ""AUSTIN 2 MILE ETJ"", ""link"": {""url"": ""https://abc.austintexas.gov/web/permit/public-search-other?t_detail=1&t_selected_folderrsn=13695719""}, ""project_id"": ""13695719"", ""contractor_trade"": ""Electrical Contractor"", ""contractor_company_name"": ""IES Residential, Inc."", ""contractor_full_name"": ""William B. Crist Jr."", ""contractor_phone"": ""5122520040"", ""contractor_address2"": ""821  GRAND A"", ""contractor_city"": ""PFLUGERVILLE"", ""contractor_zip"": ""78660-____"", ""certificate_of_occupancy"": ""No""}",2026-05-03T07:18:31.559594+00:00
2026-052784 EP,Homebuilders loop for New SFR ref 2026-027393 BP. Austin LTD -PEC,2026-05-01T00:00:00+00:00,Homebuilder Loop,Electrical Permit,,"IES Residential, Inc.",Active,13215 KEEFER DR,78652,Residential,5122520040,https://abc.austintexas.gov/web/permit/public-search-other?t_detail=1&t_selected_folderrsn=13694843,2026-05-01T00:00:00+00:00,"{""permittype"": ""EP"", ""permit_type_desc"": ""Electrical Permit"", ""permit_number"": ""2026-052784 EP"", ""permit_class_mapped"": ""Residential"", ""permit_class"": ""Residential"", ""work_class"": ""Homebuilder Loop"", ""permit_location"": ""13215 KEEFER DR"", ""description"": ""Homebuilders loop for New SFR ref 2026-027393 BP. Austin LTD -PEC"", ""tcad_id"": ""0451150901"", ""applieddate"": ""2026-04-28T00:00:00.000"", ""issue_date"": ""2026-05-01T00:00:00.000"", ""day_issued"": ""FRIDAY"", ""calendar_year_issued"": ""2026"", ""fiscal_year_issued"": ""2026"", ""issued_in_last_30_days"": ""Yes"", ""issue_method"": ""Permit Center"", ""status_current"": ""Active"", ""statusdate"": ""2026-05-01T00:00:00.000"", ""expiresdate"": ""2026-10-28T00:00:00.000"", ""original_address1"": ""13215 KEEFER DR"", ""original_city"": ""AUSTIN"", ""original_state"": ""TX"", ""original_zip"": ""78652"", ""council_district"": ""5"", ""jurisdiction"": ""AUSTIN LTD"", ""link"": {""url"": ""https://abc.austintexas.gov/web/permit/public-search-other?t_detail=1&t_selected_folderrsn=13694843""}, ""project_id"": ""13694843"", ""contractor_trade"": ""Electrical Contractor"", ""contractor_company_name"": ""IES Residential, Inc."", ""contractor_full_name"": ""William B. Crist Jr."", ""contractor_phone"": ""5122520040"", ""contractor_address2"": ""821  GRAND A"", ""contractor_city"": ""PFLUGERVILLE"", ""contractor_zip"": ""78660-____""}",2026-05-03T07:18:31.559594+00:00
2026-052369 EP,First Texas Honda - N01 Logo Honda S elevation,2026-05-01T00:00:00+00:00,Wall,Electrical Permit,,Not Provided,Active,3400 STECK AVE,78757,Commercial,Not Provided,https://abc.austintexas.gov/web/permit/public-search-other?t_detail=1&t_selected_folderrsn=13696245,2026-05-01T00:00:00+00:00,"{""permittype"": ""EP"", ""permit_type_desc"": ""Electrical Permit"", ""permit_number"": ""2026-052369 EP"", ""permit_class_mapped"": ""Commercial"", ""permit_class"": ""Sign Permit"", ""work_class"": ""Wall"", ""permit_location"": ""3400 STECK AVE"", ""description"": ""First Texas Honda - N01 Logo Honda S elevation"", ""tcad_id"": ""0243051112"", ""legal_description"": ""ALLANDALE ESTATES SEC 2 LOT 1"", ""applieddate"": ""2026-04-30T00:00:00.000"", ""issue_date"": ""2026-05-01T00:00:00.000"", ""day_issued"": ""FRIDAY"", ""calendar_year_issued"": ""2026"", ""fiscal_year_issued"": ""2026"", ""issued_in_last_30_days"": ""Yes"", ""issue_method"": ""Permit Center"", ""status_current"": ""Active"", ""statusdate"": ""2026-05-01T00:00:00.000"", ""expiresdate"": ""2026-10-28T00:00:00.000"", ""original_address1"": ""3400 STECK AVE"", ""original_city"": ""AUSTIN"", ""original_state"": ""TX"", ""original_zip"": ""78757"", ""council_district"": ""7"", ""jurisdiction"": ""AUSTIN FULL PURPOSE"", ""link"": {""url"": ""https://abc.austintexas.gov/web/permit/public-search-other?t_detail=1&t_selected_folderrsn=13696245""}, ""project_id"": ""13696245"", ""masterpermitnum"": ""13694397""}",2026-05-03T07:18:31.559594+00:00
2026-044946 EP,ePlan: Commercial Expedited Review -[APPROVED] Interior Remodel to Convert Out Building to Provide Accessory support Scope to Include Locker Room Pati,2026-05-01T00:00:00+00:00,Remodel,Electrical Permit,,T M Electric,Active,7050 BURLESON RD BLDG 3,78744,Commercial,5128348174,https://abc.austintexas.gov/web/permit/public-search-other?t_detail=1&t_selected_folderrsn=13686057,2026-05-01T00:00:00+00:00,"{""permittype"": ""EP"", ""permit_type_desc"": ""Electrical Permit"", ""permit_number"": ""2026-044946 EP"", ""permit_class_mapped"": ""Commercial"", ""permit_class"": ""C-1000 Commercial Remodel"", ""work_class"": ""Remodel"", ""condominium"": ""No"", ""permit_location"": ""7050 BURLESON RD BLDG 3"", ""description"": ""ePlan: Commercial Expedited Review -[APPROVED] Interior Remodel to Convert Out Building to Provide Accessory support Scope to Include Locker Room Pati"", ""tcad_id"": ""0318130701"", ""applieddate"": ""2026-03-05T00:00:00.000"", ""issue_date"": ""2026-05-01T00:00:00.000"", ""day_issued"": ""FRIDAY"", ""calendar_year_issued"": ""2026"", ""fiscal_year_issued"": ""2026"", ""issued_in_last_30_days"": ""Yes"", ""issue_method"": ""Permit Center"", ""status_current"": ""Active"", ""statusdate"": ""2026-05-01T00:00:00.000"", ""expiresdate"": ""2026-10-14T00:00:00.000"", ""remodel_repair_sqft"": ""1875"", ""number_of_floors"": ""1"", ""housing_units"": ""1"", ""electrical_valuation_remodel"": ""200000"", ""original_address1"": ""7050 BURLESON RD BLDG 3"", ""original_city"": ""AUSTIN"", ""original_state"": ""TX"", ""original_zip"": ""78744"", ""council_district"": ""2"", ""jurisdiction"": ""AUSTIN FULL PURPOSE"", ""link"": {""url"": ""https://abc.austintexas.gov/web/permit/public-search-other?t_detail=1&t_selected_folderrsn=13686057""}, ""project_id"": ""13686057"", ""masterpermitnum"": ""13685731"", ""contractor_trade"": ""Electrical Contractor"", ""contractor_company_name"": ""T M Electric"", ""contractor_full_name"": ""Tim Moll"", ""contractor_phone"": ""5128348174"", ""contractor_address2"": ""9802  Gray B"", ""contractor_city"": ""Austin"", ""contractor_zip"": ""78758"", ""certificate_of_occupancy"": ""No""}",2026-05-03T07:18:31.559594+00:00
2026-052281 PP,Brahman 3318 B Right New - 2 Story SFR CONDOMINUM w/ 4 bedrooms 2.5 bathrooms attached 2 car garage covered entry porch and patio FFE: 682.10 Site Pla,2026-05-01T00:00:00+00:00,New,Plumbing Permit,,IES Residential Inc,Active,700 BOLEY DR,78652,Residential,5125615002,https://abc.austintexas.gov/web/permit/public-search-other?t_detail=1&t_selected_folderrsn=13694290,2026-05-01T00:00:00+00:00,"{""permittype"": ""PP"", ""permit_type_desc"": ""Plumbing Permit"", ""permit_number"": ""2026-052281 PP"", ""permit_class_mapped"": ""Residential"", ""permit_class"": ""R- 101 Single Family Houses"", ""work_class"": ""New"", ""condominium"": ""No"", ""permit_location"": ""700 BOLEY DR"", ""description"": ""Brahman 3318 B Right New - 2 Story SFR CONDOMINUM w/ 4 bedrooms 2.5 bathrooms attached 2 car garage covered entry porch and patio FFE: 682.10 Site Pla"", ""tcad_id"": ""0451150901"", ""applieddate"": ""2026-04-15T00:00:00.000"", ""issue_date"": ""2026-05-01T00:00:00.000"", ""day_issued"": ""FRIDAY"", ""calendar_year_issued"": ""2026"", ""fiscal_year_issued"": ""2026"", ""issued_in_last_30_days"": ""Yes"", ""issue_method"": ""Permit Center"", ""status_current"": ""Active"", ""statusdate"": ""2026-05-01T00:00:00.000"", ""expiresdate"": ""2026-10-29T00:00:00.000"", ""total_new_add_sqft"": ""2946"", ""number_of_floors"": ""2"", ""housing_units"": ""1"", ""original_address1"": ""700 BOLEY DR"", ""original_city"": ""AUSTIN"", ""original_state"": ""TX"", ""original_zip"": ""78652"", ""council_district"": ""5"", ""jurisdiction"": ""AUSTIN LTD"", ""link"": {""url"": ""https://abc.austintexas.gov/web/permit/public-search-other?t_detail=1&t_selected_folderrsn=13694290""}, ""project_id"": ""13694290"", ""masterpermitnum"": ""13694284"", ""contractor_trade"": ""Plumbing Contractor"", ""contractor_company_name"": ""IES Residential Inc"", ""contractor_full_name"": ""Charles Faught"", ""contractor_phone"": ""5125615002"", ""contractor_address2"": ""13279  POND"", ""contractor_city"": ""AUSTIN"", ""contractor_zip"": ""78729-____"", ""certificate_of_occupancy"": ""No""}",2026-05-03T07:18:31.559594+00:00
2026-052252 BP,Express- Replace tub to shower 1-piece prefabricated acrylic no electrical work needed replace valve with new shower valve only working in wet space.,2026-05-01T00:00:00+00:00,Repair,Building Permit,1.0,"West Shore Home, LLC",Active,5900 WAGON BND,78744,Residential,4697035430,https://abc.austintexas.gov/web/permit/public-search-other?t_detail=1&t_selected_folderrsn=13694253,2026-05-01T00:00:00+00:00,"{""permittype"": ""BP"", ""permit_type_desc"": ""Building Permit"", ""permit_number"": ""2026-052252 BP"", ""permit_class_mapped"": ""Residential"", ""permit_class"": ""R- 435 Renovations/Remodel"", ""work_class"": ""Repair"", ""condominium"": ""No"", ""permit_location"": ""5900 WAGON BND"", ""description"": ""Express- Replace tub to shower 1-piece prefabricated acrylic no electrical work needed replace valve with new shower valve only working in wet space."", ""tcad_id"": ""0421020218"", ""legal_description"": ""LOT 35 BLK A WAGON CROSSING SEC 1"", ""applieddate"": ""2026-04-22T00:00:00.000"", ""issue_date"": ""2026-05-01T00:00:00.000"", ""day_issued"": ""FRIDAY"", ""calendar_year_issued"": ""2026"", ""fiscal_year_issued"": ""2026"", ""issued_in_last_30_days"": ""Yes"", ""issue_method"": ""Permit Center"", ""status_current"": ""Active"", ""statusdate"": ""2026-05-01T00:00:00.000"", ""expiresdate"": ""2026-10-29T00:00:00.000"", ""remodel_repair_sqft"": ""1"", ""total_valuation_remodel"": ""4"", ""total_job_valuation"": ""1"", ""number_of_floors"": ""1"", ""housing_units"": ""1"", ""building_valuation_remodel"": ""1"", ""electrical_valuation_remodel"": ""1"", ""mechanical_valuation_remodel"": ""1"", ""plumbing_valuation_remodel"": ""1"", ""original_address1"": ""5900 WAGON BND"", ""original_city"": ""AUSTIN"", ""original_state"": ""TX"", ""original_zip"": ""78744"", ""council_district"": ""2"", ""jurisdiction"": ""AUSTIN FULL PURPOSE"", ""link"": {""url"": ""https://abc.austintexas.gov/web/permit/public-search-other?t_detail=1&t_selected_folderrsn=13694253""}, ""project_id"": ""13694253"", ""masterpermitnum"": ""13691662"", ""latitude"": ""30.19548476"", ""longitude"": ""-97.75991854"", ""location"": {""latitude"": ""30.19548476"", ""longitude"": ""-97.75991854"", ""human_address"": ""{\""address\"": \""\"", \""city\"": \""\"", \""state\"": \""\"", \""zip\"": \""\""}""}, ""contractor_trade"": ""General Contractor"", ""contractor_company_name"": ""West Shore Home, LLC"", ""contractor_full_name"": ""Stephen Alacron"", ""contractor_phone"": ""4697035430"", ""contractor_address2"": ""1551  Clovis"", ""contractor_city"": ""SAN MARCOS"", ""contractor_zip"": ""78666-____"", ""applicant_full_name"": ""Stephen Alacron"", ""applicant_org"": ""West Shore Home, LLC"", ""applicant_phone"": ""4697035430"", ""applicant_address2"": ""1551  Clovis"", ""applicant_city"": ""SAN MARCOS"", ""applicantzip"": ""78666-____"", ""certificate_of_occupancy"": ""No""}",2026-05-03T07:18:31.559594+00:00
2026-053686 BP,ePlan: Residential Expedited Review - New Autofill/Heated pool w/Spa. Unit A,2026-05-01T00:00:00+00:00,New,Building Permit,0.0,Co-Sci Construction LLC **MAIN**,Active,1812 MARGARET ST UNIT A,78704,Residential,4693941563,https://abc.austintexas.gov/web/permit/public-search-other?t_detail=1&t_selected_folderrsn=13695856,2026-05-01T00:00:00+00:00,"{""permittype"": ""BP"", ""permit_type_desc"": ""Building Permit"", ""permit_number"": ""2026-053686 BP"", ""permit_class_mapped"": ""Residential"", ""permit_class"": ""R- 329 Res Structures Other Than Bldg"", ""work_class"": ""New"", ""condominium"": ""No"", ""permit_location"": ""1812 MARGARET ST UNIT A"", ""description"": ""ePlan: Residential Expedited Review - New Autofill/Heated pool w/Spa. Unit A"", ""tcad_id"": ""0102051616"", ""legal_description"": ""LOT 4 BLK A SOUTH LUND SOUTH"", ""applieddate"": ""2026-03-13T00:00:00.000"", ""issue_date"": ""2026-05-01T00:00:00.000"", ""day_issued"": ""FRIDAY"", ""calendar_year_issued"": ""2026"", ""fiscal_year_issued"": ""2026"", ""issued_in_last_30_days"": ""Yes"", ""issue_method"": ""Permit Center"", ""status_current"": ""Active"", ""statusdate"": ""2026-05-01T00:00:00.000"", ""expiresdate"": ""2026-10-29T00:00:00.000"", ""total_new_add_sqft"": ""138"", ""total_job_valuation"": ""0"", ""number_of_floors"": ""0"", ""housing_units"": ""0"", ""original_address1"": ""1812 MARGARET ST UNIT A"", ""original_city"": ""AUSTIN"", ""original_state"": ""TX"", ""original_zip"": ""78704"", ""council_district"": ""5"", ""jurisdiction"": ""AUSTIN FULL PURPOSE"", ""link"": {""url"": ""https://abc.austintexas.gov/web/permit/public-search-other?t_detail=1&t_selected_folderrsn=13695856""}, ""project_id"": ""13695856"", ""masterpermitnum"": ""13669625"", ""contractor_trade"": ""General Contractor"", ""contractor_company_name"": ""Co-Sci Construction LLC **MAIN**"", ""contractor_full_name"": ""Mark Roberts"", ""contractor_phone"": ""4693941563"", ""contractor_address2"": ""1504 S Walnu"", ""contractor_city"": ""Georgetown"", ""contractor_zip"": ""78626"", ""applicant_full_name"": ""Mark Roberts"", ""applicant_org"": ""Co-Sci Construction LLC **MAIN**"", ""applicant_phone"": ""4693941563"", ""applicant_address2"": ""1504 S Walnu"", ""applicant_city"": ""Georgetown"", ""applicantzip"": ""78626"", ""certificate_of_occupancy"": ""Yes"", ""total_lot_sq_ft"": ""7667""}",2026-05-03T07:18:31.559594+00:00
2026-053088 MP,Replacement of complete existing central heat and air system with or without duct work Install replacement of 4 Ton AC System and includes ductwork,2026-05-01T00:00:00+00:00,Change Out,Mechanical Permit,,Radiant Plumbing and Air Conditioning,Active,8000 EPPING LN,78745,Residential,5126904935,https://abc.austintexas.gov/web/permit/public-search-other?t_detail=1&t_selected_folderrsn=13695178,2026-05-01T00:00:00+00:00,"{""permittype"": ""MP"", ""permit_type_desc"": ""Mechanical Permit"", ""permit_number"": ""2026-053088 MP"", ""permit_class_mapped"": ""Residential"", ""permit_class"": ""Residential"", ""work_class"": ""Change Out"", ""permit_location"": ""8000 EPPING LN"", ""description"": ""Replacement of complete existing central heat and air system with or without duct work Install replacement of 4 Ton AC System and includes ductwork"", ""tcad_id"": ""0419230928"", ""legal_description"": ""LOT 11 BLK A CHERRY CREEK PHS 7 SEC 6"", ""applieddate"": ""2026-04-29T00:00:00.000"", ""issue_date"": ""2026-05-01T00:00:00.000"", ""day_issued"": ""FRIDAY"", ""calendar_year_issued"": ""2026"", ""fiscal_year_issued"": ""2026"", ""issued_in_last_30_days"": ""Yes"", ""issue_method"": ""Permit Center"", ""status_current"": ""Active"", ""statusdate"": ""2026-05-01T00:00:00.000"", ""expiresdate"": ""2026-10-28T00:00:00.000"", ""original_address1"": ""8000 EPPING LN"", ""original_city"": ""AUSTIN"", ""original_state"": ""TX"", ""original_zip"": ""78745"", ""council_district"": ""5"", ""jurisdiction"": ""AUSTIN FULL PURPOSE"", ""link"": {""url"": ""https://abc.austintexas.gov/web/permit/public-search-other?t_detail=1&t_selected_folderrsn=13695178""}, ""project_id"": ""13695178"", ""latitude"": ""30.19740369"", ""longitude"": ""-97.82375447"", ""location"": {""latitude"": ""30.19740369"", ""longitude"": ""-97.82375447"", ""human_address"": ""{\""address\"": \""\"", \""city\"": \""\"", \""state\"": \""\"", \""zip\"": \""\""}""}, ""contractor_trade"": ""Mechanical Contractor"", ""contractor_company_name"": ""Radiant Plumbing and Air Conditioning"", ""contractor_full_name"": ""James Price"", ""contractor_phone"": ""5126904935"", ""contractor_address2"": ""901  REINLI"", ""contractor_city"": ""AUSTIN"", ""contractor_zip"": ""78751-____""}",2026-05-03T07:18:31.559594+00:00
2025-158018 MP,Unit 203 Bldg 2: New 3-story townhome with 3 bedroom 3.5 bathroom balcony attached 2-car carport.  Part of 3-unit townhome building in 3-unit use.  (9,2026-05-01T00:00:00+00:00,New,Mechanical Permit,,Airtron,Active,4413 BANISTER LN UNIT 203,78745,Residential,5128213163,https://abc.austintexas.gov/web/permit/public-search-other?t_detail=1&t_selected_folderrsn=13628212,2026-05-01T00:00:00+00:00,"{""permittype"": ""MP"", ""permit_type_desc"": ""Mechanical Permit"", ""permit_number"": ""2025-158018 MP"", ""permit_class_mapped"": ""Residential"", ""permit_class"": ""R- 101 Single Family Houses"", ""work_class"": ""New"", ""condominium"": ""No"", ""permit_location"": ""4413 BANISTER LN UNIT 203"", ""description"": ""Unit 203 Bldg 2: New 3-story townhome with 3 bedroom 3.5 bathroom balcony attached 2-car carport.  Part of 3-unit townhome building in 3-unit use.  (9"", ""tcad_id"": ""0410090541"", ""legal_description"": ""BANISTER ACRES RSB LOT 4 BLK 4 BLK 4 LOT 4A"", ""applieddate"": ""2025-06-10T00:00:00.000"", ""issue_date"": ""2026-05-01T00:00:00.000"", ""day_issued"": ""FRIDAY"", ""calendar_year_issued"": ""2026"", ""fiscal_year_issued"": ""2026"", ""issued_in_last_30_days"": ""Yes"", ""issue_method"": ""Permit Center"", ""status_current"": ""Active"", ""statusdate"": ""2026-05-01T00:00:00.000"", ""expiresdate"": ""2026-08-19T00:00:00.000"", ""total_new_add_sqft"": ""1870"", ""number_of_floors"": ""3"", ""housing_units"": ""1"", ""original_address1"": ""4413 BANISTER LN UNIT 203"", ""original_city"": ""AUSTIN"", ""original_state"": ""TX"", ""original_zip"": ""78745"", ""council_district"": ""5"", ""jurisdiction"": ""AUSTIN FULL PURPOSE"", ""link"": {""url"": ""https://abc.austintexas.gov/web/permit/public-search-other?t_detail=1&t_selected_folderrsn=13628212""}, ""project_id"": ""13628212"", ""masterpermitnum"": ""13628140"", ""contractor_trade"": ""Mechanical Contractor"", ""contractor_company_name"": ""Airtron"", ""contractor_full_name"": ""Tamara Enfield"", ""contractor_phone"": ""5128213163"", ""contractor_address2"": ""12112  BOARD"", ""contractor_city"": ""AUSTIN"", ""contractor_zip"": ""78729-____"", ""certificate_of_occupancy"": ""No""}",2026-05-03T07:18:31.559594+00:00
2026-053412 EP,add 225 AMP stand alone service in backyard left corner as close to utilities as possible,2026-05-01T00:00:00+00:00,Repair,Electrical Permit,,ABC Home & Commercial Services,Active,2311 WOODLAWN BLVD,78703,Residential,5128379500,https://abc.austintexas.gov/web/permit/public-search-other?t_detail=1&t_selected_folderrsn=13695527,2026-05-01T00:00:00+00:00,"{""permittype"": ""EP"", ""permit_type_desc"": ""Electrical Permit"", ""permit_number"": ""2026-053412 EP"", ""permit_class_mapped"": ""Residential"", ""permit_class"": ""Residential"", ""work_class"": ""Repair"", ""condominium"": ""No"", ""permit_location"": ""2311 WOODLAWN BLVD"", ""description"": ""add 225 AMP stand alone service in backyard left corner as close to utilities as possible"", ""tcad_id"": ""0113010109"", ""legal_description"": ""S 110 FT OF LOT 20 *& SW TRI OF LOT 19 SUNSET HILL ENFIELD"", ""applieddate"": ""2026-04-29T00:00:00.000"", ""issue_date"": ""2026-05-01T00:00:00.000"", ""day_issued"": ""FRIDAY"", ""calendar_year_issued"": ""2026"", ""fiscal_year_issued"": ""2026"", ""issued_in_last_30_days"": ""Yes"", ""issue_method"": ""Permit Center"", ""status_current"": ""Active"", ""statusdate"": ""2026-05-01T00:00:00.000"", ""expiresdate"": ""2026-10-28T00:00:00.000"", ""remodel_repair_sqft"": ""0"", ""number_of_floors"": ""1"", ""housing_units"": ""1"", ""electrical_valuation_remodel"": ""500"", ""original_address1"": ""2311 WOODLAWN BLVD"", ""original_city"": ""AUSTIN"", ""original_state"": ""TX"", ""original_zip"": ""78703"", ""council_district"": ""10"", ""jurisdiction"": ""AUSTIN FULL PURPOSE"", ""link"": {""url"": ""https://abc.austintexas.gov/web/permit/public-search-other?t_detail=1&t_selected_folderrsn=13695527""}, ""project_id"": ""13695527"", ""latitude"": ""30.29036546"", ""longitude"": ""-97.75773428"", ""location"": {""latitude"": ""30.29036546"", ""longitude"": ""-97.75773428"", ""human_address"": ""{\""address\"": \""\"", \""city\"": \""\"", \""state\"": \""\"", \""zip\"": \""\""}""}, ""contractor_trade"": ""Electrical Contractor"", ""contractor_company_name"": ""ABC Home & Commercial Services"", ""contractor_full_name"": ""Brian Robert West"", ""contractor_phone"": ""5128379500"", ""contractor_address1"": ""9475 E US 29"", ""contractor_city"": ""Austin"", ""contractor_zip"": ""78724"", ""certificate_of_occupancy"": ""No""}",2026-05-03T07:18:31.559594+00:00
2026-035071 PP,New construction multi-family in the etj 33953 sqft,2026-05-01T00:00:00+00:00,New,Plumbing Permit,,"Red Kings Plumbing Contractors LLC,",Active,5121 E HOWARD LN BLDG 2,78653,Commercial,2109862480,https://abc.austintexas.gov/web/permit/public-search-other?t_detail=1&t_selected_folderrsn=13674576,2026-05-01T00:00:00+00:00,"{""permittype"": ""PP"", ""permit_type_desc"": ""Plumbing Permit"", ""permit_number"": ""2026-035071 PP"", ""permit_class_mapped"": ""Commercial"", ""permit_class"": ""Commercial"", ""work_class"": ""New"", ""condominium"": ""No"", ""permit_location"": ""5121 E HOWARD LN BLDG 2"", ""description"": ""New construction multi-family in the etj 33953 sqft"", ""tcad_id"": ""0251410311"", ""legal_description"": ""ABS 160 SUR 50 CASTRO M ACR 45.592"", ""applieddate"": ""2026-03-24T00:00:00.000"", ""issue_date"": ""2026-05-01T00:00:00.000"", ""day_issued"": ""FRIDAY"", ""calendar_year_issued"": ""2026"", ""fiscal_year_issued"": ""2026"", ""issued_in_last_30_days"": ""Yes"", ""issue_method"": ""Permit Center"", ""status_current"": ""Active"", ""statusdate"": ""2026-05-01T00:00:00.000"", ""expiresdate"": ""2026-10-28T00:00:00.000"", ""total_new_add_sqft"": ""33953"", ""number_of_floors"": ""3"", ""housing_units"": ""36"", ""original_address1"": ""5121 E HOWARD LN BLDG 2"", ""original_city"": ""AUSTIN"", ""original_state"": ""TX"", ""original_zip"": ""78653"", ""jurisdiction"": ""AUSTIN 2 MILE ETJ"", ""link"": {""url"": ""https://abc.austintexas.gov/web/permit/public-search-other?t_detail=1&t_selected_folderrsn=13674576""}, ""project_id"": ""13674576"", ""contractor_trade"": ""Plumbing Contractor"", ""contractor_company_name"": ""Red Kings Plumbing Contractors LLC,"", ""contractor_full_name"": ""Ubaldo De Santiago"", ""contractor_phone"": ""2109862480"", ""contractor_address1"": ""PO BOX 70170"", ""contractor_city"": ""San Antonio"", ""contractor_zip"": ""78270-____"", ""certificate_of_occupancy"": ""No""}",2026-05-03T07:18:31.559594+00:00
2026-052055 BP,*Partial Demo* Interior remodel,2026-05-01T00:00:00+00:00,Addition and Remodel,Building Permit,1.0,A New Space Construction Remodeling,Active,1400 GEOFFS DR,78748,Residential,5127798667,https://abc.austintexas.gov/web/permit/public-search-other?t_detail=1&t_selected_folderrsn=13694033,2026-05-01T00:00:00+00:00,"{""permittype"": ""BP"", ""permit_type_desc"": ""Building Permit"", ""permit_number"": ""2026-052055 BP"", ""permit_class_mapped"": ""Residential"", ""permit_class"": ""R- 434 Addition & Alterations"", ""work_class"": ""Addition and Remodel"", ""condominium"": ""No"", ""permit_location"": ""1400 GEOFFS DR"", ""description"": ""*Partial Demo* Interior remodel"", ""tcad_id"": ""0434210410"", ""legal_description"": ""LOT 22 BLK C SADDLEWOOD ESTATES SEC 3"", ""applieddate"": ""2026-04-13T00:00:00.000"", ""issue_date"": ""2026-05-01T00:00:00.000"", ""day_issued"": ""FRIDAY"", ""calendar_year_issued"": ""2026"", ""fiscal_year_issued"": ""2026"", ""issued_in_last_30_days"": ""Yes"", ""issue_method"": ""Permit Center"", ""status_current"": ""Active"", ""statusdate"": ""2026-05-01T00:00:00.000"", ""expiresdate"": ""2026-10-29T00:00:00.000"", ""remodel_repair_sqft"": ""21"", ""total_new_add_sqft"": ""0"", ""total_valuation_remodel"": ""4"", ""total_job_valuation"": ""1"", ""number_of_floors"": ""1"", ""housing_units"": ""1"", ""building_valuation_remodel"": ""1"", ""electrical_valuation_remodel"": ""1"", ""mechanical_valuation_remodel"": ""1"", ""plumbing_valuation_remodel"": ""1"", ""original_address1"": ""1400 GEOFFS DR"", ""original_city"": ""AUSTIN"", ""original_state"": ""TX"", ""original_zip"": ""78748"", ""council_district"": ""5"", ""jurisdiction"": ""AUSTIN FULL PURPOSE"", ""link"": {""url"": ""https://abc.austintexas.gov/web/permit/public-search-other?t_detail=1&t_selected_folderrsn=13694033""}, ""project_id"": ""13694033"", ""masterpermitnum"": ""13685200"", ""latitude"": ""30.16223556"", ""longitude"": ""-97.82471513"", ""location"": {""latitude"": ""30.16223556"", ""longitude"": ""-97.82471513"", ""human_address"": ""{\""address\"": \""\"", \""city\"": \""\"", \""state\"": \""\"", \""zip\"": \""\""}""}, ""contractor_trade"": ""General Contractor"", ""contractor_company_name"": ""A New Space Construction Remodeling"", ""contractor_full_name"": ""Kelli Roan"", ""contractor_phone"": ""5127798667"", ""contractor_address2"": ""209  Ash STR"", ""contractor_city"": ""Buda"", ""contractor_zip"": ""78610"", ""applicant_full_name"": ""Kelli Roan"", ""applicant_org"": ""A New Space Construction Remodeling"", ""applicant_phone"": ""5127798667"", ""applicant_address2"": ""209  Ash STR"", ""applicant_city"": ""Buda"", ""applicantzip"": ""78610"", ""certificate_of_occupancy"": ""No"", ""total_lot_sq_ft"": ""0""}",2026-05-03T07:18:31.559594+00:00
2026-053758 PP,Replacement of an existing water heater ** Bethany Frizzell - Replace existing natural gas 50-gallon water heater with new unit; no structural change.,2026-05-01T00:00:00+00:00,Change Out,Plumbing Permit,,Strand Brothers Service Experts,Active,9305 AXTELLON CT,78749,Residential,5123333000,https://abc.austintexas.gov/web/permit/public-search-other?t_detail=1&t_selected_folderrsn=13695950,2026-05-01T00:00:00+00:00,"{""permittype"": ""PP"", ""permit_type_desc"": ""Plumbing Permit"", ""permit_number"": ""2026-053758 PP"", ""permit_class_mapped"": ""Residential"", ""permit_class"": ""Residential"", ""work_class"": ""Change Out"", ""permit_location"": ""9305 AXTELLON CT"", ""description"": ""Replacement of an existing water heater ** Bethany Frizzell - Replace existing natural gas 50-gallon water heater with new unit; no structural change."", ""tcad_id"": ""0416440312"", ""legal_description"": ""LOT 17 BLK J CIRCLE C RANCH PHS A SEC 5"", ""applieddate"": ""2026-04-30T00:00:00.000"", ""issue_date"": ""2026-05-01T00:00:00.000"", ""day_issued"": ""FRIDAY"", ""calendar_year_issued"": ""2026"", ""fiscal_year_issued"": ""2026"", ""issued_in_last_30_days"": ""Yes"", ""issue_method"": ""Permit Center"", ""status_current"": ""Active"", ""statusdate"": ""2026-05-01T00:00:00.000"", ""expiresdate"": ""2026-10-28T00:00:00.000"", ""original_address1"": ""9305 AXTELLON CT"", ""original_city"": ""AUSTIN"", ""original_state"": ""TX"", ""original_zip"": ""78749"", ""council_district"": ""8"", ""jurisdiction"": ""AUSTIN FULL PURPOSE"", ""link"": {""url"": ""https://abc.austintexas.gov/web/permit/public-search-other?t_detail=1&t_selected_folderrsn=13695950""}, ""project_id"": ""13695950"", ""latitude"": ""30.21184517"", ""longitude"": ""-97.88972917"", ""location"": {""latitude"": ""30.21184517"", ""longitude"": ""-97.88972917"", ""human_address"": ""{\""address\"": \""\"", \""city\"": \""\"", \""state\"": \""\"", \""zip\"": \""\""}""}, ""contractor_trade"": ""Plumbing Contractor"", ""contractor_company_name"": ""Strand Brothers Service Experts"", ""contractor_full_name"": ""Doug Burris"", ""contractor_phone"": ""5123333000"", ""contractor_address2"": ""5811  TECHNI"", ""contractor_city"": ""AUSTIN"", ""contractor_zip"": ""78721-____""}",2026-05-03T07:18:31.559594+00:00
2026-050927 PP,7 DAY - Interior remodel of existing office space - OVA,2026-05-01T00:00:00+00:00,Remodel,Plumbing Permit,,NuFlo Plumbing,Active,5113 SOUTHWEST PKWY UNIT 175,78735,Commercial,5129700626,https://abc.austintexas.gov/web/permit/public-search-other?t_detail=1&t_selected_folderrsn=13692805,2026-05-01T00:00:00+00:00,"{""permittype"": ""PP"", ""permit_type_desc"": ""Plumbing Permit"", ""permit_number"": ""2026-050927 PP"", ""permit_class_mapped"": ""Commercial"", ""permit_class"": ""C-1000 Commercial Remodel"", ""work_class"": ""Remodel"", ""condominium"": ""No"", ""permit_location"": ""5113 SOUTHWEST PKWY UNIT 175"", ""description"": ""7 DAY - Interior remodel of existing office space - OVA"", ""tcad_id"": ""0407270213"", ""legal_description"": ""9.989 OF LOT 2 BUAAS & GAGE SUBD"", ""applieddate"": ""2026-03-27T00:00:00.000"", ""issue_date"": ""2026-05-01T00:00:00.000"", ""day_issued"": ""FRIDAY"", ""calendar_year_issued"": ""2026"", ""fiscal_year_issued"": ""2026"", ""issued_in_last_30_days"": ""Yes"", ""issue_method"": ""Permit Center"", ""status_current"": ""Active"", ""statusdate"": ""2026-05-01T00:00:00.000"", ""expiresdate"": ""2026-10-28T00:00:00.000"", ""remodel_repair_sqft"": ""4919"", ""number_of_floors"": ""4"", ""housing_units"": ""1"", ""original_address1"": ""5113 SOUTHWEST PKWY UNIT 175"", ""original_city"": ""AUSTIN"", ""original_state"": ""TX"", ""original_zip"": ""78735"", ""council_district"": ""8"", ""jurisdiction"": ""AUSTIN FULL PURPOSE"", ""link"": {""url"": ""https://abc.austintexas.gov/web/permit/public-search-other?t_detail=1&t_selected_folderrsn=13692805""}, ""project_id"": ""13692805"", ""masterpermitnum"": ""13692788"", ""latitude"": ""30.24209926"", ""longitude"": ""-97.84013202"", ""location"": {""latitude"": ""30.24209926"", ""longitude"": ""-97.84013202"", ""human_address"": ""{\""address\"": \""\"", \""city\"": \""\"", \""state\"": \""\"", \""zip\"": \""\""}""}, ""contractor_trade"": ""Plumbing Contractor"", ""contractor_company_name"": ""NuFlo Plumbing"", ""contractor_full_name"": ""Ismael Maldonado"", ""contractor_phone"": ""5129700626"", ""contractor_address1"": ""P.O Box 2109"", ""contractor_city"": ""Round Rock"", ""contractor_zip"": ""78680"", ""certificate_of_occupancy"": ""No""}",2026-05-03T07:18:31.559594+00:00
2026-049306 EP,ev install,2026-05-01T00:00:00+00:00,Special Inspections Program,Electrical Permit,,Industrial Elect,Active,7304 PURNIMA CV,78739,Residential,5127385900,https://abc.austintexas.gov/web/permit/public-search-other?t_detail=1&t_selected_folderrsn=13690789,2026-05-01T00:00:00+00:00,"{""permittype"": ""EP"", ""permit_type_desc"": ""Electrical Permit"", ""permit_number"": ""2026-049306 EP"", ""permit_class_mapped"": ""Residential"", ""permit_class"": ""Residential"", ""work_class"": ""Special Inspections Program"", ""condominium"": ""No"", ""permit_location"": ""7304 PURNIMA CV"", ""description"": ""ev install"", ""tcad_id"": ""0430550101"", ""legal_description"": ""LOT 128 BLK A MERIDIAN SEC D PHS 3"", ""applieddate"": ""2026-04-21T00:00:00.000"", ""issue_date"": ""2026-05-01T00:00:00.000"", ""day_issued"": ""FRIDAY"", ""calendar_year_issued"": ""2026"", ""fiscal_year_issued"": ""2026"", ""issued_in_last_30_days"": ""Yes"", ""issue_method"": ""Permit Center"", ""status_current"": ""Active"", ""statusdate"": ""2026-05-01T00:00:00.000"", ""expiresdate"": ""2026-10-28T00:00:00.000"", ""electrical_valuation_remodel"": ""2000"", ""original_address1"": ""7304 PURNIMA CV"", ""original_city"": ""AUSTIN"", ""original_state"": ""TX"", ""original_zip"": ""78739"", ""council_district"": ""8"", ""jurisdiction"": ""AUSTIN FULL PURPOSE"", ""link"": {""url"": ""https://abc.austintexas.gov/web/permit/public-search-other?t_detail=1&t_selected_folderrsn=13690789""}, ""project_id"": ""13690789"", ""latitude"": ""30.17640938"", ""longitude"": ""-97.91964574"", ""location"": {""latitude"": ""30.17640938"", ""longitude"": ""-97.91964574"", ""human_address"": ""{\""address\"": \""\"", \""city\"": \""\"", \""state\"": \""\"", \""zip\"": \""\""}""}, ""contractor_trade"": ""Electrical Contractor"", ""contractor_company_name"": ""Industrial Elect"", ""contractor_full_name"": ""Mark A Brendalen"", ""contractor_phone"": ""5127385900"", ""contractor_address1"": ""P.O.Box 1493"", ""contractor_address2"": ""908  Sycamor"", ""contractor_city"": ""San Marcos"", ""contractor_zip"": ""78666"", ""certificate_of_occupancy"": ""No""}",2026-05-03T07:18:31.559594+00:00
2026-052040 EP,"Interior Remodel

Remove wall paneling in master bedroom add R-15 insulation in exterior walls Install drywall Remove and replace tile in
master bathr",2026-05-01T00:00:00+00:00,Addition and Remodel,Electrical Permit,,ELECTRIC CONNECTION SERVICES,Active,5613 WESTVIEW RD,78749,Residential,5125969035,https://abc.austintexas.gov/web/permit/public-search-other?t_detail=1&t_selected_folderrsn=13694017,2026-05-01T00:00:00+00:00,"{""permittype"": ""EP"", ""permit_type_desc"": ""Electrical Permit"", ""permit_number"": ""2026-052040 EP"", ""permit_class_mapped"": ""Residential"", ""permit_class"": ""R- 434 Addition & Alterations"", ""work_class"": ""Addition and Remodel"", ""condominium"": ""No"", ""permit_location"": ""5613 WESTVIEW RD"", ""description"": ""Interior Remodel\n\nRemove wall paneling in master bedroom add R-15 insulation in exterior walls Install drywall Remove and replace tile in\nmaster bathr"", ""tcad_id"": ""0410300301"", ""legal_description"": ""LOT 2 * RESUB OF LOT 8 BECKETT G K ESTATE"", ""applieddate"": ""2026-02-09T00:00:00.000"", ""issue_date"": ""2026-05-01T00:00:00.000"", ""day_issued"": ""FRIDAY"", ""calendar_year_issued"": ""2026"", ""fiscal_year_issued"": ""2026"", ""issued_in_last_30_days"": ""Yes"", ""issue_method"": ""Permit Center"", ""status_current"": ""Active"", ""statusdate"": ""2026-05-01T00:00:00.000"", ""expiresdate"": ""2026-10-14T00:00:00.000"", ""total_existing_bldg_sqft"": ""1742"", ""remodel_repair_sqft"": ""252"", ""total_new_add_sqft"": ""220"", ""number_of_floors"": ""1"", ""housing_units"": ""1"", ""electrical_valuation_remodel"": ""1"", ""original_address1"": ""5613 WESTVIEW RD"", ""original_city"": ""AUSTIN"", ""original_state"": ""TX"", ""original_zip"": ""78749"", ""council_district"": ""8"", ""jurisdiction"": ""AUSTIN FULL PURPOSE"", ""link"": {""url"": ""https://abc.austintexas.gov/web/permit/public-search-other?t_detail=1&t_selected_folderrsn=13694017""}, ""project_id"": ""13694017"", ""masterpermitnum"": ""13682357"", ""latitude"": ""30.22874181"", ""longitude"": ""-97.85717729"", ""location"": {""latitude"": ""30.22874181"", ""longitude"": ""-97.85717729"", ""human_address"": ""{\""address\"": \""\"", \""city\"": \""\"", \""state\"": \""\"", \""zip\"": \""\""}""}, ""contractor_trade"": ""Electrical Contractor"", ""contractor_company_name"": ""ELECTRIC CONNECTION SERVICES"", ""contractor_full_name"": ""STEVEN OVERY"", ""contractor_phone"": ""5125969035"", ""contractor_address2"": ""7601  DAFFAN"", ""contractor_city"": ""AUSTIN"", ""contractor_zip"": ""78724"", ""certificate_of_occupancy"": ""No""}",2026-05-03T07:18:31.559594+00:00
2026-052471 PP,Replacement of an existing water heater Replace existing gas water heater,2026-05-01T00:00:00+00:00,Change Out,Plumbing Permit,,Flawless Fixers DBA Rooterman of Austin,Active,6400 CONVICT HILL RD,78749,Residential,5129007676,https://abc.austintexas.gov/web/permit/public-search-other?t_detail=1&t_selected_folderrsn=13694513,2026-05-01T00:00:00+00:00,"{""permittype"": ""PP"", ""permit_type_desc"": ""Plumbing Permit"", ""permit_number"": ""2026-052471 PP"", ""permit_class_mapped"": ""Residential"", ""permit_class"": ""Residential"", ""work_class"": ""Change Out"", ""permit_location"": ""6400 CONVICT HILL RD"", ""description"": ""Replacement of an existing water heater Replace existing gas water heater"", ""tcad_id"": ""0410360335"", ""legal_description"": ""LOT 11 BLK A LEGEND OAKS SEC 8"", ""applieddate"": ""2026-04-28T00:00:00.000"", ""issue_date"": ""2026-05-01T00:00:00.000"", ""day_issued"": ""FRIDAY"", ""calendar_year_issued"": ""2026"", ""fiscal_year_issued"": ""2026"", ""issued_in_last_30_days"": ""Yes"", ""issue_method"": ""Permit Center"", ""status_current"": ""Active"", ""statusdate"": ""2026-05-01T00:00:00.000"", ""expiresdate"": ""2026-10-28T00:00:00.000"", ""original_address1"": ""6400 CONVICT HILL RD"", ""original_city"": ""AUSTIN"", ""original_state"": ""TX"", ""original_zip"": ""78749"", ""council_district"": ""8"", ""jurisdiction"": ""AUSTIN FULL PURPOSE"", ""link"": {""url"": ""https://abc.austintexas.gov/web/permit/public-search-other?t_detail=1&t_selected_folderrsn=13694513""}, ""project_id"": ""13694513"", ""latitude"": ""30.22679288"", ""longitude"": ""-97.87020915"", ""location"": {""latitude"": ""30.22679288"", ""longitude"": ""-97.87020915"", ""human_address"": ""{\""address\"": \""\"", \""city\"": \""\"", \""state\"": \""\"", \""zip\"": \""\""}""}, ""contractor_trade"": ""Plumbing Contractor"", ""contractor_company_name"": ""Flawless Fixers DBA Rooterman of Austin"", ""contractor_full_name"": ""David Coucke"", ""contractor_phone"": ""5129007676"", ""contractor_address2"": ""15503  Patri"", ""contractor_city"": ""AUSTIN"", ""contractor_zip"": ""78728-____""}",2026-05-03T07:18:31.559594+00:00
2026-052282 PP,Replace broken kitchen sewer line under home emergency,2026-05-01T00:00:00+00:00,Repair,Plumbing Permit,,Spot-On Plumbing LLC,Active,816 W NORTH LOOP BLVD UNIT 123,78756,Commercial,5127771599,https://abc.austintexas.gov/web/permit/public-search-other?t_detail=1&t_selected_folderrsn=13694285,2026-05-01T00:00:00+00:00,"{""permittype"": ""PP"", ""permit_type_desc"": ""Plumbing Permit"", ""permit_number"": ""2026-052282 PP"", ""permit_class_mapped"": ""Commercial"", ""permit_class"": ""Commercial"", ""work_class"": ""Repair"", ""condominium"": ""No"", ""permit_location"": ""816 W NORTH LOOP BLVD UNIT 123"", ""description"": ""Replace broken kitchen sewer line under home emergency"", ""tcad_id"": ""0226070509"", ""legal_description"": ""282.2X74.6FT AV OF BLK 1 SKYLAND TERRACE"", ""applieddate"": ""2026-04-28T00:00:00.000"", ""issue_date"": ""2026-05-01T00:00:00.000"", ""day_issued"": ""FRIDAY"", ""calendar_year_issued"": ""2026"", ""fiscal_year_issued"": ""2026"", ""issued_in_last_30_days"": ""Yes"", ""issue_method"": ""Permit Center"", ""status_current"": ""Active"", ""statusdate"": ""2026-05-01T00:00:00.000"", ""expiresdate"": ""2026-10-28T00:00:00.000"", ""number_of_floors"": ""0"", ""plumbing_valuation"": ""0"", ""original_address1"": ""816 W NORTH LOOP BLVD UNIT 123"", ""original_city"": ""AUSTIN"", ""original_state"": ""TX"", ""original_zip"": ""78756"", ""council_district"": ""7"", ""jurisdiction"": ""AUSTIN FULL PURPOSE"", ""link"": {""url"": ""https://abc.austintexas.gov/web/permit/public-search-other?t_detail=1&t_selected_folderrsn=13694285""}, ""project_id"": ""13694285"", ""latitude"": ""30.32209675"", ""longitude"": ""-97.73039627"", ""location"": {""latitude"": ""30.32209675"", ""longitude"": ""-97.73039627"", ""human_address"": ""{\""address\"": \""\"", \""city\"": \""\"", \""state\"": \""\"", \""zip\"": \""\""}""}, ""contractor_trade"": ""Plumbing Contractor"", ""contractor_company_name"": ""Spot-On Plumbing LLC"", ""contractor_full_name"": ""James Butler"", ""contractor_phone"": ""5127771599"", ""contractor_address2"": ""1631  Baylan"", ""contractor_city"": ""ROUND ROCK"", ""contractor_zip"": ""78664-____"", ""certificate_of_occupancy"": ""No""}",2026-05-03T07:18:31.559594+00:00
2026-034073 PP,In ground pool and spa. Autofill/ gas heater,2026-05-01T00:00:00+00:00,New,Plumbing Permit,,Advantage Plumbing Contractors LLC,Active,7508 BOYD HAVEN DR,78744,Residential,5124609196,https://abc.austintexas.gov/web/permit/public-search-other?t_detail=1&t_selected_folderrsn=13673473,2026-05-01T00:00:00+00:00,"{""permittype"": ""PP"", ""permit_type_desc"": ""Plumbing Permit"", ""permit_number"": ""2026-034073 PP"", ""permit_class_mapped"": ""Residential"", ""permit_class"": ""R- 329 Res Structures Other Than Bldg"", ""work_class"": ""New"", ""condominium"": ""No"", ""permit_location"": ""7508 BOYD HAVEN DR"", ""description"": ""In ground pool and spa. Autofill/ gas heater"", ""tcad_id"": ""0336130723"", ""legal_description"": ""EASTON PARK SEC 3A PHS 2 BLK G LOT 12"", ""applieddate"": ""2026-03-03T00:00:00.000"", ""issue_date"": ""2026-05-01T00:00:00.000"", ""day_issued"": ""FRIDAY"", ""calendar_year_issued"": ""2026"", ""fiscal_year_issued"": ""2026"", ""issued_in_last_30_days"": ""Yes"", ""issue_method"": ""Permit Center"", ""status_current"": ""Active"", ""statusdate"": ""2026-05-01T00:00:00.000"", ""expiresdate"": ""2026-10-24T00:00:00.000"", ""total_new_add_sqft"": ""353"", ""number_of_floors"": ""1"", ""housing_units"": ""1"", ""original_address1"": ""7508 BOYD HAVEN DR"", ""original_city"": ""AUSTIN"", ""original_state"": ""TX"", ""original_zip"": ""78744"", ""council_district"": ""2"", ""jurisdiction"": ""AUSTIN LTD"", ""link"": {""url"": ""https://abc.austintexas.gov/web/permit/public-search-other?t_detail=1&t_selected_folderrsn=13673473""}, ""project_id"": ""13673473"", ""masterpermitnum"": ""13673455"", ""latitude"": ""30.1514192"", ""longitude"": ""-97.71059573"", ""location"": {""latitude"": ""30.1514192"", ""longitude"": ""-97.71059573"", ""human_address"": ""{\""address\"": \""\"", \""city\"": \""\"", \""state\"": \""\"", \""zip\"": \""\""}""}, ""contractor_trade"": ""Plumbing Contractor"", ""contractor_company_name"": ""Advantage Plumbing Contractors LLC"", ""contractor_full_name"": ""Mark Brown"", ""contractor_phone"": ""5124609196"", ""contractor_address2"": ""703  BLACKWE"", ""contractor_city"": ""MANCHACA"", ""contractor_zip"": ""78652"", ""certificate_of_occupancy"": ""No""}",2026-05-03T07:18:31.559594+00:00
2026-053549 EP,"Stand-alone permit. Wire a free-standing accessory structure less than 200 sq ft with a few light fixtures receptacles and a 120v mini split 
No Meter",2026-05-01T00:00:00+00:00,Repair,Electrical Permit,,Creative Electrical Solutions,Active,3812 TAMARACK TRL,78727,Residential,5124234794,https://abc.austintexas.gov/web/permit/public-search-other?t_detail=1&t_selected_folderrsn=13695677,2026-05-01T00:00:00+00:00,"{""permittype"": ""EP"", ""permit_type_desc"": ""Electrical Permit"", ""permit_number"": ""2026-053549 EP"", ""permit_class_mapped"": ""Residential"", ""permit_class"": ""Residential"", ""work_class"": ""Repair"", ""condominium"": ""No"", ""permit_location"": ""3812 TAMARACK TRL"", ""description"": ""Stand-alone permit. Wire a free-standing accessory structure less than 200 sq ft with a few light fixtures receptacles and a 120v mini split \nNo Meter"", ""tcad_id"": ""0266102146"", ""legal_description"": ""LOT 14 BLK E NORTHWOOD SEC 2"", ""applieddate"": ""2026-04-29T00:00:00.000"", ""issue_date"": ""2026-05-01T00:00:00.000"", ""day_issued"": ""FRIDAY"", ""calendar_year_issued"": ""2026"", ""fiscal_year_issued"": ""2026"", ""issued_in_last_30_days"": ""Yes"", ""issue_method"": ""Permit Center"", ""status_current"": ""Active"", ""statusdate"": ""2026-05-01T00:00:00.000"", ""expiresdate"": ""2026-10-28T00:00:00.000"", ""remodel_repair_sqft"": ""0"", ""number_of_floors"": ""1"", ""housing_units"": ""1"", ""electrical_valuation_remodel"": ""600"", ""original_address1"": ""3812 TAMARACK TRL"", ""original_city"": ""AUSTIN"", ""original_state"": ""TX"", ""original_zip"": ""78727"", ""council_district"": ""7"", ""jurisdiction"": ""AUSTIN FULL PURPOSE"", ""link"": {""url"": ""https://abc.austintexas.gov/web/permit/public-search-other?t_detail=1&t_selected_folderrsn=13695677""}, ""project_id"": ""13695677"", ""latitude"": ""30.42757102"", ""longitude"": ""-97.7108442"", ""location"": {""latitude"": ""30.42757102"", ""longitude"": ""-97.7108442"", ""human_address"": ""{\""address\"": \""\"", \""city\"": \""\"", \""state\"": \""\"", \""zip\"": \""\""}""}, ""contractor_trade"": ""Electrical Contractor"", ""contractor_company_name"": ""Creative Electrical Solutions"", ""contractor_full_name"": ""Jose Lucio"", ""contractor_phone"": ""5124234794"", ""contractor_address2"": ""198  Brentwo"", ""contractor_city"": ""CEDAR CREEK"", ""contractor_zip"": ""78612-____"", ""certificate_of_occupancy"": ""No""}",2026-05-03T07:18:31.559594+00:00
2026-050937 PP,Interior commercial kitchen remodel. Scope includes replacement of one 1 existing 4 foot Type I exhaust hood addition of two 2 new 10 foot Type I exha,2026-05-01T00:00:00+00:00,Remodel,Plumbing Permit,,DLR Plumbing LLC,Active,2007 KRAMER LN UNIT 105,78758,Commercial,5125086719,https://abc.austintexas.gov/web/permit/public-search-other?t_detail=1&t_selected_folderrsn=13692823,2026-05-01T00:00:00+00:00,"{""permittype"": ""PP"", ""permit_type_desc"": ""Plumbing Permit"", ""permit_number"": ""2026-050937 PP"", ""permit_class_mapped"": ""Commercial"", ""permit_class"": ""C-1000 Commercial Remodel"", ""work_class"": ""Remodel"", ""condominium"": ""No"", ""permit_location"": ""2007 KRAMER LN UNIT 105"", ""description"": ""Interior commercial kitchen remodel. Scope includes replacement of one 1 existing 4 foot Type I exhaust hood addition of two 2 new 10 foot Type I exha"", ""tcad_id"": ""0250130206"", ""legal_description"": ""LOT 34&35 KRAMER LANE INDUSTRIAL PARK I"", ""applieddate"": ""2026-02-06T00:00:00.000"", ""issue_date"": ""2026-05-01T00:00:00.000"", ""day_issued"": ""FRIDAY"", ""calendar_year_issued"": ""2026"", ""fiscal_year_issued"": ""2026"", ""issued_in_last_30_days"": ""Yes"", ""issue_method"": ""Permit Center"", ""status_current"": ""Active"", ""statusdate"": ""2026-05-01T00:00:00.000"", ""expiresdate"": ""2026-10-26T00:00:00.000"", ""remodel_repair_sqft"": ""1300"", ""number_of_floors"": ""1"", ""housing_units"": ""1"", ""original_address1"": ""2007 KRAMER LN UNIT 105"", ""original_city"": ""AUSTIN"", ""original_state"": ""TX"", ""original_zip"": ""78758"", ""council_district"": ""4"", ""jurisdiction"": ""AUSTIN FULL PURPOSE"", ""link"": {""url"": ""https://abc.austintexas.gov/web/permit/public-search-other?t_detail=1&t_selected_folderrsn=13692823""}, ""project_id"": ""13692823"", ""masterpermitnum"": ""13692819"", ""latitude"": ""30.38823566"", ""longitude"": ""-97.71019455"", ""location"": {""latitude"": ""30.38823566"", ""longitude"": ""-97.71019455"", ""human_address"": ""{\""address\"": \""\"", \""city\"": \""\"", \""state\"": \""\"", \""zip\"": \""\""}""}, ""contractor_trade"": ""Plumbing Contractor"", ""contractor_company_name"": ""DLR Plumbing LLC"", ""contractor_full_name"": ""John Daniele"", ""contractor_phone"": ""5125086719"", ""contractor_address2"": ""113  Phillip"", ""contractor_city"": ""Hutto"", ""contractor_zip"": ""78634-____"", ""certificate_of_occupancy"": ""No""}",2026-05-03T07:18:31.559594+00:00
2026-053485 PP,"tunnel underneath the downstairs bathroom to repair the tub drain and run new drain/vent line for washer

Per contractor Unit B (5/1/26)",2026-05-01T00:00:00+00:00,Repair,Plumbing Permit,,ABC Home & Commercial Service,Active,2008 MEADOWRIDGE DR,78704,Residential,5128379500,https://abc.austintexas.gov/web/permit/public-search-other?t_detail=1&t_selected_folderrsn=13695613,2026-05-01T00:00:00+00:00,"{""permittype"": ""PP"", ""permit_type_desc"": ""Plumbing Permit"", ""permit_number"": ""2026-053485 PP"", ""permit_class_mapped"": ""Residential"", ""permit_class"": ""Residential"", ""work_class"": ""Repair"", ""condominium"": ""No"", ""permit_location"": ""2008 MEADOWRIDGE DR"", ""description"": ""tunnel underneath the downstairs bathroom to repair the tub drain and run new drain/vent line for washer\n\nPer contractor Unit B (5/1/26)"", ""tcad_id"": ""0100082201"", ""applieddate"": ""2026-04-29T00:00:00.000"", ""issue_date"": ""2026-05-01T00:00:00.000"", ""day_issued"": ""FRIDAY"", ""calendar_year_issued"": ""2026"", ""fiscal_year_issued"": ""2026"", ""issued_in_last_30_days"": ""Yes"", ""issue_method"": ""Permit Center"", ""status_current"": ""Active"", ""statusdate"": ""2026-05-01T00:00:00.000"", ""expiresdate"": ""2026-10-28T00:00:00.000"", ""remodel_repair_sqft"": ""10"", ""number_of_floors"": ""0"", ""housing_units"": ""2"", ""original_address1"": ""2008 MEADOWRIDGE DR"", ""original_city"": ""AUSTIN"", ""original_state"": ""TX"", ""original_zip"": ""78704"", ""council_district"": ""5"", ""jurisdiction"": ""AUSTIN FULL PURPOSE"", ""link"": {""url"": ""https://abc.austintexas.gov/web/permit/public-search-other?t_detail=1&t_selected_folderrsn=13695613""}, ""project_id"": ""13695613"", ""contractor_trade"": ""Plumbing Contractor"", ""contractor_company_name"": ""ABC Home & Commercial Service"", ""contractor_full_name"": ""Mike Yazolino"", ""contractor_phone"": ""5128379500"", ""contractor_address2"": ""9475 E Highw"", ""contractor_city"": ""Austin"", ""contractor_zip"": ""78724"", ""certificate_of_occupancy"": ""No""}",2026-05-03T07:18:31.559594+00:00
2024-010986 EP,NEW PHOTOVOLTIAC (PV) SYSTEM: 85.85kW (DC)/67.30kW (AC),2026-05-01T00:00:00+00:00,Auxiliary Power,Electrical Permit,,Freedom Solar Power,Active,2121 S IH 35 SVRD NB UNIT 2,78741,Commercial,8005042337,https://abc.austintexas.gov/web/permit/public-search-other?t_detail=1&t_selected_folderrsn=13272694,2026-05-01T00:00:00+00:00,"{""permittype"": ""EP"", ""permit_type_desc"": ""Electrical Permit"", ""permit_number"": ""2024-010986 EP"", ""permit_class_mapped"": ""Commercial"", ""permit_class"": ""Commercial"", ""work_class"": ""Auxiliary Power"", ""condominium"": ""No"", ""permit_location"": ""2121 S IH 35 SVRD NB UNIT 2"", ""description"": ""NEW PHOTOVOLTIAC (PV) SYSTEM: 85.85kW (DC)/67.30kW (AC)"", ""tcad_id"": ""0305031102"", ""legal_description"": ""LOT 1 ANDREWARTHA JACK ADDN"", ""applieddate"": ""2024-01-26T00:00:00.000"", ""issue_date"": ""2026-05-01T00:00:00.000"", ""day_issued"": ""FRIDAY"", ""calendar_year_issued"": ""2026"", ""fiscal_year_issued"": ""2026"", ""issued_in_last_30_days"": ""Yes"", ""issue_method"": ""Permit Center"", ""status_current"": ""Active"", ""statusdate"": ""2026-05-01T00:00:00.000"", ""expiresdate"": ""2026-10-27T00:00:00.000"", ""total_existing_bldg_sqft"": ""0"", ""number_of_floors"": ""1"", ""housing_units"": ""1"", ""electrical_valuation_remodel"": ""0"", ""original_address1"": ""2121 S IH 35 SVRD NB UNIT 2"", ""original_city"": ""AUSTIN"", ""original_state"": ""TX"", ""original_zip"": ""78741"", ""council_district"": ""9"", ""jurisdiction"": ""AUSTIN FULL PURPOSE"", ""link"": {""url"": ""https://abc.austintexas.gov/web/permit/public-search-other?t_detail=1&t_selected_folderrsn=13272694""}, ""project_id"": ""13272694"", ""masterpermitnum"": ""13272691"", ""contractor_trade"": ""Electrical Contractor"", ""contractor_company_name"": ""Freedom Solar Power"", ""contractor_full_name"": ""Adrian Buck"", ""contractor_phone"": ""8005042337"", ""contractor_address2"": ""4801  Freidr"", ""contractor_city"": ""AUSTIN"", ""contractor_zip"": ""78744"", ""certificate_of_occupancy"": ""No""}",2026-05-03T07:18:31.559594+00:00
2026-026424 PP,Estonian 3316 A Left New - 2 Story SFR CONDOMINUM w/ 4 bedrooms 3 bathrooms attached 2 car garage covered entry porch and patio FFE: 691.88 Site Plan:,2026-05-01T00:00:00+00:00,New,Plumbing Permit,,IES Residential Inc,Active,13108 INCLINE DR,78652,Residential,5125615002,https://abc.austintexas.gov/web/permit/public-search-other?t_detail=1&t_selected_folderrsn=13664681,2026-05-01T00:00:00+00:00,"{""permittype"": ""PP"", ""permit_type_desc"": ""Plumbing Permit"", ""permit_number"": ""2026-026424 PP"", ""permit_class_mapped"": ""Residential"", ""permit_class"": ""R- 101 Single Family Houses"", ""work_class"": ""New"", ""condominium"": ""No"", ""permit_location"": ""13108 INCLINE DR"", ""description"": ""Estonian 3316 A Left New - 2 Story SFR CONDOMINUM w/ 4 bedrooms 3 bathrooms attached 2 car garage covered entry porch and patio FFE: 691.88 Site Plan:"", ""tcad_id"": ""0451150901"", ""applieddate"": ""2026-02-20T00:00:00.000"", ""issue_date"": ""2026-05-01T00:00:00.000"", ""day_issued"": ""FRIDAY"", ""calendar_year_issued"": ""2026"", ""fiscal_year_issued"": ""2026"", ""issued_in_last_30_days"": ""Yes"", ""issue_method"": ""Permit Center"", ""status_current"": ""Active"", ""statusdate"": ""2026-05-01T00:00:00.000"", ""expiresdate"": ""2026-09-03T00:00:00.000"", ""total_new_add_sqft"": ""2932"", ""number_of_floors"": ""2"", ""housing_units"": ""1"", ""original_address1"": ""13108 INCLINE DR"", ""original_city"": ""AUSTIN"", ""original_state"": ""TX"", ""original_zip"": ""78652"", ""council_district"": ""5"", ""jurisdiction"": ""AUSTIN LTD"", ""link"": {""url"": ""https://abc.austintexas.gov/web/permit/public-search-other?t_detail=1&t_selected_folderrsn=13664681""}, ""project_id"": ""13664681"", ""masterpermitnum"": ""13664673"", ""contractor_trade"": ""Plumbing Contractor"", ""contractor_company_name"": ""IES Residential Inc"", ""contractor_full_name"": ""Charles Faught"", ""contractor_phone"": ""5125615002"", ""contractor_address2"": ""13279  POND"", ""contractor_city"": ""AUSTIN"", ""contractor_zip"": ""78729-____"", ""certificate_of_occupancy"": ""No""}",2026-05-03T07:18:31.559594+00:00
2026-009911 MP,"Retail Shell with Interior Build Out and Remainder Cold Dark Shell

2024 084112 SP - Concurrent Revies",2026-05-01T00:00:00+00:00,New,Mechanical Permit,,Pruneda Construction Inc.,Active,525 W HOWARD LN,78753,Commercial,5124580776,https://abc.austintexas.gov/web/permit/public-search-other?t_detail=1&t_selected_folderrsn=13646009,2026-05-01T00:00:00+00:00,"{""permittype"": ""MP"", ""permit_type_desc"": ""Mechanical Permit"", ""permit_number"": ""2026-009911 MP"", ""permit_class_mapped"": ""Commercial"", ""permit_class"": ""C- 327 Stores & Customer Services"", ""work_class"": ""New"", ""condominium"": ""No"", ""permit_location"": ""525 W HOWARD LN"", ""description"": ""Retail Shell with Interior Build Out and Remainder Cold Dark Shell\n\n2024 084112 SP - Concurrent Revies"", ""tcad_id"": ""0264260110"", ""legal_description"": ""LOT 2 BLK A PARMER NORTH SEC 1 RESUB OF LOT 3"", ""applieddate"": ""2025-05-15T00:00:00.000"", ""issue_date"": ""2026-05-01T00:00:00.000"", ""day_issued"": ""FRIDAY"", ""calendar_year_issued"": ""2026"", ""fiscal_year_issued"": ""2026"", ""issued_in_last_30_days"": ""Yes"", ""issue_method"": ""Permit Center"", ""status_current"": ""Active"", ""statusdate"": ""2026-05-01T00:00:00.000"", ""expiresdate"": ""2026-10-06T00:00:00.000"", ""total_new_add_sqft"": ""9000"", ""number_of_floors"": ""1"", ""housing_units"": ""1"", ""mechanical_valuation"": ""0"", ""original_address1"": ""525 W HOWARD LN"", ""original_city"": ""AUSTIN"", ""original_state"": ""TX"", ""original_zip"": ""78753"", ""council_district"": ""7"", ""jurisdiction"": ""AUSTIN FULL PURPOSE"", ""link"": {""url"": ""https://abc.austintexas.gov/web/permit/public-search-other?t_detail=1&t_selected_folderrsn=13646009""}, ""project_id"": ""13646009"", ""masterpermitnum"": ""13646007"", ""latitude"": ""30.41952992"", ""longitude"": ""-97.66208576"", ""location"": {""latitude"": ""30.41952992"", ""longitude"": ""-97.66208576"", ""human_address"": ""{\""address\"": \""\"", \""city\"": \""\"", \""state\"": \""\"", \""zip\"": \""\""}""}, ""contractor_trade"": ""Mechanical Contractor"", ""contractor_company_name"": ""Pruneda Construction Inc."", ""contractor_full_name"": ""Homero Canet"", ""contractor_phone"": ""5124580776"", ""contractor_address2"": ""14905  DESSA"", ""contractor_city"": ""PFLUGERVILLE"", ""contractor_zip"": ""78660"", ""certificate_of_occupancy"": ""No""}",2026-05-03T07:18:31.559594+00:00
2026-045732 BP,Express: Replacing 5 windows (like for like),2026-05-01T00:00:00+00:00,Repair,Building Permit,1.0,Renewal by Andersen,Active,2607 PINEWOOD TER,78757,Residential,5128348383,https://abc.austintexas.gov/web/permit/public-search-other?t_detail=1&t_selected_folderrsn=13686637,2026-05-01T00:00:00+00:00,"{""permittype"": ""BP"", ""permit_type_desc"": ""Building Permit"", ""permit_number"": ""2026-045732 BP"", ""permit_class_mapped"": ""Residential"", ""permit_class"": ""R- 435 Renovations/Remodel"", ""work_class"": ""Repair"", ""condominium"": ""No"", ""permit_location"": ""2607 PINEWOOD TER"", ""description"": ""Express: Replacing 5 windows (like for like)"", ""tcad_id"": ""0235040802"", ""legal_description"": ""LOT 26 BLK K ALLANDALE PARK SEC 1"", ""applieddate"": ""2026-04-14T00:00:00.000"", ""issue_date"": ""2026-05-01T00:00:00.000"", ""day_issued"": ""FRIDAY"", ""calendar_year_issued"": ""2026"", ""fiscal_year_issued"": ""2026"", ""issued_in_last_30_days"": ""Yes"", ""issue_method"": ""Permit Center"", ""status_current"": ""Active"", ""statusdate"": ""2026-05-01T00:00:00.000"", ""expiresdate"": ""2026-10-29T00:00:00.000"", ""remodel_repair_sqft"": ""1"", ""total_valuation_remodel"": ""0"", ""total_job_valuation"": ""1"", ""number_of_floors"": ""1"", ""housing_units"": ""1"", ""building_valuation_remodel"": ""0"", ""electrical_valuation_remodel"": ""0"", ""mechanical_valuation_remodel"": ""0"", ""plumbing_valuation_remodel"": ""0"", ""original_address1"": ""2607 PINEWOOD TER"", ""original_city"": ""AUSTIN"", ""original_state"": ""TX"", ""original_zip"": ""78757"", ""council_district"": ""7"", ""jurisdiction"": ""AUSTIN FULL PURPOSE"", ""link"": {""url"": ""https://abc.austintexas.gov/web/permit/public-search-other?t_detail=1&t_selected_folderrsn=13686637""}, ""project_id"": ""13686637"", ""masterpermitnum"": ""13686634"", ""latitude"": ""30.35036525"", ""longitude"": ""-97.73842094"", ""location"": {""latitude"": ""30.35036525"", ""longitude"": ""-97.73842094"", ""human_address"": ""{\""address\"": \""\"", \""city\"": \""\"", \""state\"": \""\"", \""zip\"": \""\""}""}, ""contractor_trade"": ""General Contractor"", ""contractor_company_name"": ""Renewal by Andersen"", ""contractor_full_name"": ""Jamie Strain"", ""contractor_phone"": ""5128348383"", ""contractor_address2"": ""2100  KRAMER"", ""contractor_city"": ""AUSTIN"", ""contractor_zip"": ""78758"", ""applicant_full_name"": ""Jamie Strain"", ""applicant_org"": ""Renewal by Andersen"", ""applicant_phone"": ""5128348383"", ""applicant_address2"": ""2100  KRAMER"", ""applicant_city"": ""AUSTIN"", ""applicantzip"": ""78758"", ""certificate_of_occupancy"": ""No""}",2026-05-03T07:18:31.559594+00:00
2025-157303 MP,Unit 301 Bldg 3:  New 3-story townhome with 3 bedroom 3.5 bathroom balcony attached 2-car carport.  Part of 3-unit townhome building in 3-unit use.  (,2026-05-01T00:00:00+00:00,New,Mechanical Permit,,Airtron,Active,4413 BANISTER LN UNIT 301,78745,Residential,5128213163,https://abc.austintexas.gov/web/permit/public-search-other?t_detail=1&t_selected_folderrsn=13627296,2026-05-01T00:00:00+00:00,"{""permittype"": ""MP"", ""permit_type_desc"": ""Mechanical Permit"", ""permit_number"": ""2025-157303 MP"", ""permit_class_mapped"": ""Residential"", ""permit_class"": ""R- 101 Single Family Houses"", ""work_class"": ""New"", ""condominium"": ""No"", ""permit_location"": ""4413 BANISTER LN UNIT 301"", ""description"": ""Unit 301 Bldg 3:  New 3-story townhome with 3 bedroom 3.5 bathroom balcony attached 2-car carport.  Part of 3-unit townhome building in 3-unit use.  ("", ""tcad_id"": ""0410090541"", ""legal_description"": ""BANISTER ACRES RSB LOT 4 BLK 4 BLK 4 LOT 4A"", ""applieddate"": ""2025-06-03T00:00:00.000"", ""issue_date"": ""2026-05-01T00:00:00.000"", ""day_issued"": ""FRIDAY"", ""calendar_year_issued"": ""2026"", ""fiscal_year_issued"": ""2026"", ""issued_in_last_30_days"": ""Yes"", ""issue_method"": ""Permit Center"", ""status_current"": ""Active"", ""statusdate"": ""2026-05-01T00:00:00.000"", ""expiresdate"": ""2026-08-19T00:00:00.000"", ""total_new_add_sqft"": ""1770"", ""number_of_floors"": ""3"", ""housing_units"": ""1"", ""original_address1"": ""4413 BANISTER LN UNIT 301"", ""original_city"": ""AUSTIN"", ""original_state"": ""TX"", ""original_zip"": ""78745"", ""council_district"": ""5"", ""jurisdiction"": ""AUSTIN FULL PURPOSE"", ""link"": {""url"": ""https://abc.austintexas.gov/web/permit/public-search-other?t_detail=1&t_selected_folderrsn=13627296""}, ""project_id"": ""13627296"", ""masterpermitnum"": ""13627278"", ""contractor_trade"": ""Mechanical Contractor"", ""contractor_company_name"": ""Airtron"", ""contractor_full_name"": ""Tamara Enfield"", ""contractor_phone"": ""5128213163"", ""contractor_address2"": ""12112  BOARD"", ""contractor_city"": ""AUSTIN"", ""contractor_zip"": ""78729-____"", ""certificate_of_occupancy"": ""No""}",2026-05-03T07:18:31.559594+00:00
2026-054247 MP,Connect Mobile Home with Decks 6x8 Front and 4x4 Rear,2026-05-01T00:00:00+00:00,Addition and Remodel,Mechanical Permit,,"Air Pro, Inc.",Active,5701 JOHNNY MORRIS RD UNIT 365,78724,Residential,5123261511,https://abc.austintexas.gov/web/permit/public-search-other?t_detail=1&t_selected_folderrsn=13696512,2026-05-01T00:00:00+00:00,"{""permittype"": ""MP"", ""permit_type_desc"": ""Mechanical Permit"", ""permit_number"": ""2026-054247 MP"", ""permit_class_mapped"": ""Residential"", ""permit_class"": ""R- 439 Addition Mobile Home"", ""work_class"": ""Addition and Remodel"", ""condominium"": ""No"", ""permit_location"": ""5701 JOHNNY MORRIS RD UNIT 365"", ""description"": ""Connect Mobile Home with Decks 6x8 Front and 4x4 Rear"", ""tcad_id"": ""0217300201"", ""legal_description"": ""ABS 4 SUR 19 BURLESON J ACR 40.0000"", ""applieddate"": ""2026-05-01T00:00:00.000"", ""issue_date"": ""2026-05-01T00:00:00.000"", ""day_issued"": ""FRIDAY"", ""calendar_year_issued"": ""2026"", ""fiscal_year_issued"": ""2026"", ""issued_in_last_30_days"": ""Yes"", ""issue_method"": ""Permit Center"", ""status_current"": ""Active"", ""statusdate"": ""2026-05-01T00:00:00.000"", ""expiresdate"": ""2026-10-28T00:00:00.000"", ""remodel_repair_sqft"": ""64"", ""number_of_floors"": ""1"", ""housing_units"": ""2"", ""original_address1"": ""5701 JOHNNY MORRIS RD UNIT 365"", ""original_city"": ""AUSTIN"", ""original_state"": ""TX"", ""original_zip"": ""78724"", ""council_district"": ""1"", ""jurisdiction"": ""AUSTIN FULL PURPOSE"", ""link"": {""url"": ""https://abc.austintexas.gov/web/permit/public-search-other?t_detail=1&t_selected_folderrsn=13696512""}, ""project_id"": ""13696512"", ""masterpermitnum"": ""13696510"", ""latitude"": ""30.29222184"", ""longitude"": ""-97.65192067"", ""location"": {""latitude"": ""30.29222184"", ""longitude"": ""-97.65192067"", ""human_address"": ""{\""address\"": \""\"", \""city\"": \""\"", \""state\"": \""\"", \""zip\"": \""\""}""}, ""contractor_trade"": ""Mechanical Contractor"", ""contractor_company_name"": ""Air Pro, Inc."", ""contractor_full_name"": ""Eugene Mundahl"", ""contractor_phone"": ""5123261511"", ""contractor_address2"": ""4213  TODD L"", ""contractor_city"": ""AUSTIN"", ""contractor_zip"": ""78744"", ""certificate_of_occupancy"": ""No""}",2026-05-03T07:18:31.559594+00:00
2025-112577 PP,1 for 1 replacement of an existing pool - new construction of inground swimming pool. Rebuild,2026-05-01T00:00:00+00:00,New,Plumbing Permit,,Austin Metro Plumbing LLC,Active,2403 ROCKINGHAM CIR,78704,Residential,512,https://abc.austintexas.gov/web/permit/public-search-other?t_detail=1&t_selected_folderrsn=13577223,2026-05-01T00:00:00+00:00,"{""permittype"": ""PP"", ""permit_type_desc"": ""Plumbing Permit"", ""permit_number"": ""2025-112577 PP"", ""permit_class_mapped"": ""Residential"", ""permit_class"": ""R- 329 Res Structures Other Than Bldg"", ""work_class"": ""New"", ""condominium"": ""No"", ""permit_location"": ""2403 ROCKINGHAM CIR"", ""description"": ""1 for 1 replacement of an existing pool - new construction of inground swimming pool. Rebuild"", ""tcad_id"": ""0101091306"", ""legal_description"": ""LOT 6 BLK K BARTON HILLS SEC 3A"", ""applieddate"": ""2025-06-24T00:00:00.000"", ""issue_date"": ""2026-05-01T00:00:00.000"", ""day_issued"": ""FRIDAY"", ""calendar_year_issued"": ""2026"", ""fiscal_year_issued"": ""2026"", ""issued_in_last_30_days"": ""Yes"", ""issue_method"": ""Permit Center"", ""status_current"": ""Active"", ""statusdate"": ""2026-05-01T00:00:00.000"", ""expiresdate"": ""2026-09-21T00:00:00.000"", ""total_new_add_sqft"": ""313"", ""number_of_floors"": ""1"", ""housing_units"": ""1"", ""original_address1"": ""2403 ROCKINGHAM CIR"", ""original_city"": ""AUSTIN"", ""original_state"": ""TX"", ""original_zip"": ""78704"", ""council_district"": ""5"", ""jurisdiction"": ""AUSTIN FULL PURPOSE"", ""link"": {""url"": ""https://abc.austintexas.gov/web/permit/public-search-other?t_detail=1&t_selected_folderrsn=13577223""}, ""project_id"": ""13577223"", ""masterpermitnum"": ""13577215"", ""latitude"": ""30.25101321"", ""longitude"": ""-97.78217289"", ""location"": {""latitude"": ""30.25101321"", ""longitude"": ""-97.78217289"", ""human_address"": ""{\""address\"": \""\"", \""city\"": \""\"", \""state\"": \""\"", \""zip\"": \""\""}""}, ""contractor_trade"": ""Plumbing Contractor"", ""contractor_company_name"": ""Austin Metro Plumbing LLC"", ""contractor_full_name"": ""Michaell See"", ""contractor_phone"": ""512"", ""contractor_address2"": ""1507  Rimsto"", ""contractor_city"": ""CEDAR PARK"", ""contractor_zip"": ""78613"", ""certificate_of_occupancy"": ""No""}",2026-05-03T07:18:31.559594+00:00
2026-048743 EP,2245BL NEW 4 BEDROOM 3 BATH SINGLE FAMILY RESIDENTIAL HOME WITH ATTACHED GARAGE COVERED FRONT PORCHA AND REAR PATIO,2026-05-01T00:00:00+00:00,New,Electrical Permit,,Landmark Electric,Active,7109 HUDKINS WAY,78617,Residential,5124917718,https://abc.austintexas.gov/web/permit/public-search-other?t_detail=1&t_selected_folderrsn=13690173,2026-05-01T00:00:00+00:00,"{""permittype"": ""EP"", ""permit_type_desc"": ""Electrical Permit"", ""permit_number"": ""2026-048743 EP"", ""permit_class_mapped"": ""Residential"", ""permit_class"": ""R- 101 Single Family Houses"", ""work_class"": ""New"", ""condominium"": ""No"", ""permit_location"": ""7109 HUDKINS WAY"", ""description"": ""2245BL NEW 4 BEDROOM 3 BATH SINGLE FAMILY RESIDENTIAL HOME WITH ATTACHED GARAGE COVERED FRONT PORCHA AND REAR PATIO"", ""tcad_id"": ""0336400951"", ""legal_description"": ""STONEY RIDGE HIGHLANDS PHS 1 A SMALL LOT SUBD BLK A LOT 3"", ""applieddate"": ""2026-04-08T00:00:00.000"", ""issue_date"": ""2026-05-01T00:00:00.000"", ""day_issued"": ""FRIDAY"", ""calendar_year_issued"": ""2026"", ""fiscal_year_issued"": ""2026"", ""issued_in_last_30_days"": ""Yes"", ""issue_method"": ""Permit Center"", ""status_current"": ""Active"", ""statusdate"": ""2026-05-01T00:00:00.000"", ""expiresdate"": ""2026-10-27T00:00:00.000"", ""total_new_add_sqft"": ""2761"", ""number_of_floors"": ""2"", ""housing_units"": ""1"", ""original_address1"": ""7109 HUDKINS WAY"", ""original_city"": ""AUSTIN"", ""original_state"": ""TX"", ""original_zip"": ""78617"", ""council_district"": ""2"", ""jurisdiction"": ""AUSTIN LTD"", ""link"": {""url"": ""https://abc.austintexas.gov/web/permit/public-search-other?t_detail=1&t_selected_folderrsn=13690173""}, ""project_id"": ""13690173"", ""masterpermitnum"": ""13690154"", ""contractor_trade"": ""Electrical Contractor"", ""contractor_company_name"": ""Landmark Electric"", ""contractor_full_name"": ""Robert W Brown"", ""contractor_phone"": ""5124917718"", ""contractor_address2"": ""2008  PICADI"", ""contractor_city"": ""ROUND ROCK"", ""contractor_zip"": ""78664"", ""certificate_of_occupancy"": ""No""}",2026-05-03T07:18:31.559594+00:00
2026-048485 EP,Interior remodel to create dance studio. Building was originally constructed as a single unit and is being returned to a single unit.,2026-05-01T00:00:00+00:00,Remodel,Electrical Permit,,TL Cook Electric,Active,7010 W SH 71 UNIT 360,78735,Commercial,2146071695,https://abc.austintexas.gov/web/permit/public-search-other?t_detail=1&t_selected_folderrsn=13689872,2026-05-01T00:00:00+00:00,"{""permittype"": ""EP"", ""permit_type_desc"": ""Electrical Permit"", ""permit_number"": ""2026-048485 EP"", ""permit_class_mapped"": ""Commercial"", ""permit_class"": ""C-1000 Commercial Remodel"", ""work_class"": ""Remodel"", ""condominium"": ""No"", ""permit_location"": ""7010 W SH 71 UNIT 360"", ""description"": ""Interior remodel to create dance studio. Building was originally constructed as a single unit and is being returned to a single unit."", ""tcad_id"": ""0408380202"", ""legal_description"": ""CENTER OF THE HILLS SUBDIVISION BLK A LOT 1"", ""applieddate"": ""2026-02-02T00:00:00.000"", ""issue_date"": ""2026-05-01T00:00:00.000"", ""day_issued"": ""FRIDAY"", ""calendar_year_issued"": ""2026"", ""fiscal_year_issued"": ""2026"", ""issued_in_last_30_days"": ""Yes"", ""issue_method"": ""Permit Center"", ""status_current"": ""Active"", ""statusdate"": ""2026-05-01T00:00:00.000"", ""expiresdate"": ""2026-10-20T00:00:00.000"", ""remodel_repair_sqft"": ""4200"", ""number_of_floors"": ""1"", ""housing_units"": ""1"", ""electrical_valuation_remodel"": ""50000"", ""original_address1"": ""7010 W SH 71 UNIT 360"", ""original_city"": ""AUSTIN"", ""original_state"": ""TX"", ""original_zip"": ""78735"", ""council_district"": ""8"", ""jurisdiction"": ""AUSTIN FULL PURPOSE"", ""link"": {""url"": ""https://abc.austintexas.gov/web/permit/public-search-other?t_detail=1&t_selected_folderrsn=13689872""}, ""project_id"": ""13689872"", ""masterpermitnum"": ""13689871"", ""contractor_trade"": ""Electrical Contractor"", ""contractor_company_name"": ""TL Cook Electric"", ""contractor_full_name"": ""Thomas Cook"", ""contractor_phone"": ""2146071695"", ""contractor_city"": ""Austin"", ""certificate_of_occupancy"": ""No""}",2026-05-03T07:18:31.559594+00:00
2026-054172 PP,New construction in the etj clubhouse 4755 sqft,2026-05-01T00:00:00+00:00,New,Plumbing Permit,,"Red Kings Plumbing Contractors LLC,",Active,5119 E HOWARD LN BLDG CLUB,78653,Commercial,2109862480,https://abc.austintexas.gov/web/permit/public-search-other?t_detail=1&t_selected_folderrsn=13696429,2026-05-01T00:00:00+00:00,"{""permittype"": ""PP"", ""permit_type_desc"": ""Plumbing Permit"", ""permit_number"": ""2026-054172 PP"", ""permit_class_mapped"": ""Commercial"", ""permit_class"": ""Commercial"", ""work_class"": ""New"", ""condominium"": ""No"", ""permit_location"": ""5119 E HOWARD LN BLDG CLUB"", ""description"": ""New construction in the etj clubhouse 4755 sqft"", ""tcad_id"": ""0251410337"", ""legal_description"": ""LOT 1 LESS .0900AC THOMISON SUBD & ABS 160 SUR 50 CASTRO M TOTAL 14.686AC"", ""applieddate"": ""2026-04-30T00:00:00.000"", ""issue_date"": ""2026-05-01T00:00:00.000"", ""day_issued"": ""FRIDAY"", ""calendar_year_issued"": ""2026"", ""fiscal_year_issued"": ""2026"", ""issued_in_last_30_days"": ""Yes"", ""issue_method"": ""Permit Center"", ""status_current"": ""Active"", ""statusdate"": ""2026-05-01T00:00:00.000"", ""expiresdate"": ""2026-10-28T00:00:00.000"", ""total_new_add_sqft"": ""4755"", ""number_of_floors"": ""1"", ""housing_units"": ""1"", ""original_address1"": ""5119 E HOWARD LN BLDG CLUB"", ""original_city"": ""AUSTIN"", ""original_state"": ""TX"", ""original_zip"": ""78653"", ""jurisdiction"": ""AUSTIN 2 MILE ETJ"", ""link"": {""url"": ""https://abc.austintexas.gov/web/permit/public-search-other?t_detail=1&t_selected_folderrsn=13696429""}, ""project_id"": ""13696429"", ""contractor_trade"": ""Plumbing Contractor"", ""contractor_company_name"": ""Red Kings Plumbing Contractors LLC,"", ""contractor_full_name"": ""Ubaldo De Santiago"", ""contractor_phone"": ""2109862480"", ""contractor_address1"": ""PO BOX 70170"", ""contractor_city"": ""San Antonio"", ""contractor_zip"": ""78270-____"", ""certificate_of_occupancy"": ""No""}",2026-05-03T07:18:31.559594+00:00
2026-035175 PP,New construction multi-family in the etj 33954 sqft,2026-05-01T00:00:00+00:00,New,Plumbing Permit,,"Red Kings Plumbing Contractors LLC,",Active,5121 E HOWARD LN BLDG 9,78653,Commercial,2109862480,https://abc.austintexas.gov/web/permit/public-search-other?t_detail=1&t_selected_folderrsn=13674693,2026-05-01T00:00:00+00:00,"{""permittype"": ""PP"", ""permit_type_desc"": ""Plumbing Permit"", ""permit_number"": ""2026-035175 PP"", ""permit_class_mapped"": ""Commercial"", ""permit_class"": ""Commercial"", ""work_class"": ""New"", ""condominium"": ""No"", ""permit_location"": ""5121 E HOWARD LN BLDG 9"", ""description"": ""New construction multi-family in the etj 33954 sqft"", ""tcad_id"": ""0251410311"", ""legal_description"": ""ABS 160 SUR 50 CASTRO M ACR 45.592"", ""applieddate"": ""2026-03-24T00:00:00.000"", ""issue_date"": ""2026-05-01T00:00:00.000"", ""day_issued"": ""FRIDAY"", ""calendar_year_issued"": ""2026"", ""fiscal_year_issued"": ""2026"", ""issued_in_last_30_days"": ""Yes"", ""issue_method"": ""Permit Center"", ""status_current"": ""Active"", ""statusdate"": ""2026-05-01T00:00:00.000"", ""expiresdate"": ""2026-10-28T00:00:00.000"", ""total_new_add_sqft"": ""33954"", ""number_of_floors"": ""3"", ""housing_units"": ""36"", ""original_address1"": ""5121 E HOWARD LN BLDG 9"", ""original_city"": ""AUSTIN"", ""original_state"": ""TX"", ""original_zip"": ""78653"", ""jurisdiction"": ""AUSTIN 2 MILE ETJ"", ""link"": {""url"": ""https://abc.austintexas.gov/web/permit/public-search-other?t_detail=1&t_selected_folderrsn=13674693""}, ""project_id"": ""13674693"", ""contractor_trade"": ""Plumbing Contractor"", ""contractor_company_name"": ""Red Kings Plumbing Contractors LLC,"", ""contractor_full_name"": ""Ubaldo De Santiago"", ""contractor_phone"": ""2109862480"", ""contractor_address1"": ""PO BOX 70170"", ""contractor_city"": ""San Antonio"", ""contractor_zip"": ""78270-____"", ""certificate_of_occupancy"": ""No""}",2026-05-03T07:18:31.559594+00:00
2026-052248 EP,"Add 60A 240V circuit for an EV charger
Add 20A 120V recep circuit for the garage
Add 2 #6 1#8gnd cable (no breaker) installed for future use to a Jbox",2026-05-01T00:00:00+00:00,Repair,Electrical Permit,,SMART CHARGE RESIDENTAL LLC,Active,6306 ARNOLD DR UNIT 2,78723,Residential,Not Provided,https://abc.austintexas.gov/web/permit/public-search-other?t_detail=1&t_selected_folderrsn=13694249,2026-05-01T00:00:00+00:00,"{""permittype"": ""EP"", ""permit_type_desc"": ""Electrical Permit"", ""permit_number"": ""2026-052248 EP"", ""permit_class_mapped"": ""Residential"", ""permit_class"": ""Residential"", ""work_class"": ""Repair"", ""condominium"": ""No"", ""permit_location"": ""6306 ARNOLD DR UNIT 2"", ""description"": ""Add 60A 240V circuit for an EV charger\nAdd 20A 120V recep circuit for the garage\nAdd 2 #6 1#8gnd cable (no breaker) installed for future use to a Jbox"", ""tcad_id"": ""0221221601"", ""applieddate"": ""2026-04-28T00:00:00.000"", ""issue_date"": ""2026-05-01T00:00:00.000"", ""day_issued"": ""FRIDAY"", ""calendar_year_issued"": ""2026"", ""fiscal_year_issued"": ""2026"", ""issued_in_last_30_days"": ""Yes"", ""issue_method"": ""Permit Center"", ""status_current"": ""Active"", ""statusdate"": ""2026-05-01T00:00:00.000"", ""expiresdate"": ""2026-10-28T00:00:00.000"", ""remodel_repair_sqft"": ""0"", ""number_of_floors"": ""1"", ""housing_units"": ""1"", ""electrical_valuation_remodel"": ""3896"", ""original_address1"": ""6306 ARNOLD DR UNIT 2"", ""original_city"": ""AUSTIN"", ""original_state"": ""TX"", ""original_zip"": ""78723"", ""council_district"": ""4"", ""jurisdiction"": ""AUSTIN FULL PURPOSE"", ""link"": {""url"": ""https://abc.austintexas.gov/web/permit/public-search-other?t_detail=1&t_selected_folderrsn=13694249""}, ""project_id"": ""13694249"", ""latitude"": ""30.30980588"", ""longitude"": ""-97.67413839"", ""location"": {""latitude"": ""30.30980588"", ""longitude"": ""-97.67413839"", ""human_address"": ""{\""address\"": \""\"", \""city\"": \""\"", \""state\"": \""\"", \""zip\"": \""\""}""}, ""contractor_trade"": ""Electrical Contractor"", ""contractor_company_name"": ""SMART CHARGE RESIDENTAL LLC"", ""contractor_full_name"": ""Clifford A Black"", ""contractor_address2"": ""4616  Howard"", ""contractor_city"": ""Austin"", ""contractor_zip"": ""78728-____"", ""certificate_of_occupancy"": ""No""}",2026-05-03T07:18:31.559594+00:00
2026-052805 EP,Homebuilder Loop Austin 2 Mile ETJ Austin Energy,2026-05-01T00:00:00+00:00,Homebuilder Loop,Electrical Permit,,"IES Residential, Inc.",Active,2700 FOSS RD,78660,Residential,5122520040,https://abc.austintexas.gov/web/permit/public-search-other?t_detail=1&t_selected_folderrsn=13694868,2026-05-01T00:00:00+00:00,"{""permittype"": ""EP"", ""permit_type_desc"": ""Electrical Permit"", ""permit_number"": ""2026-052805 EP"", ""permit_class_mapped"": ""Residential"", ""permit_class"": ""Residential"", ""work_class"": ""Homebuilder Loop"", ""permit_location"": ""2700 FOSS RD"", ""description"": ""Homebuilder Loop Austin 2 Mile ETJ Austin Energy"", ""tcad_id"": ""0256401717"", ""legal_description"": ""HOWARD LANE PHS 3 BLK J LOT 10"", ""applieddate"": ""2026-04-28T00:00:00.000"", ""issue_date"": ""2026-05-01T00:00:00.000"", ""day_issued"": ""FRIDAY"", ""calendar_year_issued"": ""2026"", ""fiscal_year_issued"": ""2026"", ""issued_in_last_30_days"": ""Yes"", ""issue_method"": ""Permit Center"", ""status_current"": ""Active"", ""statusdate"": ""2026-05-01T00:00:00.000"", ""expiresdate"": ""2026-10-28T00:00:00.000"", ""original_address1"": ""2700 FOSS RD"", ""original_city"": ""AUSTIN"", ""original_state"": ""TX"", ""original_zip"": ""78660"", ""jurisdiction"": ""AUSTIN 2 MILE ETJ"", ""link"": {""url"": ""https://abc.austintexas.gov/web/permit/public-search-other?t_detail=1&t_selected_folderrsn=13694868""}, ""project_id"": ""13694868"", ""contractor_trade"": ""Electrical Contractor"", ""contractor_company_name"": ""IES Residential, Inc."", ""contractor_full_name"": ""William B. Crist Jr."", ""contractor_phone"": ""5122520040"", ""contractor_address2"": ""821  GRAND A"", ""contractor_city"": ""PFLUGERVILLE"", ""contractor_zip"": ""78660-____""}",2026-05-03T07:18:31.559594+00:00
2026-029356 MP,ePlan: Commercial Expedited Review - First Time Finish Out To Shell Building for Connivence Store with Kitchen (5000 SF).,2026-05-01T00:00:00+00:00,Remodel,Mechanical Permit,,Pruneda Construction Inc.,Active,525 W HOWARD LN UNIT 100,78753,Commercial,5124580776,https://abc.austintexas.gov/web/permit/public-search-other?t_detail=1&t_selected_folderrsn=13667978,2026-05-01T00:00:00+00:00,"{""permittype"": ""MP"", ""permit_type_desc"": ""Mechanical Permit"", ""permit_number"": ""2026-029356 MP"", ""permit_class_mapped"": ""Commercial"", ""permit_class"": ""C-1001 Commercial Finish Out"", ""work_class"": ""Remodel"", ""condominium"": ""No"", ""permit_location"": ""525 W HOWARD LN UNIT 100"", ""description"": ""ePlan: Commercial Expedited Review - First Time Finish Out To Shell Building for Connivence Store with Kitchen (5000 SF)."", ""tcad_id"": ""0264260110"", ""legal_description"": ""LOT 2 BLK A PARMER NORTH SEC 1 RESUB OF LOT 3"", ""applieddate"": ""2026-01-30T00:00:00.000"", ""issue_date"": ""2026-05-01T00:00:00.000"", ""day_issued"": ""FRIDAY"", ""calendar_year_issued"": ""2026"", ""fiscal_year_issued"": ""2026"", ""issued_in_last_30_days"": ""Yes"", ""issue_method"": ""Permit Center"", ""status_current"": ""Active"", ""statusdate"": ""2026-05-01T00:00:00.000"", ""expiresdate"": ""2026-09-26T00:00:00.000"", ""remodel_repair_sqft"": ""5000"", ""number_of_floors"": ""1"", ""housing_units"": ""1"", ""original_address1"": ""525 W HOWARD LN UNIT 100"", ""original_city"": ""AUSTIN"", ""original_state"": ""TX"", ""original_zip"": ""78753"", ""council_district"": ""7"", ""jurisdiction"": ""AUSTIN FULL PURPOSE"", ""link"": {""url"": ""https://abc.austintexas.gov/web/permit/public-search-other?t_detail=1&t_selected_folderrsn=13667978""}, ""project_id"": ""13667978"", ""masterpermitnum"": ""13667976"", ""latitude"": ""30.41952992"", ""longitude"": ""-97.66208576"", ""location"": {""latitude"": ""30.41952992"", ""longitude"": ""-97.66208576"", ""human_address"": ""{\""address\"": \""\"", \""city\"": \""\"", \""state\"": \""\"", \""zip\"": \""\""}""}, ""contractor_trade"": ""Mechanical Contractor"", ""contractor_company_name"": ""Pruneda Construction Inc."", ""contractor_full_name"": ""Homero Canet"", ""contractor_phone"": ""5124580776"", ""contractor_address2"": ""14905  DESSA"", ""contractor_city"": ""PFLUGERVILLE"", ""contractor_zip"": ""78660"", ""certificate_of_occupancy"": ""No""}",2026-05-03T07:18:31.559594+00:00
2026-053999 BP,Express: Foundation repair,2026-05-01T00:00:00+00:00,Repair,Building Permit,16660.0,Foundation Support Specialists,Active,6908 DOYAL DR,78747,Residential,512,https://abc.austintexas.gov/web/permit/public-search-other?t_detail=1&t_selected_folderrsn=13696222,2026-05-01T00:00:00+00:00,"{""permittype"": ""BP"", ""permit_type_desc"": ""Building Permit"", ""permit_number"": ""2026-053999 BP"", ""permit_class_mapped"": ""Residential"", ""permit_class"": ""R- 435 Renovations/Remodel"", ""work_class"": ""Repair"", ""condominium"": ""No"", ""permit_location"": ""6908 DOYAL DR"", ""description"": ""Express: Foundation repair"", ""tcad_id"": ""0336031319"", ""legal_description"": ""LOT 3 BLK A MCKINNEY PARK EAST SEC 1"", ""applieddate"": ""2026-04-30T00:00:00.000"", ""issue_date"": ""2026-05-01T00:00:00.000"", ""day_issued"": ""FRIDAY"", ""calendar_year_issued"": ""2026"", ""fiscal_year_issued"": ""2026"", ""issued_in_last_30_days"": ""Yes"", ""issue_method"": ""Permit Center"", ""status_current"": ""Active"", ""statusdate"": ""2026-05-01T00:00:00.000"", ""expiresdate"": ""2026-10-29T00:00:00.000"", ""remodel_repair_sqft"": ""1"", ""total_valuation_remodel"": ""4"", ""total_job_valuation"": ""16660"", ""number_of_floors"": ""1"", ""housing_units"": ""1"", ""building_valuation_remodel"": ""1"", ""electrical_valuation_remodel"": ""1"", ""mechanical_valuation_remodel"": ""1"", ""plumbing_valuation_remodel"": ""1"", ""original_address1"": ""6908 DOYAL DR"", ""original_city"": ""AUSTIN"", ""original_state"": ""TX"", ""original_zip"": ""78747"", ""council_district"": ""2"", ""jurisdiction"": ""AUSTIN FULL PURPOSE"", ""link"": {""url"": ""https://abc.austintexas.gov/web/permit/public-search-other?t_detail=1&t_selected_folderrsn=13696222""}, ""project_id"": ""13696222"", ""masterpermitnum"": ""13696201"", ""latitude"": ""30.15223082"", ""longitude"": ""-97.73880949"", ""location"": {""latitude"": ""30.15223082"", ""longitude"": ""-97.73880949"", ""human_address"": ""{\""address\"": \""\"", \""city\"": \""\"", \""state\"": \""\"", \""zip\"": \""\""}""}, ""contractor_trade"": ""General Contractor"", ""contractor_company_name"": ""Foundation Support Specialists"", ""contractor_full_name"": ""Jessica Mitchell"", ""contractor_phone"": ""512"", ""contractor_city"": ""Austin"", ""applicant_full_name"": ""Jessica Mitchell"", ""applicant_org"": ""Foundation Support Specialists"", ""applicant_phone"": ""512"", ""applicant_city"": ""Austin"", ""certificate_of_occupancy"": ""No""}",2026-05-03T07:18:31.559594+00:00
2026-053079 MP,Replacement of complete existing central heat and air system with or without duct work Replacement of HVAC system for new without duct work for Unit 1,2026-05-01T00:00:00+00:00,Change Out,Mechanical Permit,,Cool Country Services LLC,Active,3101 S LAMAR BLVD UNIT 1517,78704,Commercial,5122126695,https://abc.austintexas.gov/web/permit/public-search-other?t_detail=1&t_selected_folderrsn=13695169,2026-05-01T00:00:00+00:00,"{""permittype"": ""MP"", ""permit_type_desc"": ""Mechanical Permit"", ""permit_number"": ""2026-053079 MP"", ""permit_class_mapped"": ""Commercial"", ""permit_class"": ""Commercial"", ""work_class"": ""Change Out"", ""permit_location"": ""3101 S LAMAR BLVD UNIT 1517"", ""description"": ""Replacement of complete existing central heat and air system with or without duct work Replacement of HVAC system for new without duct work for Unit 1"", ""tcad_id"": ""0403100129"", ""legal_description"": ""ABS 14 SUR 21 HILL H P ACR 6.1510"", ""applieddate"": ""2026-04-29T00:00:00.000"", ""issue_date"": ""2026-05-01T00:00:00.000"", ""day_issued"": ""FRIDAY"", ""calendar_year_issued"": ""2026"", ""fiscal_year_issued"": ""2026"", ""issued_in_last_30_days"": ""Yes"", ""issue_method"": ""Permit Center"", ""status_current"": ""Active"", ""statusdate"": ""2026-05-01T00:00:00.000"", ""expiresdate"": ""2026-10-28T00:00:00.000"", ""original_address1"": ""3101 S LAMAR BLVD UNIT 1517"", ""original_city"": ""AUSTIN"", ""original_state"": ""TX"", ""original_zip"": ""78704"", ""council_district"": ""5"", ""jurisdiction"": ""AUSTIN FULL PURPOSE"", ""link"": {""url"": ""https://abc.austintexas.gov/web/permit/public-search-other?t_detail=1&t_selected_folderrsn=13695169""}, ""project_id"": ""13695169"", ""contractor_trade"": ""Mechanical Contractor"", ""contractor_company_name"": ""Cool Country Services LLC"", ""contractor_full_name"": ""Glenn Broussard"", ""contractor_phone"": ""5122126695"", ""contractor_address2"": ""1425  Bodiam"", ""contractor_city"": ""Bulverde"", ""contractor_zip"": ""78163-____""}",2026-05-03T07:18:31.559594+00:00
2026-054066 BP,Express - Tile shower pan and valve replacement,2026-05-01T00:00:00+00:00,Repair,Building Permit,1.0,Statewide Remodeling of Austin *MAIN*,Active,9017 SAUTELLE LN,78749,Residential,5124535858,https://abc.austintexas.gov/web/permit/public-search-other?t_detail=1&t_selected_folderrsn=13696300,2026-05-01T00:00:00+00:00,"{""permittype"": ""BP"", ""permit_type_desc"": ""Building Permit"", ""permit_number"": ""2026-054066 BP"", ""permit_class_mapped"": ""Residential"", ""permit_class"": ""R- 435 Renovations/Remodel"", ""work_class"": ""Repair"", ""condominium"": ""No"", ""permit_location"": ""9017 SAUTELLE LN"", ""description"": ""Express - Tile shower pan and valve replacement"", ""tcad_id"": ""0418381705"", ""legal_description"": ""LOT 33 BLK A VILLAGE AT WESTERN OAKS SEC 29-A"", ""applieddate"": ""2026-04-30T00:00:00.000"", ""issue_date"": ""2026-05-01T00:00:00.000"", ""day_issued"": ""FRIDAY"", ""calendar_year_issued"": ""2026"", ""fiscal_year_issued"": ""2026"", ""issued_in_last_30_days"": ""Yes"", ""issue_method"": ""Permit Center"", ""status_current"": ""Active"", ""statusdate"": ""2026-05-01T00:00:00.000"", ""expiresdate"": ""2026-10-29T00:00:00.000"", ""remodel_repair_sqft"": ""1"", ""total_valuation_remodel"": ""0"", ""total_job_valuation"": ""1"", ""number_of_floors"": ""1"", ""housing_units"": ""1"", ""building_valuation_remodel"": ""0"", ""electrical_valuation_remodel"": ""0"", ""mechanical_valuation_remodel"": ""0"", ""plumbing_valuation_remodel"": ""0"", ""original_address1"": ""9017 SAUTELLE LN"", ""original_city"": ""AUSTIN"", ""original_state"": ""TX"", ""original_zip"": ""78749"", ""council_district"": ""8"", ""jurisdiction"": ""AUSTIN FULL PURPOSE"", ""link"": {""url"": ""https://abc.austintexas.gov/web/permit/public-search-other?t_detail=1&t_selected_folderrsn=13696300""}, ""project_id"": ""13696300"", ""masterpermitnum"": ""13696285"", ""latitude"": ""30.2084617"", ""longitude"": ""-97.87761748"", ""location"": {""latitude"": ""30.2084617"", ""longitude"": ""-97.87761748"", ""human_address"": ""{\""address\"": \""\"", \""city\"": \""\"", \""state\"": \""\"", \""zip\"": \""\""}""}, ""contractor_trade"": ""General Contractor"", ""contractor_company_name"": ""Statewide Remodeling of Austin *MAIN*"", ""contractor_full_name"": ""Billy Moss"", ""contractor_phone"": ""5124535858"", ""contractor_address2"": ""2209-A  RUTL"", ""contractor_city"": ""AUSTIN"", ""contractor_zip"": ""78758"", ""applicant_full_name"": ""Billy Moss"", ""applicant_org"": ""Statewide Remodeling of Austin *MAIN*"", ""applicant_phone"": ""5124535858"", ""applicant_address2"": ""2209-A  RUTL"", ""applicant_city"": ""AUSTIN"", ""applicantzip"": ""78758"", ""certificate_of_occupancy"": ""No""}",2026-05-03T07:18:31.559594+00:00
2026-034797 BP,New pool and spa (autofill/heated),2026-05-01T00:00:00+00:00,New,Building Permit,0.0,Co-Sci Construction LLC **MAIN**,Active,2806 S 4TH ST,78704,Residential,4693941563,https://abc.austintexas.gov/web/permit/public-search-other?t_detail=1&t_selected_folderrsn=13674269,2026-05-01T00:00:00+00:00,"{""permittype"": ""BP"", ""permit_type_desc"": ""Building Permit"", ""permit_number"": ""2026-034797 BP"", ""permit_class_mapped"": ""Residential"", ""permit_class"": ""R- 329 Res Structures Other Than Bldg"", ""work_class"": ""New"", ""condominium"": ""No"", ""permit_location"": ""2806 S 4TH ST"", ""description"": ""New pool and spa (autofill/heated)"", ""tcad_id"": ""0404040122"", ""legal_description"": ""LOT 12 BLK I OAK RIDGE HEIGHTS SEC 3"", ""applieddate"": ""2026-01-21T00:00:00.000"", ""issue_date"": ""2026-05-01T00:00:00.000"", ""day_issued"": ""FRIDAY"", ""calendar_year_issued"": ""2026"", ""fiscal_year_issued"": ""2026"", ""issued_in_last_30_days"": ""Yes"", ""issue_method"": ""Permit Center"", ""status_current"": ""Active"", ""statusdate"": ""2026-05-01T00:00:00.000"", ""expiresdate"": ""2026-10-29T00:00:00.000"", ""total_new_add_sqft"": ""301"", ""total_job_valuation"": ""0"", ""number_of_floors"": ""0"", ""housing_units"": ""0"", ""original_address1"": ""2806 S 4TH ST"", ""original_city"": ""AUSTIN"", ""original_state"": ""TX"", ""original_zip"": ""78704"", ""council_district"": ""3"", ""jurisdiction"": ""AUSTIN FULL PURPOSE"", ""link"": {""url"": ""https://abc.austintexas.gov/web/permit/public-search-other?t_detail=1&t_selected_folderrsn=13674269""}, ""project_id"": ""13674269"", ""masterpermitnum"": ""13643518"", ""latitude"": ""30.23801604"", ""longitude"": ""-97.76638091"", ""location"": {""latitude"": ""30.23801604"", ""longitude"": ""-97.76638091"", ""human_address"": ""{\""address\"": \""\"", \""city\"": \""\"", \""state\"": \""\"", \""zip\"": \""\""}""}, ""contractor_trade"": ""General Contractor"", ""contractor_company_name"": ""Co-Sci Construction LLC **MAIN**"", ""contractor_full_name"": ""Mark Roberts"", ""contractor_phone"": ""4693941563"", ""contractor_address2"": ""1504 S Walnu"", ""contractor_city"": ""Georgetown"", ""contractor_zip"": ""78626"", ""applicant_full_name"": ""Mark Roberts"", ""applicant_org"": ""Co-Sci Construction LLC **MAIN**"", ""applicant_phone"": ""4693941563"", ""applicant_address2"": ""1504 S Walnu"", ""applicant_city"": ""Georgetown"", ""applicantzip"": ""78626"", ""certificate_of_occupancy"": ""Yes"", ""total_lot_sq_ft"": ""7752""}",2026-05-03T07:18:31.559594+00:00
2026-054209 EP,New Construction of SFR in ETJ,2026-05-01T00:00:00+00:00,New,Electrical Permit,,"IES Residential, Inc.",Active,11925 ELLENA CV,78747,Residential,5122520040,https://abc.austintexas.gov/web/permit/public-search-other?t_detail=1&t_selected_folderrsn=13696472,2026-05-01T00:00:00+00:00,"{""permittype"": ""EP"", ""permit_type_desc"": ""Electrical Permit"", ""permit_number"": ""2026-054209 EP"", ""permit_class_mapped"": ""Residential"", ""permit_class"": ""Residential"", ""work_class"": ""New"", ""condominium"": ""No"", ""permit_location"": ""11925 ELLENA CV"", ""description"": ""New Construction of SFR in ETJ"", ""tcad_id"": ""0449070420"", ""legal_description"": ""WEST BELLA FORTUNA PHS 2 (A SMALL LT SUBD) BLK L LOT 124"", ""applieddate"": ""2026-04-30T00:00:00.000"", ""issue_date"": ""2026-05-01T00:00:00.000"", ""day_issued"": ""FRIDAY"", ""calendar_year_issued"": ""2026"", ""fiscal_year_issued"": ""2026"", ""issued_in_last_30_days"": ""Yes"", ""issue_method"": ""Permit Center"", ""status_current"": ""Active"", ""statusdate"": ""2026-05-01T00:00:00.000"", ""expiresdate"": ""2026-10-28T00:00:00.000"", ""total_new_add_sqft"": ""1306"", ""number_of_floors"": ""1"", ""housing_units"": ""1"", ""original_address1"": ""11925 ELLENA CV"", ""original_city"": ""AUSTIN"", ""original_state"": ""TX"", ""original_zip"": ""78747"", ""jurisdiction"": ""AUSTIN 2 MILE ETJ"", ""link"": {""url"": ""https://abc.austintexas.gov/web/permit/public-search-other?t_detail=1&t_selected_folderrsn=13696472""}, ""project_id"": ""13696472"", ""contractor_trade"": ""Electrical Contractor"", ""contractor_company_name"": ""IES Residential, Inc."", ""contractor_full_name"": ""William B. Crist Jr."", ""contractor_phone"": ""5122520040"", ""contractor_address2"": ""821  GRAND A"", ""contractor_city"": ""PFLUGERVILLE"", ""contractor_zip"": ""78660-____"", ""certificate_of_occupancy"": ""No""}",2026-05-03T07:18:31.559594+00:00
2026-043285 BP,EXPRESS: Replacing 9 windows like for like in existing residential home,2026-05-01T00:00:00+00:00,Repair,Building Permit,1.0,Renewal by Andersen,Active,2905 LAGERWAY CV,78748,Residential,5128348383,https://abc.austintexas.gov/web/permit/public-search-other?t_detail=1&t_selected_folderrsn=13683873,2026-05-01T00:00:00+00:00,"{""permittype"": ""BP"", ""permit_type_desc"": ""Building Permit"", ""permit_number"": ""2026-043285 BP"", ""permit_class_mapped"": ""Residential"", ""permit_class"": ""R- 435 Renovations/Remodel"", ""work_class"": ""Repair"", ""condominium"": ""No"", ""permit_location"": ""2905 LAGERWAY CV"", ""description"": ""EXPRESS: Replacing 9 windows like for like in existing residential home"", ""tcad_id"": ""0426250137"", ""legal_description"": ""LOT 19 BLK F CHERRY CREEK SEC 14"", ""applieddate"": ""2026-04-09T00:00:00.000"", ""issue_date"": ""2026-05-01T00:00:00.000"", ""day_issued"": ""FRIDAY"", ""calendar_year_issued"": ""2026"", ""fiscal_year_issued"": ""2026"", ""issued_in_last_30_days"": ""Yes"", ""issue_method"": ""Permit Center"", ""status_current"": ""Active"", ""statusdate"": ""2026-05-01T00:00:00.000"", ""expiresdate"": ""2026-10-29T00:00:00.000"", ""remodel_repair_sqft"": ""1"", ""total_valuation_remodel"": ""4"", ""total_job_valuation"": ""1"", ""number_of_floors"": ""1"", ""housing_units"": ""1"", ""building_valuation_remodel"": ""1"", ""electrical_valuation_remodel"": ""1"", ""mechanical_valuation_remodel"": ""1"", ""plumbing_valuation_remodel"": ""1"", ""original_address1"": ""2905 LAGERWAY CV"", ""original_city"": ""AUSTIN"", ""original_state"": ""TX"", ""original_zip"": ""78748"", ""council_district"": ""5"", ""jurisdiction"": ""AUSTIN FULL PURPOSE"", ""link"": {""url"": ""https://abc.austintexas.gov/web/permit/public-search-other?t_detail=1&t_selected_folderrsn=13683873""}, ""project_id"": ""13683873"", ""masterpermitnum"": ""13683868"", ""latitude"": ""30.18201195"", ""longitude"": ""-97.83663319"", ""location"": {""latitude"": ""30.18201195"", ""longitude"": ""-97.83663319"", ""human_address"": ""{\""address\"": \""\"", \""city\"": \""\"", \""state\"": \""\"", \""zip\"": \""\""}""}, ""contractor_trade"": ""General Contractor"", ""contractor_company_name"": ""Renewal by Andersen"", ""contractor_full_name"": ""Jamie Strain"", ""contractor_phone"": ""5128348383"", ""contractor_address2"": ""2100  KRAMER"", ""contractor_city"": ""AUSTIN"", ""contractor_zip"": ""78758"", ""applicant_full_name"": ""Jamie Strain"", ""applicant_org"": ""Renewal by Andersen"", ""applicant_phone"": ""5128348383"", ""applicant_address2"": ""2100  KRAMER"", ""applicant_city"": ""AUSTIN"", ""applicantzip"": ""78758"", ""certificate_of_occupancy"": ""No""}",2026-05-03T07:18:31.559594+00:00
2026-045747 BP,New 2-story 1 bedroom 1 bathroom dwelling unit with attached garage covered porch and covered 2nd floor balcony.,2026-05-01T00:00:00+00:00,New,Building Permit,0.0,Nygard & Company,Active,1902 EVA ST BLDG 2,78704,Residential,5128446871,https://abc.austintexas.gov/web/permit/public-search-other?t_detail=1&t_selected_folderrsn=13686653,2026-05-01T00:00:00+00:00,"{""permittype"": ""BP"", ""permit_type_desc"": ""Building Permit"", ""permit_number"": ""2026-045747 BP"", ""permit_class_mapped"": ""Residential"", ""permit_class"": ""R- 101 Single Family Houses"", ""work_class"": ""New"", ""condominium"": ""No"", ""permit_location"": ""1902 EVA ST BLDG 2"", ""description"": ""New 2-story 1 bedroom 1 bathroom dwelling unit with attached garage covered porch and covered 2nd floor balcony."", ""tcad_id"": ""0402010702"", ""legal_description"": ""LOT 2 BLK 36 SWEETMAN R L ADDN"", ""applieddate"": ""2026-01-16T00:00:00.000"", ""issue_date"": ""2026-05-01T00:00:00.000"", ""day_issued"": ""FRIDAY"", ""calendar_year_issued"": ""2026"", ""fiscal_year_issued"": ""2026"", ""issued_in_last_30_days"": ""Yes"", ""issue_method"": ""Permit Center"", ""status_current"": ""Active"", ""statusdate"": ""2026-05-01T00:00:00.000"", ""expiresdate"": ""2026-10-29T00:00:00.000"", ""total_new_add_sqft"": ""2160"", ""total_job_valuation"": ""0"", ""number_of_floors"": ""2"", ""housing_units"": ""1"", ""original_address1"": ""1902 EVA ST BLDG 2"", ""original_city"": ""AUSTIN"", ""original_state"": ""TX"", ""original_zip"": ""78704"", ""council_district"": ""3"", ""jurisdiction"": ""AUSTIN FULL PURPOSE"", ""link"": {""url"": ""https://abc.austintexas.gov/web/permit/public-search-other?t_detail=1&t_selected_folderrsn=13686653""}, ""project_id"": ""13686653"", ""masterpermitnum"": ""13641902"", ""contractor_trade"": ""General Contractor"", ""contractor_company_name"": ""Nygard & Company"", ""contractor_full_name"": ""Chris Nygard"", ""contractor_phone"": ""5128446871"", ""contractor_address2"": ""100 W COMMON"", ""contractor_city"": ""DRIPPING SPR"", ""contractor_zip"": ""78620"", ""applicant_full_name"": ""Chris Nygard"", ""applicant_org"": ""Nygard & Company"", ""applicant_phone"": ""5128446871"", ""applicant_address2"": ""100 W COMMON"", ""applicant_city"": ""DRIPPING SPR"", ""applicantzip"": ""78620"", ""certificate_of_occupancy"": ""Yes"", ""total_lot_sq_ft"": ""6919""}",2026-05-03T07:18:31.559594+00:00
2026-035147 PP,New construction multi-family in the etj 33953 sqft,2026-05-01T00:00:00+00:00,New,Plumbing Permit,,"Red Kings Plumbing Contractors LLC,",Active,5121 E HOWARD LN BLDG 8,78653,Commercial,2109862480,https://abc.austintexas.gov/web/permit/public-search-other?t_detail=1&t_selected_folderrsn=13674665,2026-05-01T00:00:00+00:00,"{""permittype"": ""PP"", ""permit_type_desc"": ""Plumbing Permit"", ""permit_number"": ""2026-035147 PP"", ""permit_class_mapped"": ""Commercial"", ""permit_class"": ""Commercial"", ""work_class"": ""New"", ""condominium"": ""No"", ""permit_location"": ""5121 E HOWARD LN BLDG 8"", ""description"": ""New construction multi-family in the etj 33953 sqft"", ""tcad_id"": ""0251410311"", ""legal_description"": ""ABS 160 SUR 50 CASTRO M ACR 45.592"", ""applieddate"": ""2026-03-24T00:00:00.000"", ""issue_date"": ""2026-05-01T00:00:00.000"", ""day_issued"": ""FRIDAY"", ""calendar_year_issued"": ""2026"", ""fiscal_year_issued"": ""2026"", ""issued_in_last_30_days"": ""Yes"", ""issue_method"": ""Permit Center"", ""status_current"": ""Active"", ""statusdate"": ""2026-05-01T00:00:00.000"", ""expiresdate"": ""2026-10-28T00:00:00.000"", ""total_new_add_sqft"": ""33953"", ""number_of_floors"": ""3"", ""housing_units"": ""36"", ""original_address1"": ""5121 E HOWARD LN BLDG 8"", ""original_city"": ""AUSTIN"", ""original_state"": ""TX"", ""original_zip"": ""78653"", ""jurisdiction"": ""AUSTIN 2 MILE ETJ"", ""link"": {""url"": ""https://abc.austintexas.gov/web/permit/public-search-other?t_detail=1&t_selected_folderrsn=13674665""}, ""project_id"": ""13674665"", ""contractor_trade"": ""Plumbing Contractor"", ""contractor_company_name"": ""Red Kings Plumbing Contractors LLC,"", ""contractor_full_name"": ""Ubaldo De Santiago"", ""contractor_phone"": ""2109862480"", ""contractor_address1"": ""PO BOX 70170"", ""contractor_city"": ""San Antonio"", ""contractor_zip"": ""78270-____"", ""certificate_of_occupancy"": ""No""}",2026-05-03T07:18:31.559594+00:00
2026-028719 PP,*S.M.A.R.T. HOUSING* *GREEN BUILDING* ePlan: Residential Expedited Review - New construction of a 3-Story Townhome [3bed 3.5bath] with Attached Garage,2026-05-01T00:00:00+00:00,New,Plumbing Permit,,Victory Plumbing Company,Active,4204 ENDURANCE WAY,78731,Residential,5129907200,https://abc.austintexas.gov/web/permit/public-search-other?t_detail=1&t_selected_folderrsn=13667476,2026-05-01T00:00:00+00:00,"{""permittype"": ""PP"", ""permit_type_desc"": ""Plumbing Permit"", ""permit_number"": ""2026-028719 PP"", ""permit_class_mapped"": ""Residential"", ""permit_class"": ""R- 101 Single Family Houses"", ""work_class"": ""New"", ""condominium"": ""No"", ""permit_location"": ""4204 ENDURANCE WAY"", ""description"": ""*S.M.A.R.T. HOUSING* *GREEN BUILDING* ePlan: Residential Expedited Review - New construction of a 3-Story Townhome [3bed 3.5bath] with Attached Garage"", ""tcad_id"": ""0124000601"", ""applieddate"": ""2026-02-04T00:00:00.000"", ""issue_date"": ""2026-05-01T00:00:00.000"", ""day_issued"": ""FRIDAY"", ""calendar_year_issued"": ""2026"", ""fiscal_year_issued"": ""2026"", ""issued_in_last_30_days"": ""Yes"", ""issue_method"": ""Permit Center"", ""status_current"": ""Active"", ""statusdate"": ""2026-05-01T00:00:00.000"", ""expiresdate"": ""2026-09-13T00:00:00.000"", ""total_new_add_sqft"": ""3270"", ""number_of_floors"": ""3"", ""housing_units"": ""1"", ""original_address1"": ""4204 ENDURANCE WAY"", ""original_city"": ""AUSTIN"", ""original_state"": ""TX"", ""original_zip"": ""78731"", ""council_district"": ""10"", ""jurisdiction"": ""AUSTIN FULL PURPOSE"", ""link"": {""url"": ""https://abc.austintexas.gov/web/permit/public-search-other?t_detail=1&t_selected_folderrsn=13667476""}, ""project_id"": ""13667476"", ""masterpermitnum"": ""13667216"", ""latitude"": ""30.3157914"", ""longitude"": ""-97.7541328"", ""location"": {""latitude"": ""30.3157914"", ""longitude"": ""-97.7541328"", ""human_address"": ""{\""address\"": \""\"", \""city\"": \""\"", \""state\"": \""\"", \""zip\"": \""\""}""}, ""contractor_trade"": ""Plumbing Contractor"", ""contractor_company_name"": ""Victory Plumbing Company"", ""contractor_full_name"": ""Randolph Taylor"", ""contractor_phone"": ""5129907200"", ""contractor_address2"": ""1175  Countr"", ""contractor_city"": ""HUTTO"", ""contractor_zip"": ""78634"", ""certificate_of_occupancy"": ""No""}",2026-05-03T07:18:31.559594+00:00
2026-007218 DS,Construct new driveway approach 20 FT.  Fee in lieu of sidewalk paid.,2026-05-01T00:00:00+00:00,New,Driveway / Sidewalks,,"Paradisa Homes, LLC***MAIN***",Active,2707 WHITE HORSE TRL,78757,Residential,5129104505,https://abc.austintexas.gov/web/permit/public-search-other?t_detail=1&t_selected_folderrsn=13643278,2026-05-01T00:00:00+00:00,"{""permittype"": ""DS"", ""permit_type_desc"": ""Driveway / Sidewalks"", ""permit_number"": ""2026-007218 DS"", ""permit_class_mapped"": ""Residential"", ""permit_class"": ""Res. Driveway"", ""work_class"": ""New"", ""permit_location"": ""2707 WHITE HORSE TRL"", ""description"": ""Construct new driveway approach 20 FT.  Fee in lieu of sidewalk paid."", ""tcad_id"": ""0233010309"", ""legal_description"": ""LOT 11 BLK E ALLANDALE OAKS"", ""applieddate"": ""2025-12-09T00:00:00.000"", ""issue_date"": ""2026-05-01T00:00:00.000"", ""day_issued"": ""FRIDAY"", ""calendar_year_issued"": ""2026"", ""fiscal_year_issued"": ""2026"", ""issued_in_last_30_days"": ""Yes"", ""issue_method"": ""Permit Center"", ""status_current"": ""Active"", ""statusdate"": ""2026-05-01T00:00:00.000"", ""expiresdate"": ""2026-10-20T00:00:00.000"", ""original_address1"": ""2707 WHITE HORSE TRL"", ""original_city"": ""AUSTIN"", ""original_state"": ""TX"", ""original_zip"": ""78757"", ""council_district"": ""7"", ""jurisdiction"": ""AUSTIN FULL PURPOSE"", ""link"": {""url"": ""https://abc.austintexas.gov/web/permit/public-search-other?t_detail=1&t_selected_folderrsn=13643278""}, ""project_id"": ""13643278"", ""masterpermitnum"": ""13642934"", ""latitude"": ""30.34078933"", ""longitude"": ""-97.74594624"", ""location"": {""latitude"": ""30.34078933"", ""longitude"": ""-97.74594624"", ""human_address"": ""{\""address\"": \""\"", \""city\"": \""\"", \""state\"": \""\"", \""zip\"": \""\""}""}, ""contractor_trade"": ""General Contractor"", ""contractor_company_name"": ""Paradisa Homes, LLC***MAIN***"", ""contractor_full_name"": ""Todd Bennett"", ""contractor_phone"": ""5129104505"", ""contractor_address2"": ""7427 N Lamar"", ""contractor_city"": ""Austin"", ""contractor_zip"": ""78752""}",2026-05-03T07:18:31.559594+00:00
2026-041822 EP,"Interior alteration of an existing office space including a new demising wall to create separate suites 260 & 265 - (2) applications

Suite 265",2026-05-01T00:00:00+00:00,Remodel,Electrical Permit,,T M Electric,Active,5000 PLAZA ON THE LAKE UNIT 265,78746,Commercial,5128348174,https://abc.austintexas.gov/web/permit/public-search-other?t_detail=1&t_selected_folderrsn=13682286,2026-05-01T00:00:00+00:00,"{""permittype"": ""EP"", ""permit_type_desc"": ""Electrical Permit"", ""permit_number"": ""2026-041822 EP"", ""permit_class_mapped"": ""Commercial"", ""permit_class"": ""C-1000 Commercial Remodel"", ""work_class"": ""Remodel"", ""condominium"": ""No"", ""permit_location"": ""5000 PLAZA ON THE LAKE UNIT 265"", ""description"": ""Interior alteration of an existing office space including a new demising wall to create separate suites 260 & 265 - (2) applications\n\nSuite 265"", ""tcad_id"": ""0135150328"", ""legal_description"": ""LOT 1 HERMOSA OFFICE PARK"", ""applieddate"": ""2026-03-27T00:00:00.000"", ""issue_date"": ""2026-05-01T00:00:00.000"", ""day_issued"": ""FRIDAY"", ""calendar_year_issued"": ""2026"", ""fiscal_year_issued"": ""2026"", ""issued_in_last_30_days"": ""Yes"", ""issue_method"": ""Permit Center"", ""status_current"": ""Active"", ""statusdate"": ""2026-05-01T00:00:00.000"", ""expiresdate"": ""2026-10-28T00:00:00.000"", ""remodel_repair_sqft"": ""1329"", ""number_of_floors"": ""3"", ""housing_units"": ""1"", ""electrical_valuation_remodel"": ""30000"", ""original_address1"": ""5000 PLAZA ON THE LAKE UNIT 265"", ""original_city"": ""AUSTIN"", ""original_state"": ""TX"", ""original_zip"": ""78746"", ""council_district"": ""10"", ""jurisdiction"": ""AUSTIN FULL PURPOSE"", ""link"": {""url"": ""https://abc.austintexas.gov/web/permit/public-search-other?t_detail=1&t_selected_folderrsn=13682286""}, ""project_id"": ""13682286"", ""masterpermitnum"": ""13682228"", ""latitude"": ""30.34910559"", ""longitude"": ""-97.80157688"", ""location"": {""latitude"": ""30.34910559"", ""longitude"": ""-97.80157688"", ""human_address"": ""{\""address\"": \""\"", \""city\"": \""\"", \""state\"": \""\"", \""zip\"": \""\""}""}, ""contractor_trade"": ""Electrical Contractor"", ""contractor_company_name"": ""T M Electric"", ""contractor_full_name"": ""Tim Moll"", ""contractor_phone"": ""5128348174"", ""contractor_address2"": ""9802  Gray B"", ""contractor_city"": ""Austin"", ""contractor_zip"": ""78758"", ""certificate_of_occupancy"": ""No""}",2026-05-03T07:18:31.559594+00:00
2026-054345 EP,New Service for SFR in ETJ.,2026-05-01T00:00:00+00:00,New,Electrical Permit,,AEI Electric LLC,Active,6304 FOREST HILLS DR,78746,Residential,5128392478,https://abc.austintexas.gov/web/permit/public-search-other?t_detail=1&t_selected_folderrsn=13696637,2026-05-01T00:00:00+00:00,"{""permittype"": ""EP"", ""permit_type_desc"": ""Electrical Permit"", ""permit_number"": ""2026-054345 EP"", ""permit_class_mapped"": ""Residential"", ""permit_class"": ""Residential"", ""work_class"": ""New"", ""condominium"": ""No"", ""permit_location"": ""6304 FOREST HILLS DR"", ""description"": ""New Service for SFR in ETJ."", ""tcad_id"": ""0115250203"", ""legal_description"": ""LOT 1A KNOLLWOOD RESUB OF LOTS 18-22"", ""applieddate"": ""2026-05-01T00:00:00.000"", ""issue_date"": ""2026-05-01T00:00:00.000"", ""day_issued"": ""FRIDAY"", ""calendar_year_issued"": ""2026"", ""fiscal_year_issued"": ""2026"", ""issued_in_last_30_days"": ""Yes"", ""issue_method"": ""Permit Center"", ""status_current"": ""Active"", ""statusdate"": ""2026-05-01T00:00:00.000"", ""expiresdate"": ""2026-10-28T00:00:00.000"", ""total_new_add_sqft"": ""4169"", ""number_of_floors"": ""1"", ""housing_units"": ""1"", ""original_address1"": ""6304 FOREST HILLS DR"", ""original_city"": ""AUSTIN"", ""original_state"": ""TX"", ""original_zip"": ""78746"", ""jurisdiction"": ""AUSTIN 2 MILE ETJ"", ""link"": {""url"": ""https://abc.austintexas.gov/web/permit/public-search-other?t_detail=1&t_selected_folderrsn=13696637""}, ""project_id"": ""13696637"", ""latitude"": ""30.29468308"", ""longitude"": ""-97.83327489"", ""location"": {""latitude"": ""30.29468308"", ""longitude"": ""-97.83327489"", ""human_address"": ""{\""address\"": \""\"", \""city\"": \""\"", \""state\"": \""\"", \""zip\"": \""\""}""}, ""contractor_trade"": ""Electrical Contractor"", ""contractor_company_name"": ""AEI Electric LLC"", ""contractor_full_name"": ""Terry Herrin"", ""contractor_phone"": ""5128392478"", ""contractor_address2"": ""7500  Inspir"", ""contractor_city"": ""Austin"", ""contractor_zip"": ""78724"", ""certificate_of_occupancy"": ""No""}",2026-05-03T07:18:31.559594+00:00
2026-052411 EP,First Texas Honda Sign N03 SERVICE S elevation,2026-05-01T00:00:00+00:00,Wall,Electrical Permit,,Not Provided,Active,3400 STECK AVE,78757,Commercial,Not Provided,https://abc.austintexas.gov/web/permit/public-search-other?t_detail=1&t_selected_folderrsn=13696246,2026-05-01T00:00:00+00:00,"{""permittype"": ""EP"", ""permit_type_desc"": ""Electrical Permit"", ""permit_number"": ""2026-052411 EP"", ""permit_class_mapped"": ""Commercial"", ""permit_class"": ""Sign Permit"", ""work_class"": ""Wall"", ""permit_location"": ""3400 STECK AVE"", ""description"": ""First Texas Honda Sign N03 SERVICE S elevation"", ""tcad_id"": ""0243051112"", ""legal_description"": ""ALLANDALE ESTATES SEC 2 LOT 1"", ""applieddate"": ""2026-04-30T00:00:00.000"", ""issue_date"": ""2026-05-01T00:00:00.000"", ""day_issued"": ""FRIDAY"", ""calendar_year_issued"": ""2026"", ""fiscal_year_issued"": ""2026"", ""issued_in_last_30_days"": ""Yes"", ""issue_method"": ""Permit Center"", ""status_current"": ""Active"", ""statusdate"": ""2026-05-01T00:00:00.000"", ""expiresdate"": ""2026-10-28T00:00:00.000"", ""original_address1"": ""3400 STECK AVE"", ""original_city"": ""AUSTIN"", ""original_state"": ""TX"", ""original_zip"": ""78757"", ""council_district"": ""7"", ""jurisdiction"": ""AUSTIN FULL PURPOSE"", ""link"": {""url"": ""https://abc.austintexas.gov/web/permit/public-search-other?t_detail=1&t_selected_folderrsn=13696246""}, ""project_id"": ""13696246"", ""masterpermitnum"": ""13694445""}",2026-05-03T07:18:31.559594+00:00
2026-054046 BP,Express: Foundation repair - install 13 push piers,2026-05-01T00:00:00+00:00,Repair,Building Permit,1.0,Foundation Support Specialists,Active,5716 MEADOW CREST,78744,Residential,7262242320,https://abc.austintexas.gov/web/permit/public-search-other?t_detail=1&t_selected_folderrsn=13696280,2026-05-01T00:00:00+00:00,"{""permittype"": ""BP"", ""permit_type_desc"": ""Building Permit"", ""permit_number"": ""2026-054046 BP"", ""permit_class_mapped"": ""Residential"", ""permit_class"": ""R- 435 Renovations/Remodel"", ""work_class"": ""Repair"", ""condominium"": ""No"", ""permit_location"": ""5716 MEADOW CREST"", ""description"": ""Express: Foundation repair - install 13 push piers"", ""tcad_id"": ""0322060810"", ""legal_description"": ""LOT 9 BLK S SECOND AMENDED PLAT OF WILLIAMSON CREEK SUBD SEC 2"", ""applieddate"": ""2026-04-30T00:00:00.000"", ""issue_date"": ""2026-05-01T00:00:00.000"", ""day_issued"": ""FRIDAY"", ""calendar_year_issued"": ""2026"", ""fiscal_year_issued"": ""2026"", ""issued_in_last_30_days"": ""Yes"", ""issue_method"": ""Permit Center"", ""status_current"": ""Active"", ""statusdate"": ""2026-05-01T00:00:00.000"", ""expiresdate"": ""2026-10-29T00:00:00.000"", ""remodel_repair_sqft"": ""1"", ""total_valuation_remodel"": ""0"", ""total_job_valuation"": ""1"", ""number_of_floors"": ""1"", ""housing_units"": ""1"", ""building_valuation_remodel"": ""0"", ""electrical_valuation_remodel"": ""0"", ""mechanical_valuation_remodel"": ""0"", ""plumbing_valuation_remodel"": ""0"", ""original_address1"": ""5716 MEADOW CREST"", ""original_city"": ""AUSTIN"", ""original_state"": ""TX"", ""original_zip"": ""78744"", ""council_district"": ""2"", ""jurisdiction"": ""AUSTIN FULL PURPOSE"", ""link"": {""url"": ""https://abc.austintexas.gov/web/permit/public-search-other?t_detail=1&t_selected_folderrsn=13696280""}, ""project_id"": ""13696280"", ""masterpermitnum"": ""13696269"", ""latitude"": ""30.19171956"", ""longitude"": ""-97.73242383"", ""location"": {""latitude"": ""30.19171956"", ""longitude"": ""-97.73242383"", ""human_address"": ""{\""address\"": \""\"", \""city\"": \""\"", \""state\"": \""\"", \""zip\"": \""\""}""}, ""contractor_trade"": ""General Contractor"", ""contractor_company_name"": ""Foundation Support Specialists"", ""contractor_full_name"": ""Gary Rodriguez"", ""contractor_phone"": ""7262242320"", ""contractor_address2"": ""18630  Goll"", ""contractor_city"": ""San Antonio"", ""contractor_zip"": ""78266-____"", ""applicant_full_name"": ""Gary Rodriguez"", ""applicant_org"": ""Foundation Support Specialists"", ""applicant_phone"": ""7262242320"", ""applicant_address2"": ""18630  Goll"", ""applicant_city"": ""San Antonio"", ""applicantzip"": ""78266-____"", ""certificate_of_occupancy"": ""No""}",2026-05-03T07:18:31.559594+00:00
2024-095278 PP,Replacement of an existing water heater,2026-05-01T00:00:00+00:00,Change Out,Plumbing Permit,,"NEW ABACUS, LLC",Active,5701 AVERY ISLAND AVE,78727,Residential,5125664182,https://abc.austintexas.gov/web/permit/public-search-other?t_detail=1&t_selected_folderrsn=13368141,2026-05-01T00:00:00+00:00,"{""permittype"": ""PP"", ""permit_type_desc"": ""Plumbing Permit"", ""permit_number"": ""2024-095278 PP"", ""permit_class_mapped"": ""Residential"", ""permit_class"": ""Residential"", ""work_class"": ""Change Out"", ""permit_location"": ""5701 AVERY ISLAND AVE"", ""description"": ""Replacement of an existing water heater"", ""tcad_id"": ""0268000216"", ""legal_description"": ""LOT 16 BLK M MILWOOD SEC 14-A"", ""applieddate"": ""2024-07-29T00:00:00.000"", ""issue_date"": ""2026-05-01T00:00:00.000"", ""day_issued"": ""FRIDAY"", ""calendar_year_issued"": ""2026"", ""fiscal_year_issued"": ""2026"", ""issued_in_last_30_days"": ""Yes"", ""issue_method"": ""Permit Center"", ""status_current"": ""Active"", ""statusdate"": ""2026-05-01T00:00:00.000"", ""expiresdate"": ""2026-10-28T00:00:00.000"", ""original_address1"": ""5701 AVERY ISLAND AVE"", ""original_city"": ""AUSTIN"", ""original_state"": ""TX"", ""original_zip"": ""78727"", ""council_district"": ""6"", ""jurisdiction"": ""AUSTIN FULL PURPOSE"", ""link"": {""url"": ""https://abc.austintexas.gov/web/permit/public-search-other?t_detail=1&t_selected_folderrsn=13368141""}, ""project_id"": ""13368141"", ""latitude"": ""30.43304845"", ""longitude"": ""-97.74206019"", ""location"": {""latitude"": ""30.43304845"", ""longitude"": ""-97.74206019"", ""human_address"": ""{\""address\"": \""\"", \""city\"": \""\"", \""state\"": \""\"", \""zip\"": \""\""}""}, ""contractor_trade"": ""Plumbing Contractor"", ""contractor_company_name"": ""NEW ABACUS, LLC"", ""contractor_full_name"": ""ALAN O'NEILL"", ""contractor_phone"": ""5125664182"", ""contractor_address1"": ""2105  DENTON"", ""contractor_city"": ""Austin"", ""contractor_zip"": ""78758""}",2026-05-03T07:18:31.559594+00:00
2026-003193 EP,Addition/remodel to existing 2-story residence 5 bed/6 bath,2026-05-01T00:00:00+00:00,Addition and Remodel,Electrical Permit,,Silver's Electric,Active,2410 BRIDLE PATH,78703,Residential,5124609167,https://abc.austintexas.gov/web/permit/public-search-other?t_detail=1&t_selected_folderrsn=13638457,2026-05-01T00:00:00+00:00,"{""permittype"": ""EP"", ""permit_type_desc"": ""Electrical Permit"", ""permit_number"": ""2026-003193 EP"", ""permit_class_mapped"": ""Residential"", ""permit_class"": ""R- 434 Addition & Alterations"", ""work_class"": ""Addition and Remodel"", ""condominium"": ""No"", ""permit_location"": ""2410 BRIDLE PATH"", ""description"": ""Addition/remodel to existing 2-story residence 5 bed/6 bath"", ""tcad_id"": ""0114050628"", ""legal_description"": ""W 75FT LOT 6 BLK 15 WESTFIELD A"", ""applieddate"": ""2025-11-07T00:00:00.000"", ""issue_date"": ""2026-05-01T00:00:00.000"", ""day_issued"": ""FRIDAY"", ""calendar_year_issued"": ""2026"", ""fiscal_year_issued"": ""2026"", ""issued_in_last_30_days"": ""Yes"", ""issue_method"": ""Permit Center"", ""status_current"": ""Active"", ""statusdate"": ""2026-05-01T00:00:00.000"", ""expiresdate"": ""2026-08-16T00:00:00.000"", ""total_existing_bldg_sqft"": ""4836"", ""remodel_repair_sqft"": ""4836"", ""total_new_add_sqft"": ""1715"", ""number_of_floors"": ""2"", ""housing_units"": ""1"", ""electrical_valuation_remodel"": ""5000"", ""original_address1"": ""2410 BRIDLE PATH"", ""original_city"": ""AUSTIN"", ""original_state"": ""TX"", ""original_zip"": ""78703"", ""council_district"": ""10"", ""jurisdiction"": ""AUSTIN FULL PURPOSE"", ""link"": {""url"": ""https://abc.austintexas.gov/web/permit/public-search-other?t_detail=1&t_selected_folderrsn=13638457""}, ""project_id"": ""13638457"", ""masterpermitnum"": ""13638455"", ""latitude"": ""30.29052209"", ""longitude"": ""-97.76869886"", ""location"": {""latitude"": ""30.29052209"", ""longitude"": ""-97.76869886"", ""human_address"": ""{\""address\"": \""\"", \""city\"": \""\"", \""state\"": \""\"", \""zip\"": \""\""}""}, ""contractor_trade"": ""Electrical Contractor"", ""contractor_company_name"": ""Silver's Electric"", ""contractor_full_name"": ""Silvestre Serna"", ""contractor_phone"": ""5124609167"", ""contractor_address1"": ""P.O. BOX 996"", ""certificate_of_occupancy"": ""No""}",2026-05-03T07:18:31.559594+00:00
2026-034796 BP,ePlan: Residential Expedited Review - New construction of a 2-Story Single Family Res. [5bed 4.5bath] with Habitable Attic Attached Garage/Carport,2026-05-01T00:00:00+00:00,New,Building Permit,0.0,Co-Sci Construction LLC **MAIN**,Active,2806 S 4TH ST,78704,Residential,4693941563,https://abc.austintexas.gov/web/permit/public-search-other?t_detail=1&t_selected_folderrsn=13674268,2026-05-01T00:00:00+00:00,"{""permittype"": ""BP"", ""permit_type_desc"": ""Building Permit"", ""permit_number"": ""2026-034796 BP"", ""permit_class_mapped"": ""Residential"", ""permit_class"": ""R- 101 Single Family Houses"", ""work_class"": ""New"", ""condominium"": ""No"", ""permit_location"": ""2806 S 4TH ST"", ""description"": ""ePlan: Residential Expedited Review - New construction of a 2-Story Single Family Res. [5bed 4.5bath] with Habitable Attic Attached Garage/Carport"", ""tcad_id"": ""0404040122"", ""legal_description"": ""LOT 12 BLK I OAK RIDGE HEIGHTS SEC 3"", ""applieddate"": ""2026-01-21T00:00:00.000"", ""issue_date"": ""2026-05-01T00:00:00.000"", ""day_issued"": ""FRIDAY"", ""calendar_year_issued"": ""2026"", ""fiscal_year_issued"": ""2026"", ""issued_in_last_30_days"": ""Yes"", ""issue_method"": ""Permit Center"", ""status_current"": ""Active"", ""statusdate"": ""2026-05-01T00:00:00.000"", ""expiresdate"": ""2026-10-29T00:00:00.000"", ""total_new_add_sqft"": ""4438"", ""total_job_valuation"": ""0"", ""number_of_floors"": ""2"", ""housing_units"": ""1"", ""original_address1"": ""2806 S 4TH ST"", ""original_city"": ""AUSTIN"", ""original_state"": ""TX"", ""original_zip"": ""78704"", ""council_district"": ""3"", ""jurisdiction"": ""AUSTIN FULL PURPOSE"", ""link"": {""url"": ""https://abc.austintexas.gov/web/permit/public-search-other?t_detail=1&t_selected_folderrsn=13674268""}, ""project_id"": ""13674268"", ""masterpermitnum"": ""13643518"", ""latitude"": ""30.23801604"", ""longitude"": ""-97.76638091"", ""location"": {""latitude"": ""30.23801604"", ""longitude"": ""-97.76638091"", ""human_address"": ""{\""address\"": \""\"", \""city\"": \""\"", \""state\"": \""\"", \""zip\"": \""\""}""}, ""contractor_trade"": ""General Contractor"", ""contractor_company_name"": ""Co-Sci Construction LLC **MAIN**"", ""contractor_full_name"": ""Mark Roberts"", ""contractor_phone"": ""4693941563"", ""contractor_address2"": ""1504 S Walnu"", ""contractor_city"": ""Georgetown"", ""contractor_zip"": ""78626"", ""applicant_full_name"": ""Mark Roberts"", ""applicant_org"": ""Co-Sci Construction LLC **MAIN**"", ""applicant_phone"": ""4693941563"", ""applicant_address2"": ""1504 S Walnu"", ""applicant_city"": ""Georgetown"", ""applicantzip"": ""78626"", ""certificate_of_occupancy"": ""Yes"", ""total_lot_sq_ft"": ""7752""}",2026-05-03T07:18:31.559594+00:00
2026-052396 EP,First Texas Honda Sign N02 - First Texas South elevation,2026-05-01T00:00:00+00:00,Wall,Electrical Permit,,Not Provided,Active,3400 STECK AVE,78757,Commercial,Not Provided,https://abc.austintexas.gov/web/permit/public-search-other?t_detail=1&t_selected_folderrsn=13696239,2026-05-01T00:00:00+00:00,"{""permittype"": ""EP"", ""permit_type_desc"": ""Electrical Permit"", ""permit_number"": ""2026-052396 EP"", ""permit_class_mapped"": ""Commercial"", ""permit_class"": ""Sign Permit"", ""work_class"": ""Wall"", ""permit_location"": ""3400 STECK AVE"", ""description"": ""First Texas Honda Sign N02 - First Texas South elevation"", ""tcad_id"": ""0243051112"", ""legal_description"": ""ALLANDALE ESTATES SEC 2 LOT 1"", ""applieddate"": ""2026-04-30T00:00:00.000"", ""issue_date"": ""2026-05-01T00:00:00.000"", ""day_issued"": ""FRIDAY"", ""calendar_year_issued"": ""2026"", ""fiscal_year_issued"": ""2026"", ""issued_in_last_30_days"": ""Yes"", ""issue_method"": ""Permit Center"", ""status_current"": ""Active"", ""statusdate"": ""2026-05-01T00:00:00.000"", ""expiresdate"": ""2026-10-28T00:00:00.000"", ""original_address1"": ""3400 STECK AVE"", ""original_city"": ""AUSTIN"", ""original_state"": ""TX"", ""original_zip"": ""78757"", ""council_district"": ""7"", ""jurisdiction"": ""AUSTIN FULL PURPOSE"", ""link"": {""url"": ""https://abc.austintexas.gov/web/permit/public-search-other?t_detail=1&t_selected_folderrsn=13696239""}, ""project_id"": ""13696239"", ""masterpermitnum"": ""13694424""}",2026-05-03T07:18:31.559594+00:00
2026-053064 BP,Galloway 3312 A Right New - 1 Story SFR CONDOMINUM w/ 3 bedrooms 2 bathrooms attached 2 car garage covered entry porch and patio FFE: 681.62 Site Plan,2026-05-01T00:00:00+00:00,New,Building Permit,0.0,Eva Mata,Active,13206 KEEFER DR,78652,Residential,512,https://abc.austintexas.gov/web/permit/public-search-other?t_detail=1&t_selected_folderrsn=13695148,2026-05-01T00:00:00+00:00,"{""permittype"": ""BP"", ""permit_type_desc"": ""Building Permit"", ""permit_number"": ""2026-053064 BP"", ""permit_class_mapped"": ""Residential"", ""permit_class"": ""R- 101 Single Family Houses"", ""work_class"": ""New"", ""condominium"": ""Yes"", ""permit_location"": ""13206 KEEFER DR"", ""description"": ""Galloway 3312 A Right New - 1 Story SFR CONDOMINUM w/ 3 bedrooms 2 bathrooms attached 2 car garage covered entry porch and patio FFE: 681.62 Site Plan"", ""tcad_id"": ""0451150901"", ""applieddate"": ""2026-04-15T00:00:00.000"", ""issue_date"": ""2026-05-01T00:00:00.000"", ""day_issued"": ""FRIDAY"", ""calendar_year_issued"": ""2026"", ""fiscal_year_issued"": ""2026"", ""issued_in_last_30_days"": ""Yes"", ""issue_method"": ""Permit Center"", ""status_current"": ""Active"", ""statusdate"": ""2026-05-01T00:00:00.000"", ""expiresdate"": ""2026-10-29T00:00:00.000"", ""total_new_add_sqft"": ""2270"", ""total_job_valuation"": ""0"", ""number_of_floors"": ""1"", ""housing_units"": ""1"", ""original_address1"": ""13206 KEEFER DR"", ""original_city"": ""AUSTIN"", ""original_state"": ""TX"", ""original_zip"": ""78652"", ""council_district"": ""5"", ""jurisdiction"": ""AUSTIN LTD"", ""link"": {""url"": ""https://abc.austintexas.gov/web/permit/public-search-other?t_detail=1&t_selected_folderrsn=13695148""}, ""project_id"": ""13695148"", ""masterpermitnum"": ""13687515"", ""contractor_trade"": ""General Contractor"", ""contractor_full_name"": ""Eva Mata"", ""contractor_phone"": ""512"", ""contractor_city"": ""Austin"", ""applicant_full_name"": ""Eva Mata"", ""applicant_phone"": ""512"", ""applicant_city"": ""Austin"", ""certificate_of_occupancy"": ""Yes"", ""total_lot_sq_ft"": ""0""}",2026-05-03T07:18:31.559594+00:00
2025-157305 MP,Unit 303 Bldg 3: New 3-story townhome with 3 bedroom 3.5 bathroom balcony attached 2-car carport.  Part of 3-unit townhome building in 3-unit use.  (9,2026-05-01T00:00:00+00:00,New,Mechanical Permit,,Airtron,Active,4413 BANISTER LN UNIT 303,78745,Residential,5128213163,https://abc.austintexas.gov/web/permit/public-search-other?t_detail=1&t_selected_folderrsn=13627302,2026-05-01T00:00:00+00:00,"{""permittype"": ""MP"", ""permit_type_desc"": ""Mechanical Permit"", ""permit_number"": ""2025-157305 MP"", ""permit_class_mapped"": ""Residential"", ""permit_class"": ""R- 101 Single Family Houses"", ""work_class"": ""New"", ""condominium"": ""No"", ""permit_location"": ""4413 BANISTER LN UNIT 303"", ""description"": ""Unit 303 Bldg 3: New 3-story townhome with 3 bedroom 3.5 bathroom balcony attached 2-car carport.  Part of 3-unit townhome building in 3-unit use.  (9"", ""tcad_id"": ""0410090541"", ""legal_description"": ""BANISTER ACRES RSB LOT 4 BLK 4 BLK 4 LOT 4A"", ""applieddate"": ""2025-06-03T00:00:00.000"", ""issue_date"": ""2026-05-01T00:00:00.000"", ""day_issued"": ""FRIDAY"", ""calendar_year_issued"": ""2026"", ""fiscal_year_issued"": ""2026"", ""issued_in_last_30_days"": ""Yes"", ""issue_method"": ""Permit Center"", ""status_current"": ""Active"", ""statusdate"": ""2026-05-01T00:00:00.000"", ""expiresdate"": ""2026-08-19T00:00:00.000"", ""total_new_add_sqft"": ""1770"", ""number_of_floors"": ""3"", ""housing_units"": ""1"", ""original_address1"": ""4413 BANISTER LN UNIT 303"", ""original_city"": ""AUSTIN"", ""original_state"": ""TX"", ""original_zip"": ""78745"", ""council_district"": ""5"", ""jurisdiction"": ""AUSTIN FULL PURPOSE"", ""link"": {""url"": ""https://abc.austintexas.gov/web/permit/public-search-other?t_detail=1&t_selected_folderrsn=13627302""}, ""project_id"": ""13627302"", ""masterpermitnum"": ""13627280"", ""contractor_trade"": ""Mechanical Contractor"", ""contractor_company_name"": ""Airtron"", ""contractor_full_name"": ""Tamara Enfield"", ""contractor_phone"": ""5128213163"", ""contractor_address2"": ""12112  BOARD"", ""contractor_city"": ""AUSTIN"", ""contractor_zip"": ""78729-____"", ""certificate_of_occupancy"": ""No""}",2026-05-03T07:18:31.559594+00:00
2026-044943 EP,ePlan: Commercial Expedited Review -[APPROVED] Interior Remodel to Convert Building into a Commercial Production Kitchen and Warehousing Facility Phas,2026-05-01T00:00:00+00:00,Remodel,Electrical Permit,,T M Electric,Active,7050 BURLESON RD,78744,Commercial,5128348174,https://abc.austintexas.gov/web/permit/public-search-other?t_detail=1&t_selected_folderrsn=13686048,2026-05-01T00:00:00+00:00,"{""permittype"": ""EP"", ""permit_type_desc"": ""Electrical Permit"", ""permit_number"": ""2026-044943 EP"", ""permit_class_mapped"": ""Commercial"", ""permit_class"": ""C-1000 Commercial Remodel"", ""work_class"": ""Remodel"", ""condominium"": ""No"", ""permit_location"": ""7050 BURLESON RD"", ""description"": ""ePlan: Commercial Expedited Review -[APPROVED] Interior Remodel to Convert Building into a Commercial Production Kitchen and Warehousing Facility Phas"", ""tcad_id"": ""0318130701"", ""applieddate"": ""2026-03-05T00:00:00.000"", ""issue_date"": ""2026-05-01T00:00:00.000"", ""day_issued"": ""FRIDAY"", ""calendar_year_issued"": ""2026"", ""fiscal_year_issued"": ""2026"", ""issued_in_last_30_days"": ""Yes"", ""issue_method"": ""Permit Center"", ""status_current"": ""Active"", ""statusdate"": ""2026-05-01T00:00:00.000"", ""expiresdate"": ""2026-10-14T00:00:00.000"", ""remodel_repair_sqft"": ""31986"", ""number_of_floors"": ""1"", ""housing_units"": ""1"", ""electrical_valuation_remodel"": ""1"", ""original_address1"": ""7050 BURLESON RD"", ""original_city"": ""AUSTIN"", ""original_state"": ""TX"", ""original_zip"": ""78744"", ""council_district"": ""2"", ""jurisdiction"": ""AUSTIN FULL PURPOSE"", ""link"": {""url"": ""https://abc.austintexas.gov/web/permit/public-search-other?t_detail=1&t_selected_folderrsn=13686048""}, ""project_id"": ""13686048"", ""masterpermitnum"": ""13685728"", ""contractor_trade"": ""Electrical Contractor"", ""contractor_company_name"": ""T M Electric"", ""contractor_full_name"": ""Tim Moll"", ""contractor_phone"": ""5128348174"", ""contractor_address2"": ""9802  Gray B"", ""contractor_city"": ""Austin"", ""contractor_zip"": ""78758"", ""certificate_of_occupancy"": ""No""}",2026-05-03T07:18:31.559594+00:00
2026-052252 PP,Express- Replace tub to shower 1-piece prefabricated acrylic no electrical work needed replace valve with new shower valve only working in wet space.,2026-05-01T00:00:00+00:00,Repair,Plumbing Permit,,West Shore Home LLC,Active,5900 WAGON BND,78744,Residential,7177759506,https://abc.austintexas.gov/web/permit/public-search-other?t_detail=1&t_selected_folderrsn=13694254,2026-05-01T00:00:00+00:00,"{""permittype"": ""PP"", ""permit_type_desc"": ""Plumbing Permit"", ""permit_number"": ""2026-052252 PP"", ""permit_class_mapped"": ""Residential"", ""permit_class"": ""R- 435 Renovations/Remodel"", ""work_class"": ""Repair"", ""condominium"": ""No"", ""permit_location"": ""5900 WAGON BND"", ""description"": ""Express- Replace tub to shower 1-piece prefabricated acrylic no electrical work needed replace valve with new shower valve only working in wet space."", ""tcad_id"": ""0421020218"", ""legal_description"": ""LOT 35 BLK A WAGON CROSSING SEC 1"", ""applieddate"": ""2026-04-22T00:00:00.000"", ""issue_date"": ""2026-05-01T00:00:00.000"", ""day_issued"": ""FRIDAY"", ""calendar_year_issued"": ""2026"", ""fiscal_year_issued"": ""2026"", ""issued_in_last_30_days"": ""Yes"", ""issue_method"": ""Permit Center"", ""status_current"": ""Active"", ""statusdate"": ""2026-05-01T00:00:00.000"", ""expiresdate"": ""2026-10-29T00:00:00.000"", ""remodel_repair_sqft"": ""1"", ""number_of_floors"": ""1"", ""housing_units"": ""1"", ""original_address1"": ""5900 WAGON BND"", ""original_city"": ""AUSTIN"", ""original_state"": ""TX"", ""original_zip"": ""78744"", ""council_district"": ""2"", ""jurisdiction"": ""AUSTIN FULL PURPOSE"", ""link"": {""url"": ""https://abc.austintexas.gov/web/permit/public-search-other?t_detail=1&t_selected_folderrsn=13694254""}, ""project_id"": ""13694254"", ""masterpermitnum"": ""13694253"", ""latitude"": ""30.19548476"", ""longitude"": ""-97.75991854"", ""location"": {""latitude"": ""30.19548476"", ""longitude"": ""-97.75991854"", ""human_address"": ""{\""address\"": \""\"", \""city\"": \""\"", \""state\"": \""\"", \""zip\"": \""\""}""}, ""contractor_trade"": ""Plumbing Contractor"", ""contractor_company_name"": ""West Shore Home LLC"", ""contractor_full_name"": ""Eric Jackson"", ""contractor_phone"": ""7177759506"", ""contractor_address2"": ""3  CROSSGATE"", ""contractor_city"": ""MECHANICSBUR"", ""contractor_zip"": ""17050-____"", ""certificate_of_occupancy"": ""No""}",2026-05-03T07:18:31.559594+00:00
2026-052237 PP,Digging 18-foot tunnel and repairing broken drain underneath master bathroom of home.,2026-05-01T00:00:00+00:00,Repair,Plumbing Permit,,Infinity Plumbing Solutions LLC,Active,5501 COVENTRY LN,78723,Residential,5127918988,https://abc.austintexas.gov/web/permit/public-search-other?t_detail=1&t_selected_folderrsn=13694238,2026-05-01T00:00:00+00:00,"{""permittype"": ""PP"", ""permit_type_desc"": ""Plumbing Permit"", ""permit_number"": ""2026-052237 PP"", ""permit_class_mapped"": ""Residential"", ""permit_class"": ""Residential"", ""work_class"": ""Repair"", ""condominium"": ""No"", ""permit_location"": ""5501 COVENTRY LN"", ""description"": ""Digging 18-foot tunnel and repairing broken drain underneath master bathroom of home."", ""tcad_id"": ""0220200601"", ""legal_description"": ""LOT 16 BLK M ROYAL OAK ESTATES SEC 1"", ""applieddate"": ""2026-04-28T00:00:00.000"", ""issue_date"": ""2026-05-01T00:00:00.000"", ""day_issued"": ""FRIDAY"", ""calendar_year_issued"": ""2026"", ""fiscal_year_issued"": ""2026"", ""issued_in_last_30_days"": ""Yes"", ""issue_method"": ""Permit Center"", ""status_current"": ""Active"", ""statusdate"": ""2026-05-01T00:00:00.000"", ""expiresdate"": ""2026-10-28T00:00:00.000"", ""remodel_repair_sqft"": ""2070"", ""number_of_floors"": ""0"", ""housing_units"": ""1"", ""original_address1"": ""5501 COVENTRY LN"", ""original_city"": ""AUSTIN"", ""original_state"": ""TX"", ""original_zip"": ""78723"", ""council_district"": ""4"", ""jurisdiction"": ""AUSTIN FULL PURPOSE"", ""link"": {""url"": ""https://abc.austintexas.gov/web/permit/public-search-other?t_detail=1&t_selected_folderrsn=13694238""}, ""project_id"": ""13694238"", ""latitude"": ""30.30372623"", ""longitude"": ""-97.68430326"", ""location"": {""latitude"": ""30.30372623"", ""longitude"": ""-97.68430326"", ""human_address"": ""{\""address\"": \""\"", \""city\"": \""\"", \""state\"": \""\"", \""zip\"": \""\""}""}, ""contractor_trade"": ""Plumbing Contractor"", ""contractor_company_name"": ""Infinity Plumbing Solutions LLC"", ""contractor_full_name"": ""Jaime Hernandez"", ""contractor_phone"": ""5127918988"", ""contractor_address2"": ""100 E Whites"", ""contractor_city"": ""CEDAR PARK"", ""contractor_zip"": ""78613-____"", ""certificate_of_occupancy"": ""No""}",2026-05-03T07:18:31.559594+00:00
