permit_id,description,issued_at,work_class,permit_type,estimated_cost,contractor_name,status,address,zip_code,permit_class,contractor_phone,portal_link,source_updated_at,raw_payload,ingested_at
2026-035145 PP,New construction multi-family in the etj 33623 sqft,2026-05-01T00:00:00+00:00,New,Plumbing Permit,,"Red Kings Plumbing Contractors LLC,",Active,5121 E HOWARD LN BLDG 7,78653,Commercial,2109862480,https://abc.austintexas.gov/web/permit/public-search-other?t_detail=1&t_selected_folderrsn=13674663,2026-05-01T00:00:00+00:00,"{""permittype"": ""PP"", ""permit_type_desc"": ""Plumbing Permit"", ""permit_number"": ""2026-035145 PP"", ""permit_class_mapped"": ""Commercial"", ""permit_class"": ""Commercial"", ""work_class"": ""New"", ""condominium"": ""No"", ""permit_location"": ""5121 E HOWARD LN BLDG 7"", ""description"": ""New construction multi-family in the etj 33623 sqft"", ""tcad_id"": ""0251410311"", ""legal_description"": ""ABS 160 SUR 50 CASTRO M ACR 45.592"", ""applieddate"": ""2026-03-24T00:00:00.000"", ""issue_date"": ""2026-05-01T00:00:00.000"", ""day_issued"": ""FRIDAY"", ""calendar_year_issued"": ""2026"", ""fiscal_year_issued"": ""2026"", ""issued_in_last_30_days"": ""Yes"", ""issue_method"": ""Permit Center"", ""status_current"": ""Active"", ""statusdate"": ""2026-05-01T00:00:00.000"", ""expiresdate"": ""2026-10-28T00:00:00.000"", ""total_new_add_sqft"": ""33623"", ""number_of_floors"": ""3"", ""housing_units"": ""36"", ""original_address1"": ""5121 E HOWARD LN BLDG 7"", ""original_city"": ""AUSTIN"", ""original_state"": ""TX"", ""original_zip"": ""78653"", ""jurisdiction"": ""AUSTIN 2 MILE ETJ"", ""link"": {""url"": ""https://abc.austintexas.gov/web/permit/public-search-other?t_detail=1&t_selected_folderrsn=13674663""}, ""project_id"": ""13674663"", ""contractor_trade"": ""Plumbing Contractor"", ""contractor_company_name"": ""Red Kings Plumbing Contractors LLC,"", ""contractor_full_name"": ""Ubaldo De Santiago"", ""contractor_phone"": ""2109862480"", ""contractor_address1"": ""PO BOX 70170"", ""contractor_city"": ""San Antonio"", ""contractor_zip"": ""78270-____"", ""certificate_of_occupancy"": ""No""}",2026-05-03T10:54:27.260194+00:00
2026-009598 BP,"Total demo of shed 723 sq ft circa 1930. Submitted concurrently with new construction so demo tree review fee is waived
***The building shall not be d",2026-05-01T00:00:00+00:00,Demolition,Building Permit,0.0,Nygard & Company,Active,1902 EVA ST,78704,Residential,5128446871,https://abc.austintexas.gov/web/permit/public-search-other?t_detail=1&t_selected_folderrsn=13645639,2026-05-01T00:00:00+00:00,"{""permittype"": ""BP"", ""permit_type_desc"": ""Building Permit"", ""permit_number"": ""2026-009598 BP"", ""permit_class_mapped"": ""Residential"", ""permit_class"": ""R- 649 Demolition All Other Bldgs Res"", ""work_class"": ""Demolition"", ""condominium"": ""No"", ""permit_location"": ""1902 EVA ST"", ""description"": ""Total demo of shed 723 sq ft circa 1930. Submitted concurrently with new construction so demo tree review fee is waived\n***The building shall not be d"", ""tcad_id"": ""0402010702"", ""legal_description"": ""LOT 2 BLK 36 SWEETMAN R L ADDN"", ""applieddate"": ""2026-01-16T00:00:00.000"", ""issue_date"": ""2026-05-01T00:00:00.000"", ""day_issued"": ""FRIDAY"", ""calendar_year_issued"": ""2026"", ""fiscal_year_issued"": ""2026"", ""issued_in_last_30_days"": ""Yes"", ""issue_method"": ""Permit Center"", ""status_current"": ""Active"", ""statusdate"": ""2026-05-01T00:00:00.000"", ""expiresdate"": ""2028-05-01T00:00:00.000"", ""total_existing_bldg_sqft"": ""723"", ""total_job_valuation"": ""0"", ""number_of_floors"": ""1"", ""housing_units"": ""1"", ""original_address1"": ""1902 EVA ST"", ""original_city"": ""AUSTIN"", ""original_state"": ""TX"", ""original_zip"": ""78704"", ""council_district"": ""3"", ""jurisdiction"": ""AUSTIN FULL PURPOSE"", ""link"": {""url"": ""https://abc.austintexas.gov/web/permit/public-search-other?t_detail=1&t_selected_folderrsn=13645639""}, ""project_id"": ""13645639"", ""masterpermitnum"": ""13641894"", ""latitude"": ""30.24529588"", ""longitude"": ""-97.75281626"", ""location"": {""latitude"": ""30.24529588"", ""longitude"": ""-97.75281626"", ""human_address"": ""{\""address\"": \""\"", \""city\"": \""\"", \""state\"": \""\"", \""zip\"": \""\""}""}, ""contractor_trade"": ""General Contractor"", ""contractor_company_name"": ""Nygard & Company"", ""contractor_full_name"": ""Chris Nygard"", ""contractor_phone"": ""5128446871"", ""contractor_address2"": ""100 W COMMON"", ""contractor_city"": ""DRIPPING SPR"", ""contractor_zip"": ""78620"", ""applicant_full_name"": ""Chris Nygard"", ""applicant_org"": ""Nygard & Company"", ""applicant_phone"": ""5128446871"", ""applicant_address2"": ""100 W COMMON"", ""applicant_city"": ""DRIPPING SPR"", ""applicantzip"": ""78620"", ""certificate_of_occupancy"": ""No""}",2026-05-03T10:54:27.260194+00:00
2026-047006 PP,Moscoso S423 B Left New - 1 Story SFR w/ 3 bedrooms 2 bathrooms attached 2 car garage covered entry porch and patio required parking: 2.,2026-05-01T00:00:00+00:00,New,Plumbing Permit,,IES Residential Inc,Active,9320 FURMAN DR,78747,Residential,5125615002,https://abc.austintexas.gov/web/permit/public-search-other?t_detail=1&t_selected_folderrsn=13688218,2026-05-01T00:00:00+00:00,"{""permittype"": ""PP"", ""permit_type_desc"": ""Plumbing Permit"", ""permit_number"": ""2026-047006 PP"", ""permit_class_mapped"": ""Residential"", ""permit_class"": ""R- 101 Single Family Houses"", ""work_class"": ""New"", ""condominium"": ""No"", ""permit_location"": ""9320 FURMAN DR"", ""description"": ""Moscoso S423 B Left New - 1 Story SFR w/ 3 bedrooms 2 bathrooms attached 2 car garage covered entry porch and patio required parking: 2."", ""tcad_id"": ""0340060223"", ""legal_description"": ""THAXTON SUBD (SMALL LOT) PHS 1 BLK A LOT 23"", ""applieddate"": ""2026-04-06T00:00:00.000"", ""issue_date"": ""2026-05-01T00:00:00.000"", ""day_issued"": ""FRIDAY"", ""calendar_year_issued"": ""2026"", ""fiscal_year_issued"": ""2026"", ""issued_in_last_30_days"": ""Yes"", ""issue_method"": ""Permit Center"", ""status_current"": ""Active"", ""statusdate"": ""2026-05-01T00:00:00.000"", ""expiresdate"": ""2026-10-25T00:00:00.000"", ""total_new_add_sqft"": ""2403"", ""number_of_floors"": ""1"", ""housing_units"": ""1"", ""original_address1"": ""9320 FURMAN DR"", ""original_city"": ""AUSTIN"", ""original_state"": ""TX"", ""original_zip"": ""78747"", ""council_district"": ""2"", ""jurisdiction"": ""AUSTIN FULL PURPOSE"", ""link"": {""url"": ""https://abc.austintexas.gov/web/permit/public-search-other?t_detail=1&t_selected_folderrsn=13688218""}, ""project_id"": ""13688218"", ""masterpermitnum"": ""13688149"", ""contractor_trade"": ""Plumbing Contractor"", ""contractor_company_name"": ""IES Residential Inc"", ""contractor_full_name"": ""Charles Faught"", ""contractor_phone"": ""5125615002"", ""contractor_address2"": ""13279  POND"", ""contractor_city"": ""AUSTIN"", ""contractor_zip"": ""78729-____"", ""certificate_of_occupancy"": ""No""}",2026-05-03T10:54:27.260194+00:00
2026-048005 BP,*Partial Demo* Interior remodel,2026-05-01T00:00:00+00:00,Addition and Remodel,Building Permit,1.0,Bespoke Design Build LLC,Active,506 E 38TH HALF ST,78751,Residential,5127852706,https://abc.austintexas.gov/web/permit/public-search-other?t_detail=1&t_selected_folderrsn=13689317,2026-05-01T00:00:00+00:00,"{""permittype"": ""BP"", ""permit_type_desc"": ""Building Permit"", ""permit_number"": ""2026-048005 BP"", ""permit_class_mapped"": ""Residential"", ""permit_class"": ""R- 434 Addition & Alterations"", ""work_class"": ""Addition and Remodel"", ""condominium"": ""No"", ""permit_location"": ""506 E 38TH HALF ST"", ""description"": ""*Partial Demo* Interior remodel"", ""tcad_id"": ""0218060814"", ""legal_description"": ""LOT 5-7 BLK 4 OLT 11 DIV C OAKLAWN ADDN"", ""applieddate"": ""2026-04-10T00:00:00.000"", ""issue_date"": ""2026-05-01T00:00:00.000"", ""day_issued"": ""FRIDAY"", ""calendar_year_issued"": ""2026"", ""fiscal_year_issued"": ""2026"", ""issued_in_last_30_days"": ""Yes"", ""issue_method"": ""Permit Center"", ""status_current"": ""Active"", ""statusdate"": ""2026-05-01T00:00:00.000"", ""expiresdate"": ""2026-10-29T00:00:00.000"", ""remodel_repair_sqft"": ""521"", ""total_new_add_sqft"": ""0"", ""total_valuation_remodel"": ""4"", ""total_job_valuation"": ""1"", ""number_of_floors"": ""1"", ""housing_units"": ""1"", ""building_valuation_remodel"": ""1"", ""electrical_valuation_remodel"": ""1"", ""mechanical_valuation_remodel"": ""1"", ""plumbing_valuation_remodel"": ""1"", ""original_address1"": ""506 E 38TH HALF ST"", ""original_city"": ""AUSTIN"", ""original_state"": ""TX"", ""original_zip"": ""78751"", ""council_district"": ""9"", ""jurisdiction"": ""AUSTIN FULL PURPOSE"", ""link"": {""url"": ""https://abc.austintexas.gov/web/permit/public-search-other?t_detail=1&t_selected_folderrsn=13689317""}, ""project_id"": ""13689317"", ""masterpermitnum"": ""13684703"", ""contractor_trade"": ""General Contractor"", ""contractor_company_name"": ""Bespoke Design Build LLC"", ""contractor_full_name"": ""James Christian"", ""contractor_phone"": ""5127852706"", ""contractor_address2"": ""8610  Buffal"", ""contractor_city"": ""Lago Vista"", ""contractor_zip"": ""78645-____"", ""applicant_full_name"": ""James Christian"", ""applicant_org"": ""Bespoke Design Build LLC"", ""applicant_phone"": ""5127852706"", ""applicant_address2"": ""8610  Buffal"", ""applicant_city"": ""Lago Vista"", ""applicantzip"": ""78645-____"", ""certificate_of_occupancy"": ""No"", ""total_lot_sq_ft"": ""0""}",2026-05-03T10:54:27.260194+00:00
2026-054365 EP,New Service for SFR in ETJ,2026-05-01T00:00:00+00:00,New,Electrical Permit,,PowerHouse Electrical Services,Active,722 CRYSTAL MOUNTAIN DR,78733,Residential,5128328900,https://abc.austintexas.gov/web/permit/public-search-other?t_detail=1&t_selected_folderrsn=13696659,2026-05-01T00:00:00+00:00,"{""permittype"": ""EP"", ""permit_type_desc"": ""Electrical Permit"", ""permit_number"": ""2026-054365 EP"", ""permit_class_mapped"": ""Residential"", ""permit_class"": ""Residential"", ""work_class"": ""New"", ""condominium"": ""No"", ""permit_location"": ""722 CRYSTAL MOUNTAIN DR"", ""description"": ""New Service for SFR in ETJ"", ""tcad_id"": ""0121380110"", ""legal_description"": ""LOT 17 BLK B CRYSTAL MOUNTAIN AT BARTON CREEK SEC 1"", ""applieddate"": ""2026-05-01T00:00:00.000"", ""issue_date"": ""2026-05-01T00:00:00.000"", ""day_issued"": ""FRIDAY"", ""calendar_year_issued"": ""2026"", ""fiscal_year_issued"": ""2026"", ""issued_in_last_30_days"": ""Yes"", ""issue_method"": ""Permit Center"", ""status_current"": ""Active"", ""statusdate"": ""2026-05-01T00:00:00.000"", ""expiresdate"": ""2026-10-28T00:00:00.000"", ""total_new_add_sqft"": ""7000"", ""number_of_floors"": ""1"", ""housing_units"": ""1"", ""original_address1"": ""722 CRYSTAL MOUNTAIN DR"", ""original_city"": ""AUSTIN"", ""original_state"": ""TX"", ""original_zip"": ""78733"", ""jurisdiction"": ""AUSTIN 2 MILE ETJ"", ""link"": {""url"": ""https://abc.austintexas.gov/web/permit/public-search-other?t_detail=1&t_selected_folderrsn=13696659""}, ""project_id"": ""13696659"", ""latitude"": ""30.31192076"", ""longitude"": ""-97.87172921"", ""location"": {""latitude"": ""30.31192076"", ""longitude"": ""-97.87172921"", ""human_address"": ""{\""address\"": \""\"", \""city\"": \""\"", \""state\"": \""\"", \""zip\"": \""\""}""}, ""contractor_trade"": ""Electrical Contractor"", ""contractor_company_name"": ""PowerHouse Electrical Services"", ""contractor_full_name"": ""Russell Neal"", ""contractor_phone"": ""5128328900"", ""contractor_address2"": ""1901  Waukes"", ""contractor_city"": ""Pflugerville"", ""contractor_zip"": ""78660"", ""certificate_of_occupancy"": ""No""}",2026-05-03T10:54:27.260194+00:00
2026-038308 PP,Total demo of sfr 1732 sqft circa 1980,2026-05-01T00:00:00+00:00,Demolition,Plumbing Permit,,TRUJILLOS BROTHERS PLUMBING,Active,3202 EANES CIR,78746,Residential,5129634349,https://abc.austintexas.gov/web/permit/public-search-other?t_detail=1&t_selected_folderrsn=13678296,2026-05-01T00:00:00+00:00,"{""permittype"": ""PP"", ""permit_type_desc"": ""Plumbing Permit"", ""permit_number"": ""2026-038308 PP"", ""permit_class_mapped"": ""Residential"", ""permit_class"": ""R- 645 Demolition One Family Homes"", ""work_class"": ""Demolition"", ""condominium"": ""No"", ""permit_location"": ""3202 EANES CIR"", ""description"": ""Total demo of sfr 1732 sqft circa 1980"", ""tcad_id"": ""0106160712"", ""legal_description"": ""LOT 16 BLK B BEECAVE WOODS SEC 2"", ""applieddate"": ""2026-03-20T00:00:00.000"", ""issue_date"": ""2026-05-01T00:00:00.000"", ""day_issued"": ""FRIDAY"", ""calendar_year_issued"": ""2026"", ""fiscal_year_issued"": ""2026"", ""issued_in_last_30_days"": ""Yes"", ""issue_method"": ""Permit Center"", ""status_current"": ""Active"", ""statusdate"": ""2026-05-01T00:00:00.000"", ""expiresdate"": ""2028-04-06T00:00:00.000"", ""total_existing_bldg_sqft"": ""1"", ""original_address1"": ""3202 EANES CIR"", ""original_city"": ""AUSTIN"", ""original_state"": ""TX"", ""original_zip"": ""78746"", ""council_district"": ""8"", ""jurisdiction"": ""AUSTIN FULL PURPOSE"", ""link"": {""url"": ""https://abc.austintexas.gov/web/permit/public-search-other?t_detail=1&t_selected_folderrsn=13678296""}, ""project_id"": ""13678296"", ""masterpermitnum"": ""13678291"", ""latitude"": ""30.26787243"", ""longitude"": ""-97.80241124"", ""location"": {""latitude"": ""30.26787243"", ""longitude"": ""-97.80241124"", ""human_address"": ""{\""address\"": \""\"", \""city\"": \""\"", \""state\"": \""\"", \""zip\"": \""\""}""}, ""contractor_trade"": ""Plumbing Contractor"", ""contractor_company_name"": ""TRUJILLOS BROTHERS PLUMBING"", ""contractor_full_name"": ""SAUL TRUJILLO"", ""contractor_phone"": ""5129634349"", ""contractor_address2"": ""13425  HARRY"", ""contractor_city"": ""MANOR"", ""contractor_zip"": ""78653"", ""certificate_of_occupancy"": ""No""}",2026-05-03T10:54:27.260194+00:00
2026-041821 EP,"Interior alteration of an existing office space including a new demising wall to create separate suites 260 & 265 - (2) applications

Suite 260",2026-05-01T00:00:00+00:00,Remodel,Electrical Permit,,T M Electric,Active,5000 PLAZA ON THE LAKE,78746,Commercial,5128348174,https://abc.austintexas.gov/web/permit/public-search-other?t_detail=1&t_selected_folderrsn=13682283,2026-05-01T00:00:00+00:00,"{""permittype"": ""EP"", ""permit_type_desc"": ""Electrical Permit"", ""permit_number"": ""2026-041821 EP"", ""permit_class_mapped"": ""Commercial"", ""permit_class"": ""C-1000 Commercial Remodel"", ""work_class"": ""Remodel"", ""condominium"": ""No"", ""permit_location"": ""5000 PLAZA ON THE LAKE"", ""description"": ""Interior alteration of an existing office space including a new demising wall to create separate suites 260 & 265 - (2) applications\n\nSuite 260"", ""tcad_id"": ""0135150328"", ""legal_description"": ""LOT 1 HERMOSA OFFICE PARK"", ""applieddate"": ""2026-03-27T00:00:00.000"", ""issue_date"": ""2026-05-01T00:00:00.000"", ""day_issued"": ""FRIDAY"", ""calendar_year_issued"": ""2026"", ""fiscal_year_issued"": ""2026"", ""issued_in_last_30_days"": ""Yes"", ""issue_method"": ""Permit Center"", ""status_current"": ""Active"", ""statusdate"": ""2026-05-01T00:00:00.000"", ""expiresdate"": ""2026-10-28T00:00:00.000"", ""remodel_repair_sqft"": ""7223"", ""number_of_floors"": ""3"", ""housing_units"": ""1"", ""electrical_valuation_remodel"": ""60000"", ""original_address1"": ""5000 PLAZA ON THE LAKE"", ""original_city"": ""AUSTIN"", ""original_state"": ""TX"", ""original_zip"": ""78746"", ""council_district"": ""10"", ""jurisdiction"": ""AUSTIN FULL PURPOSE"", ""link"": {""url"": ""https://abc.austintexas.gov/web/permit/public-search-other?t_detail=1&t_selected_folderrsn=13682283""}, ""project_id"": ""13682283"", ""masterpermitnum"": ""13682227"", ""latitude"": ""30.34910559"", ""longitude"": ""-97.80157688"", ""location"": {""latitude"": ""30.34910559"", ""longitude"": ""-97.80157688"", ""human_address"": ""{\""address\"": \""\"", \""city\"": \""\"", \""state\"": \""\"", \""zip\"": \""\""}""}, ""contractor_trade"": ""Electrical Contractor"", ""contractor_company_name"": ""T M Electric"", ""contractor_full_name"": ""Tim Moll"", ""contractor_phone"": ""5128348174"", ""contractor_address2"": ""9802  Gray B"", ""contractor_city"": ""Austin"", ""contractor_zip"": ""78758"", ""certificate_of_occupancy"": ""No""}",2026-05-03T10:54:27.260194+00:00
2026-050810 PP,Replacement of an existing water heater Replace water heater,2026-05-01T00:00:00+00:00,Change Out,Plumbing Permit,,Nueva Era Plumbing  Services LLC,Active,2011 BRENTWOOD ST,78757,Residential,5125845521,https://abc.austintexas.gov/web/permit/public-search-other?t_detail=1&t_selected_folderrsn=13692661,2026-05-01T00:00:00+00:00,"{""permittype"": ""PP"", ""permit_type_desc"": ""Plumbing Permit"", ""permit_number"": ""2026-050810 PP"", ""permit_class_mapped"": ""Residential"", ""permit_class"": ""Residential"", ""work_class"": ""Change Out"", ""permit_location"": ""2011 BRENTWOOD ST"", ""description"": ""Replacement of an existing water heater Replace water heater"", ""tcad_id"": ""0233050205"", ""legal_description"": ""LOT 22 BRENTWOOD TERRACE NO 2"", ""applieddate"": ""2026-04-24T00:00:00.000"", ""issue_date"": ""2026-05-01T00:00:00.000"", ""day_issued"": ""FRIDAY"", ""calendar_year_issued"": ""2026"", ""fiscal_year_issued"": ""2026"", ""issued_in_last_30_days"": ""Yes"", ""issue_method"": ""Permit Center"", ""status_current"": ""Active"", ""statusdate"": ""2026-05-01T00:00:00.000"", ""expiresdate"": ""2026-10-28T00:00:00.000"", ""original_address1"": ""2011 BRENTWOOD ST"", ""original_city"": ""AUSTIN"", ""original_state"": ""TX"", ""original_zip"": ""78757"", ""council_district"": ""7"", ""jurisdiction"": ""AUSTIN FULL PURPOSE"", ""link"": {""url"": ""https://abc.austintexas.gov/web/permit/public-search-other?t_detail=1&t_selected_folderrsn=13692661""}, ""project_id"": ""13692661"", ""latitude"": ""30.3405809"", ""longitude"": ""-97.73577323"", ""location"": {""latitude"": ""30.3405809"", ""longitude"": ""-97.73577323"", ""human_address"": ""{\""address\"": \""\"", \""city\"": \""\"", \""state\"": \""\"", \""zip\"": \""\""}""}, ""contractor_trade"": ""Plumbing Contractor"", ""contractor_company_name"": ""Nueva Era Plumbing  Services LLC"", ""contractor_full_name"": ""Eric Garcia"", ""contractor_phone"": ""5125845521"", ""contractor_address2"": ""129  LEXINGT"", ""contractor_city"": ""McDade"", ""contractor_zip"": ""78650""}",2026-05-03T10:54:27.260194+00:00
2026-052281 BP,Brahman 3318 B Right New - 2 Story SFR CONDOMINUM w/ 4 bedrooms 2.5 bathrooms attached 2 car garage covered entry porch and patio FFE: 682.10 Site Pla,2026-05-01T00:00:00+00:00,New,Building Permit,0.0,Eva Mata,Active,700 BOLEY DR,78652,Residential,,https://abc.austintexas.gov/web/permit/public-search-other?t_detail=1&t_selected_folderrsn=13694284,2026-05-01T00:00:00+00:00,"{""permittype"": ""BP"", ""permit_type_desc"": ""Building Permit"", ""permit_number"": ""2026-052281 BP"", ""permit_class_mapped"": ""Residential"", ""permit_class"": ""R- 101 Single Family Houses"", ""work_class"": ""New"", ""condominium"": ""Yes"", ""permit_location"": ""700 BOLEY DR"", ""description"": ""Brahman 3318 B Right New - 2 Story SFR CONDOMINUM w/ 4 bedrooms 2.5 bathrooms attached 2 car garage covered entry porch and patio FFE: 682.10 Site Pla"", ""tcad_id"": ""0451150901"", ""applieddate"": ""2026-04-15T00:00:00.000"", ""issue_date"": ""2026-05-01T00:00:00.000"", ""day_issued"": ""FRIDAY"", ""calendar_year_issued"": ""2026"", ""fiscal_year_issued"": ""2026"", ""issued_in_last_30_days"": ""Yes"", ""issue_method"": ""Permit Center"", ""status_current"": ""Active"", ""statusdate"": ""2026-05-01T00:00:00.000"", ""expiresdate"": ""2026-10-29T00:00:00.000"", ""total_new_add_sqft"": ""2946"", ""total_job_valuation"": ""0"", ""number_of_floors"": ""2"", ""housing_units"": ""1"", ""original_address1"": ""700 BOLEY DR"", ""original_city"": ""AUSTIN"", ""original_state"": ""TX"", ""original_zip"": ""78652"", ""council_district"": ""5"", ""jurisdiction"": ""AUSTIN LTD"", ""link"": {""url"": ""https://abc.austintexas.gov/web/permit/public-search-other?t_detail=1&t_selected_folderrsn=13694284""}, ""project_id"": ""13694284"", ""masterpermitnum"": ""13687455"", ""contractor_trade"": ""General Contractor"", ""contractor_full_name"": ""Eva Mata"", ""contractor_phone"": ""512"", ""contractor_city"": ""Austin"", ""applicant_full_name"": ""Eva Mata"", ""applicant_phone"": ""512"", ""applicant_city"": ""Austin"", ""certificate_of_occupancy"": ""Yes"", ""total_lot_sq_ft"": ""0""}",2026-05-03T10:54:27.260194+00:00
2026-053685 BP,ePlan: Residential Expedited Review - New construction of a 2-Story Duplex [1bed 1bath] over Attached Garage. Unit B,2026-05-01T00:00:00+00:00,New,Building Permit,0.0,Co-Sci Construction LLC **MAIN**,Active,1812 MARGARET ST UNIT B,78704,Residential,4693941563,https://abc.austintexas.gov/web/permit/public-search-other?t_detail=1&t_selected_folderrsn=13695855,2026-05-01T00:00:00+00:00,"{""permittype"": ""BP"", ""permit_type_desc"": ""Building Permit"", ""permit_number"": ""2026-053685 BP"", ""permit_class_mapped"": ""Residential"", ""permit_class"": ""R- 103 Two Family Bldgs"", ""work_class"": ""New"", ""condominium"": ""No"", ""permit_location"": ""1812 MARGARET ST UNIT B"", ""description"": ""ePlan: Residential Expedited Review - New construction of a 2-Story Duplex [1bed 1bath] over Attached Garage. Unit B"", ""tcad_id"": ""0102051616"", ""legal_description"": ""LOT 4 BLK A SOUTH LUND SOUTH"", ""applieddate"": ""2026-03-13T00:00:00.000"", ""issue_date"": ""2026-05-01T00:00:00.000"", ""day_issued"": ""FRIDAY"", ""calendar_year_issued"": ""2026"", ""fiscal_year_issued"": ""2026"", ""issued_in_last_30_days"": ""Yes"", ""issue_method"": ""Permit Center"", ""status_current"": ""Active"", ""statusdate"": ""2026-05-01T00:00:00.000"", ""expiresdate"": ""2026-10-29T00:00:00.000"", ""total_new_add_sqft"": ""1150"", ""total_job_valuation"": ""0"", ""number_of_floors"": ""2"", ""housing_units"": ""1"", ""original_address1"": ""1812 MARGARET ST UNIT B"", ""original_city"": ""AUSTIN"", ""original_state"": ""TX"", ""original_zip"": ""78704"", ""council_district"": ""5"", ""jurisdiction"": ""AUSTIN FULL PURPOSE"", ""link"": {""url"": ""https://abc.austintexas.gov/web/permit/public-search-other?t_detail=1&t_selected_folderrsn=13695855""}, ""project_id"": ""13695855"", ""masterpermitnum"": ""13669625"", ""contractor_trade"": ""General Contractor"", ""contractor_company_name"": ""Co-Sci Construction LLC **MAIN**"", ""contractor_full_name"": ""Mark Roberts"", ""contractor_phone"": ""4693941563"", ""contractor_address2"": ""1504 S Walnu"", ""contractor_city"": ""Georgetown"", ""contractor_zip"": ""78626"", ""applicant_full_name"": ""Mark Roberts"", ""applicant_org"": ""Co-Sci Construction LLC **MAIN**"", ""applicant_phone"": ""4693941563"", ""applicant_address2"": ""1504 S Walnu"", ""applicant_city"": ""Georgetown"", ""applicantzip"": ""78626"", ""certificate_of_occupancy"": ""Yes"", ""total_lot_sq_ft"": ""7667""}",2026-05-03T10:54:27.260194+00:00
2025-066092 BP,ePlan: Residential Expedited Review - New construction of a 2-Story Single Family Res. [4bed 3.5bath] with Attached Garage.,2026-05-01T00:00:00+00:00,New,Building Permit,0.0,Red Tail Construction,Active,10111 DOBBIN DR,78748,Residential,3109625784,https://abc.austintexas.gov/web/permit/public-search-other?t_detail=1&t_selected_folderrsn=13524940,2026-05-01T00:00:00+00:00,"{""permittype"": ""BP"", ""permit_type_desc"": ""Building Permit"", ""permit_number"": ""2025-066092 BP"", ""permit_class_mapped"": ""Residential"", ""permit_class"": ""R- 101 Single Family Houses"", ""work_class"": ""New"", ""condominium"": ""No"", ""permit_location"": ""10111 DOBBIN DR"", ""description"": ""ePlan: Residential Expedited Review - New construction of a 2-Story Single Family Res. [4bed 3.5bath] with Attached Garage."", ""tcad_id"": ""0428280109"", ""legal_description"": ""LOT 1 BLK 1 DOBBIN DRIVE SUBD"", ""applieddate"": ""2025-05-01T00:00:00.000"", ""issue_date"": ""2026-05-01T00:00:00.000"", ""day_issued"": ""FRIDAY"", ""calendar_year_issued"": ""2026"", ""fiscal_year_issued"": ""2026"", ""issued_in_last_30_days"": ""Yes"", ""issue_method"": ""Permit Center"", ""status_current"": ""Active"", ""statusdate"": ""2026-05-01T00:00:00.000"", ""expiresdate"": ""2026-10-29T00:00:00.000"", ""total_new_add_sqft"": ""4318"", ""total_job_valuation"": ""0"", ""number_of_floors"": ""2"", ""housing_units"": ""1"", ""original_address1"": ""10111 DOBBIN DR"", ""original_city"": ""AUSTIN"", ""original_state"": ""TX"", ""original_zip"": ""78748"", ""council_district"": ""5"", ""jurisdiction"": ""AUSTIN FULL PURPOSE"", ""link"": {""url"": ""https://abc.austintexas.gov/web/permit/public-search-other?t_detail=1&t_selected_folderrsn=13524940""}, ""project_id"": ""13524940"", ""masterpermitnum"": ""13511297"", ""latitude"": ""30.18022832"", ""longitude"": ""-97.84942389"", ""location"": {""latitude"": ""30.18022832"", ""longitude"": ""-97.84942389"", ""human_address"": ""{\""address\"": \""\"", \""city\"": \""\"", \""state\"": \""\"", \""zip\"": \""\""}""}, ""contractor_trade"": ""General Contractor"", ""contractor_company_name"": ""Red Tail Construction"", ""contractor_full_name"": ""Dustin Minium"", ""contractor_phone"": ""3109625784"", ""contractor_address2"": ""6433  Brioge"", ""contractor_city"": ""Austin"", ""contractor_zip"": ""78723"", ""applicant_full_name"": ""Dustin Minium"", ""applicant_org"": ""Red Tail Construction"", ""applicant_phone"": ""3109625784"", ""applicant_address2"": ""6433  Brioge"", ""applicant_city"": ""Austin"", ""applicantzip"": ""78723"", ""certificate_of_occupancy"": ""Yes"", ""total_lot_sq_ft"": ""43136""}",2026-05-03T10:54:27.260194+00:00
2026-035090 PP,New construction multi-family in the etj 33623 sqft,2026-05-01T00:00:00+00:00,New,Plumbing Permit,,"Red Kings Plumbing Contractors LLC,",Active,5121 E HOWARD LN BLDG 5,78653,Commercial,2109862480,https://abc.austintexas.gov/web/permit/public-search-other?t_detail=1&t_selected_folderrsn=13674595,2026-05-01T00:00:00+00:00,"{""permittype"": ""PP"", ""permit_type_desc"": ""Plumbing Permit"", ""permit_number"": ""2026-035090 PP"", ""permit_class_mapped"": ""Commercial"", ""permit_class"": ""Commercial"", ""work_class"": ""New"", ""condominium"": ""No"", ""permit_location"": ""5121 E HOWARD LN BLDG 5"", ""description"": ""New construction multi-family in the etj 33623 sqft"", ""tcad_id"": ""0251410311"", ""legal_description"": ""ABS 160 SUR 50 CASTRO M ACR 45.592"", ""applieddate"": ""2026-03-24T00:00:00.000"", ""issue_date"": ""2026-05-01T00:00:00.000"", ""day_issued"": ""FRIDAY"", ""calendar_year_issued"": ""2026"", ""fiscal_year_issued"": ""2026"", ""issued_in_last_30_days"": ""Yes"", ""issue_method"": ""Permit Center"", ""status_current"": ""Active"", ""statusdate"": ""2026-05-01T00:00:00.000"", ""expiresdate"": ""2026-10-28T00:00:00.000"", ""total_new_add_sqft"": ""33623"", ""number_of_floors"": ""3"", ""housing_units"": ""36"", ""original_address1"": ""5121 E HOWARD LN BLDG 5"", ""original_city"": ""AUSTIN"", ""original_state"": ""TX"", ""original_zip"": ""78653"", ""jurisdiction"": ""AUSTIN 2 MILE ETJ"", ""link"": {""url"": ""https://abc.austintexas.gov/web/permit/public-search-other?t_detail=1&t_selected_folderrsn=13674595""}, ""project_id"": ""13674595"", ""contractor_trade"": ""Plumbing Contractor"", ""contractor_company_name"": ""Red Kings Plumbing Contractors LLC,"", ""contractor_full_name"": ""Ubaldo De Santiago"", ""contractor_phone"": ""2109862480"", ""contractor_address1"": ""PO BOX 70170"", ""contractor_city"": ""San Antonio"", ""contractor_zip"": ""78270-____"", ""certificate_of_occupancy"": ""No""}",2026-05-03T10:54:27.260194+00:00
2026-052531 BP,Add 1692 sf of covered warehouse the existing structure.  New cover front of addition (same height) with new staircase to existing exterior door on 2n,2026-05-01T00:00:00+00:00,Addition,Building Permit,324821.0,Kb Contractors TX,Active,6711 BURNET LN,78757,Commercial,5124134484,https://abc.austintexas.gov/web/permit/public-search-other?t_detail=1&t_selected_folderrsn=13694579,2026-05-01T00:00:00+00:00,"{""permittype"": ""BP"", ""permit_type_desc"": ""Building Permit"", ""permit_number"": ""2026-052531 BP"", ""permit_class_mapped"": ""Commercial"", ""permit_class"": ""C- 437 Addn, Alter, Convn-NonRes"", ""work_class"": ""Addition"", ""condominium"": ""No"", ""permit_location"": ""6711 BURNET LN"", ""description"": ""Add 1692 sf of covered warehouse the existing structure.  New cover front of addition (same height) with new staircase to existing exterior door on 2n"", ""tcad_id"": ""0233050183"", ""legal_description"": ""LOT B * RESUB OF LTS 6-9 BLK 6 NORTHRIDGE TERRACE SEC 5"", ""applieddate"": ""2025-11-24T00:00:00.000"", ""issue_date"": ""2026-05-01T00:00:00.000"", ""day_issued"": ""FRIDAY"", ""calendar_year_issued"": ""2026"", ""fiscal_year_issued"": ""2026"", ""issued_in_last_30_days"": ""Yes"", ""issue_method"": ""Permit Center"", ""status_current"": ""Active"", ""statusdate"": ""2026-05-01T00:00:00.000"", ""expiresdate"": ""2026-10-29T00:00:00.000"", ""total_new_add_sqft"": ""1692"", ""total_job_valuation"": ""324821"", ""number_of_floors"": ""2"", ""housing_units"": ""1"", ""building_valuation"": ""0"", ""electrical_valuation"": ""0"", ""mechanical_valuation"": ""0"", ""plumbing_valuation"": ""0"", ""original_address1"": ""6711 BURNET LN"", ""original_city"": ""AUSTIN"", ""original_state"": ""TX"", ""original_zip"": ""78757"", ""council_district"": ""7"", ""jurisdiction"": ""AUSTIN FULL PURPOSE"", ""link"": {""url"": ""https://abc.austintexas.gov/web/permit/public-search-other?t_detail=1&t_selected_folderrsn=13694579""}, ""project_id"": ""13694579"", ""masterpermitnum"": ""13619726"", ""latitude"": ""30.34287954"", ""longitude"": ""-97.73669117"", ""location"": {""latitude"": ""30.34287954"", ""longitude"": ""-97.73669117"", ""human_address"": ""{\""address\"": \""\"", \""city\"": \""\"", \""state\"": \""\"", \""zip\"": \""\""}""}, ""contractor_trade"": ""General Contractor"", ""contractor_company_name"": ""Kb Contractors TX"", ""contractor_full_name"": ""Kelsi Bodin"", ""contractor_phone"": ""5124134484"", ""contractor_address2"": ""7712  MARBLE"", ""contractor_city"": ""AUSTIN"", ""contractor_zip"": ""78747-____"", ""applicant_full_name"": ""Kelsi Bodin"", ""applicant_org"": ""Kb Contractors TX"", ""applicant_phone"": ""5124134484"", ""applicant_address2"": ""7712  MARBLE"", ""applicant_city"": ""AUSTIN"", ""applicantzip"": ""78747-____"", ""certificate_of_occupancy"": ""Yes""}",2026-05-03T10:54:27.260194+00:00
2026-052943 PP,Replace sewer yard line 80ft,2026-05-01T00:00:00+00:00,Repair,Plumbing Permit,,HC Plumbing,Active,3307 HAMPTON RD,78705,Residential,5129158616,https://abc.austintexas.gov/web/permit/public-search-other?t_detail=1&t_selected_folderrsn=13695008,2026-05-01T00:00:00+00:00,"{""permittype"": ""PP"", ""permit_type_desc"": ""Plumbing Permit"", ""permit_number"": ""2026-052943 PP"", ""permit_class_mapped"": ""Residential"", ""permit_class"": ""Residential"", ""work_class"": ""Repair"", ""condominium"": ""No"", ""permit_location"": ""3307 HAMPTON RD"", ""description"": ""Replace sewer yard line 80ft"", ""tcad_id"": ""0216070702"", ""legal_description"": ""0.2497 AC OF LOT 22 OLT 6&9 DIV C BEAU SITE"", ""applieddate"": ""2026-04-28T00:00:00.000"", ""issue_date"": ""2026-05-01T00:00:00.000"", ""day_issued"": ""FRIDAY"", ""calendar_year_issued"": ""2026"", ""fiscal_year_issued"": ""2026"", ""issued_in_last_30_days"": ""Yes"", ""issue_method"": ""Permit Center"", ""status_current"": ""Active"", ""statusdate"": ""2026-05-01T00:00:00.000"", ""expiresdate"": ""2026-10-28T00:00:00.000"", ""remodel_repair_sqft"": ""2000"", ""number_of_floors"": ""0"", ""housing_units"": ""1"", ""original_address1"": ""3307 HAMPTON RD"", ""original_city"": ""AUSTIN"", ""original_state"": ""TX"", ""original_zip"": ""78705"", ""council_district"": ""9"", ""jurisdiction"": ""AUSTIN FULL PURPOSE"", ""link"": {""url"": ""https://abc.austintexas.gov/web/permit/public-search-other?t_detail=1&t_selected_folderrsn=13695008""}, ""project_id"": ""13695008"", ""latitude"": ""30.29289784"", ""longitude"": ""-97.72668325"", ""location"": {""latitude"": ""30.29289784"", ""longitude"": ""-97.72668325"", ""human_address"": ""{\""address\"": \""\"", \""city\"": \""\"", \""state\"": \""\"", \""zip\"": \""\""}""}, ""contractor_trade"": ""Plumbing Contractor"", ""contractor_company_name"": ""HC Plumbing"", ""contractor_full_name"": ""Alfonso Martinez"", ""contractor_phone"": ""5129158616"", ""contractor_address2"": ""10227  Brant"", ""contractor_city"": ""Austin"", ""contractor_zip"": ""78748"", ""certificate_of_occupancy"": ""No""}",2026-05-03T10:54:27.260194+00:00
2025-157400 MP,Unit 101 Bldg 1: New 3-story townhome with 3 bedroom 3.5 bathroom balcony attached 2-car carport.  Part of 3-unit townhome building in 3-unit use.  (9,2026-05-01T00:00:00+00:00,New,Mechanical Permit,,Airtron,Active,4413 BANISTER LN UNIT 101,78745,Residential,5128213163,https://abc.austintexas.gov/web/permit/public-search-other?t_detail=1&t_selected_folderrsn=13627405,2026-05-01T00:00:00+00:00,"{""permittype"": ""MP"", ""permit_type_desc"": ""Mechanical Permit"", ""permit_number"": ""2025-157400 MP"", ""permit_class_mapped"": ""Residential"", ""permit_class"": ""R- 101 Single Family Houses"", ""work_class"": ""New"", ""condominium"": ""No"", ""permit_location"": ""4413 BANISTER LN UNIT 101"", ""description"": ""Unit 101 Bldg 1: New 3-story townhome with 3 bedroom 3.5 bathroom balcony attached 2-car carport.  Part of 3-unit townhome building in 3-unit use.  (9"", ""tcad_id"": ""0410090541"", ""legal_description"": ""BANISTER ACRES RSB LOT 4 BLK 4 BLK 4 LOT 4A"", ""applieddate"": ""2025-04-24T00:00:00.000"", ""issue_date"": ""2026-05-01T00:00:00.000"", ""day_issued"": ""FRIDAY"", ""calendar_year_issued"": ""2026"", ""fiscal_year_issued"": ""2026"", ""issued_in_last_30_days"": ""Yes"", ""issue_method"": ""Permit Center"", ""status_current"": ""Active"", ""statusdate"": ""2026-05-01T00:00:00.000"", ""expiresdate"": ""2026-08-19T00:00:00.000"", ""total_new_add_sqft"": ""1935"", ""number_of_floors"": ""3"", ""housing_units"": ""1"", ""original_address1"": ""4413 BANISTER LN UNIT 101"", ""original_city"": ""AUSTIN"", ""original_state"": ""TX"", ""original_zip"": ""78745"", ""council_district"": ""5"", ""jurisdiction"": ""AUSTIN FULL PURPOSE"", ""link"": {""url"": ""https://abc.austintexas.gov/web/permit/public-search-other?t_detail=1&t_selected_folderrsn=13627405""}, ""project_id"": ""13627405"", ""masterpermitnum"": ""13627393"", ""contractor_trade"": ""Mechanical Contractor"", ""contractor_company_name"": ""Airtron"", ""contractor_full_name"": ""Tamara Enfield"", ""contractor_phone"": ""5128213163"", ""contractor_address2"": ""12112  BOARD"", ""contractor_city"": ""AUSTIN"", ""contractor_zip"": ""78729-____"", ""certificate_of_occupancy"": ""No""}",2026-05-03T10:54:27.260194+00:00
2025-157304 MP,Unit 302 Bldg 3:New 3-story townhome with 3 bedroom 3.5 bathroom balcony attached 2-car carport.  Part of 3-unit townhome building in 3-unit use.  (9,2026-05-01T00:00:00+00:00,New,Mechanical Permit,,Airtron,Active,4413 BANISTER LN UNIT 302,78745,Residential,5128213163,https://abc.austintexas.gov/web/permit/public-search-other?t_detail=1&t_selected_folderrsn=13627299,2026-05-01T00:00:00+00:00,"{""permittype"": ""MP"", ""permit_type_desc"": ""Mechanical Permit"", ""permit_number"": ""2025-157304 MP"", ""permit_class_mapped"": ""Residential"", ""permit_class"": ""R- 101 Single Family Houses"", ""work_class"": ""New"", ""condominium"": ""No"", ""permit_location"": ""4413 BANISTER LN UNIT 302"", ""description"": ""Unit 302 Bldg 3:New 3-story townhome with 3 bedroom 3.5 bathroom balcony attached 2-car carport.  Part of 3-unit townhome building in 3-unit use.  (9"", ""tcad_id"": ""0410090541"", ""legal_description"": ""BANISTER ACRES RSB LOT 4 BLK 4 BLK 4 LOT 4A"", ""applieddate"": ""2025-06-03T00:00:00.000"", ""issue_date"": ""2026-05-01T00:00:00.000"", ""day_issued"": ""FRIDAY"", ""calendar_year_issued"": ""2026"", ""fiscal_year_issued"": ""2026"", ""issued_in_last_30_days"": ""Yes"", ""issue_method"": ""Permit Center"", ""status_current"": ""Active"", ""statusdate"": ""2026-05-01T00:00:00.000"", ""expiresdate"": ""2026-08-19T00:00:00.000"", ""total_new_add_sqft"": ""1770"", ""number_of_floors"": ""3"", ""housing_units"": ""1"", ""original_address1"": ""4413 BANISTER LN UNIT 302"", ""original_city"": ""AUSTIN"", ""original_state"": ""TX"", ""original_zip"": ""78745"", ""council_district"": ""5"", ""jurisdiction"": ""AUSTIN FULL PURPOSE"", ""link"": {""url"": ""https://abc.austintexas.gov/web/permit/public-search-other?t_detail=1&t_selected_folderrsn=13627299""}, ""project_id"": ""13627299"", ""masterpermitnum"": ""13627279"", ""contractor_trade"": ""Mechanical Contractor"", ""contractor_company_name"": ""Airtron"", ""contractor_full_name"": ""Tamara Enfield"", ""contractor_phone"": ""5128213163"", ""contractor_address2"": ""12112  BOARD"", ""contractor_city"": ""AUSTIN"", ""contractor_zip"": ""78729-____"", ""certificate_of_occupancy"": ""No""}",2026-05-03T10:54:27.260194+00:00
2026-053504 EP,125 AMP main breaker panel replacement install ground rods and surge protection. no meter work being performed. Service Provider - Austin Energy,2026-05-01T00:00:00+00:00,Repair,Electrical Permit,,Mister Sparky Austin,Active,1003 WEEPING WILLOW DR,78753,Residential,7372793369,https://abc.austintexas.gov/web/permit/public-search-other?t_detail=1&t_selected_folderrsn=13695632,2026-05-01T00:00:00+00:00,"{""permittype"": ""EP"", ""permit_type_desc"": ""Electrical Permit"", ""permit_number"": ""2026-053504 EP"", ""permit_class_mapped"": ""Residential"", ""permit_class"": ""Residential"", ""work_class"": ""Repair"", ""condominium"": ""No"", ""permit_location"": ""1003 WEEPING WILLOW DR"", ""description"": ""125 AMP main breaker panel replacement install ground rods and surge protection. no meter work being performed. Service Provider - Austin Energy"", ""tcad_id"": ""0236190806"", ""legal_description"": ""LOT 19 BLK F WOODBRIDGE SEC 2"", ""applieddate"": ""2026-04-29T00:00:00.000"", ""issue_date"": ""2026-05-01T00:00:00.000"", ""day_issued"": ""FRIDAY"", ""calendar_year_issued"": ""2026"", ""fiscal_year_issued"": ""2026"", ""issued_in_last_30_days"": ""Yes"", ""issue_method"": ""Permit Center"", ""status_current"": ""Active"", ""statusdate"": ""2026-05-01T00:00:00.000"", ""expiresdate"": ""2026-10-28T00:00:00.000"", ""remodel_repair_sqft"": ""0"", ""number_of_floors"": ""1"", ""housing_units"": ""1"", ""electrical_valuation_remodel"": ""5690"", ""original_address1"": ""1003 WEEPING WILLOW DR"", ""original_city"": ""AUSTIN"", ""original_state"": ""TX"", ""original_zip"": ""78753"", ""council_district"": ""4"", ""jurisdiction"": ""AUSTIN FULL PURPOSE"", ""link"": {""url"": ""https://abc.austintexas.gov/web/permit/public-search-other?t_detail=1&t_selected_folderrsn=13695632""}, ""project_id"": ""13695632"", ""latitude"": ""30.34675692"", ""longitude"": ""-97.68968266"", ""location"": {""latitude"": ""30.34675692"", ""longitude"": ""-97.68968266"", ""human_address"": ""{\""address\"": \""\"", \""city\"": \""\"", \""state\"": \""\"", \""zip\"": \""\""}""}, ""contractor_trade"": ""Electrical Contractor"", ""contractor_company_name"": ""Mister Sparky Austin"", ""contractor_full_name"": ""Mark Tullier"", ""contractor_phone"": ""7372793369"", ""contractor_address2"": ""250  Grant P"", ""contractor_city"": ""Lowell"", ""contractor_zip"": ""72745-____"", ""certificate_of_occupancy"": ""No""}",2026-05-03T10:54:27.260194+00:00
2026-052271 EP,(Hatfield Ray) - INSTALLATION OF CIRCUIT FOR ELEC. VEHICLE CHARGING STATION - ESIP,2026-05-01T00:00:00+00:00,Special Inspections Program,Electrical Permit,,SMART CHARGE RESIDENTAL LLC,Active,6306 ARNOLD DR UNIT 1,78723,Residential,,https://abc.austintexas.gov/web/permit/public-search-other?t_detail=1&t_selected_folderrsn=13694273,2026-05-01T00:00:00+00:00,"{""permittype"": ""EP"", ""permit_type_desc"": ""Electrical Permit"", ""permit_number"": ""2026-052271 EP"", ""permit_class_mapped"": ""Residential"", ""permit_class"": ""Residential"", ""work_class"": ""Special Inspections Program"", ""condominium"": ""No"", ""permit_location"": ""6306 ARNOLD DR UNIT 1"", ""description"": ""(Hatfield Ray) - INSTALLATION OF CIRCUIT FOR ELEC. VEHICLE CHARGING STATION - ESIP"", ""tcad_id"": ""0221221601"", ""applieddate"": ""2026-04-28T00:00:00.000"", ""issue_date"": ""2026-05-01T00:00:00.000"", ""day_issued"": ""FRIDAY"", ""calendar_year_issued"": ""2026"", ""fiscal_year_issued"": ""2026"", ""issued_in_last_30_days"": ""Yes"", ""issue_method"": ""Permit Center"", ""status_current"": ""Active"", ""statusdate"": ""2026-05-01T00:00:00.000"", ""expiresdate"": ""2026-10-28T00:00:00.000"", ""electrical_valuation_remodel"": ""450"", ""original_address1"": ""6306 ARNOLD DR UNIT 1"", ""original_city"": ""AUSTIN"", ""original_state"": ""TX"", ""original_zip"": ""78723"", ""council_district"": ""4"", ""jurisdiction"": ""AUSTIN FULL PURPOSE"", ""link"": {""url"": ""https://abc.austintexas.gov/web/permit/public-search-other?t_detail=1&t_selected_folderrsn=13694273""}, ""project_id"": ""13694273"", ""latitude"": ""30.30980588"", ""longitude"": ""-97.67413839"", ""location"": {""latitude"": ""30.30980588"", ""longitude"": ""-97.67413839"", ""human_address"": ""{\""address\"": \""\"", \""city\"": \""\"", \""state\"": \""\"", \""zip\"": \""\""}""}, ""contractor_trade"": ""Electrical Contractor"", ""contractor_company_name"": ""SMART CHARGE RESIDENTAL LLC"", ""contractor_full_name"": ""Clifford A Black"", ""contractor_address2"": ""4616  Howard"", ""contractor_city"": ""Austin"", ""contractor_zip"": ""78728-____"", ""certificate_of_occupancy"": ""No""}",2026-05-03T10:54:27.260194+00:00
2026-047549 MP,Express: Replacement of exterior siding,2026-05-01T00:00:00+00:00,Repair,Mechanical Permit,,"LuxAir Heating and Air Conditioning, LLC",Active,8105 MANASSAS DR,78745,Residential,5122693731,https://abc.austintexas.gov/web/permit/public-search-other?t_detail=1&t_selected_folderrsn=13688792,2026-05-01T00:00:00+00:00,"{""permittype"": ""MP"", ""permit_type_desc"": ""Mechanical Permit"", ""permit_number"": ""2026-047549 MP"", ""permit_class_mapped"": ""Residential"", ""permit_class"": ""R- 435 Renovations/Remodel"", ""work_class"": ""Repair"", ""condominium"": ""No"", ""permit_location"": ""8105 MANASSAS DR"", ""description"": ""Express: Replacement of exterior siding"", ""tcad_id"": ""0422190930"", ""legal_description"": ""LOT 84 SHILOH SUBD PHS 1 SEC 1"", ""applieddate"": ""2026-04-17T00:00:00.000"", ""issue_date"": ""2026-05-01T00:00:00.000"", ""day_issued"": ""FRIDAY"", ""calendar_year_issued"": ""2026"", ""fiscal_year_issued"": ""2026"", ""issued_in_last_30_days"": ""Yes"", ""issue_method"": ""Permit Center"", ""status_current"": ""Active"", ""statusdate"": ""2026-05-01T00:00:00.000"", ""expiresdate"": ""2026-10-26T00:00:00.000"", ""remodel_repair_sqft"": ""1"", ""number_of_floors"": ""1"", ""housing_units"": ""1"", ""original_address1"": ""8105 MANASSAS DR"", ""original_city"": ""AUSTIN"", ""original_state"": ""TX"", ""original_zip"": ""78745"", ""council_district"": ""5"", ""jurisdiction"": ""AUSTIN FULL PURPOSE"", ""link"": {""url"": ""https://abc.austintexas.gov/web/permit/public-search-other?t_detail=1&t_selected_folderrsn=13688792""}, ""project_id"": ""13688792"", ""masterpermitnum"": ""13688790"", ""contractor_trade"": ""Mechanical Contractor"", ""contractor_company_name"": ""LuxAir Heating and Air Conditioning, LLC"", ""contractor_full_name"": ""Israel Cruz"", ""contractor_phone"": ""5122693731"", ""contractor_address2"": ""513  Foxglov"", ""contractor_city"": ""HUTTO"", ""contractor_zip"": ""78634-____"", ""certificate_of_occupancy"": ""No""}",2026-05-03T10:54:27.260194+00:00
2026-035701 EP,Addition/ remodel of existing 2 story SFR w/ 3 bedrooms 2.5 bath,2026-05-01T00:00:00+00:00,Addition and Remodel,Electrical Permit,,GUTI ELECTRIC,Active,4209 DEEPWOODS DR,78731,Residential,8329041792,https://abc.austintexas.gov/web/permit/public-search-other?t_detail=1&t_selected_folderrsn=13675297,2026-05-01T00:00:00+00:00,"{""permittype"": ""EP"", ""permit_type_desc"": ""Electrical Permit"", ""permit_number"": ""2026-035701 EP"", ""permit_class_mapped"": ""Residential"", ""permit_class"": ""R- 434 Addition & Alterations"", ""work_class"": ""Addition and Remodel"", ""condominium"": ""No"", ""permit_location"": ""4209 DEEPWOODS DR"", ""description"": ""Addition/ remodel of existing 2 story SFR w/ 3 bedrooms 2.5 bath"", ""tcad_id"": ""0142070207"", ""legal_description"": ""LOT 2 BLK M NORTHWEST HILLS MESA OAKS PHS 2"", ""applieddate"": ""2026-02-05T00:00:00.000"", ""issue_date"": ""2026-05-01T00:00:00.000"", ""day_issued"": ""FRIDAY"", ""calendar_year_issued"": ""2026"", ""fiscal_year_issued"": ""2026"", ""issued_in_last_30_days"": ""Yes"", ""issue_method"": ""Permit Center"", ""status_current"": ""Active"", ""statusdate"": ""2026-05-01T00:00:00.000"", ""expiresdate"": ""2026-10-26T00:00:00.000"", ""total_existing_bldg_sqft"": ""2786"", ""remodel_repair_sqft"": ""151"", ""total_new_add_sqft"": ""761"", ""number_of_floors"": ""2"", ""housing_units"": ""1"", ""electrical_valuation_remodel"": ""1"", ""original_address1"": ""4209 DEEPWOODS DR"", ""original_city"": ""AUSTIN"", ""original_state"": ""TX"", ""original_zip"": ""78731"", ""council_district"": ""10"", ""jurisdiction"": ""AUSTIN FULL PURPOSE"", ""link"": {""url"": ""https://abc.austintexas.gov/web/permit/public-search-other?t_detail=1&t_selected_folderrsn=13675297""}, ""project_id"": ""13675297"", ""masterpermitnum"": ""13675292"", ""contractor_trade"": ""Electrical Contractor"", ""contractor_company_name"": ""GUTI ELECTRIC"", ""contractor_full_name"": ""Luis Gutierrez"", ""contractor_phone"": ""8329041792"", ""contractor_address1"": ""12115   Long"", ""contractor_city"": ""Houston"", ""contractor_zip"": ""77099"", ""certificate_of_occupancy"": ""No""}",2026-05-03T10:54:27.260194+00:00
2026-052561 BP,Brahman 3318 A Right New - 2 Story SFR CONDOMINUM w/ 4 bedrooms 2.5 bathrooms attached 2 car garage covered entry porch and patio FFE: 687.60 Site Pla,2026-05-01T00:00:00+00:00,New,Building Permit,0.0,Eva Mata,Active,804 BOLEY DR,78652,Residential,,https://abc.austintexas.gov/web/permit/public-search-other?t_detail=1&t_selected_folderrsn=13694611,2026-05-01T00:00:00+00:00,"{""permittype"": ""BP"", ""permit_type_desc"": ""Building Permit"", ""permit_number"": ""2026-052561 BP"", ""permit_class_mapped"": ""Residential"", ""permit_class"": ""R- 101 Single Family Houses"", ""work_class"": ""New"", ""condominium"": ""Yes"", ""permit_location"": ""804 BOLEY DR"", ""description"": ""Brahman 3318 A Right New - 2 Story SFR CONDOMINUM w/ 4 bedrooms 2.5 bathrooms attached 2 car garage covered entry porch and patio FFE: 687.60 Site Pla"", ""tcad_id"": ""0451150901"", ""applieddate"": ""2026-04-15T00:00:00.000"", ""issue_date"": ""2026-05-01T00:00:00.000"", ""day_issued"": ""FRIDAY"", ""calendar_year_issued"": ""2026"", ""fiscal_year_issued"": ""2026"", ""issued_in_last_30_days"": ""Yes"", ""issue_method"": ""Permit Center"", ""status_current"": ""Active"", ""statusdate"": ""2026-05-01T00:00:00.000"", ""expiresdate"": ""2026-10-29T00:00:00.000"", ""total_new_add_sqft"": ""2907"", ""total_job_valuation"": ""0"", ""number_of_floors"": ""2"", ""housing_units"": ""1"", ""original_address1"": ""804 BOLEY DR"", ""original_city"": ""AUSTIN"", ""original_state"": ""TX"", ""original_zip"": ""78652"", ""council_district"": ""5"", ""jurisdiction"": ""AUSTIN LTD"", ""link"": {""url"": ""https://abc.austintexas.gov/web/permit/public-search-other?t_detail=1&t_selected_folderrsn=13694611""}, ""project_id"": ""13694611"", ""masterpermitnum"": ""13687492"", ""contractor_trade"": ""General Contractor"", ""contractor_full_name"": ""Eva Mata"", ""contractor_phone"": ""512"", ""contractor_city"": ""Austin"", ""applicant_full_name"": ""Eva Mata"", ""applicant_phone"": ""512"", ""applicant_city"": ""Austin"", ""certificate_of_occupancy"": ""Yes"", ""total_lot_sq_ft"": ""0""}",2026-05-03T10:54:27.260194+00:00
2026-052719 EP,Homebuilders loop for New SFR ref 2026-047459 BP. Austin LTD -Bluebonnet,2026-05-01T00:00:00+00:00,Homebuilder Loop,Electrical Permit,,"IES Residential, Inc.",Active,8825 BREEZE HILL DR,78744,Residential,5122520040,https://abc.austintexas.gov/web/permit/public-search-other?t_detail=1&t_selected_folderrsn=13694772,2026-05-01T00:00:00+00:00,"{""permittype"": ""EP"", ""permit_type_desc"": ""Electrical Permit"", ""permit_number"": ""2026-052719 EP"", ""permit_class_mapped"": ""Residential"", ""permit_class"": ""Residential"", ""work_class"": ""Homebuilder Loop"", ""permit_location"": ""8825 BREEZE HILL DR"", ""description"": ""Homebuilders loop for New SFR ref 2026-047459 BP. Austin LTD -Bluebonnet"", ""tcad_id"": ""0340130201"", ""legal_description"": ""PROSPECT PARK PHS 1 BLK BB LOT 4"", ""applieddate"": ""2026-04-28T00:00:00.000"", ""issue_date"": ""2026-05-01T00:00:00.000"", ""day_issued"": ""FRIDAY"", ""calendar_year_issued"": ""2026"", ""fiscal_year_issued"": ""2026"", ""issued_in_last_30_days"": ""Yes"", ""issue_method"": ""Permit Center"", ""status_current"": ""Active"", ""statusdate"": ""2026-05-01T00:00:00.000"", ""expiresdate"": ""2026-10-28T00:00:00.000"", ""original_address1"": ""8825 BREEZE HILL DR"", ""original_city"": ""AUSTIN"", ""original_state"": ""TX"", ""original_zip"": ""78744"", ""council_district"": ""2"", ""jurisdiction"": ""AUSTIN LTD"", ""link"": {""url"": ""https://abc.austintexas.gov/web/permit/public-search-other?t_detail=1&t_selected_folderrsn=13694772""}, ""project_id"": ""13694772"", ""contractor_trade"": ""Electrical Contractor"", ""contractor_company_name"": ""IES Residential, Inc."", ""contractor_full_name"": ""William B. Crist Jr."", ""contractor_phone"": ""5122520040"", ""contractor_address2"": ""821  GRAND A"", ""contractor_city"": ""PFLUGERVILLE"", ""contractor_zip"": ""78660-____""}",2026-05-03T10:54:27.260194+00:00
2026-053383 PP,Replacement of an existing water heater Remove and replace Water Heater - 50 gal Gas,2026-05-01T00:00:00+00:00,Change Out,Plumbing Permit,,Stellar Home Maintenance (Formerly IFM RESTORATION),Active,8807 AMPEZO TRL,78749,Residential,4302358765,https://abc.austintexas.gov/web/permit/public-search-other?t_detail=1&t_selected_folderrsn=13695498,2026-05-01T00:00:00+00:00,"{""permittype"": ""PP"", ""permit_type_desc"": ""Plumbing Permit"", ""permit_number"": ""2026-053383 PP"", ""permit_class_mapped"": ""Residential"", ""permit_class"": ""Residential"", ""work_class"": ""Change Out"", ""permit_location"": ""8807 AMPEZO TRL"", ""description"": ""Replacement of an existing water heater Remove and replace Water Heater - 50 gal Gas"", ""tcad_id"": ""0420300507"", ""legal_description"": ""LOT 7 BLK E MAPLE RUN SEC 8"", ""applieddate"": ""2026-04-29T00:00:00.000"", ""issue_date"": ""2026-05-01T00:00:00.000"", ""day_issued"": ""FRIDAY"", ""calendar_year_issued"": ""2026"", ""fiscal_year_issued"": ""2026"", ""issued_in_last_30_days"": ""Yes"", ""issue_method"": ""Permit Center"", ""status_current"": ""Active"", ""statusdate"": ""2026-05-01T00:00:00.000"", ""expiresdate"": ""2026-10-28T00:00:00.000"", ""original_address1"": ""8807 AMPEZO TRL"", ""original_city"": ""AUSTIN"", ""original_state"": ""TX"", ""original_zip"": ""78749"", ""council_district"": ""8"", ""jurisdiction"": ""AUSTIN FULL PURPOSE"", ""link"": {""url"": ""https://abc.austintexas.gov/web/permit/public-search-other?t_detail=1&t_selected_folderrsn=13695498""}, ""project_id"": ""13695498"", ""latitude"": ""30.19978565"", ""longitude"": ""-97.85057066"", ""location"": {""latitude"": ""30.19978565"", ""longitude"": ""-97.85057066"", ""human_address"": ""{\""address\"": \""\"", \""city\"": \""\"", \""state\"": \""\"", \""zip\"": \""\""}""}, ""contractor_trade"": ""Plumbing Contractor"", ""contractor_company_name"": ""Stellar Home Maintenance (Formerly IFM RESTORATION)"", ""contractor_full_name"": ""CHRISTOPHER HOOD"", ""contractor_phone"": ""4302358765"", ""contractor_address2"": ""14901  QUORU"", ""contractor_city"": ""Dallas"", ""contractor_zip"": ""75254""}",2026-05-03T10:54:27.260194+00:00
2026-053147 EP,Upgrade existing service to 200 amps,2026-05-01T00:00:00+00:00,Upgrade,Electrical Permit,,BRIGHTSIDE ELECTRICAL LLC,Active,12103 GREY ROCK LN,78750,Residential,5129208466,https://abc.austintexas.gov/web/permit/public-search-other?t_detail=1&t_selected_folderrsn=13695238,2026-05-01T00:00:00+00:00,"{""permittype"": ""EP"", ""permit_type_desc"": ""Electrical Permit"", ""permit_number"": ""2026-053147 EP"", ""permit_class_mapped"": ""Residential"", ""permit_class"": ""Residential"", ""work_class"": ""Upgrade"", ""condominium"": ""No"", ""permit_location"": ""12103 GREY ROCK LN"", ""description"": ""Upgrade existing service to 200 amps"", ""tcad_id"": ""R064775"", ""legal_description"": ""GREY ROCK VILLAGE AT ANDERSON MILL BLOCK A LOT 8"", ""applieddate"": ""2026-04-29T00:00:00.000"", ""issue_date"": ""2026-05-01T00:00:00.000"", ""day_issued"": ""FRIDAY"", ""calendar_year_issued"": ""2026"", ""fiscal_year_issued"": ""2026"", ""issued_in_last_30_days"": ""Yes"", ""issue_method"": ""Permit Center"", ""status_current"": ""Active"", ""statusdate"": ""2026-05-01T00:00:00.000"", ""expiresdate"": ""2026-10-28T00:00:00.000"", ""remodel_repair_sqft"": ""0"", ""number_of_floors"": ""1"", ""housing_units"": ""1"", ""electrical_valuation_remodel"": ""5000"", ""original_address1"": ""12103 GREY ROCK LN"", ""original_city"": ""AUSTIN"", ""original_state"": ""TX"", ""original_zip"": ""78750"", ""council_district"": ""6"", ""jurisdiction"": ""AUSTIN FULL PURPOSE"", ""link"": {""url"": ""https://abc.austintexas.gov/web/permit/public-search-other?t_detail=1&t_selected_folderrsn=13695238""}, ""project_id"": ""13695238"", ""latitude"": ""30.45585066"", ""longitude"": ""-97.80994058"", ""location"": {""latitude"": ""30.45585066"", ""longitude"": ""-97.80994058"", ""human_address"": ""{\""address\"": \""\"", \""city\"": \""\"", \""state\"": \""\"", \""zip\"": \""\""}""}, ""contractor_trade"": ""Electrical Contractor"", ""contractor_company_name"": ""BRIGHTSIDE ELECTRICAL LLC"", ""contractor_full_name"": ""Jonathan Gibson"", ""contractor_phone"": ""5129208466"", ""contractor_address2"": ""2637  ALCOTT"", ""contractor_city"": ""AUSTIN"", ""contractor_zip"": ""78748"", ""certificate_of_occupancy"": ""No""}",2026-05-03T10:54:27.260194+00:00
2026-053830 PP,Replacement of an existing water heater Replace existing 50-gallon electric water heater,2026-05-01T00:00:00+00:00,Change Out,Plumbing Permit,,Strand Brothers Service Experts,Active,2008 CANONERO DR,78746,Residential,5123333000,https://abc.austintexas.gov/web/permit/public-search-other?t_detail=1&t_selected_folderrsn=13696034,2026-05-01T00:00:00+00:00,"{""permittype"": ""PP"", ""permit_type_desc"": ""Plumbing Permit"", ""permit_number"": ""2026-053830 PP"", ""permit_class_mapped"": ""Residential"", ""permit_class"": ""Residential"", ""work_class"": ""Change Out"", ""permit_location"": ""2008 CANONERO DR"", ""description"": ""Replacement of an existing water heater Replace existing 50-gallon electric water heater"", ""tcad_id"": ""0125190304"", ""legal_description"": ""LOT 54 DAVENPORT RANCH PHS 5 SEC 1"", ""applieddate"": ""2026-04-30T00:00:00.000"", ""issue_date"": ""2026-05-01T00:00:00.000"", ""day_issued"": ""FRIDAY"", ""calendar_year_issued"": ""2026"", ""fiscal_year_issued"": ""2026"", ""issued_in_last_30_days"": ""Yes"", ""issue_method"": ""Permit Center"", ""status_current"": ""Active"", ""statusdate"": ""2026-05-01T00:00:00.000"", ""expiresdate"": ""2026-10-28T00:00:00.000"", ""original_address1"": ""2008 CANONERO DR"", ""original_city"": ""AUSTIN"", ""original_state"": ""TX"", ""original_zip"": ""78746"", ""council_district"": ""8"", ""jurisdiction"": ""AUSTIN FULL PURPOSE"", ""link"": {""url"": ""https://abc.austintexas.gov/web/permit/public-search-other?t_detail=1&t_selected_folderrsn=13696034""}, ""project_id"": ""13696034"", ""latitude"": ""30.32006199"", ""longitude"": ""-97.81356774"", ""location"": {""latitude"": ""30.32006199"", ""longitude"": ""-97.81356774"", ""human_address"": ""{\""address\"": \""\"", \""city\"": \""\"", \""state\"": \""\"", \""zip\"": \""\""}""}, ""contractor_trade"": ""Plumbing Contractor"", ""contractor_company_name"": ""Strand Brothers Service Experts"", ""contractor_full_name"": ""Doug Burris"", ""contractor_phone"": ""5123333000"", ""contractor_address2"": ""5811  TECHNI"", ""contractor_city"": ""AUSTIN"", ""contractor_zip"": ""78721-____""}",2026-05-03T10:54:27.260194+00:00
2020-188978 EP,Lot 7 block A: New construction two family residential duplex 2-story 3/3 bedroom 2.5/2.5 bath with attached 1-car garage (both units) covered front p,2026-05-01T00:00:00+00:00,New,Electrical Permit,,Atex Electrical Services,Active,4511 VINSON DR BLDG 7,78745,Residential,5129095938,https://abc.austintexas.gov/web/permit/public-search-other?t_detail=1&t_selected_folderrsn=12605365,2026-05-01T00:00:00+00:00,"{""permittype"": ""EP"", ""permit_type_desc"": ""Electrical Permit"", ""permit_number"": ""2020-188978 EP"", ""permit_class_mapped"": ""Residential"", ""permit_class"": ""R- 103 Two Family Bldgs"", ""work_class"": ""New"", ""condominium"": ""No"", ""permit_location"": ""4511 VINSON DR BLDG 7"", ""description"": ""Lot 7 block A: New construction two family residential duplex 2-story 3/3 bedroom 2.5/2.5 bath with attached 1-car garage (both units) covered front p"", ""tcad_id"": ""0410080728"", ""legal_description"": ""LOT 2 BLK A VILLAS AT VINSON OAKS RESUB"", ""applieddate"": ""2020-03-10T00:00:00.000"", ""issue_date"": ""2026-05-01T00:00:00.000"", ""day_issued"": ""FRIDAY"", ""calendar_year_issued"": ""2026"", ""fiscal_year_issued"": ""2026"", ""issued_in_last_30_days"": ""Yes"", ""issue_method"": ""Permit Center"", ""status_current"": ""Active"", ""statusdate"": ""2026-05-01T00:00:00.000"", ""expiresdate"": ""2026-09-02T00:00:00.000"", ""total_new_add_sqft"": ""3642"", ""number_of_floors"": ""2"", ""housing_units"": ""2"", ""original_address1"": ""4511 VINSON DR BLDG 7"", ""original_city"": ""AUSTIN"", ""original_state"": ""TX"", ""original_zip"": ""78745"", ""council_district"": ""3"", ""jurisdiction"": ""AUSTIN FULL PURPOSE"", ""link"": {""url"": ""https://abc.austintexas.gov/web/permit/public-search-other?t_detail=1&t_selected_folderrsn=12605365""}, ""project_id"": ""12605365"", ""masterpermitnum"": ""12605363"", ""latitude"": ""30.22007876"", ""longitude"": ""-97.77753332"", ""location"": {""latitude"": ""30.22007876"", ""longitude"": ""-97.77753332"", ""human_address"": ""{\""address\"": \""\"", \""city\"": \""\"", \""state\"": \""\"", \""zip\"": \""\""}""}, ""contractor_trade"": ""Electrical Contractor"", ""contractor_company_name"": ""Atex Electrical Services"", ""contractor_full_name"": ""Jose Alejandro"", ""contractor_phone"": ""5129095938"", ""certificate_of_occupancy"": ""No""}",2026-05-03T10:54:27.260194+00:00
2026-053922 EP,replace meter can that burned up at lugs,2026-05-01T00:00:00+00:00,Repair,Electrical Permit,,Longhorn Electric LLC,Active,2912 GUADALUPE ST,78705,Commercial,7372267017,https://abc.austintexas.gov/web/permit/public-search-other?t_detail=1&t_selected_folderrsn=13696128,2026-05-01T00:00:00+00:00,"{""permittype"": ""EP"", ""permit_type_desc"": ""Electrical Permit"", ""permit_number"": ""2026-053922 EP"", ""permit_class_mapped"": ""Commercial"", ""permit_class"": ""Commercial"", ""work_class"": ""Repair"", ""condominium"": ""No"", ""permit_location"": ""2912 GUADALUPE ST"", ""description"": ""replace meter can that burned up at lugs"", ""tcad_id"": ""0217021608"", ""legal_description"": ""LOT 4-8 BLK 1 OLT 72 DIV D BROWN LEANDER ADDN"", ""applieddate"": ""2026-04-30T00:00:00.000"", ""issue_date"": ""2026-05-01T00:00:00.000"", ""day_issued"": ""FRIDAY"", ""calendar_year_issued"": ""2026"", ""fiscal_year_issued"": ""2026"", ""issued_in_last_30_days"": ""Yes"", ""issue_method"": ""Permit Center"", ""status_current"": ""Active"", ""statusdate"": ""2026-05-01T00:00:00.000"", ""expiresdate"": ""2026-10-28T00:00:00.000"", ""remodel_repair_sqft"": ""0"", ""number_of_floors"": ""1"", ""housing_units"": ""1"", ""electrical_valuation_remodel"": ""500"", ""original_address1"": ""2912 GUADALUPE ST"", ""original_city"": ""AUSTIN"", ""original_state"": ""TX"", ""original_zip"": ""78705"", ""council_district"": ""9"", ""jurisdiction"": ""AUSTIN FULL PURPOSE"", ""link"": {""url"": ""https://abc.austintexas.gov/web/permit/public-search-other?t_detail=1&t_selected_folderrsn=13696128""}, ""project_id"": ""13696128"", ""latitude"": ""30.29600216"", ""longitude"": ""-97.74264948"", ""location"": {""latitude"": ""30.29600216"", ""longitude"": ""-97.74264948"", ""human_address"": ""{\""address\"": \""\"", \""city\"": \""\"", \""state\"": \""\"", \""zip\"": \""\""}""}, ""contractor_trade"": ""Electrical Contractor"", ""contractor_company_name"": ""Longhorn Electric LLC"", ""contractor_full_name"": ""Homero Canet"", ""contractor_phone"": ""7372267017"", ""contractor_address2"": ""167  Rocky C"", ""contractor_city"": ""MANOR"", ""contractor_zip"": ""78621-____"", ""certificate_of_occupancy"": ""No""}",2026-05-03T10:54:27.260194+00:00
2026-054140 EP,"temporary t-pole for new construction in Drew Homes

Ref: 2026-047734 BP",2026-05-01T00:00:00+00:00,Homebuilder Loop,Electrical Permit,,Landmark Electric,Active,4704 PHILCO DR,78745,Residential,5124917718,https://abc.austintexas.gov/web/permit/public-search-other?t_detail=1&t_selected_folderrsn=13696397,2026-05-01T00:00:00+00:00,"{""permittype"": ""EP"", ""permit_type_desc"": ""Electrical Permit"", ""permit_number"": ""2026-054140 EP"", ""permit_class_mapped"": ""Residential"", ""permit_class"": ""Residential"", ""work_class"": ""Homebuilder Loop"", ""permit_location"": ""4704 PHILCO DR"", ""description"": ""temporary t-pole for new construction in Drew Homes\n\nRef: 2026-047734 BP"", ""tcad_id"": ""0409120518"", ""legal_description"": ""LOT 9 BLK D PARK FOREST SEC 1"", ""applieddate"": ""2026-04-30T00:00:00.000"", ""issue_date"": ""2026-05-01T00:00:00.000"", ""day_issued"": ""FRIDAY"", ""calendar_year_issued"": ""2026"", ""fiscal_year_issued"": ""2026"", ""issued_in_last_30_days"": ""Yes"", ""issue_method"": ""Permit Center"", ""status_current"": ""Active"", ""statusdate"": ""2026-05-01T00:00:00.000"", ""expiresdate"": ""2026-10-28T00:00:00.000"", ""original_address1"": ""4704 PHILCO DR"", ""original_city"": ""AUSTIN"", ""original_state"": ""TX"", ""original_zip"": ""78745"", ""council_district"": ""5"", ""jurisdiction"": ""AUSTIN FULL PURPOSE"", ""link"": {""url"": ""https://abc.austintexas.gov/web/permit/public-search-other?t_detail=1&t_selected_folderrsn=13696397""}, ""project_id"": ""13696397"", ""contractor_trade"": ""Electrical Contractor"", ""contractor_company_name"": ""Landmark Electric"", ""contractor_full_name"": ""Robert W Brown"", ""contractor_phone"": ""5124917718"", ""contractor_address2"": ""2008  PICADI"", ""contractor_city"": ""ROUND ROCK"", ""contractor_zip"": ""78664""}",2026-05-03T10:54:27.260194+00:00
2026-045283 PP,ePlan: Commercial Expedited Review - Interior Remodel to Existing Office (151395 SF),2026-05-01T00:00:00+00:00,Remodel,Plumbing Permit,,NuFlo Plumbing,Active,7800 SHOAL CREEK BLVD UNIT E100,78757,Commercial,5129700626,https://abc.austintexas.gov/web/permit/public-search-other?t_detail=1&t_selected_folderrsn=13686146,2026-05-01T00:00:00+00:00,"{""permittype"": ""PP"", ""permit_type_desc"": ""Plumbing Permit"", ""permit_number"": ""2026-045283 PP"", ""permit_class_mapped"": ""Commercial"", ""permit_class"": ""C-1000 Commercial Remodel"", ""work_class"": ""Remodel"", ""condominium"": ""No"", ""permit_location"": ""7800 SHOAL CREEK BLVD UNIT E100"", ""description"": ""ePlan: Commercial Expedited Review - Interior Remodel to Existing Office (151395 SF)"", ""tcad_id"": ""0240030202"", ""legal_description"": ""LOT 1 *RESUB OF LOT A AUSTIN NORTHWEST SUBD"", ""applieddate"": ""2026-03-13T00:00:00.000"", ""issue_date"": ""2026-05-01T00:00:00.000"", ""day_issued"": ""FRIDAY"", ""calendar_year_issued"": ""2026"", ""fiscal_year_issued"": ""2026"", ""issued_in_last_30_days"": ""Yes"", ""issue_method"": ""Permit Center"", ""status_current"": ""Active"", ""statusdate"": ""2026-05-01T00:00:00.000"", ""expiresdate"": ""2026-10-27T00:00:00.000"", ""remodel_repair_sqft"": ""12307"", ""number_of_floors"": ""2"", ""housing_units"": ""1"", ""original_address1"": ""7800 SHOAL CREEK BLVD UNIT E100"", ""original_city"": ""AUSTIN"", ""original_state"": ""TX"", ""original_zip"": ""78757"", ""council_district"": ""7"", ""jurisdiction"": ""AUSTIN FULL PURPOSE"", ""link"": {""url"": ""https://abc.austintexas.gov/web/permit/public-search-other?t_detail=1&t_selected_folderrsn=13686146""}, ""project_id"": ""13686146"", ""masterpermitnum"": ""13686141"", ""latitude"": ""30.35982497"", ""longitude"": ""-97.74215623"", ""location"": {""latitude"": ""30.35982497"", ""longitude"": ""-97.74215623"", ""human_address"": ""{\""address\"": \""\"", \""city\"": \""\"", \""state\"": \""\"", \""zip\"": \""\""}""}, ""contractor_trade"": ""Plumbing Contractor"", ""contractor_company_name"": ""NuFlo Plumbing"", ""contractor_full_name"": ""Ismael Maldonado"", ""contractor_phone"": ""5129700626"", ""contractor_address1"": ""P.O Box 2109"", ""contractor_city"": ""Round Rock"", ""contractor_zip"": ""78680"", ""certificate_of_occupancy"": ""No""}",2026-05-03T10:54:27.260194+00:00
2026-053849 MP,Replacement of complete existing central heat and air system with or without duct work 2.5 TON (15 SEER) COMPLETE HORIZ GAS SYSTEM FOR U/S UNIT.,2026-05-01T00:00:00+00:00,Change Out,Mechanical Permit,,A-US Air Conditioning,Active,6511 HIRIDGE HOLLOW DR,78750,Residential,2145011826,https://abc.austintexas.gov/web/permit/public-search-other?t_detail=1&t_selected_folderrsn=13696054,2026-05-01T00:00:00+00:00,"{""permittype"": ""MP"", ""permit_type_desc"": ""Mechanical Permit"", ""permit_number"": ""2026-053849 MP"", ""permit_class_mapped"": ""Residential"", ""permit_class"": ""Residential"", ""work_class"": ""Change Out"", ""permit_location"": ""6511 HIRIDGE HOLLOW DR"", ""description"": ""Replacement of complete existing central heat and air system with or without duct work 2.5 TON (15 SEER) COMPLETE HORIZ GAS SYSTEM FOR U/S UNIT."", ""tcad_id"": ""0147110162"", ""legal_description"": ""LOT 25&26 LAKEWOOD SEC 4"", ""applieddate"": ""2026-04-30T00:00:00.000"", ""issue_date"": ""2026-05-01T00:00:00.000"", ""day_issued"": ""FRIDAY"", ""calendar_year_issued"": ""2026"", ""fiscal_year_issued"": ""2026"", ""issued_in_last_30_days"": ""Yes"", ""issue_method"": ""Permit Center"", ""status_current"": ""Active"", ""statusdate"": ""2026-05-01T00:00:00.000"", ""expiresdate"": ""2026-10-28T00:00:00.000"", ""original_address1"": ""6511 HIRIDGE HOLLOW DR"", ""original_city"": ""AUSTIN"", ""original_state"": ""TX"", ""original_zip"": ""78750"", ""council_district"": ""10"", ""jurisdiction"": ""AUSTIN FULL PURPOSE"", ""link"": {""url"": ""https://abc.austintexas.gov/web/permit/public-search-other?t_detail=1&t_selected_folderrsn=13696054""}, ""project_id"": ""13696054"", ""latitude"": ""30.37947873"", ""longitude"": ""-97.78844297"", ""location"": {""latitude"": ""30.37947873"", ""longitude"": ""-97.78844297"", ""human_address"": ""{\""address\"": \""\"", \""city\"": \""\"", \""state\"": \""\"", \""zip\"": \""\""}""}, ""contractor_trade"": ""Mechanical Contractor"", ""contractor_company_name"": ""A-US Air Conditioning"", ""contractor_full_name"": ""Abraham Sbyti"", ""contractor_phone"": ""2145011826"", ""contractor_address2"": ""707  EASY ST"", ""contractor_city"": ""Garland"", ""contractor_zip"": ""75042""}",2026-05-03T10:54:27.260194+00:00
2026-053232 EP,ev install,2026-05-01T00:00:00+00:00,Special Inspections Program,Electrical Permit,,Industrial Elect,Active,4700 RIVER PLACE BLVD UNIT 7,78730,Residential,5127385900,https://abc.austintexas.gov/web/permit/public-search-other?t_detail=1&t_selected_folderrsn=13695329,2026-05-01T00:00:00+00:00,"{""permittype"": ""EP"", ""permit_type_desc"": ""Electrical Permit"", ""permit_number"": ""2026-053232 EP"", ""permit_class_mapped"": ""Residential"", ""permit_class"": ""Residential"", ""work_class"": ""Special Inspections Program"", ""condominium"": ""No"", ""permit_location"": ""4700 RIVER PLACE BLVD UNIT 7"", ""description"": ""ev install"", ""tcad_id"": ""0143340109"", ""legal_description"": ""RIVER PLACE SECTION 21 BLK B LOT 1"", ""applieddate"": ""2026-04-29T00:00:00.000"", ""issue_date"": ""2026-05-01T00:00:00.000"", ""day_issued"": ""FRIDAY"", ""calendar_year_issued"": ""2026"", ""fiscal_year_issued"": ""2026"", ""issued_in_last_30_days"": ""Yes"", ""issue_method"": ""Permit Center"", ""status_current"": ""Active"", ""statusdate"": ""2026-05-01T00:00:00.000"", ""expiresdate"": ""2026-10-28T00:00:00.000"", ""electrical_valuation_remodel"": ""2000"", ""original_address1"": ""4700 RIVER PLACE BLVD UNIT 7"", ""original_city"": ""AUSTIN"", ""original_state"": ""TX"", ""original_zip"": ""78730"", ""council_district"": ""10"", ""jurisdiction"": ""AUSTIN FULL PURPOSE"", ""link"": {""url"": ""https://abc.austintexas.gov/web/permit/public-search-other?t_detail=1&t_selected_folderrsn=13695329""}, ""project_id"": ""13695329"", ""latitude"": ""30.37186931"", ""longitude"": ""-97.85790811"", ""location"": {""latitude"": ""30.37186931"", ""longitude"": ""-97.85790811"", ""human_address"": ""{\""address\"": \""\"", \""city\"": \""\"", \""state\"": \""\"", \""zip\"": \""\""}""}, ""contractor_trade"": ""Electrical Contractor"", ""contractor_company_name"": ""Industrial Elect"", ""contractor_full_name"": ""Mark A Brendalen"", ""contractor_phone"": ""5127385900"", ""contractor_address1"": ""P.O.Box 1493"", ""contractor_address2"": ""908  Sycamor"", ""contractor_city"": ""San Marcos"", ""contractor_zip"": ""78666"", ""certificate_of_occupancy"": ""No""}",2026-05-03T10:54:27.260194+00:00
2026-053379 PP,Replacement of an existing water heater Replacement of Gas Water Heater Like for Like,2026-05-01T00:00:00+00:00,Change Out,Plumbing Permit,,"NEW ABACUS, LLC",Active,2500 CENTURY PARK BLVD,78727,Residential,5125664182,https://abc.austintexas.gov/web/permit/public-search-other?t_detail=1&t_selected_folderrsn=13695494,2026-05-01T00:00:00+00:00,"{""permittype"": ""PP"", ""permit_type_desc"": ""Plumbing Permit"", ""permit_number"": ""2026-053379 PP"", ""permit_class_mapped"": ""Residential"", ""permit_class"": ""Residential"", ""work_class"": ""Change Out"", ""permit_location"": ""2500 CENTURY PARK BLVD"", ""description"": ""Replacement of an existing water heater Replacement of Gas Water Heater Like for Like"", ""tcad_id"": ""0268180426"", ""legal_description"": ""LOT 13 BLK A WOODS OF CENTURY PARK SEC 1"", ""applieddate"": ""2026-04-29T00:00:00.000"", ""issue_date"": ""2026-05-01T00:00:00.000"", ""day_issued"": ""FRIDAY"", ""calendar_year_issued"": ""2026"", ""fiscal_year_issued"": ""2026"", ""issued_in_last_30_days"": ""Yes"", ""issue_method"": ""Permit Center"", ""status_current"": ""Active"", ""statusdate"": ""2026-05-01T00:00:00.000"", ""expiresdate"": ""2026-10-28T00:00:00.000"", ""original_address1"": ""2500 CENTURY PARK BLVD"", ""original_city"": ""AUSTIN"", ""original_state"": ""TX"", ""original_zip"": ""78727"", ""council_district"": ""7"", ""jurisdiction"": ""AUSTIN FULL PURPOSE"", ""link"": {""url"": ""https://abc.austintexas.gov/web/permit/public-search-other?t_detail=1&t_selected_folderrsn=13695494""}, ""project_id"": ""13695494"", ""latitude"": ""30.43262834"", ""longitude"": ""-97.69123435"", ""location"": {""latitude"": ""30.43262834"", ""longitude"": ""-97.69123435"", ""human_address"": ""{\""address\"": \""\"", \""city\"": \""\"", \""state\"": \""\"", \""zip\"": \""\""}""}, ""contractor_trade"": ""Plumbing Contractor"", ""contractor_company_name"": ""NEW ABACUS, LLC"", ""contractor_full_name"": ""ALAN O'NEILL"", ""contractor_phone"": ""5125664182"", ""contractor_address1"": ""2105  DENTON"", ""contractor_city"": ""Austin"", ""contractor_zip"": ""78758""}",2026-05-03T10:54:27.260194+00:00
2026-053437 MP,Replacement of complete existing central heat and air system with or without duct work 4-TON CONDENSER CHANGE-OUT IN BACKYARD & 88K BTU FURNACE CHANGE,2026-05-01T00:00:00+00:00,Change Out,Mechanical Permit,,C & S Services,Active,11905 ROTHERHAM DR,78753,Residential,2145644704,https://abc.austintexas.gov/web/permit/public-search-other?t_detail=1&t_selected_folderrsn=13695558,2026-05-01T00:00:00+00:00,"{""permittype"": ""MP"", ""permit_type_desc"": ""Mechanical Permit"", ""permit_number"": ""2026-053437 MP"", ""permit_class_mapped"": ""Residential"", ""permit_class"": ""Residential"", ""work_class"": ""Change Out"", ""permit_location"": ""11905 ROTHERHAM DR"", ""description"": ""Replacement of complete existing central heat and air system with or without duct work 4-TON CONDENSER CHANGE-OUT IN BACKYARD & 88K BTU FURNACE CHANGE"", ""tcad_id"": ""0247280609"", ""legal_description"": ""LOT 29 BLK B COPPERFIELD SEC 1 PHS D"", ""applieddate"": ""2026-04-29T00:00:00.000"", ""issue_date"": ""2026-05-01T00:00:00.000"", ""day_issued"": ""FRIDAY"", ""calendar_year_issued"": ""2026"", ""fiscal_year_issued"": ""2026"", ""issued_in_last_30_days"": ""Yes"", ""issue_method"": ""Permit Center"", ""status_current"": ""Active"", ""statusdate"": ""2026-05-01T00:00:00.000"", ""expiresdate"": ""2026-10-28T00:00:00.000"", ""original_address1"": ""11905 ROTHERHAM DR"", ""original_city"": ""AUSTIN"", ""original_state"": ""TX"", ""original_zip"": ""78753"", ""council_district"": ""1"", ""jurisdiction"": ""AUSTIN FULL PURPOSE"", ""link"": {""url"": ""https://abc.austintexas.gov/web/permit/public-search-other?t_detail=1&t_selected_folderrsn=13695558""}, ""project_id"": ""13695558"", ""latitude"": ""30.37959148"", ""longitude"": ""-97.65879221"", ""location"": {""latitude"": ""30.37959148"", ""longitude"": ""-97.65879221"", ""human_address"": ""{\""address\"": \""\"", \""city\"": \""\"", \""state\"": \""\"", \""zip\"": \""\""}""}, ""contractor_trade"": ""Mechanical Contractor"", ""contractor_company_name"": ""C & S Services"", ""contractor_full_name"": ""Chris Sauter"", ""contractor_phone"": ""2145644704"", ""contractor_address2"": ""1200  Lake G"", ""contractor_city"": ""Rockwall"", ""contractor_zip"": ""75087""}",2026-05-03T10:54:27.260194+00:00
2026-054163 BP,Express: Re-roof,2026-05-01T00:00:00+00:00,Repair,Building Permit,1.0,"Caden Roofing, Sheetmetal and General Contracting",Active,5219 MOON SHADOW DR,78735,Residential,5123640278,https://abc.austintexas.gov/web/permit/public-search-other?t_detail=1&t_selected_folderrsn=13696420,2026-05-01T00:00:00+00:00,"{""permittype"": ""BP"", ""permit_type_desc"": ""Building Permit"", ""permit_number"": ""2026-054163 BP"", ""permit_class_mapped"": ""Residential"", ""permit_class"": ""R- 435 Renovations/Remodel"", ""work_class"": ""Repair"", ""condominium"": ""No"", ""permit_location"": ""5219 MOON SHADOW DR"", ""description"": ""Express: Re-roof"", ""tcad_id"": ""0101250413"", ""legal_description"": ""LOT 13 BLK J VILLAGE PARK 3 AT TRAVIS COUNTRY"", ""applieddate"": ""2026-04-30T00:00:00.000"", ""issue_date"": ""2026-05-01T00:00:00.000"", ""day_issued"": ""FRIDAY"", ""calendar_year_issued"": ""2026"", ""fiscal_year_issued"": ""2026"", ""issued_in_last_30_days"": ""Yes"", ""issue_method"": ""Permit Center"", ""status_current"": ""Active"", ""statusdate"": ""2026-05-01T00:00:00.000"", ""expiresdate"": ""2026-10-29T00:00:00.000"", ""remodel_repair_sqft"": ""1"", ""total_valuation_remodel"": ""4"", ""total_job_valuation"": ""1"", ""number_of_floors"": ""1"", ""housing_units"": ""1"", ""building_valuation_remodel"": ""1"", ""electrical_valuation_remodel"": ""1"", ""mechanical_valuation_remodel"": ""1"", ""plumbing_valuation_remodel"": ""1"", ""original_address1"": ""5219 MOON SHADOW DR"", ""original_city"": ""AUSTIN"", ""original_state"": ""TX"", ""original_zip"": ""78735"", ""council_district"": ""8"", ""jurisdiction"": ""AUSTIN FULL PURPOSE"", ""link"": {""url"": ""https://abc.austintexas.gov/web/permit/public-search-other?t_detail=1&t_selected_folderrsn=13696420""}, ""project_id"": ""13696420"", ""masterpermitnum"": ""13696370"", ""latitude"": ""30.25545754"", ""longitude"": ""-97.83519976"", ""location"": {""latitude"": ""30.25545754"", ""longitude"": ""-97.83519976"", ""human_address"": ""{\""address\"": \""\"", \""city\"": \""\"", \""state\"": \""\"", \""zip\"": \""\""}""}, ""contractor_trade"": ""General Contractor"", ""contractor_company_name"": ""Caden Roofing, Sheetmetal and General Contracting"", ""contractor_full_name"": ""Fareed Tulbah"", ""contractor_phone"": ""5123640278"", ""contractor_address2"": ""3704  SADDLE"", ""contractor_city"": ""AUSTIN"", ""contractor_zip"": ""78739"", ""applicant_full_name"": ""Fareed Tulbah"", ""applicant_org"": ""Caden Roofing, Sheetmetal and General Contracting"", ""applicant_phone"": ""5123640278"", ""applicant_address2"": ""3704  SADDLE"", ""applicant_city"": ""AUSTIN"", ""applicantzip"": ""78739"", ""certificate_of_occupancy"": ""No""}",2026-05-03T10:54:27.260194+00:00
2026-053452 MP,Replacement of complete existing central heat and air system with or without duct work 1 system: 3 TON York  Dual fuel 15 seer Natural Gas furnace  He,2026-05-01T00:00:00+00:00,Change Out,Mechanical Permit,,Salt Light & Electric,Active,9909 FAYLIN DR,78753,Residential,5122725000,https://abc.austintexas.gov/web/permit/public-search-other?t_detail=1&t_selected_folderrsn=13695575,2026-05-01T00:00:00+00:00,"{""permittype"": ""MP"", ""permit_type_desc"": ""Mechanical Permit"", ""permit_number"": ""2026-053452 MP"", ""permit_class_mapped"": ""Residential"", ""permit_class"": ""Residential"", ""work_class"": ""Change Out"", ""permit_location"": ""9909 FAYLIN DR"", ""description"": ""Replacement of complete existing central heat and air system with or without duct work 1 system: 3 TON York  Dual fuel 15 seer Natural Gas furnace  He"", ""tcad_id"": ""0240241204"", ""legal_description"": ""LOT 1 BLK G WINDSOR HILLS SEC 3"", ""applieddate"": ""2026-04-29T00:00:00.000"", ""issue_date"": ""2026-05-01T00:00:00.000"", ""day_issued"": ""FRIDAY"", ""calendar_year_issued"": ""2026"", ""fiscal_year_issued"": ""2026"", ""issued_in_last_30_days"": ""Yes"", ""issue_method"": ""Permit Center"", ""status_current"": ""Active"", ""statusdate"": ""2026-05-01T00:00:00.000"", ""expiresdate"": ""2026-10-28T00:00:00.000"", ""original_address1"": ""9909 FAYLIN DR"", ""original_city"": ""AUSTIN"", ""original_state"": ""TX"", ""original_zip"": ""78753"", ""council_district"": ""4"", ""jurisdiction"": ""AUSTIN FULL PURPOSE"", ""link"": {""url"": ""https://abc.austintexas.gov/web/permit/public-search-other?t_detail=1&t_selected_folderrsn=13695575""}, ""project_id"": ""13695575"", ""latitude"": ""30.35912292"", ""longitude"": ""-97.67373333"", ""location"": {""latitude"": ""30.35912292"", ""longitude"": ""-97.67373333"", ""human_address"": ""{\""address\"": \""\"", \""city\"": \""\"", \""state\"": \""\"", \""zip\"": \""\""}""}, ""contractor_trade"": ""Mechanical Contractor"", ""contractor_company_name"": ""Salt Light & Electric"", ""contractor_full_name"": ""Brendan McCarthy"", ""contractor_phone"": ""5122725000"", ""contractor_address2"": ""3804  BENT B"", ""contractor_city"": ""ROUND ROCK"", ""contractor_zip"": ""78664-____""}",2026-05-03T10:54:27.260194+00:00
2026-053057 PP,Whole Home Gas repipe,2026-05-01T00:00:00+00:00,Repair,Plumbing Permit,,"Stan's Heating, Air, & Plumbing",Active,5700 JOE SAYERS AVE,78756,Residential,5129299393,https://abc.austintexas.gov/web/permit/public-search-other?t_detail=1&t_selected_folderrsn=13695141,2026-05-01T00:00:00+00:00,"{""permittype"": ""PP"", ""permit_type_desc"": ""Plumbing Permit"", ""permit_number"": ""2026-053057 PP"", ""permit_class_mapped"": ""Residential"", ""permit_class"": ""Residential"", ""work_class"": ""Repair"", ""condominium"": ""No"", ""permit_location"": ""5700 JOE SAYERS AVE"", ""description"": ""Whole Home Gas repipe"", ""tcad_id"": ""0228060511"", ""legal_description"": ""LOT 11 BLK C BREEZY HOLLOW ADDN SEC NO 3"", ""applieddate"": ""2026-04-29T00:00:00.000"", ""issue_date"": ""2026-05-01T00:00:00.000"", ""day_issued"": ""FRIDAY"", ""calendar_year_issued"": ""2026"", ""fiscal_year_issued"": ""2026"", ""issued_in_last_30_days"": ""Yes"", ""issue_method"": ""Permit Center"", ""status_current"": ""Active"", ""statusdate"": ""2026-05-01T00:00:00.000"", ""expiresdate"": ""2026-10-28T00:00:00.000"", ""remodel_repair_sqft"": ""1200"", ""number_of_floors"": ""0"", ""housing_units"": ""1"", ""original_address1"": ""5700 JOE SAYERS AVE"", ""original_city"": ""AUSTIN"", ""original_state"": ""TX"", ""original_zip"": ""78756"", ""council_district"": ""7"", ""jurisdiction"": ""AUSTIN FULL PURPOSE"", ""link"": {""url"": ""https://abc.austintexas.gov/web/permit/public-search-other?t_detail=1&t_selected_folderrsn=13695141""}, ""project_id"": ""13695141"", ""latitude"": ""30.32964997"", ""longitude"": ""-97.73368644"", ""location"": {""latitude"": ""30.32964997"", ""longitude"": ""-97.73368644"", ""human_address"": ""{\""address\"": \""\"", \""city\"": \""\"", \""state\"": \""\"", \""zip\"": \""\""}""}, ""contractor_trade"": ""Plumbing Contractor"", ""contractor_company_name"": ""Stan's Heating, Air, & Plumbing"", ""contractor_full_name"": ""Brandon Cardwell"", ""contractor_phone"": ""5129299393"", ""contractor_address2"": ""6016  DILLAR"", ""contractor_city"": ""AUSTIN"", ""contractor_zip"": ""78752"", ""certificate_of_occupancy"": ""No""}",2026-05-03T10:54:27.260194+00:00
2026-052799 EP,Homebuilder Loop Austin 2 Mile ETJ Austin Energy,2026-05-01T00:00:00+00:00,Homebuilder Loop,Electrical Permit,,"IES Residential, Inc.",Active,5613 BOTTICELLI DR,78747,Residential,5122520040,https://abc.austintexas.gov/web/permit/public-search-other?t_detail=1&t_selected_folderrsn=13694862,2026-05-01T00:00:00+00:00,"{""permittype"": ""EP"", ""permit_type_desc"": ""Electrical Permit"", ""permit_number"": ""2026-052799 EP"", ""permit_class_mapped"": ""Residential"", ""permit_class"": ""Residential"", ""work_class"": ""Homebuilder Loop"", ""permit_location"": ""5613 BOTTICELLI DR"", ""description"": ""Homebuilder Loop Austin 2 Mile ETJ Austin Energy"", ""tcad_id"": ""0449071304"", ""legal_description"": ""WEST BELLA FORTUNA PHS 3 (SMALL LT SUBD) BLK G LOT 40"", ""applieddate"": ""2026-04-28T00:00:00.000"", ""issue_date"": ""2026-05-01T00:00:00.000"", ""day_issued"": ""FRIDAY"", ""calendar_year_issued"": ""2026"", ""fiscal_year_issued"": ""2026"", ""issued_in_last_30_days"": ""Yes"", ""issue_method"": ""Permit Center"", ""status_current"": ""Active"", ""statusdate"": ""2026-05-01T00:00:00.000"", ""expiresdate"": ""2026-10-28T00:00:00.000"", ""original_address1"": ""5613 BOTTICELLI DR"", ""original_city"": ""AUSTIN"", ""original_state"": ""TX"", ""original_zip"": ""78747"", ""jurisdiction"": ""AUSTIN 2 MILE ETJ"", ""link"": {""url"": ""https://abc.austintexas.gov/web/permit/public-search-other?t_detail=1&t_selected_folderrsn=13694862""}, ""project_id"": ""13694862"", ""contractor_trade"": ""Electrical Contractor"", ""contractor_company_name"": ""IES Residential, Inc."", ""contractor_full_name"": ""William B. Crist Jr."", ""contractor_phone"": ""5122520040"", ""contractor_address2"": ""821  GRAND A"", ""contractor_city"": ""PFLUGERVILLE"", ""contractor_zip"": ""78660-____""}",2026-05-03T10:54:27.260194+00:00
2026-028717 PP,*S.M.A.R.T. HOUSING* *GREEN BUILDING* ePlan: Residential Expedited Review - New construction of a 3-Story Townhome [3bed 3.5bath] with Attached Garage,2026-05-01T00:00:00+00:00,New,Plumbing Permit,,Victory Plumbing Company,Active,4200 ENDURANCE WAY,78731,Residential,5129907200,https://abc.austintexas.gov/web/permit/public-search-other?t_detail=1&t_selected_folderrsn=13667470,2026-05-01T00:00:00+00:00,"{""permittype"": ""PP"", ""permit_type_desc"": ""Plumbing Permit"", ""permit_number"": ""2026-028717 PP"", ""permit_class_mapped"": ""Residential"", ""permit_class"": ""R- 101 Single Family Houses"", ""work_class"": ""New"", ""condominium"": ""No"", ""permit_location"": ""4200 ENDURANCE WAY"", ""description"": ""*S.M.A.R.T. HOUSING* *GREEN BUILDING* ePlan: Residential Expedited Review - New construction of a 3-Story Townhome [3bed 3.5bath] with Attached Garage"", ""tcad_id"": ""0124000601"", ""applieddate"": ""2026-02-04T00:00:00.000"", ""issue_date"": ""2026-05-01T00:00:00.000"", ""day_issued"": ""FRIDAY"", ""calendar_year_issued"": ""2026"", ""fiscal_year_issued"": ""2026"", ""issued_in_last_30_days"": ""Yes"", ""issue_method"": ""Permit Center"", ""status_current"": ""Active"", ""statusdate"": ""2026-05-01T00:00:00.000"", ""expiresdate"": ""2026-09-13T00:00:00.000"", ""total_new_add_sqft"": ""3270"", ""number_of_floors"": ""3"", ""housing_units"": ""1"", ""original_address1"": ""4200 ENDURANCE WAY"", ""original_city"": ""AUSTIN"", ""original_state"": ""TX"", ""original_zip"": ""78731"", ""council_district"": ""10"", ""jurisdiction"": ""AUSTIN FULL PURPOSE"", ""link"": {""url"": ""https://abc.austintexas.gov/web/permit/public-search-other?t_detail=1&t_selected_folderrsn=13667470""}, ""project_id"": ""13667470"", ""masterpermitnum"": ""13667214"", ""latitude"": ""30.3156748"", ""longitude"": ""-97.75407886"", ""location"": {""latitude"": ""30.3156748"", ""longitude"": ""-97.75407886"", ""human_address"": ""{\""address\"": \""\"", \""city\"": \""\"", \""state\"": \""\"", \""zip\"": \""\""}""}, ""contractor_trade"": ""Plumbing Contractor"", ""contractor_company_name"": ""Victory Plumbing Company"", ""contractor_full_name"": ""Randolph Taylor"", ""contractor_phone"": ""5129907200"", ""contractor_address2"": ""1175  Countr"", ""contractor_city"": ""HUTTO"", ""contractor_zip"": ""78634"", ""certificate_of_occupancy"": ""No""}",2026-05-03T10:54:27.260194+00:00
2026-053574 EP,New construction sfr in the etj,2026-05-01T00:00:00+00:00,New,Electrical Permit,,"IES Residential, Inc.",Active,13712 STOCKSBRIDGE DR,78660,Residential,5122520040,https://abc.austintexas.gov/web/permit/public-search-other?t_detail=1&t_selected_folderrsn=13695714,2026-05-01T00:00:00+00:00,"{""permittype"": ""EP"", ""permit_type_desc"": ""Electrical Permit"", ""permit_number"": ""2026-053574 EP"", ""permit_class_mapped"": ""Residential"", ""permit_class"": ""Residential"", ""work_class"": ""New"", ""condominium"": ""No"", ""permit_location"": ""13712 STOCKSBRIDGE DR"", ""description"": ""New construction sfr in the etj"", ""tcad_id"": ""0256401706"", ""legal_description"": ""HOWARD LANE PHS 3 BLK J LOT 21"", ""applieddate"": ""2026-04-30T00:00:00.000"", ""issue_date"": ""2026-05-01T00:00:00.000"", ""day_issued"": ""FRIDAY"", ""calendar_year_issued"": ""2026"", ""fiscal_year_issued"": ""2026"", ""issued_in_last_30_days"": ""Yes"", ""issue_method"": ""Permit Center"", ""status_current"": ""Active"", ""statusdate"": ""2026-05-01T00:00:00.000"", ""expiresdate"": ""2026-10-28T00:00:00.000"", ""total_new_add_sqft"": ""0"", ""number_of_floors"": ""1"", ""housing_units"": ""1"", ""original_address1"": ""13712 STOCKSBRIDGE DR"", ""original_city"": ""AUSTIN"", ""original_state"": ""TX"", ""original_zip"": ""78660"", ""jurisdiction"": ""AUSTIN 2 MILE ETJ"", ""link"": {""url"": ""https://abc.austintexas.gov/web/permit/public-search-other?t_detail=1&t_selected_folderrsn=13695714""}, ""project_id"": ""13695714"", ""contractor_trade"": ""Electrical Contractor"", ""contractor_company_name"": ""IES Residential, Inc."", ""contractor_full_name"": ""William B. Crist Jr."", ""contractor_phone"": ""5122520040"", ""contractor_address2"": ""821  GRAND A"", ""contractor_city"": ""PFLUGERVILLE"", ""contractor_zip"": ""78660-____"", ""certificate_of_occupancy"": ""No""}",2026-05-03T10:54:27.260194+00:00
2026-048088 MP,Replacement of complete existing central heat and air system with or without duct work Replacement of HVAC system without duct work for the Unit Model,2026-05-01T00:00:00+00:00,Change Out,Mechanical Permit,,Cool Country Services LLC,Active,1109 S PLEASANT VALLEY RD,78741,Commercial,5122126695,https://abc.austintexas.gov/web/permit/public-search-other?t_detail=1&t_selected_folderrsn=13689410,2026-05-01T00:00:00+00:00,"{""permittype"": ""MP"", ""permit_type_desc"": ""Mechanical Permit"", ""permit_number"": ""2026-048088 MP"", ""permit_class_mapped"": ""Commercial"", ""permit_class"": ""Commercial"", ""work_class"": ""Change Out"", ""permit_location"": ""1109 S PLEASANT VALLEY RD"", ""description"": ""Replacement of complete existing central heat and air system with or without duct work Replacement of HVAC system without duct work for the Unit Model"", ""tcad_id"": ""0303090201"", ""legal_description"": ""LOT 1 BLK A JEFFERSON COMMONS AT TOWN LAKE"", ""applieddate"": ""2026-04-20T00:00:00.000"", ""issue_date"": ""2026-05-01T00:00:00.000"", ""day_issued"": ""FRIDAY"", ""calendar_year_issued"": ""2026"", ""fiscal_year_issued"": ""2026"", ""issued_in_last_30_days"": ""Yes"", ""issue_method"": ""Permit Center"", ""status_current"": ""Active"", ""statusdate"": ""2026-05-01T00:00:00.000"", ""expiresdate"": ""2026-10-28T00:00:00.000"", ""original_address1"": ""1109 S PLEASANT VALLEY RD"", ""original_city"": ""AUSTIN"", ""original_state"": ""TX"", ""original_zip"": ""78741"", ""council_district"": ""3"", ""jurisdiction"": ""AUSTIN FULL PURPOSE"", ""link"": {""url"": ""https://abc.austintexas.gov/web/permit/public-search-other?t_detail=1&t_selected_folderrsn=13689410""}, ""project_id"": ""13689410"", ""contractor_trade"": ""Mechanical Contractor"", ""contractor_company_name"": ""Cool Country Services LLC"", ""contractor_full_name"": ""Glenn Broussard"", ""contractor_phone"": ""5122126695"", ""contractor_address2"": ""1425  Bodiam"", ""contractor_city"": ""Bulverde"", ""contractor_zip"": ""78163-____""}",2026-05-03T10:54:27.260194+00:00
2026-053881 BP,QT - TPO ROOF REPLACEMENT DOWN TO PLYWOOD - OVA,2026-05-01T00:00:00+00:00,Remodel,Building Permit,,"DG Roofing, LLC",Active,2304 HANCOCK DR,78756,Commercial,5126689088,https://abc.austintexas.gov/web/permit/public-search-other?t_detail=1&t_selected_folderrsn=13696086,2026-05-01T00:00:00+00:00,"{""permittype"": ""BP"", ""permit_type_desc"": ""Building Permit"", ""permit_number"": ""2026-053881 BP"", ""permit_class_mapped"": ""Commercial"", ""permit_class"": ""C-1000 Commercial Remodel"", ""work_class"": ""Remodel"", ""condominium"": ""No"", ""permit_location"": ""2304 HANCOCK DR"", ""description"": ""QT - TPO ROOF REPLACEMENT DOWN TO PLYWOOD - OVA"", ""tcad_id"": ""0227030594"", ""legal_description"": ""UNT 1 BLD A HANCOCK PROFESSIONAL CONDOMINIUM PLUS 17.01% INTEREST IN COMMON AREA"", ""applieddate"": ""2026-04-29T00:00:00.000"", ""issue_date"": ""2026-05-01T00:00:00.000"", ""day_issued"": ""FRIDAY"", ""calendar_year_issued"": ""2026"", ""fiscal_year_issued"": ""2026"", ""issued_in_last_30_days"": ""Yes"", ""issue_method"": ""Permit Center"", ""status_current"": ""Active"", ""statusdate"": ""2026-05-01T00:00:00.000"", ""expiresdate"": ""2026-10-29T00:00:00.000"", ""remodel_repair_sqft"": ""3900"", ""total_valuation_remodel"": ""0"", ""number_of_floors"": ""1"", ""housing_units"": ""6"", ""building_valuation_remodel"": ""0"", ""electrical_valuation_remodel"": ""0"", ""mechanical_valuation_remodel"": ""0"", ""plumbing_valuation_remodel"": ""0"", ""medgas_valuation_remodel"": ""0"", ""original_address1"": ""2304 HANCOCK DR"", ""original_city"": ""AUSTIN"", ""original_state"": ""TX"", ""original_zip"": ""78756"", ""council_district"": ""7"", ""jurisdiction"": ""AUSTIN FULL PURPOSE"", ""link"": {""url"": ""https://abc.austintexas.gov/web/permit/public-search-other?t_detail=1&t_selected_folderrsn=13696086""}, ""project_id"": ""13696086"", ""masterpermitnum"": ""13695459"", ""latitude"": ""30.32443112"", ""longitude"": ""-97.74231098"", ""location"": {""latitude"": ""30.32443112"", ""longitude"": ""-97.74231098"", ""human_address"": ""{\""address\"": \""\"", \""city\"": \""\"", \""state\"": \""\"", \""zip\"": \""\""}""}, ""contractor_trade"": ""General Contractor"", ""contractor_company_name"": ""DG Roofing, LLC"", ""contractor_full_name"": ""Cameron Smith"", ""contractor_phone"": ""5126689088"", ""contractor_address2"": ""2727  FM 812"", ""contractor_city"": ""DEL VALLE"", ""contractor_zip"": ""78617-____"", ""applicant_full_name"": ""Cameron Smith"", ""applicant_org"": ""DG Roofing, LLC"", ""applicant_phone"": ""5126689088"", ""applicant_address2"": ""2727  FM 812"", ""applicant_city"": ""DEL VALLE"", ""applicantzip"": ""78617-____"", ""certificate_of_occupancy"": ""No""}",2026-05-03T10:54:27.260194+00:00
2026-013698 MP,ePlan: Commercial Expedited Review - Interior tenant improvement for a 3680 SF restaurant with outdoor seating in an existing to a multi-tenant buildi,2026-05-01T00:00:00+00:00,Remodel,Mechanical Permit,,Generations HVAC,Active,1100 S LAMAR BLVD UNIT 1125,78704,Commercial,5128212548,https://abc.austintexas.gov/web/permit/public-search-other?t_detail=1&t_selected_folderrsn=13650300,2026-05-01T00:00:00+00:00,"{""permittype"": ""MP"", ""permit_type_desc"": ""Mechanical Permit"", ""permit_number"": ""2026-013698 MP"", ""permit_class_mapped"": ""Commercial"", ""permit_class"": ""C-1000 Commercial Remodel"", ""work_class"": ""Remodel"", ""condominium"": ""No"", ""permit_location"": ""1100 S LAMAR BLVD UNIT 1125"", ""description"": ""ePlan: Commercial Expedited Review - Interior tenant improvement for a 3680 SF restaurant with outdoor seating in an existing to a multi-tenant buildi"", ""tcad_id"": ""0102040426"", ""legal_description"": ""8.9661 AC OF LOT 5-6 EVERGREEN HEIGHTS"", ""applieddate"": ""2025-12-23T00:00:00.000"", ""issue_date"": ""2026-05-01T00:00:00.000"", ""day_issued"": ""FRIDAY"", ""calendar_year_issued"": ""2026"", ""fiscal_year_issued"": ""2026"", ""issued_in_last_30_days"": ""Yes"", ""issue_method"": ""Permit Center"", ""status_current"": ""Active"", ""statusdate"": ""2026-05-01T00:00:00.000"", ""expiresdate"": ""2026-10-06T00:00:00.000"", ""remodel_repair_sqft"": ""3860"", ""number_of_floors"": ""1"", ""housing_units"": ""1"", ""original_address1"": ""1100 S LAMAR BLVD UNIT 1125"", ""original_city"": ""AUSTIN"", ""original_state"": ""TX"", ""original_zip"": ""78704"", ""council_district"": ""9"", ""jurisdiction"": ""AUSTIN FULL PURPOSE"", ""link"": {""url"": ""https://abc.austintexas.gov/web/permit/public-search-other?t_detail=1&t_selected_folderrsn=13650300""}, ""project_id"": ""13650300"", ""masterpermitnum"": ""13650298"", ""latitude"": ""30.25571158"", ""longitude"": ""-97.7625396"", ""location"": {""latitude"": ""30.25571158"", ""longitude"": ""-97.7625396"", ""human_address"": ""{\""address\"": \""\"", \""city\"": \""\"", \""state\"": \""\"", \""zip\"": \""\""}""}, ""contractor_trade"": ""Mechanical Contractor"", ""contractor_company_name"": ""Generations HVAC"", ""contractor_full_name"": ""Edward Pessin"", ""contractor_phone"": ""5128212548"", ""contractor_address1"": ""17513 ROBINH"", ""contractor_address2"": ""LAGO VISTA T"", ""contractor_city"": ""LAGO VISTA"", ""contractor_zip"": ""78645"", ""certificate_of_occupancy"": ""No""}",2026-05-03T10:54:27.260194+00:00
2026-053561 BP,"New construction of 2 story sfr condo with 3 beds 2.5 baths and attached 2 car garage

PUD",2026-05-01T00:00:00+00:00,New,Building Permit,0.0,David Weekley Homes (MAIN),Active,5708 FORKS RD,78747,Residential,5128218885,https://abc.austintexas.gov/web/permit/public-search-other?t_detail=1&t_selected_folderrsn=13695689,2026-05-01T00:00:00+00:00,"{""permittype"": ""BP"", ""permit_type_desc"": ""Building Permit"", ""permit_number"": ""2026-053561 BP"", ""permit_class_mapped"": ""Residential"", ""permit_class"": ""R- 101 Single Family Houses"", ""work_class"": ""New"", ""condominium"": ""Yes"", ""permit_location"": ""5708 FORKS RD"", ""description"": ""New construction of 2 story sfr condo with 3 beds 2.5 baths and attached 2 car garage\n\nPUD"", ""tcad_id"": ""0438011501"", ""applieddate"": ""2026-04-15T00:00:00.000"", ""issue_date"": ""2026-05-01T00:00:00.000"", ""day_issued"": ""FRIDAY"", ""calendar_year_issued"": ""2026"", ""fiscal_year_issued"": ""2026"", ""issued_in_last_30_days"": ""Yes"", ""issue_method"": ""Permit Center"", ""status_current"": ""Active"", ""statusdate"": ""2026-05-01T00:00:00.000"", ""expiresdate"": ""2026-10-29T00:00:00.000"", ""total_new_add_sqft"": ""2314"", ""total_job_valuation"": ""0"", ""number_of_floors"": ""2"", ""housing_units"": ""1"", ""original_address1"": ""5708 FORKS RD"", ""original_city"": ""AUSTIN"", ""original_state"": ""TX"", ""original_zip"": ""78747"", ""council_district"": ""2"", ""jurisdiction"": ""AUSTIN FULL PURPOSE"", ""link"": {""url"": ""https://abc.austintexas.gov/web/permit/public-search-other?t_detail=1&t_selected_folderrsn=13695689""}, ""project_id"": ""13695689"", ""masterpermitnum"": ""13687581"", ""contractor_trade"": ""General Contractor"", ""contractor_company_name"": ""David Weekley Homes (MAIN)"", ""contractor_full_name"": ""Robin Campbell"", ""contractor_phone"": ""5128218885"", ""contractor_address2"": ""9000  Waterf"", ""contractor_city"": ""AUSTIN"", ""contractor_zip"": ""78758"", ""applicant_full_name"": ""Robin Campbell"", ""applicant_org"": ""David Weekley Homes (MAIN)"", ""applicant_phone"": ""5128218885"", ""applicant_address2"": ""9000  Waterf"", ""applicant_city"": ""AUSTIN"", ""applicantzip"": ""78758"", ""certificate_of_occupancy"": ""Yes"", ""total_lot_sq_ft"": ""2314""}",2026-05-03T10:54:27.260194+00:00
2026-053419 BP,Retroactive permit. Enclose covered porch conduct interior remodel including replacement and addition of windows bathroom and kitchen remodel replace,2026-05-01T00:00:00+00:00,Addition and Remodel,Building Permit,1.0,Michael Rubinov,Active,3512 OAK SPRINGS DR,78721,Residential,2678083351,https://abc.austintexas.gov/web/permit/public-search-other?t_detail=1&t_selected_folderrsn=13695534,2026-05-01T00:00:00+00:00,"{""permittype"": ""BP"", ""permit_type_desc"": ""Building Permit"", ""permit_number"": ""2026-053419 BP"", ""permit_class_mapped"": ""Residential"", ""permit_class"": ""R- 434 Addition & Alterations"", ""work_class"": ""Addition and Remodel"", ""condominium"": ""No"", ""permit_location"": ""3512 OAK SPRINGS DR"", ""description"": ""Retroactive permit. Enclose covered porch conduct interior remodel including replacement and addition of windows bathroom and kitchen remodel replace"", ""tcad_id"": ""0209160457"", ""legal_description"": ""LOT 8 NUEVA VIDA I-A"", ""applieddate"": ""2026-02-24T00:00:00.000"", ""issue_date"": ""2026-05-01T00:00:00.000"", ""day_issued"": ""FRIDAY"", ""calendar_year_issued"": ""2026"", ""fiscal_year_issued"": ""2026"", ""issued_in_last_30_days"": ""Yes"", ""issue_method"": ""Permit Center"", ""status_current"": ""Active"", ""statusdate"": ""2026-05-01T00:00:00.000"", ""expiresdate"": ""2026-10-29T00:00:00.000"", ""remodel_repair_sqft"": ""1"", ""total_new_add_sqft"": ""671"", ""total_valuation_remodel"": ""0"", ""total_job_valuation"": ""1"", ""number_of_floors"": ""2"", ""housing_units"": ""1"", ""building_valuation_remodel"": ""0"", ""electrical_valuation_remodel"": ""0"", ""mechanical_valuation_remodel"": ""0"", ""plumbing_valuation_remodel"": ""0"", ""original_address1"": ""3512 OAK SPRINGS DR"", ""original_city"": ""AUSTIN"", ""original_state"": ""TX"", ""original_zip"": ""78721"", ""council_district"": ""1"", ""jurisdiction"": ""AUSTIN FULL PURPOSE"", ""link"": {""url"": ""https://abc.austintexas.gov/web/permit/public-search-other?t_detail=1&t_selected_folderrsn=13695534""}, ""project_id"": ""13695534"", ""masterpermitnum"": ""13660074"", ""latitude"": ""30.27404686"", ""longitude"": ""-97.69469684"", ""location"": {""latitude"": ""30.27404686"", ""longitude"": ""-97.69469684"", ""human_address"": ""{\""address\"": \""\"", \""city\"": \""\"", \""state\"": \""\"", \""zip\"": \""\""}""}, ""contractor_trade"": ""General Contractor"", ""contractor_full_name"": ""Michael Rubinov"", ""contractor_phone"": ""2678083351"", ""contractor_address1"": ""1612 PENNSYL"", ""contractor_address2"": ""AUSTIN TX  7"", ""contractor_city"": ""AUSTIN"", ""contractor_zip"": ""78702"", ""applicant_full_name"": ""Michael Rubinov"", ""applicant_phone"": ""2678083351"", ""applicant_address1"": ""1612 PENNSYL"", ""applicant_address2"": ""AUSTIN TX  7"", ""applicant_city"": ""AUSTIN"", ""applicantzip"": ""78702"", ""certificate_of_occupancy"": ""No"", ""total_lot_sq_ft"": ""6506""}",2026-05-03T10:54:27.260194+00:00
2026-054084 MP,Replacement of complete existing central heat and air system with or without duct work,2026-05-01T00:00:00+00:00,Change Out,Mechanical Permit,,"Airsheen Services, LLC",Active,10300 TULAROSA PASS,78726,Residential,5125774776,https://abc.austintexas.gov/web/permit/public-search-other?t_detail=1&t_selected_folderrsn=13696336,2026-05-01T00:00:00+00:00,"{""permittype"": ""MP"", ""permit_type_desc"": ""Mechanical Permit"", ""permit_number"": ""2026-054084 MP"", ""permit_class_mapped"": ""Residential"", ""permit_class"": ""Residential"", ""work_class"": ""Change Out"", ""permit_location"": ""10300 TULAROSA PASS"", ""description"": ""Replacement of complete existing central heat and air system with or without duct work"", ""tcad_id"": ""0166210946"", ""legal_description"": ""LOT 52 BLK B CANYON CREEK SEC 32"", ""applieddate"": ""2026-04-30T00:00:00.000"", ""issue_date"": ""2026-05-01T00:00:00.000"", ""day_issued"": ""FRIDAY"", ""calendar_year_issued"": ""2026"", ""fiscal_year_issued"": ""2026"", ""issued_in_last_30_days"": ""Yes"", ""issue_method"": ""Permit Center"", ""status_current"": ""Active"", ""statusdate"": ""2026-05-01T00:00:00.000"", ""expiresdate"": ""2026-10-28T00:00:00.000"", ""original_address1"": ""10300 TULAROSA PASS"", ""original_city"": ""AUSTIN"", ""original_state"": ""TX"", ""original_zip"": ""78726"", ""council_district"": ""6"", ""jurisdiction"": ""AUSTIN FULL PURPOSE"", ""link"": {""url"": ""https://abc.austintexas.gov/web/permit/public-search-other?t_detail=1&t_selected_folderrsn=13696336""}, ""project_id"": ""13696336"", ""latitude"": ""30.42998064"", ""longitude"": ""-97.82000598"", ""location"": {""latitude"": ""30.42998064"", ""longitude"": ""-97.82000598"", ""human_address"": ""{\""address\"": \""\"", \""city\"": \""\"", \""state\"": \""\"", \""zip\"": \""\""}""}, ""contractor_trade"": ""Mechanical Contractor"", ""contractor_company_name"": ""Airsheen Services, LLC"", ""contractor_full_name"": ""Shahin Shahidi"", ""contractor_phone"": ""5125774776"", ""contractor_address1"": ""13492 RESEAR"", ""contractor_address2"": ""AUSTIN TX  7"", ""contractor_city"": ""AUSTIN"", ""contractor_zip"": ""78752""}",2026-05-03T10:54:27.260194+00:00
2026-052418 BP,Randall 3314 C Right New - 2 Story SFR CONDOMINUM w/ 3 bedrooms 2.5 bathrooms attached 2 car garage covered entry porch and patio FFE: 681.34 Site Pla,2026-05-01T00:00:00+00:00,New,Building Permit,0.0,Eva Mata,Active,13208 KEEFER DR,78652,Residential,,https://abc.austintexas.gov/web/permit/public-search-other?t_detail=1&t_selected_folderrsn=13694452,2026-05-01T00:00:00+00:00,"{""permittype"": ""BP"", ""permit_type_desc"": ""Building Permit"", ""permit_number"": ""2026-052418 BP"", ""permit_class_mapped"": ""Residential"", ""permit_class"": ""R- 101 Single Family Houses"", ""work_class"": ""New"", ""condominium"": ""Yes"", ""permit_location"": ""13208 KEEFER DR"", ""description"": ""Randall 3314 C Right New - 2 Story SFR CONDOMINUM w/ 3 bedrooms 2.5 bathrooms attached 2 car garage covered entry porch and patio FFE: 681.34 Site Pla"", ""tcad_id"": ""0451150901"", ""applieddate"": ""2026-04-15T00:00:00.000"", ""issue_date"": ""2026-05-01T00:00:00.000"", ""day_issued"": ""FRIDAY"", ""calendar_year_issued"": ""2026"", ""fiscal_year_issued"": ""2026"", ""issued_in_last_30_days"": ""Yes"", ""issue_method"": ""Permit Center"", ""status_current"": ""Active"", ""statusdate"": ""2026-05-01T00:00:00.000"", ""expiresdate"": ""2026-10-29T00:00:00.000"", ""total_new_add_sqft"": ""2433"", ""total_job_valuation"": ""0"", ""number_of_floors"": ""2"", ""housing_units"": ""1"", ""original_address1"": ""13208 KEEFER DR"", ""original_city"": ""AUSTIN"", ""original_state"": ""TX"", ""original_zip"": ""78652"", ""council_district"": ""5"", ""jurisdiction"": ""AUSTIN LTD"", ""link"": {""url"": ""https://abc.austintexas.gov/web/permit/public-search-other?t_detail=1&t_selected_folderrsn=13694452""}, ""project_id"": ""13694452"", ""masterpermitnum"": ""13687477"", ""contractor_trade"": ""General Contractor"", ""contractor_full_name"": ""Eva Mata"", ""contractor_phone"": ""512"", ""contractor_city"": ""Austin"", ""applicant_full_name"": ""Eva Mata"", ""applicant_phone"": ""512"", ""applicant_city"": ""Austin"", ""certificate_of_occupancy"": ""Yes"", ""total_lot_sq_ft"": ""0""}",2026-05-03T10:54:27.260194+00:00
2026-053351 PP,"Replacement of an existing water heater new 40-gallon natural gas water heater  change out 

8602 Bowling Green Drive Austin TX 78757",2026-05-01T00:00:00+00:00,Change Out,Plumbing Permit,,Radiant Plumbing & AC,Active,8602 BOWLING GREEN DR,78757,Residential,5122639988,https://abc.austintexas.gov/web/permit/public-search-other?t_detail=1&t_selected_folderrsn=13695461,2026-05-01T00:00:00+00:00,"{""permittype"": ""PP"", ""permit_type_desc"": ""Plumbing Permit"", ""permit_number"": ""2026-053351 PP"", ""permit_class_mapped"": ""Residential"", ""permit_class"": ""Residential"", ""work_class"": ""Change Out"", ""permit_location"": ""8602 BOWLING GREEN DR"", ""description"": ""Replacement of an existing water heater new 40-gallon natural gas water heater  change out \n\n8602 Bowling Green Drive Austin TX 78757"", ""tcad_id"": ""0244070214"", ""legal_description"": ""LOT 15 & N 30FT LOT 16 BLK C BOWLING GREEN"", ""applieddate"": ""2026-04-29T00:00:00.000"", ""issue_date"": ""2026-05-01T00:00:00.000"", ""day_issued"": ""FRIDAY"", ""calendar_year_issued"": ""2026"", ""fiscal_year_issued"": ""2026"", ""issued_in_last_30_days"": ""Yes"", ""issue_method"": ""Permit Center"", ""status_current"": ""Active"", ""statusdate"": ""2026-05-01T00:00:00.000"", ""expiresdate"": ""2026-10-28T00:00:00.000"", ""original_address1"": ""8602 BOWLING GREEN DR"", ""original_city"": ""AUSTIN"", ""original_state"": ""TX"", ""original_zip"": ""78757"", ""council_district"": ""4"", ""jurisdiction"": ""AUSTIN FULL PURPOSE"", ""link"": {""url"": ""https://abc.austintexas.gov/web/permit/public-search-other?t_detail=1&t_selected_folderrsn=13695461""}, ""project_id"": ""13695461"", ""latitude"": ""30.3679588"", ""longitude"": ""-97.72686843"", ""location"": {""latitude"": ""30.3679588"", ""longitude"": ""-97.72686843"", ""human_address"": ""{\""address\"": \""\"", \""city\"": \""\"", \""state\"": \""\"", \""zip\"": \""\""}""}, ""contractor_trade"": ""Plumbing Contractor"", ""contractor_company_name"": ""Radiant Plumbing & AC"", ""contractor_full_name"": ""Jacob Schmidt"", ""contractor_phone"": ""5122639988"", ""contractor_address2"": ""901  REINLI"", ""contractor_city"": ""AUSTIN"", ""contractor_zip"": ""78751-____""}",2026-05-03T10:54:27.260194+00:00
2026-053683 BP,ePlan: Residential Expedited Review - New construction of a 2-Story Duplex [4bed 4bath]. Unit A,2026-05-01T00:00:00+00:00,New,Building Permit,0.0,Co-Sci Construction LLC **MAIN**,Active,1812 MARGARET ST UNIT A,78704,Residential,4693941563,https://abc.austintexas.gov/web/permit/public-search-other?t_detail=1&t_selected_folderrsn=13695853,2026-05-01T00:00:00+00:00,"{""permittype"": ""BP"", ""permit_type_desc"": ""Building Permit"", ""permit_number"": ""2026-053683 BP"", ""permit_class_mapped"": ""Residential"", ""permit_class"": ""R- 103 Two Family Bldgs"", ""work_class"": ""New"", ""condominium"": ""No"", ""permit_location"": ""1812 MARGARET ST UNIT A"", ""description"": ""ePlan: Residential Expedited Review - New construction of a 2-Story Duplex [4bed 4bath]. Unit A"", ""tcad_id"": ""0102051616"", ""legal_description"": ""LOT 4 BLK A SOUTH LUND SOUTH"", ""applieddate"": ""2026-03-13T00:00:00.000"", ""issue_date"": ""2026-05-01T00:00:00.000"", ""day_issued"": ""FRIDAY"", ""calendar_year_issued"": ""2026"", ""fiscal_year_issued"": ""2026"", ""issued_in_last_30_days"": ""Yes"", ""issue_method"": ""Permit Center"", ""status_current"": ""Active"", ""statusdate"": ""2026-05-01T00:00:00.000"", ""expiresdate"": ""2026-10-29T00:00:00.000"", ""total_new_add_sqft"": ""3519"", ""total_job_valuation"": ""0"", ""number_of_floors"": ""2"", ""housing_units"": ""1"", ""original_address1"": ""1812 MARGARET ST UNIT A"", ""original_city"": ""AUSTIN"", ""original_state"": ""TX"", ""original_zip"": ""78704"", ""council_district"": ""5"", ""jurisdiction"": ""AUSTIN FULL PURPOSE"", ""link"": {""url"": ""https://abc.austintexas.gov/web/permit/public-search-other?t_detail=1&t_selected_folderrsn=13695853""}, ""project_id"": ""13695853"", ""masterpermitnum"": ""13669625"", ""contractor_trade"": ""General Contractor"", ""contractor_company_name"": ""Co-Sci Construction LLC **MAIN**"", ""contractor_full_name"": ""Mark Roberts"", ""contractor_phone"": ""4693941563"", ""contractor_address2"": ""1504 S Walnu"", ""contractor_city"": ""Georgetown"", ""contractor_zip"": ""78626"", ""applicant_full_name"": ""Mark Roberts"", ""applicant_org"": ""Co-Sci Construction LLC **MAIN**"", ""applicant_phone"": ""4693941563"", ""applicant_address2"": ""1504 S Walnu"", ""applicant_city"": ""Georgetown"", ""applicantzip"": ""78626"", ""certificate_of_occupancy"": ""Yes"", ""total_lot_sq_ft"": ""7667""}",2026-05-03T10:54:27.260194+00:00
2026-054144 PP,Replacement of an existing water heater,2026-05-01T00:00:00+00:00,Change Out,Plumbing Permit,,Proven Plumbing LLC,Active,13009 CANDLESTICK PL,78727,Residential,5122965604,https://abc.austintexas.gov/web/permit/public-search-other?t_detail=1&t_selected_folderrsn=13696401,2026-05-01T00:00:00+00:00,"{""permittype"": ""PP"", ""permit_type_desc"": ""Plumbing Permit"", ""permit_number"": ""2026-054144 PP"", ""permit_class_mapped"": ""Residential"", ""permit_class"": ""Residential"", ""work_class"": ""Change Out"", ""permit_location"": ""13009 CANDLESTICK PL"", ""description"": ""Replacement of an existing water heater"", ""tcad_id"": ""0264180411"", ""legal_description"": ""LOT 17 BLK O LAMPLIGHT VILLAGE SEC 3"", ""applieddate"": ""2026-04-30T00:00:00.000"", ""issue_date"": ""2026-05-01T00:00:00.000"", ""day_issued"": ""FRIDAY"", ""calendar_year_issued"": ""2026"", ""fiscal_year_issued"": ""2026"", ""issued_in_last_30_days"": ""Yes"", ""issue_method"": ""Permit Center"", ""status_current"": ""Active"", ""statusdate"": ""2026-05-01T00:00:00.000"", ""expiresdate"": ""2026-10-28T00:00:00.000"", ""original_address1"": ""13009 CANDLESTICK PL"", ""original_city"": ""AUSTIN"", ""original_state"": ""TX"", ""original_zip"": ""78727"", ""council_district"": ""7"", ""jurisdiction"": ""AUSTIN FULL PURPOSE"", ""link"": {""url"": ""https://abc.austintexas.gov/web/permit/public-search-other?t_detail=1&t_selected_folderrsn=13696401""}, ""project_id"": ""13696401"", ""latitude"": ""30.42314135"", ""longitude"": ""-97.69105643"", ""location"": {""latitude"": ""30.42314135"", ""longitude"": ""-97.69105643"", ""human_address"": ""{\""address\"": \""\"", \""city\"": \""\"", \""state\"": \""\"", \""zip\"": \""\""}""}, ""contractor_trade"": ""Plumbing Contractor"", ""contractor_company_name"": ""Proven Plumbing LLC"", ""contractor_full_name"": ""Louis H Natale"", ""contractor_phone"": ""5122965604"", ""contractor_address2"": ""604  Timber"", ""contractor_city"": ""Cedar Park"", ""contractor_zip"": ""78613""}",2026-05-03T10:54:27.260194+00:00
2025-160977 BP,Interior Remodel of a single-family residence.,2026-05-01T00:00:00+00:00,Addition and Remodel,Building Permit,1.0,Chioco Development Inc.,Active,706 WINFLO DR,78703,Residential,5127793813,https://abc.austintexas.gov/web/permit/public-search-other?t_detail=1&t_selected_folderrsn=13631525,2026-05-01T00:00:00+00:00,"{""permittype"": ""BP"", ""permit_type_desc"": ""Building Permit"", ""permit_number"": ""2025-160977 BP"", ""permit_class_mapped"": ""Residential"", ""permit_class"": ""R- 434 Addition & Alterations"", ""work_class"": ""Addition and Remodel"", ""condominium"": ""No"", ""permit_location"": ""706 WINFLO DR"", ""description"": ""Interior Remodel of a single-family residence."", ""tcad_id"": ""0108031131"", ""legal_description"": ""LOT 9 PARK VIEW"", ""applieddate"": ""2025-11-26T00:00:00.000"", ""issue_date"": ""2026-05-01T00:00:00.000"", ""day_issued"": ""FRIDAY"", ""calendar_year_issued"": ""2026"", ""fiscal_year_issued"": ""2026"", ""issued_in_last_30_days"": ""Yes"", ""issue_method"": ""Permit Center"", ""status_current"": ""Active"", ""statusdate"": ""2026-05-01T00:00:00.000"", ""expiresdate"": ""2026-10-29T00:00:00.000"", ""remodel_repair_sqft"": ""1437"", ""total_new_add_sqft"": ""0"", ""total_valuation_remodel"": ""0"", ""total_job_valuation"": ""1"", ""number_of_floors"": ""1"", ""housing_units"": ""1"", ""building_valuation_remodel"": ""0"", ""electrical_valuation_remodel"": ""0"", ""mechanical_valuation_remodel"": ""0"", ""plumbing_valuation_remodel"": ""0"", ""original_address1"": ""706 WINFLO DR"", ""original_city"": ""AUSTIN"", ""original_state"": ""TX"", ""original_zip"": ""78703"", ""council_district"": ""9"", ""jurisdiction"": ""AUSTIN FULL PURPOSE"", ""link"": {""url"": ""https://abc.austintexas.gov/web/permit/public-search-other?t_detail=1&t_selected_folderrsn=13631525""}, ""project_id"": ""13631525"", ""masterpermitnum"": ""13620968"", ""latitude"": ""30.27509455"", ""longitude"": ""-97.75877546"", ""location"": {""latitude"": ""30.27509455"", ""longitude"": ""-97.75877546"", ""human_address"": ""{\""address\"": \""\"", \""city\"": \""\"", \""state\"": \""\"", \""zip\"": \""\""}""}, ""contractor_trade"": ""General Contractor"", ""contractor_company_name"": ""Chioco Development Inc."", ""contractor_full_name"": ""Joey Chioco"", ""contractor_phone"": ""5127793813"", ""contractor_address2"": ""1204  MADISO"", ""contractor_city"": ""AUSTIN"", ""contractor_zip"": ""78757"", ""applicant_full_name"": ""Joey Chioco"", ""applicant_org"": ""Chioco Development Inc."", ""applicant_phone"": ""5127793813"", ""applicant_address2"": ""1204  MADISO"", ""applicant_city"": ""AUSTIN"", ""applicantzip"": ""78757"", ""certificate_of_occupancy"": ""No"", ""total_lot_sq_ft"": ""0""}",2026-05-03T10:54:27.260194+00:00
2026-053637 PP,Replaced Log Lighter Valve,2026-05-01T00:00:00+00:00,Repair,Plumbing Permit,,"NEW ABACUS, LLC",Active,6001 MESSENGER STAKE,78746,Residential,5125664182,https://abc.austintexas.gov/web/permit/public-search-other?t_detail=1&t_selected_folderrsn=13695794,2026-05-01T00:00:00+00:00,"{""permittype"": ""PP"", ""permit_type_desc"": ""Plumbing Permit"", ""permit_number"": ""2026-053637 PP"", ""permit_class_mapped"": ""Residential"", ""permit_class"": ""Residential"", ""work_class"": ""Repair"", ""condominium"": ""No"", ""permit_location"": ""6001 MESSENGER STAKE"", ""description"": ""Replaced Log Lighter Valve"", ""tcad_id"": ""0131150611"", ""legal_description"": ""LOT 1 DAVENPORT RANCH PHS 3 SEC 3"", ""applieddate"": ""2026-04-30T00:00:00.000"", ""issue_date"": ""2026-05-01T00:00:00.000"", ""day_issued"": ""FRIDAY"", ""calendar_year_issued"": ""2026"", ""fiscal_year_issued"": ""2026"", ""issued_in_last_30_days"": ""Yes"", ""issue_method"": ""Permit Center"", ""status_current"": ""Active"", ""statusdate"": ""2026-05-01T00:00:00.000"", ""expiresdate"": ""2026-10-28T00:00:00.000"", ""remodel_repair_sqft"": ""2857"", ""number_of_floors"": ""0"", ""housing_units"": ""0"", ""original_address1"": ""6001 MESSENGER STAKE"", ""original_city"": ""AUSTIN"", ""original_state"": ""TX"", ""original_zip"": ""78746"", ""council_district"": ""8"", ""jurisdiction"": ""AUSTIN FULL PURPOSE"", ""link"": {""url"": ""https://abc.austintexas.gov/web/permit/public-search-other?t_detail=1&t_selected_folderrsn=13695794""}, ""project_id"": ""13695794"", ""latitude"": ""30.3382066"", ""longitude"": ""-97.8016029"", ""location"": {""latitude"": ""30.3382066"", ""longitude"": ""-97.8016029"", ""human_address"": ""{\""address\"": \""\"", \""city\"": \""\"", \""state\"": \""\"", \""zip\"": \""\""}""}, ""contractor_trade"": ""Plumbing Contractor"", ""contractor_company_name"": ""NEW ABACUS, LLC"", ""contractor_full_name"": ""ALAN O'NEILL"", ""contractor_phone"": ""5125664182"", ""contractor_address1"": ""2105  DENTON"", ""contractor_city"": ""Austin"", ""contractor_zip"": ""78758"", ""certificate_of_occupancy"": ""No""}",2026-05-03T10:54:27.260194+00:00
2026-053076 MP,Replacement of complete existing central heat and air system with or without duct work HVAC Changeout/Alteration: replace and install 2.5 ton air cond,2026-05-01T00:00:00+00:00,Change Out,Mechanical Permit,,Strand Brothers Service Experts,Active,5602 SHADY OAK CT,78756,Residential,3462663635,https://abc.austintexas.gov/web/permit/public-search-other?t_detail=1&t_selected_folderrsn=13695163,2026-05-01T00:00:00+00:00,"{""permittype"": ""MP"", ""permit_type_desc"": ""Mechanical Permit"", ""permit_number"": ""2026-053076 MP"", ""permit_class_mapped"": ""Residential"", ""permit_class"": ""Residential"", ""work_class"": ""Change Out"", ""permit_location"": ""5602 SHADY OAK CT"", ""description"": ""Replacement of complete existing central heat and air system with or without duct work HVAC Changeout/Alteration: replace and install 2.5 ton air cond"", ""tcad_id"": ""0230010532"", ""legal_description"": ""LOT 38 BLK D SHOALMONT ADDN SEC 4"", ""applieddate"": ""2026-04-29T00:00:00.000"", ""issue_date"": ""2026-05-01T00:00:00.000"", ""day_issued"": ""FRIDAY"", ""calendar_year_issued"": ""2026"", ""fiscal_year_issued"": ""2026"", ""issued_in_last_30_days"": ""Yes"", ""issue_method"": ""Permit Center"", ""status_current"": ""Active"", ""statusdate"": ""2026-05-01T00:00:00.000"", ""expiresdate"": ""2026-10-28T00:00:00.000"", ""original_address1"": ""5602 SHADY OAK CT"", ""original_city"": ""AUSTIN"", ""original_state"": ""TX"", ""original_zip"": ""78756"", ""council_district"": ""7"", ""jurisdiction"": ""AUSTIN FULL PURPOSE"", ""link"": {""url"": ""https://abc.austintexas.gov/web/permit/public-search-other?t_detail=1&t_selected_folderrsn=13695163""}, ""project_id"": ""13695163"", ""latitude"": ""30.33290771"", ""longitude"": ""-97.74735295"", ""location"": {""latitude"": ""30.33290771"", ""longitude"": ""-97.74735295"", ""human_address"": ""{\""address\"": \""\"", \""city\"": \""\"", \""state\"": \""\"", \""zip\"": \""\""}""}, ""contractor_trade"": ""Mechanical Contractor"", ""contractor_company_name"": ""Strand Brothers Service Experts"", ""contractor_full_name"": ""Michael McCoy"", ""contractor_phone"": ""3462663635"", ""contractor_address2"": ""5811  TECHNI"", ""contractor_city"": ""AUSTIN"", ""contractor_zip"": ""78721-____""}",2026-05-03T10:54:27.260194+00:00
2026-052281 MP,Brahman 3318 B Right New - 2 Story SFR CONDOMINUM w/ 4 bedrooms 2.5 bathrooms attached 2 car garage covered entry porch and patio FFE: 682.10 Site Pla,2026-05-01T00:00:00+00:00,New,Mechanical Permit,,IES Residential Inc,Active,700 BOLEY DR,78652,Residential,5125615002,https://abc.austintexas.gov/web/permit/public-search-other?t_detail=1&t_selected_folderrsn=13694289,2026-05-01T00:00:00+00:00,"{""permittype"": ""MP"", ""permit_type_desc"": ""Mechanical Permit"", ""permit_number"": ""2026-052281 MP"", ""permit_class_mapped"": ""Residential"", ""permit_class"": ""R- 101 Single Family Houses"", ""work_class"": ""New"", ""condominium"": ""No"", ""permit_location"": ""700 BOLEY DR"", ""description"": ""Brahman 3318 B Right New - 2 Story SFR CONDOMINUM w/ 4 bedrooms 2.5 bathrooms attached 2 car garage covered entry porch and patio FFE: 682.10 Site Pla"", ""tcad_id"": ""0451150901"", ""applieddate"": ""2026-04-15T00:00:00.000"", ""issue_date"": ""2026-05-01T00:00:00.000"", ""day_issued"": ""FRIDAY"", ""calendar_year_issued"": ""2026"", ""fiscal_year_issued"": ""2026"", ""issued_in_last_30_days"": ""Yes"", ""issue_method"": ""Permit Center"", ""status_current"": ""Active"", ""statusdate"": ""2026-05-01T00:00:00.000"", ""expiresdate"": ""2026-10-29T00:00:00.000"", ""total_new_add_sqft"": ""2946"", ""number_of_floors"": ""2"", ""housing_units"": ""1"", ""original_address1"": ""700 BOLEY DR"", ""original_city"": ""AUSTIN"", ""original_state"": ""TX"", ""original_zip"": ""78652"", ""council_district"": ""5"", ""jurisdiction"": ""AUSTIN LTD"", ""link"": {""url"": ""https://abc.austintexas.gov/web/permit/public-search-other?t_detail=1&t_selected_folderrsn=13694289""}, ""project_id"": ""13694289"", ""masterpermitnum"": ""13694284"", ""contractor_trade"": ""Mechanical Contractor"", ""contractor_company_name"": ""IES Residential Inc"", ""contractor_full_name"": ""Charles Faught"", ""contractor_phone"": ""5125615002"", ""contractor_address2"": ""13279  POND"", ""contractor_city"": ""AUSTIN"", ""contractor_zip"": ""78729-____"", ""certificate_of_occupancy"": ""No""}",2026-05-03T10:54:27.260194+00:00
2026-053434 EP,Request to disconnect new 150 amp automatic transfer switch installation on existing 150 amp panel no new meter can required,2026-05-01T00:00:00+00:00,Repair,Electrical Permit,,Horus Partners,Active,1811 BELFORD DR,78757,Residential,5124765555,https://abc.austintexas.gov/web/permit/public-search-other?t_detail=1&t_selected_folderrsn=13695552,2026-05-01T00:00:00+00:00,"{""permittype"": ""EP"", ""permit_type_desc"": ""Electrical Permit"", ""permit_number"": ""2026-053434 EP"", ""permit_class_mapped"": ""Residential"", ""permit_class"": ""Residential"", ""work_class"": ""Repair"", ""condominium"": ""No"", ""permit_location"": ""1811 BELFORD DR"", ""description"": ""Request to disconnect new 150 amp automatic transfer switch installation on existing 150 amp panel no new meter can required"", ""tcad_id"": ""0238081101"", ""legal_description"": ""LOT 1 BLK B ALLANDALE NORTH SEC 1"", ""applieddate"": ""2026-04-29T00:00:00.000"", ""issue_date"": ""2026-05-01T00:00:00.000"", ""day_issued"": ""FRIDAY"", ""calendar_year_issued"": ""2026"", ""fiscal_year_issued"": ""2026"", ""issued_in_last_30_days"": ""Yes"", ""issue_method"": ""Permit Center"", ""status_current"": ""Active"", ""statusdate"": ""2026-05-01T00:00:00.000"", ""expiresdate"": ""2026-10-28T00:00:00.000"", ""remodel_repair_sqft"": ""0"", ""number_of_floors"": ""1"", ""housing_units"": ""1"", ""electrical_valuation_remodel"": ""3000"", ""original_address1"": ""1811 BELFORD DR"", ""original_city"": ""AUSTIN"", ""original_state"": ""TX"", ""original_zip"": ""78757"", ""council_district"": ""4"", ""jurisdiction"": ""AUSTIN FULL PURPOSE"", ""link"": {""url"": ""https://abc.austintexas.gov/web/permit/public-search-other?t_detail=1&t_selected_folderrsn=13695552""}, ""project_id"": ""13695552"", ""latitude"": ""30.35493721"", ""longitude"": ""-97.72504156"", ""location"": {""latitude"": ""30.35493721"", ""longitude"": ""-97.72504156"", ""human_address"": ""{\""address\"": \""\"", \""city\"": \""\"", \""state\"": \""\"", \""zip\"": \""\""}""}, ""contractor_trade"": ""Electrical Contractor"", ""contractor_company_name"": ""Horus Partners"", ""contractor_full_name"": ""Mark Pride"", ""contractor_phone"": ""5124765555"", ""contractor_address2"": ""2000 S 7th S"", ""contractor_city"": ""Austin"", ""contractor_zip"": ""78704"", ""certificate_of_occupancy"": ""No""}",2026-05-03T10:54:27.260194+00:00
2025-157402 MP,Unit 103 Bldg 1: New 3-story townhome with 3 bedroom 3.5 bathroom balcony attached 2-car carport.  Part of 3-unit townhome building in 3-unit use.  (9,2026-05-01T00:00:00+00:00,New,Mechanical Permit,,Airtron,Active,4413 BANISTER LN UNIT 103,78745,Residential,5128213163,https://abc.austintexas.gov/web/permit/public-search-other?t_detail=1&t_selected_folderrsn=13627411,2026-05-01T00:00:00+00:00,"{""permittype"": ""MP"", ""permit_type_desc"": ""Mechanical Permit"", ""permit_number"": ""2025-157402 MP"", ""permit_class_mapped"": ""Residential"", ""permit_class"": ""R- 101 Single Family Houses"", ""work_class"": ""New"", ""condominium"": ""No"", ""permit_location"": ""4413 BANISTER LN UNIT 103"", ""description"": ""Unit 103 Bldg 1: New 3-story townhome with 3 bedroom 3.5 bathroom balcony attached 2-car carport.  Part of 3-unit townhome building in 3-unit use.  (9"", ""tcad_id"": ""0410090541"", ""legal_description"": ""BANISTER ACRES RSB LOT 4 BLK 4 BLK 4 LOT 4A"", ""applieddate"": ""2025-04-24T00:00:00.000"", ""issue_date"": ""2026-05-01T00:00:00.000"", ""day_issued"": ""FRIDAY"", ""calendar_year_issued"": ""2026"", ""fiscal_year_issued"": ""2026"", ""issued_in_last_30_days"": ""Yes"", ""issue_method"": ""Permit Center"", ""status_current"": ""Active"", ""statusdate"": ""2026-05-01T00:00:00.000"", ""expiresdate"": ""2026-08-19T00:00:00.000"", ""total_new_add_sqft"": ""1935"", ""number_of_floors"": ""3"", ""housing_units"": ""1"", ""original_address1"": ""4413 BANISTER LN UNIT 103"", ""original_city"": ""AUSTIN"", ""original_state"": ""TX"", ""original_zip"": ""78745"", ""council_district"": ""5"", ""jurisdiction"": ""AUSTIN FULL PURPOSE"", ""link"": {""url"": ""https://abc.austintexas.gov/web/permit/public-search-other?t_detail=1&t_selected_folderrsn=13627411""}, ""project_id"": ""13627411"", ""masterpermitnum"": ""13627395"", ""contractor_trade"": ""Mechanical Contractor"", ""contractor_company_name"": ""Airtron"", ""contractor_full_name"": ""Tamara Enfield"", ""contractor_phone"": ""5128213163"", ""contractor_address2"": ""12112  BOARD"", ""contractor_city"": ""AUSTIN"", ""contractor_zip"": ""78729-____"", ""certificate_of_occupancy"": ""No""}",2026-05-03T10:54:27.260194+00:00
2026-052543 EP,EV charger installation,2026-05-01T00:00:00+00:00,Special Inspections Program,Electrical Permit,,"D and C Electric, Inc",Active,11915 RENNALEE LOOP,78753,Residential,5129544782,https://abc.austintexas.gov/web/permit/public-search-other?t_detail=1&t_selected_folderrsn=13694592,2026-05-01T00:00:00+00:00,"{""permittype"": ""EP"", ""permit_type_desc"": ""Electrical Permit"", ""permit_number"": ""2026-052543 EP"", ""permit_class_mapped"": ""Residential"", ""permit_class"": ""Residential"", ""work_class"": ""Special Inspections Program"", ""condominium"": ""No"", ""permit_location"": ""11915 RENNALEE LOOP"", ""description"": ""EV charger installation"", ""tcad_id"": ""0252200708"", ""legal_description"": ""LOT 9 BLK F OAK RIDGE SEC 3"", ""applieddate"": ""2026-04-28T00:00:00.000"", ""issue_date"": ""2026-05-01T00:00:00.000"", ""day_issued"": ""FRIDAY"", ""calendar_year_issued"": ""2026"", ""fiscal_year_issued"": ""2026"", ""issued_in_last_30_days"": ""Yes"", ""issue_method"": ""Permit Center"", ""status_current"": ""Active"", ""statusdate"": ""2026-05-01T00:00:00.000"", ""expiresdate"": ""2026-10-28T00:00:00.000"", ""electrical_valuation_remodel"": ""900"", ""original_address1"": ""11915 RENNALEE LOOP"", ""original_city"": ""AUSTIN"", ""original_state"": ""TX"", ""original_zip"": ""78753"", ""council_district"": ""7"", ""jurisdiction"": ""AUSTIN FULL PURPOSE"", ""link"": {""url"": ""https://abc.austintexas.gov/web/permit/public-search-other?t_detail=1&t_selected_folderrsn=13694592""}, ""project_id"": ""13694592"", ""latitude"": ""30.38762598"", ""longitude"": ""-97.678683"", ""location"": {""latitude"": ""30.38762598"", ""longitude"": ""-97.678683"", ""human_address"": ""{\""address\"": \""\"", \""city\"": \""\"", \""state\"": \""\"", \""zip\"": \""\""}""}, ""contractor_trade"": ""Electrical Contractor"", ""contractor_company_name"": ""D and C Electric, Inc"", ""contractor_full_name"": ""Chance Reyes"", ""contractor_phone"": ""5129544782"", ""contractor_address2"": ""3233  Windin"", ""contractor_city"": ""Austin"", ""contractor_zip"": ""78750"", ""certificate_of_occupancy"": ""No""}",2026-05-03T10:54:27.260194+00:00
2026-054177 PP,"New construction multi-family in the etj 32394 sqft
 bldg 10",2026-05-01T00:00:00+00:00,New,Plumbing Permit,,"Red Kings Plumbing Contractors LLC,",Active,5117 E HOWARD LN BLDG 10,78653,Commercial,2109862480,https://abc.austintexas.gov/web/permit/public-search-other?t_detail=1&t_selected_folderrsn=13696434,2026-05-01T00:00:00+00:00,"{""permittype"": ""PP"", ""permit_type_desc"": ""Plumbing Permit"", ""permit_number"": ""2026-054177 PP"", ""permit_class_mapped"": ""Commercial"", ""permit_class"": ""Commercial"", ""work_class"": ""New"", ""condominium"": ""No"", ""permit_location"": ""5117 E HOWARD LN BLDG 10"", ""description"": ""New construction multi-family in the etj 32394 sqft\n bldg 10"", ""tcad_id"": ""0251410337"", ""legal_description"": ""LOT 1 LESS .0900AC THOMISON SUBD & ABS 160 SUR 50 CASTRO M TOTAL 14.686AC"", ""applieddate"": ""2026-04-30T00:00:00.000"", ""issue_date"": ""2026-05-01T00:00:00.000"", ""day_issued"": ""FRIDAY"", ""calendar_year_issued"": ""2026"", ""fiscal_year_issued"": ""2026"", ""issued_in_last_30_days"": ""Yes"", ""issue_method"": ""Permit Center"", ""status_current"": ""Active"", ""statusdate"": ""2026-05-01T00:00:00.000"", ""expiresdate"": ""2026-10-28T00:00:00.000"", ""total_new_add_sqft"": ""32394"", ""number_of_floors"": ""3"", ""housing_units"": ""36"", ""original_address1"": ""5117 E HOWARD LN BLDG 10"", ""original_city"": ""AUSTIN"", ""original_state"": ""TX"", ""original_zip"": ""78653"", ""jurisdiction"": ""AUSTIN 2 MILE ETJ"", ""link"": {""url"": ""https://abc.austintexas.gov/web/permit/public-search-other?t_detail=1&t_selected_folderrsn=13696434""}, ""project_id"": ""13696434"", ""contractor_trade"": ""Plumbing Contractor"", ""contractor_company_name"": ""Red Kings Plumbing Contractors LLC,"", ""contractor_full_name"": ""Ubaldo De Santiago"", ""contractor_phone"": ""2109862480"", ""contractor_address1"": ""PO BOX 70170"", ""contractor_city"": ""San Antonio"", ""contractor_zip"": ""78270-____"", ""certificate_of_occupancy"": ""No""}",2026-05-03T10:54:27.260194+00:00
2026-048200 EP,Add HVAC to office/warehouse tenant space.,2026-05-01T00:00:00+00:00,Remodel,Electrical Permit,,Airco Mechanical LTD,Active,6025 WILCAB RD BLDG 1 UNIT 700,78721,Commercial,5128372917,https://abc.austintexas.gov/web/permit/public-search-other?t_detail=1&t_selected_folderrsn=13689539,2026-05-01T00:00:00+00:00,"{""permittype"": ""EP"", ""permit_type_desc"": ""Electrical Permit"", ""permit_number"": ""2026-048200 EP"", ""permit_class_mapped"": ""Commercial"", ""permit_class"": ""C-1000 Commercial Remodel"", ""work_class"": ""Remodel"", ""condominium"": ""No"", ""permit_location"": ""6025 WILCAB RD BLDG 1 UNIT 700"", ""description"": ""Add HVAC to office/warehouse tenant space."", ""tcad_id"": ""0209230109"", ""legal_description"": ""WILCAB CREATIVE OFFICES BLK A LOT 1"", ""applieddate"": ""2026-03-17T00:00:00.000"", ""issue_date"": ""2026-05-01T00:00:00.000"", ""day_issued"": ""FRIDAY"", ""calendar_year_issued"": ""2026"", ""fiscal_year_issued"": ""2026"", ""issued_in_last_30_days"": ""Yes"", ""issue_method"": ""Permit Center"", ""status_current"": ""Active"", ""statusdate"": ""2026-05-01T00:00:00.000"", ""expiresdate"": ""2026-10-20T00:00:00.000"", ""remodel_repair_sqft"": ""4440"", ""number_of_floors"": ""1"", ""housing_units"": ""1"", ""electrical_valuation_remodel"": ""32521"", ""original_address1"": ""6025 WILCAB RD BLDG 1 UNIT 700"", ""original_city"": ""AUSTIN"", ""original_state"": ""TX"", ""original_zip"": ""78721"", ""council_district"": ""1"", ""jurisdiction"": ""AUSTIN FULL PURPOSE"", ""link"": {""url"": ""https://abc.austintexas.gov/web/permit/public-search-other?t_detail=1&t_selected_folderrsn=13689539""}, ""project_id"": ""13689539"", ""masterpermitnum"": ""13689538"", ""latitude"": ""30.27244946"", ""longitude"": ""-97.67396963"", ""location"": {""latitude"": ""30.27244946"", ""longitude"": ""-97.67396963"", ""human_address"": ""{\""address\"": \""\"", \""city\"": \""\"", \""state\"": \""\"", \""zip\"": \""\""}""}, ""contractor_trade"": ""Electrical Contractor"", ""contractor_company_name"": ""Airco Mechanical LTD"", ""contractor_full_name"": ""Mark Henderson"", ""contractor_phone"": ""5128372917"", ""contractor_address2"": ""1000 S IH 35"", ""contractor_city"": ""ROUND ROCK"", ""contractor_zip"": ""78681"", ""certificate_of_occupancy"": ""No""}",2026-05-03T10:54:27.260194+00:00
2026-052266 MP,Replacement of mini-split system INSTALL NEW MINI SPLT IN THE GARAGE,2026-05-01T00:00:00+00:00,Change Out,Mechanical Permit,,Woods Comfort Systems,Active,6919 GREENSHORES DR,78730,Residential,5123926907,https://abc.austintexas.gov/web/permit/public-search-other?t_detail=1&t_selected_folderrsn=13694268,2026-05-01T00:00:00+00:00,"{""permittype"": ""MP"", ""permit_type_desc"": ""Mechanical Permit"", ""permit_number"": ""2026-052266 MP"", ""permit_class_mapped"": ""Residential"", ""permit_class"": ""Residential"", ""work_class"": ""Change Out"", ""permit_location"": ""6919 GREENSHORES DR"", ""description"": ""Replacement of mini-split system INSTALL NEW MINI SPLT IN THE GARAGE"", ""tcad_id"": ""0133190202"", ""legal_description"": ""LOT 19 BLK 1 GREENSHORES ON LAKE AUSTIN PHS 2"", ""applieddate"": ""2026-04-28T00:00:00.000"", ""issue_date"": ""2026-05-01T00:00:00.000"", ""day_issued"": ""FRIDAY"", ""calendar_year_issued"": ""2026"", ""fiscal_year_issued"": ""2026"", ""issued_in_last_30_days"": ""Yes"", ""issue_method"": ""Permit Center"", ""status_current"": ""Active"", ""statusdate"": ""2026-05-01T00:00:00.000"", ""expiresdate"": ""2026-10-28T00:00:00.000"", ""original_address1"": ""6919 GREENSHORES DR"", ""original_city"": ""AUSTIN"", ""original_state"": ""TX"", ""original_zip"": ""78730"", ""council_district"": ""10"", ""jurisdiction"": ""AUSTIN LTD"", ""link"": {""url"": ""https://abc.austintexas.gov/web/permit/public-search-other?t_detail=1&t_selected_folderrsn=13694268""}, ""project_id"": ""13694268"", ""latitude"": ""30.34309483"", ""longitude"": ""-97.81603875"", ""location"": {""latitude"": ""30.34309483"", ""longitude"": ""-97.81603875"", ""human_address"": ""{\""address\"": \""\"", \""city\"": \""\"", \""state\"": \""\"", \""zip\"": \""\""}""}, ""contractor_trade"": ""Mechanical Contractor"", ""contractor_company_name"": ""Woods Comfort Systems"", ""contractor_full_name"": ""Christopher Woods"", ""contractor_phone"": ""5123926907"", ""contractor_address1"": ""P.O. Box 741"", ""contractor_city"": ""San Marcos"", ""contractor_zip"": ""78667""}",2026-05-03T10:54:27.260194+00:00
2026-053043 PP,Replacement of an existing water heater Replacement of Gas Water Heater Like for Like,2026-05-01T00:00:00+00:00,Change Out,Plumbing Permit,,"NEW ABACUS, LLC",Active,2103 RABB GLEN ST,78704,Residential,5125664182,https://abc.austintexas.gov/web/permit/public-search-other?t_detail=1&t_selected_folderrsn=13695118,2026-05-01T00:00:00+00:00,"{""permittype"": ""PP"", ""permit_type_desc"": ""Plumbing Permit"", ""permit_number"": ""2026-053043 PP"", ""permit_class_mapped"": ""Residential"", ""permit_class"": ""Residential"", ""work_class"": ""Change Out"", ""permit_location"": ""2103 RABB GLEN ST"", ""description"": ""Replacement of an existing water heater Replacement of Gas Water Heater Like for Like"", ""tcad_id"": ""0100080705"", ""legal_description"": ""LOT 2 BLK 2 RABB INWOOD HILLS"", ""applieddate"": ""2026-04-29T00:00:00.000"", ""issue_date"": ""2026-05-01T00:00:00.000"", ""day_issued"": ""FRIDAY"", ""calendar_year_issued"": ""2026"", ""fiscal_year_issued"": ""2026"", ""issued_in_last_30_days"": ""Yes"", ""issue_method"": ""Permit Center"", ""status_current"": ""Active"", ""statusdate"": ""2026-05-01T00:00:00.000"", ""expiresdate"": ""2026-10-28T00:00:00.000"", ""original_address1"": ""2103 RABB GLEN ST"", ""original_city"": ""AUSTIN"", ""original_state"": ""TX"", ""original_zip"": ""78704"", ""council_district"": ""5"", ""jurisdiction"": ""AUSTIN FULL PURPOSE"", ""link"": {""url"": ""https://abc.austintexas.gov/web/permit/public-search-other?t_detail=1&t_selected_folderrsn=13695118""}, ""project_id"": ""13695118"", ""latitude"": ""30.24979236"", ""longitude"": ""-97.77790947"", ""location"": {""latitude"": ""30.24979236"", ""longitude"": ""-97.77790947"", ""human_address"": ""{\""address\"": \""\"", \""city\"": \""\"", \""state\"": \""\"", \""zip\"": \""\""}""}, ""contractor_trade"": ""Plumbing Contractor"", ""contractor_company_name"": ""NEW ABACUS, LLC"", ""contractor_full_name"": ""ALAN O'NEILL"", ""contractor_phone"": ""5125664182"", ""contractor_address1"": ""2105  DENTON"", ""contractor_city"": ""Austin"", ""contractor_zip"": ""78758""}",2026-05-03T10:54:27.260194+00:00
2026-026227 PP,New pool pavilion and bathroom addition to rear of existing SFR,2026-05-01T00:00:00+00:00,New,Plumbing Permit,,PK PLUMBING,Active,4715 BULL CREEK RD,78731,Residential,5129668936,https://abc.austintexas.gov/web/permit/public-search-other?t_detail=1&t_selected_folderrsn=13664465,2026-05-01T00:00:00+00:00,"{""permittype"": ""PP"", ""permit_type_desc"": ""Plumbing Permit"", ""permit_number"": ""2026-026227 PP"", ""permit_class_mapped"": ""Residential"", ""permit_class"": ""R- 330  Accessory Use to Primary"", ""work_class"": ""New"", ""condominium"": ""No"", ""permit_location"": ""4715 BULL CREEK RD"", ""description"": ""New pool pavilion and bathroom addition to rear of existing SFR"", ""tcad_id"": ""0227000909"", ""legal_description"": ""LOT 9 BLK A *RESUB OF BLK A FISET PLACE"", ""applieddate"": ""2025-07-01T00:00:00.000"", ""issue_date"": ""2026-05-01T00:00:00.000"", ""day_issued"": ""FRIDAY"", ""calendar_year_issued"": ""2026"", ""fiscal_year_issued"": ""2026"", ""issued_in_last_30_days"": ""Yes"", ""issue_method"": ""Permit Center"", ""status_current"": ""Active"", ""statusdate"": ""2026-05-01T00:00:00.000"", ""expiresdate"": ""2026-10-11T00:00:00.000"", ""total_new_add_sqft"": ""403"", ""number_of_floors"": ""1"", ""housing_units"": ""1"", ""original_address1"": ""4715 BULL CREEK RD"", ""original_city"": ""AUSTIN"", ""original_state"": ""TX"", ""original_zip"": ""78731"", ""council_district"": ""7"", ""jurisdiction"": ""AUSTIN FULL PURPOSE"", ""link"": {""url"": ""https://abc.austintexas.gov/web/permit/public-search-other?t_detail=1&t_selected_folderrsn=13664465""}, ""project_id"": ""13664465"", ""masterpermitnum"": ""13664447"", ""contractor_trade"": ""Plumbing Contractor"", ""contractor_company_name"": ""PK PLUMBING"", ""contractor_full_name"": ""Peter Kecskes"", ""contractor_phone"": ""5129668936"", ""contractor_address1"": ""PO BOX 954"", ""contractor_address2"": ""CEDAR PARK T"", ""contractor_city"": ""CEDAR PARK"", ""contractor_zip"": ""78630"", ""certificate_of_occupancy"": ""No""}",2026-05-03T10:54:27.260194+00:00
2026-051870 EP,EP is for an electrical service to power up a temporary traffic signal at Kenwood Ave & E Riverside Intersection. TxDOT Project CSJ 0015 13 428.,2026-05-01T00:00:00+00:00,Upgrade,Electrical Permit,,"Sice, Inc",Active,1029 1/2 E RIVERSIDE DR,78704,Commercial,3052183688,https://abc.austintexas.gov/web/permit/public-search-other?t_detail=1&t_selected_folderrsn=13693844,2026-05-01T00:00:00+00:00,"{""permittype"": ""EP"", ""permit_type_desc"": ""Electrical Permit"", ""permit_number"": ""2026-051870 EP"", ""permit_class_mapped"": ""Commercial"", ""permit_class"": ""Commercial"", ""work_class"": ""Upgrade"", ""condominium"": ""No"", ""permit_location"": ""1029 1/2 E RIVERSIDE DR"", ""description"": ""EP is for an electrical service to power up a temporary traffic signal at Kenwood Ave & E Riverside Intersection. TxDOT Project CSJ 0015 13 428."", ""applieddate"": ""2026-04-27T00:00:00.000"", ""issue_date"": ""2026-05-01T00:00:00.000"", ""day_issued"": ""FRIDAY"", ""calendar_year_issued"": ""2026"", ""fiscal_year_issued"": ""2026"", ""issued_in_last_30_days"": ""Yes"", ""issue_method"": ""Permit Center"", ""status_current"": ""Active"", ""statusdate"": ""2026-05-01T00:00:00.000"", ""expiresdate"": ""2026-10-28T00:00:00.000"", ""remodel_repair_sqft"": ""0"", ""number_of_floors"": ""1"", ""housing_units"": ""1"", ""electrical_valuation_remodel"": ""1"", ""original_address1"": ""1029 1/2 E RIVERSIDE DR"", ""original_city"": ""AUSTIN"", ""original_state"": ""TX"", ""original_zip"": ""78704"", ""council_district"": ""9"", ""jurisdiction"": ""AUSTIN FULL PURPOSE"", ""link"": {""url"": ""https://abc.austintexas.gov/web/permit/public-search-other?t_detail=1&t_selected_folderrsn=13693844""}, ""project_id"": ""13693844"", ""contractor_trade"": ""Electrical Contractor"", ""contractor_company_name"": ""Sice, Inc"", ""contractor_full_name"": ""Robert Hernandez"", ""contractor_phone"": ""3052183688"", ""contractor_address2"": ""14350 NW 56t"", ""contractor_city"": ""Miami"", ""contractor_zip"": ""33186-____"", ""certificate_of_occupancy"": ""No""}",2026-05-03T10:54:27.260194+00:00
2026-052929 EP,Upgrade main service panel replace kitchen outlets with GFCIs,2026-05-01T00:00:00+00:00,Upgrade,Electrical Permit,,Longhorn Electric LLC,Active,6012 GLEN MEADOW DR,78745,Residential,7372267017,https://abc.austintexas.gov/web/permit/public-search-other?t_detail=1&t_selected_folderrsn=13694994,2026-05-01T00:00:00+00:00,"{""permittype"": ""EP"", ""permit_type_desc"": ""Electrical Permit"", ""permit_number"": ""2026-052929 EP"", ""permit_class_mapped"": ""Residential"", ""permit_class"": ""Residential"", ""work_class"": ""Upgrade"", ""condominium"": ""No"", ""permit_location"": ""6012 GLEN MEADOW DR"", ""description"": ""Upgrade main service panel replace kitchen outlets with GFCIs"", ""tcad_id"": ""0417100907"", ""legal_description"": ""LOT 33 BLK N FLOURNOYS SWEETBRIAR SEC IX"", ""applieddate"": ""2026-04-28T00:00:00.000"", ""issue_date"": ""2026-05-01T00:00:00.000"", ""day_issued"": ""FRIDAY"", ""calendar_year_issued"": ""2026"", ""fiscal_year_issued"": ""2026"", ""issued_in_last_30_days"": ""Yes"", ""issue_method"": ""Permit Center"", ""status_current"": ""Active"", ""statusdate"": ""2026-05-01T00:00:00.000"", ""expiresdate"": ""2026-10-28T00:00:00.000"", ""remodel_repair_sqft"": ""0"", ""number_of_floors"": ""1"", ""housing_units"": ""1"", ""electrical_valuation_remodel"": ""1"", ""original_address1"": ""6012 GLEN MEADOW DR"", ""original_city"": ""AUSTIN"", ""original_state"": ""TX"", ""original_zip"": ""78745"", ""council_district"": ""2"", ""jurisdiction"": ""AUSTIN FULL PURPOSE"", ""link"": {""url"": ""https://abc.austintexas.gov/web/permit/public-search-other?t_detail=1&t_selected_folderrsn=13694994""}, ""project_id"": ""13694994"", ""latitude"": ""30.20131938"", ""longitude"": ""-97.77879585"", ""location"": {""latitude"": ""30.20131938"", ""longitude"": ""-97.77879585"", ""human_address"": ""{\""address\"": \""\"", \""city\"": \""\"", \""state\"": \""\"", \""zip\"": \""\""}""}, ""contractor_trade"": ""Electrical Contractor"", ""contractor_company_name"": ""Longhorn Electric LLC"", ""contractor_full_name"": ""Homero Canet"", ""contractor_phone"": ""7372267017"", ""contractor_address2"": ""167  Rocky C"", ""contractor_city"": ""MANOR"", ""contractor_zip"": ""78621-____"", ""certificate_of_occupancy"": ""No""}",2026-05-03T10:54:27.260194+00:00
2026-035388 PP,35 tunnel below the foundation to replace entire drain system. 1 access hole - back,2026-05-01T00:00:00+00:00,Repair,Plumbing Permit,,Accurate Leak & Line,Active,1200 NEWPORT AVE,78753,Residential,5122195325,https://abc.austintexas.gov/web/permit/public-search-other?t_detail=1&t_selected_folderrsn=13674943,2026-05-01T00:00:00+00:00,"{""permittype"": ""PP"", ""permit_type_desc"": ""Plumbing Permit"", ""permit_number"": ""2026-035388 PP"", ""permit_class_mapped"": ""Residential"", ""permit_class"": ""Residential"", ""work_class"": ""Repair"", ""condominium"": ""No"", ""permit_location"": ""1200 NEWPORT AVE"", ""description"": ""35 tunnel below the foundation to replace entire drain system. 1 access hole - back"", ""tcad_id"": ""0242240414"", ""legal_description"": ""LOT 14 BLK R NORTH ACRES SEC 1"", ""applieddate"": ""2026-03-24T00:00:00.000"", ""issue_date"": ""2026-05-01T00:00:00.000"", ""day_issued"": ""FRIDAY"", ""calendar_year_issued"": ""2026"", ""fiscal_year_issued"": ""2026"", ""issued_in_last_30_days"": ""Yes"", ""issue_method"": ""Permit Center"", ""status_current"": ""Active"", ""statusdate"": ""2026-05-01T00:00:00.000"", ""expiresdate"": ""2026-10-28T00:00:00.000"", ""remodel_repair_sqft"": ""1500"", ""number_of_floors"": ""0"", ""housing_units"": ""0"", ""original_address1"": ""1200 NEWPORT AVE"", ""original_city"": ""AUSTIN"", ""original_state"": ""TX"", ""original_zip"": ""78753"", ""council_district"": ""1"", ""jurisdiction"": ""AUSTIN FULL PURPOSE"", ""link"": {""url"": ""https://abc.austintexas.gov/web/permit/public-search-other?t_detail=1&t_selected_folderrsn=13674943""}, ""project_id"": ""13674943"", ""latitude"": ""30.36401787"", ""longitude"": ""-97.67462598"", ""location"": {""latitude"": ""30.36401787"", ""longitude"": ""-97.67462598"", ""human_address"": ""{\""address\"": \""\"", \""city\"": \""\"", \""state\"": \""\"", \""zip\"": \""\""}""}, ""contractor_trade"": ""Plumbing Contractor"", ""contractor_company_name"": ""Accurate Leak & Line"", ""contractor_full_name"": ""Steve  Montgomery"", ""contractor_phone"": ""5122195325"", ""contractor_address2"": ""439 N GUN BA"", ""contractor_city"": ""GUN BARREL"", ""contractor_zip"": ""75156-____"", ""certificate_of_occupancy"": ""No""}",2026-05-03T10:54:27.260194+00:00
2026-053568 EP,New construction sfr in the etj,2026-05-01T00:00:00+00:00,New,Electrical Permit,,"IES Residential, Inc.",Active,2700 FOSS RD,78660,Residential,5122520040,https://abc.austintexas.gov/web/permit/public-search-other?t_detail=1&t_selected_folderrsn=13695708,2026-05-01T00:00:00+00:00,"{""permittype"": ""EP"", ""permit_type_desc"": ""Electrical Permit"", ""permit_number"": ""2026-053568 EP"", ""permit_class_mapped"": ""Residential"", ""permit_class"": ""Residential"", ""work_class"": ""New"", ""condominium"": ""No"", ""permit_location"": ""2700 FOSS RD"", ""description"": ""New construction sfr in the etj"", ""tcad_id"": ""0256401717"", ""legal_description"": ""HOWARD LANE PHS 3 BLK J LOT 10"", ""applieddate"": ""2026-04-30T00:00:00.000"", ""issue_date"": ""2026-05-01T00:00:00.000"", ""day_issued"": ""FRIDAY"", ""calendar_year_issued"": ""2026"", ""fiscal_year_issued"": ""2026"", ""issued_in_last_30_days"": ""Yes"", ""issue_method"": ""Permit Center"", ""status_current"": ""Active"", ""statusdate"": ""2026-05-01T00:00:00.000"", ""expiresdate"": ""2026-10-28T00:00:00.000"", ""total_new_add_sqft"": ""0"", ""number_of_floors"": ""1"", ""housing_units"": ""1"", ""original_address1"": ""2700 FOSS RD"", ""original_city"": ""AUSTIN"", ""original_state"": ""TX"", ""original_zip"": ""78660"", ""jurisdiction"": ""AUSTIN 2 MILE ETJ"", ""link"": {""url"": ""https://abc.austintexas.gov/web/permit/public-search-other?t_detail=1&t_selected_folderrsn=13695708""}, ""project_id"": ""13695708"", ""contractor_trade"": ""Electrical Contractor"", ""contractor_company_name"": ""IES Residential, Inc."", ""contractor_full_name"": ""William B. Crist Jr."", ""contractor_phone"": ""5122520040"", ""contractor_address2"": ""821  GRAND A"", ""contractor_city"": ""PFLUGERVILLE"", ""contractor_zip"": ""78660-____"", ""certificate_of_occupancy"": ""No""}",2026-05-03T10:54:27.260194+00:00
2025-156763 EP,TEMP POWER,2026-05-01T00:00:00+00:00,Homebuilder Loop,Electrical Permit,,Doctor Electric,Active,5341 CALLUNA DR,78725,Residential,2106678975,https://abc.austintexas.gov/web/permit/public-search-other?t_detail=1&t_selected_folderrsn=13626628,2026-05-01T00:00:00+00:00,"{""permittype"": ""EP"", ""permit_type_desc"": ""Electrical Permit"", ""permit_number"": ""2025-156763 EP"", ""permit_class_mapped"": ""Residential"", ""permit_class"": ""Residential"", ""work_class"": ""Homebuilder Loop"", ""permit_location"": ""5341 CALLUNA DR"", ""description"": ""TEMP POWER"", ""tcad_id"": ""0302590314"", ""applieddate"": ""2025-12-10T00:00:00.000"", ""issue_date"": ""2026-05-01T00:00:00.000"", ""day_issued"": ""FRIDAY"", ""calendar_year_issued"": ""2026"", ""fiscal_year_issued"": ""2026"", ""issued_in_last_30_days"": ""Yes"", ""issue_method"": ""Permit Center"", ""status_current"": ""Active"", ""statusdate"": ""2026-05-01T00:00:00.000"", ""expiresdate"": ""2026-10-28T00:00:00.000"", ""original_address1"": ""5341 CALLUNA DR"", ""original_city"": ""AUSTIN"", ""original_state"": ""TX"", ""original_zip"": ""78725"", ""jurisdiction"": ""AUSTIN 5 MILE ETJ"", ""link"": {""url"": ""https://abc.austintexas.gov/web/permit/public-search-other?t_detail=1&t_selected_folderrsn=13626628""}, ""project_id"": ""13626628"", ""contractor_trade"": ""Electrical Contractor"", ""contractor_company_name"": ""Doctor Electric"", ""contractor_full_name"": ""Javier Valdes"", ""contractor_phone"": ""2106678975"", ""contractor_address2"": ""4418  Center"", ""contractor_city"": ""San Antonio"", ""contractor_zip"": ""78217""}",2026-05-03T10:54:27.260194+00:00
2025-157401 MP,Unit 102 Bldg 1: New 3-story townhome with 3 bedroom 3.5 bathroom balcony attached 2-car carport.  Part of 3-unit townhome building in 3-unit use.  (9,2026-05-01T00:00:00+00:00,New,Mechanical Permit,,Airtron,Active,4413 BANISTER LN UNIT 102,78745,Residential,5128213163,https://abc.austintexas.gov/web/permit/public-search-other?t_detail=1&t_selected_folderrsn=13627408,2026-05-01T00:00:00+00:00,"{""permittype"": ""MP"", ""permit_type_desc"": ""Mechanical Permit"", ""permit_number"": ""2025-157401 MP"", ""permit_class_mapped"": ""Residential"", ""permit_class"": ""R- 101 Single Family Houses"", ""work_class"": ""New"", ""condominium"": ""No"", ""permit_location"": ""4413 BANISTER LN UNIT 102"", ""description"": ""Unit 102 Bldg 1: New 3-story townhome with 3 bedroom 3.5 bathroom balcony attached 2-car carport.  Part of 3-unit townhome building in 3-unit use.  (9"", ""tcad_id"": ""0410090541"", ""legal_description"": ""BANISTER ACRES RSB LOT 4 BLK 4 BLK 4 LOT 4A"", ""applieddate"": ""2025-04-24T00:00:00.000"", ""issue_date"": ""2026-05-01T00:00:00.000"", ""day_issued"": ""FRIDAY"", ""calendar_year_issued"": ""2026"", ""fiscal_year_issued"": ""2026"", ""issued_in_last_30_days"": ""Yes"", ""issue_method"": ""Permit Center"", ""status_current"": ""Active"", ""statusdate"": ""2026-05-01T00:00:00.000"", ""expiresdate"": ""2026-08-19T00:00:00.000"", ""total_new_add_sqft"": ""1935"", ""number_of_floors"": ""3"", ""housing_units"": ""1"", ""original_address1"": ""4413 BANISTER LN UNIT 102"", ""original_city"": ""AUSTIN"", ""original_state"": ""TX"", ""original_zip"": ""78745"", ""council_district"": ""5"", ""jurisdiction"": ""AUSTIN FULL PURPOSE"", ""link"": {""url"": ""https://abc.austintexas.gov/web/permit/public-search-other?t_detail=1&t_selected_folderrsn=13627408""}, ""project_id"": ""13627408"", ""masterpermitnum"": ""13627394"", ""contractor_trade"": ""Mechanical Contractor"", ""contractor_company_name"": ""Airtron"", ""contractor_full_name"": ""Tamara Enfield"", ""contractor_phone"": ""5128213163"", ""contractor_address2"": ""12112  BOARD"", ""contractor_city"": ""AUSTIN"", ""contractor_zip"": ""78729-____"", ""certificate_of_occupancy"": ""No""}",2026-05-03T10:54:27.260194+00:00
2026-047040 EP,"Level 2 EV Charger powered by a 60amp Circuit Breaker. Run #6 THHN c.u. & #10 THHN c.u.
ground through <5 feet New 3 4 EMT conduit to power the Level",2026-05-01T00:00:00+00:00,Repair,Electrical Permit,,Faraday Electric,Active,1608 MORGAN LN,78704,Residential,6193520310,https://abc.austintexas.gov/web/permit/public-search-other?t_detail=1&t_selected_folderrsn=13688183,2026-05-01T00:00:00+00:00,"{""permittype"": ""EP"", ""permit_type_desc"": ""Electrical Permit"", ""permit_number"": ""2026-047040 EP"", ""permit_class_mapped"": ""Residential"", ""permit_class"": ""Residential"", ""work_class"": ""Repair"", ""condominium"": ""No"", ""permit_location"": ""1608 MORGAN LN"", ""description"": ""Level 2 EV Charger powered by a 60amp Circuit Breaker. Run #6 THHN c.u. & #10 THHN c.u.\nground through <5 feet New 3 4 EMT conduit to power the Level"", ""tcad_id"": ""0406090231"", ""legal_description"": ""0.1880 AC OF LOT 26 BANISTER HEIGHTS"", ""applieddate"": ""2026-04-16T00:00:00.000"", ""issue_date"": ""2026-05-01T00:00:00.000"", ""day_issued"": ""FRIDAY"", ""calendar_year_issued"": ""2026"", ""fiscal_year_issued"": ""2026"", ""issued_in_last_30_days"": ""Yes"", ""issue_method"": ""Permit Center"", ""status_current"": ""Active"", ""statusdate"": ""2026-05-01T00:00:00.000"", ""expiresdate"": ""2026-10-28T00:00:00.000"", ""remodel_repair_sqft"": ""0"", ""number_of_floors"": ""1"", ""housing_units"": ""1"", ""electrical_valuation_remodel"": ""600"", ""original_address1"": ""1608 MORGAN LN"", ""original_city"": ""AUSTIN"", ""original_state"": ""TX"", ""original_zip"": ""78704"", ""council_district"": ""5"", ""jurisdiction"": ""AUSTIN FULL PURPOSE"", ""link"": {""url"": ""https://abc.austintexas.gov/web/permit/public-search-other?t_detail=1&t_selected_folderrsn=13688183""}, ""project_id"": ""13688183"", ""latitude"": ""30.23031838"", ""longitude"": ""-97.78223495"", ""location"": {""latitude"": ""30.23031838"", ""longitude"": ""-97.78223495"", ""human_address"": ""{\""address\"": \""\"", \""city\"": \""\"", \""state\"": \""\"", \""zip\"": \""\""}""}, ""contractor_trade"": ""Electrical Contractor"", ""contractor_company_name"": ""Faraday Electric"", ""contractor_full_name"": ""Danny Jones"", ""contractor_phone"": ""6193520310"", ""contractor_address2"": ""5535  Silver"", ""contractor_city"": ""Bryan"", ""contractor_zip"": ""77807-____"", ""certificate_of_occupancy"": ""No""}",2026-05-03T10:54:27.260194+00:00
2026-035135 PP,New construction multi-family in the etj 33623 sqft,2026-05-01T00:00:00+00:00,New,Plumbing Permit,,"Red Kings Plumbing Contractors LLC,",Active,5121 E HOWARD LN BLDG 6,78653,Commercial,2109862480,https://abc.austintexas.gov/web/permit/public-search-other?t_detail=1&t_selected_folderrsn=13674652,2026-05-01T00:00:00+00:00,"{""permittype"": ""PP"", ""permit_type_desc"": ""Plumbing Permit"", ""permit_number"": ""2026-035135 PP"", ""permit_class_mapped"": ""Commercial"", ""permit_class"": ""Commercial"", ""work_class"": ""New"", ""condominium"": ""No"", ""permit_location"": ""5121 E HOWARD LN BLDG 6"", ""description"": ""New construction multi-family in the etj 33623 sqft"", ""tcad_id"": ""0251410311"", ""legal_description"": ""ABS 160 SUR 50 CASTRO M ACR 45.592"", ""applieddate"": ""2026-03-24T00:00:00.000"", ""issue_date"": ""2026-05-01T00:00:00.000"", ""day_issued"": ""FRIDAY"", ""calendar_year_issued"": ""2026"", ""fiscal_year_issued"": ""2026"", ""issued_in_last_30_days"": ""Yes"", ""issue_method"": ""Permit Center"", ""status_current"": ""Active"", ""statusdate"": ""2026-05-01T00:00:00.000"", ""expiresdate"": ""2026-10-28T00:00:00.000"", ""total_new_add_sqft"": ""33623"", ""number_of_floors"": ""3"", ""housing_units"": ""36"", ""original_address1"": ""5121 E HOWARD LN BLDG 6"", ""original_city"": ""AUSTIN"", ""original_state"": ""TX"", ""original_zip"": ""78653"", ""jurisdiction"": ""AUSTIN 2 MILE ETJ"", ""link"": {""url"": ""https://abc.austintexas.gov/web/permit/public-search-other?t_detail=1&t_selected_folderrsn=13674652""}, ""project_id"": ""13674652"", ""contractor_trade"": ""Plumbing Contractor"", ""contractor_company_name"": ""Red Kings Plumbing Contractors LLC,"", ""contractor_full_name"": ""Ubaldo De Santiago"", ""contractor_phone"": ""2109862480"", ""contractor_address1"": ""PO BOX 70170"", ""contractor_city"": ""San Antonio"", ""contractor_zip"": ""78270-____"", ""certificate_of_occupancy"": ""No""}",2026-05-03T10:54:27.260194+00:00
2025-083811 MP,New construction single-family residential 1-story 4 bedroom 2.5 bath with attached 2-car garage covered front porch and covered rear patio.,2026-05-01T00:00:00+00:00,New,Mechanical Permit,,Casa Mechanical Services,Active,10312 CURB STRAP DR,78724,Residential,5123347344,https://abc.austintexas.gov/web/permit/public-search-other?t_detail=1&t_selected_folderrsn=13544961,2026-05-01T00:00:00+00:00,"{""permittype"": ""MP"", ""permit_type_desc"": ""Mechanical Permit"", ""permit_number"": ""2025-083811 MP"", ""permit_class_mapped"": ""Residential"", ""permit_class"": ""R- 101 Single Family Houses"", ""work_class"": ""New"", ""condominium"": ""No"", ""permit_location"": ""10312 CURB STRAP DR"", ""description"": ""New construction single-family residential 1-story 4 bedroom 2.5 bath with attached 2-car garage covered front porch and covered rear patio."", ""tcad_id"": ""0229490113"", ""legal_description"": ""PARKSIDE SEC 1 AT WILDHORSE RANCH BLK B LOT 33"", ""applieddate"": ""2025-06-11T00:00:00.000"", ""issue_date"": ""2026-05-01T00:00:00.000"", ""day_issued"": ""FRIDAY"", ""calendar_year_issued"": ""2026"", ""fiscal_year_issued"": ""2026"", ""issued_in_last_30_days"": ""Yes"", ""issue_method"": ""Permit Center"", ""status_current"": ""Active"", ""statusdate"": ""2026-05-01T00:00:00.000"", ""expiresdate"": ""2026-10-25T00:00:00.000"", ""total_new_add_sqft"": ""2663"", ""number_of_floors"": ""2"", ""housing_units"": ""1"", ""original_address1"": ""10312 CURB STRAP DR"", ""original_city"": ""AUSTIN"", ""original_state"": ""TX"", ""original_zip"": ""78724"", ""council_district"": ""1"", ""jurisdiction"": ""AUSTIN FULL PURPOSE"", ""link"": {""url"": ""https://abc.austintexas.gov/web/permit/public-search-other?t_detail=1&t_selected_folderrsn=13544961""}, ""project_id"": ""13544961"", ""masterpermitnum"": ""13544958"", ""contractor_trade"": ""Mechanical Contractor"", ""contractor_company_name"": ""Casa Mechanical Services"", ""contractor_full_name"": ""Layth Christianson"", ""contractor_phone"": ""5123347344"", ""contractor_address2"": ""2401 E Old S"", ""contractor_city"": ""Round Rock"", ""contractor_zip"": ""78665-____"", ""certificate_of_occupancy"": ""No""}",2026-05-03T10:54:27.260194+00:00
2026-026424 MP,Estonian 3316 A Left New - 2 Story SFR CONDOMINUM w/ 4 bedrooms 3 bathrooms attached 2 car garage covered entry porch and patio FFE: 691.88 Site Plan:,2026-05-01T00:00:00+00:00,New,Mechanical Permit,,IES Residential Inc,Active,13108 INCLINE DR,78652,Residential,5125615002,https://abc.austintexas.gov/web/permit/public-search-other?t_detail=1&t_selected_folderrsn=13664680,2026-05-01T00:00:00+00:00,"{""permittype"": ""MP"", ""permit_type_desc"": ""Mechanical Permit"", ""permit_number"": ""2026-026424 MP"", ""permit_class_mapped"": ""Residential"", ""permit_class"": ""R- 101 Single Family Houses"", ""work_class"": ""New"", ""condominium"": ""No"", ""permit_location"": ""13108 INCLINE DR"", ""description"": ""Estonian 3316 A Left New - 2 Story SFR CONDOMINUM w/ 4 bedrooms 3 bathrooms attached 2 car garage covered entry porch and patio FFE: 691.88 Site Plan:"", ""tcad_id"": ""0451150901"", ""applieddate"": ""2026-02-20T00:00:00.000"", ""issue_date"": ""2026-05-01T00:00:00.000"", ""day_issued"": ""FRIDAY"", ""calendar_year_issued"": ""2026"", ""fiscal_year_issued"": ""2026"", ""issued_in_last_30_days"": ""Yes"", ""issue_method"": ""Permit Center"", ""status_current"": ""Active"", ""statusdate"": ""2026-05-01T00:00:00.000"", ""expiresdate"": ""2026-09-03T00:00:00.000"", ""total_new_add_sqft"": ""2932"", ""number_of_floors"": ""2"", ""housing_units"": ""1"", ""original_address1"": ""13108 INCLINE DR"", ""original_city"": ""AUSTIN"", ""original_state"": ""TX"", ""original_zip"": ""78652"", ""council_district"": ""5"", ""jurisdiction"": ""AUSTIN LTD"", ""link"": {""url"": ""https://abc.austintexas.gov/web/permit/public-search-other?t_detail=1&t_selected_folderrsn=13664680""}, ""project_id"": ""13664680"", ""masterpermitnum"": ""13664673"", ""contractor_trade"": ""Mechanical Contractor"", ""contractor_company_name"": ""IES Residential Inc"", ""contractor_full_name"": ""Charles Faught"", ""contractor_phone"": ""5125615002"", ""contractor_address2"": ""13279  POND"", ""contractor_city"": ""AUSTIN"", ""contractor_zip"": ""78729-____"", ""certificate_of_occupancy"": ""No""}",2026-05-03T10:54:27.260194+00:00
2026-047006 MP,Moscoso S423 B Left New - 1 Story SFR w/ 3 bedrooms 2 bathrooms attached 2 car garage covered entry porch and patio required parking: 2.,2026-05-01T00:00:00+00:00,New,Mechanical Permit,,IES Residential Inc,Active,9320 FURMAN DR,78747,Residential,5125615002,https://abc.austintexas.gov/web/permit/public-search-other?t_detail=1&t_selected_folderrsn=13688217,2026-05-01T00:00:00+00:00,"{""permittype"": ""MP"", ""permit_type_desc"": ""Mechanical Permit"", ""permit_number"": ""2026-047006 MP"", ""permit_class_mapped"": ""Residential"", ""permit_class"": ""R- 101 Single Family Houses"", ""work_class"": ""New"", ""condominium"": ""No"", ""permit_location"": ""9320 FURMAN DR"", ""description"": ""Moscoso S423 B Left New - 1 Story SFR w/ 3 bedrooms 2 bathrooms attached 2 car garage covered entry porch and patio required parking: 2."", ""tcad_id"": ""0340060223"", ""legal_description"": ""THAXTON SUBD (SMALL LOT) PHS 1 BLK A LOT 23"", ""applieddate"": ""2026-04-06T00:00:00.000"", ""issue_date"": ""2026-05-01T00:00:00.000"", ""day_issued"": ""FRIDAY"", ""calendar_year_issued"": ""2026"", ""fiscal_year_issued"": ""2026"", ""issued_in_last_30_days"": ""Yes"", ""issue_method"": ""Permit Center"", ""status_current"": ""Active"", ""statusdate"": ""2026-05-01T00:00:00.000"", ""expiresdate"": ""2026-10-25T00:00:00.000"", ""total_new_add_sqft"": ""2403"", ""number_of_floors"": ""1"", ""housing_units"": ""1"", ""original_address1"": ""9320 FURMAN DR"", ""original_city"": ""AUSTIN"", ""original_state"": ""TX"", ""original_zip"": ""78747"", ""council_district"": ""2"", ""jurisdiction"": ""AUSTIN FULL PURPOSE"", ""link"": {""url"": ""https://abc.austintexas.gov/web/permit/public-search-other?t_detail=1&t_selected_folderrsn=13688217""}, ""project_id"": ""13688217"", ""masterpermitnum"": ""13688149"", ""contractor_trade"": ""Mechanical Contractor"", ""contractor_company_name"": ""IES Residential Inc"", ""contractor_full_name"": ""Charles Faught"", ""contractor_phone"": ""5125615002"", ""contractor_address2"": ""13279  POND"", ""contractor_city"": ""AUSTIN"", ""contractor_zip"": ""78729-____"", ""certificate_of_occupancy"": ""No""}",2026-05-03T10:54:27.260194+00:00
2025-158017 MP,Unit 202 Bldg 2:New 3-story townhome with 3 bedroom 3.5 bathroom balcony attached 2-car carport.  Part of 3-unit townhome building in 3-unit use.  (9,2026-05-01T00:00:00+00:00,New,Mechanical Permit,,Airtron,Active,4413 BANISTER LN UNIT 202,78745,Residential,5128213163,https://abc.austintexas.gov/web/permit/public-search-other?t_detail=1&t_selected_folderrsn=13628209,2026-05-01T00:00:00+00:00,"{""permittype"": ""MP"", ""permit_type_desc"": ""Mechanical Permit"", ""permit_number"": ""2025-158017 MP"", ""permit_class_mapped"": ""Residential"", ""permit_class"": ""R- 101 Single Family Houses"", ""work_class"": ""New"", ""condominium"": ""No"", ""permit_location"": ""4413 BANISTER LN UNIT 202"", ""description"": ""Unit 202 Bldg 2:New 3-story townhome with 3 bedroom 3.5 bathroom balcony attached 2-car carport.  Part of 3-unit townhome building in 3-unit use.  (9"", ""tcad_id"": ""0410090541"", ""legal_description"": ""BANISTER ACRES RSB LOT 4 BLK 4 BLK 4 LOT 4A"", ""applieddate"": ""2025-06-10T00:00:00.000"", ""issue_date"": ""2026-05-01T00:00:00.000"", ""day_issued"": ""FRIDAY"", ""calendar_year_issued"": ""2026"", ""fiscal_year_issued"": ""2026"", ""issued_in_last_30_days"": ""Yes"", ""issue_method"": ""Permit Center"", ""status_current"": ""Active"", ""statusdate"": ""2026-05-01T00:00:00.000"", ""expiresdate"": ""2026-08-19T00:00:00.000"", ""total_new_add_sqft"": ""1870"", ""number_of_floors"": ""3"", ""housing_units"": ""1"", ""original_address1"": ""4413 BANISTER LN UNIT 202"", ""original_city"": ""AUSTIN"", ""original_state"": ""TX"", ""original_zip"": ""78745"", ""council_district"": ""5"", ""jurisdiction"": ""AUSTIN FULL PURPOSE"", ""link"": {""url"": ""https://abc.austintexas.gov/web/permit/public-search-other?t_detail=1&t_selected_folderrsn=13628209""}, ""project_id"": ""13628209"", ""masterpermitnum"": ""13628139"", ""contractor_trade"": ""Mechanical Contractor"", ""contractor_company_name"": ""Airtron"", ""contractor_full_name"": ""Tamara Enfield"", ""contractor_phone"": ""5128213163"", ""contractor_address2"": ""12112  BOARD"", ""contractor_city"": ""AUSTIN"", ""contractor_zip"": ""78729-____"", ""certificate_of_occupancy"": ""No""}",2026-05-03T10:54:27.260194+00:00
2026-027393 EP,Dexter 3317 B Left New - 2 Story SFR CONDOMINUM w/ 3 bedrooms 2.5 bathrooms attached 2 car garage covered entry porch and patio FFE: 680.08 Site Plan:,2026-05-01T00:00:00+00:00,New,Electrical Permit,,"IES Residential, Inc.",Active,13215 KEEFER DR,78652,Residential,5122520040,https://abc.austintexas.gov/web/permit/public-search-other?t_detail=1&t_selected_folderrsn=13665777,2026-05-01T00:00:00+00:00,"{""permittype"": ""EP"", ""permit_type_desc"": ""Electrical Permit"", ""permit_number"": ""2026-027393 EP"", ""permit_class_mapped"": ""Residential"", ""permit_class"": ""R- 101 Single Family Houses"", ""work_class"": ""New"", ""condominium"": ""No"", ""permit_location"": ""13215 KEEFER DR"", ""description"": ""Dexter 3317 B Left New - 2 Story SFR CONDOMINUM w/ 3 bedrooms 2.5 bathrooms attached 2 car garage covered entry porch and patio FFE: 680.08 Site Plan:"", ""tcad_id"": ""0451150901"", ""applieddate"": ""2026-02-23T00:00:00.000"", ""issue_date"": ""2026-05-01T00:00:00.000"", ""day_issued"": ""FRIDAY"", ""calendar_year_issued"": ""2026"", ""fiscal_year_issued"": ""2026"", ""issued_in_last_30_days"": ""Yes"", ""issue_method"": ""Permit Center"", ""status_current"": ""Active"", ""statusdate"": ""2026-05-01T00:00:00.000"", ""expiresdate"": ""2026-09-07T00:00:00.000"", ""total_new_add_sqft"": ""2705"", ""number_of_floors"": ""2"", ""housing_units"": ""1"", ""original_address1"": ""13215 KEEFER DR"", ""original_city"": ""AUSTIN"", ""original_state"": ""TX"", ""original_zip"": ""78652"", ""council_district"": ""5"", ""jurisdiction"": ""AUSTIN LTD"", ""link"": {""url"": ""https://abc.austintexas.gov/web/permit/public-search-other?t_detail=1&t_selected_folderrsn=13665777""}, ""project_id"": ""13665777"", ""masterpermitnum"": ""13665772"", ""contractor_trade"": ""Electrical Contractor"", ""contractor_company_name"": ""IES Residential, Inc."", ""contractor_full_name"": ""William B. Crist Jr."", ""contractor_phone"": ""5122520040"", ""contractor_address2"": ""821  GRAND A"", ""contractor_city"": ""PFLUGERVILLE"", ""contractor_zip"": ""78660-____"", ""certificate_of_occupancy"": ""No""}",2026-05-03T10:54:27.260194+00:00
2026-051791 EP,"Homebuilder Loop

Ref: 2026 -031623 BP",2026-05-01T00:00:00+00:00,Homebuilder Loop,Electrical Permit,,Silver's Electric,Active,10303 GAIL RD,78748,Residential,5124609167,https://abc.austintexas.gov/web/permit/public-search-other?t_detail=1&t_selected_folderrsn=13693758,2026-05-01T00:00:00+00:00,"{""permittype"": ""EP"", ""permit_type_desc"": ""Electrical Permit"", ""permit_number"": ""2026-051791 EP"", ""permit_class_mapped"": ""Residential"", ""permit_class"": ""Residential"", ""work_class"": ""Homebuilder Loop"", ""permit_location"": ""10303 GAIL RD"", ""description"": ""Homebuilder Loop\n\nRef: 2026 -031623 BP"", ""tcad_id"": ""0430230504"", ""legal_description"": ""LOT 9-B FORD OAKS ANNEX RESUB TITLE CANCELLED TO REAL ESTATE S# FR321469938MC"", ""applieddate"": ""2026-04-27T00:00:00.000"", ""issue_date"": ""2026-05-01T00:00:00.000"", ""day_issued"": ""FRIDAY"", ""calendar_year_issued"": ""2026"", ""fiscal_year_issued"": ""2026"", ""issued_in_last_30_days"": ""Yes"", ""issue_method"": ""Permit Center"", ""status_current"": ""Active"", ""statusdate"": ""2026-05-01T00:00:00.000"", ""expiresdate"": ""2026-10-28T00:00:00.000"", ""original_address1"": ""10303 GAIL RD"", ""original_city"": ""AUSTIN"", ""original_state"": ""TX"", ""original_zip"": ""78748"", ""council_district"": ""5"", ""jurisdiction"": ""AUSTIN FULL PURPOSE"", ""link"": {""url"": ""https://abc.austintexas.gov/web/permit/public-search-other?t_detail=1&t_selected_folderrsn=13693758""}, ""project_id"": ""13693758"", ""latitude"": ""30.17201683"", ""longitude"": ""-97.83166865"", ""location"": {""latitude"": ""30.17201683"", ""longitude"": ""-97.83166865"", ""human_address"": ""{\""address\"": \""\"", \""city\"": \""\"", \""state\"": \""\"", \""zip\"": \""\""}""}, ""contractor_trade"": ""Electrical Contractor"", ""contractor_company_name"": ""Silver's Electric"", ""contractor_full_name"": ""Silvestre Serna"", ""contractor_phone"": ""5124609167"", ""contractor_address1"": ""P.O. BOX 996""}",2026-05-03T10:54:27.260194+00:00
2026-003600 PP,ePlan: Commercial Expedited Review - Tenant Improvement Scope of Work to include Interior Build out and Changes to Store Front (136946 SF),2026-05-01T00:00:00+00:00,Remodel,Plumbing Permit,,Sanchez Plumbing Services LLC,Active,12707 N MOPAC EXPY SVRD NB UNIT 400,78727,Commercial,5124666259,https://abc.austintexas.gov/web/permit/public-search-other?t_detail=1&t_selected_folderrsn=13638910,2026-05-01T00:00:00+00:00,"{""permittype"": ""PP"", ""permit_type_desc"": ""Plumbing Permit"", ""permit_number"": ""2026-003600 PP"", ""permit_class_mapped"": ""Commercial"", ""permit_class"": ""C-1000 Commercial Remodel"", ""work_class"": ""Remodel"", ""condominium"": ""No"", ""permit_location"": ""12707 N MOPAC EXPY SVRD NB UNIT 400"", ""description"": ""ePlan: Commercial Expedited Review - Tenant Improvement Scope of Work to include Interior Build out and Changes to Store Front (136946 SF)"", ""tcad_id"": ""0264130129"", ""legal_description"": ""LOT 3 PARMER CROSSING SUBD SEC 2"", ""applieddate"": ""2025-11-21T00:00:00.000"", ""issue_date"": ""2026-05-01T00:00:00.000"", ""day_issued"": ""FRIDAY"", ""calendar_year_issued"": ""2026"", ""fiscal_year_issued"": ""2026"", ""issued_in_last_30_days"": ""Yes"", ""issue_method"": ""Permit Center"", ""status_current"": ""Active"", ""statusdate"": ""2026-05-01T00:00:00.000"", ""expiresdate"": ""2026-09-29T00:00:00.000"", ""remodel_repair_sqft"": ""35966"", ""number_of_floors"": ""1"", ""housing_units"": ""1"", ""original_address1"": ""12707 N MOPAC EXPY SVRD NB UNIT 400"", ""original_city"": ""AUSTIN"", ""original_state"": ""TX"", ""original_zip"": ""78727"", ""council_district"": ""7"", ""jurisdiction"": ""AUSTIN FULL PURPOSE"", ""link"": {""url"": ""https://abc.austintexas.gov/web/permit/public-search-other?t_detail=1&t_selected_folderrsn=13638910""}, ""project_id"": ""13638910"", ""masterpermitnum"": ""13638905"", ""latitude"": ""30.42302466"", ""longitude"": ""-97.69996489"", ""location"": {""latitude"": ""30.42302466"", ""longitude"": ""-97.69996489"", ""human_address"": ""{\""address\"": \""\"", \""city\"": \""\"", \""state\"": \""\"", \""zip\"": \""\""}""}, ""contractor_trade"": ""Plumbing Contractor"", ""contractor_company_name"": ""Sanchez Plumbing Services LLC"", ""contractor_full_name"": ""Antonio Rodriguez"", ""contractor_phone"": ""5124666259"", ""contractor_address2"": ""19421  WT GA"", ""contractor_city"": ""MANOR"", ""contractor_zip"": ""78653-____"", ""certificate_of_occupancy"": ""No""}",2026-05-03T10:54:27.260194+00:00
2026-010337 BP,Amnesty CO for sf res circa 1980,2026-05-01T00:00:00+00:00,Addition and Remodel,Building Permit,1.0,Iffat Fatima LLC,Active,11908 STOUT OAK TRL,78750,Residential,5122931773,https://abc.austintexas.gov/web/permit/public-search-other?t_detail=1&t_selected_folderrsn=13646519,2026-05-01T00:00:00+00:00,"{""permittype"": ""BP"", ""permit_type_desc"": ""Building Permit"", ""permit_number"": ""2026-010337 BP"", ""permit_class_mapped"": ""Residential"", ""permit_class"": ""R- 434 Addition & Alterations"", ""work_class"": ""Addition and Remodel"", ""condominium"": ""No"", ""permit_location"": ""11908 STOUT OAK TRL"", ""description"": ""Amnesty CO for sf res circa 1980"", ""tcad_id"": ""R076218"", ""legal_description"": ""VILLAGE 16 AT ANDERSON MILL BLOCK D LOT 23"", ""applieddate"": ""2026-01-02T00:00:00.000"", ""issue_date"": ""2026-05-01T00:00:00.000"", ""day_issued"": ""FRIDAY"", ""calendar_year_issued"": ""2026"", ""fiscal_year_issued"": ""2026"", ""issued_in_last_30_days"": ""Yes"", ""issue_method"": ""Permit Center"", ""status_current"": ""Active"", ""statusdate"": ""2026-05-01T00:00:00.000"", ""expiresdate"": ""2026-10-29T00:00:00.000"", ""remodel_repair_sqft"": ""0"", ""total_new_add_sqft"": ""1"", ""total_valuation_remodel"": ""0"", ""total_job_valuation"": ""1"", ""number_of_floors"": ""1"", ""housing_units"": ""1"", ""building_valuation_remodel"": ""0"", ""electrical_valuation_remodel"": ""0"", ""mechanical_valuation_remodel"": ""0"", ""plumbing_valuation_remodel"": ""0"", ""original_address1"": ""11908 STOUT OAK TRL"", ""original_city"": ""AUSTIN"", ""original_state"": ""TX"", ""original_zip"": ""78750"", ""council_district"": ""6"", ""jurisdiction"": ""AUSTIN FULL PURPOSE"", ""link"": {""url"": ""https://abc.austintexas.gov/web/permit/public-search-other?t_detail=1&t_selected_folderrsn=13646519""}, ""project_id"": ""13646519"", ""masterpermitnum"": ""13635183"", ""contractor_trade"": ""General Contractor"", ""contractor_company_name"": ""Iffat Fatima LLC"", ""contractor_full_name"": ""Iffat Fatima"", ""contractor_phone"": ""5122931773"", ""contractor_address2"": ""7400 N Lamar"", ""contractor_city"": ""austin"", ""contractor_zip"": ""78752"", ""applicant_full_name"": ""Iffat Fatima"", ""applicant_org"": ""Iffat Fatima LLC"", ""applicant_phone"": ""5122931773"", ""applicant_address2"": ""7400 N Lamar"", ""applicant_city"": ""austin"", ""applicantzip"": ""78752"", ""certificate_of_occupancy"": ""No"", ""total_lot_sq_ft"": ""5750""}",2026-05-03T10:54:27.260194+00:00
2026-037847 EP,Replace existing electrical equipment with new equipment.  New meter base and main disconnect not upgrading size just equipment.,2026-05-01T00:00:00+00:00,Upgrade,Electrical Permit,,Falcon Novus,Active,6502 CANON WREN DR,78746,Residential,5126992807,https://abc.austintexas.gov/web/permit/public-search-other?t_detail=1&t_selected_folderrsn=13677793,2026-05-01T00:00:00+00:00,"{""permittype"": ""EP"", ""permit_type_desc"": ""Electrical Permit"", ""permit_number"": ""2026-037847 EP"", ""permit_class_mapped"": ""Residential"", ""permit_class"": ""Residential"", ""work_class"": ""Upgrade"", ""condominium"": ""No"", ""permit_location"": ""6502 CANON WREN DR"", ""description"": ""Replace existing electrical equipment with new equipment.  New meter base and main disconnect not upgrading size just equipment."", ""tcad_id"": ""0117250401"", ""legal_description"": ""LOT 18 BEE CREEK HILLS ADDN"", ""applieddate"": ""2026-03-30T00:00:00.000"", ""issue_date"": ""2026-05-01T00:00:00.000"", ""day_issued"": ""FRIDAY"", ""calendar_year_issued"": ""2026"", ""fiscal_year_issued"": ""2026"", ""issued_in_last_30_days"": ""Yes"", ""issue_method"": ""Permit Center"", ""status_current"": ""Active"", ""statusdate"": ""2026-05-01T00:00:00.000"", ""expiresdate"": ""2026-10-28T00:00:00.000"", ""remodel_repair_sqft"": ""0"", ""number_of_floors"": ""1"", ""housing_units"": ""1"", ""electrical_valuation_remodel"": ""4000"", ""original_address1"": ""6502 CANON WREN DR"", ""original_city"": ""AUSTIN"", ""original_state"": ""TX"", ""original_zip"": ""78746"", ""jurisdiction"": ""AUSTIN 2 MILE ETJ"", ""link"": {""url"": ""https://abc.austintexas.gov/web/permit/public-search-other?t_detail=1&t_selected_folderrsn=13677793""}, ""project_id"": ""13677793"", ""latitude"": ""30.30136358"", ""longitude"": ""-97.83285461"", ""location"": {""latitude"": ""30.30136358"", ""longitude"": ""-97.83285461"", ""human_address"": ""{\""address\"": \""\"", \""city\"": \""\"", \""state\"": \""\"", \""zip\"": \""\""}""}, ""contractor_trade"": ""Electrical Contractor"", ""contractor_company_name"": ""Falcon Novus"", ""contractor_full_name"": ""Harvey J Henderson"", ""contractor_phone"": ""5126992807"", ""contractor_address2"": ""2206  BROUGH"", ""contractor_city"": ""AUSTIN"", ""contractor_zip"": ""78727"", ""certificate_of_occupancy"": ""No""}",2026-05-03T10:54:27.260194+00:00
2026-050393 MP,Addition and remodel: Interior to be completely gutted. Some walls to be removed or relocated. All windows and doors to be replaced. Minor Electrical,2026-05-01T00:00:00+00:00,Addition and Remodel,Mechanical Permit,,Cair Heating and Air Conditioning LLC,Active,2306 STANDISH DR,78745,Residential,5124708447,https://abc.austintexas.gov/web/permit/public-search-other?t_detail=1&t_selected_folderrsn=13692180,2026-05-01T00:00:00+00:00,"{""permittype"": ""MP"", ""permit_type_desc"": ""Mechanical Permit"", ""permit_number"": ""2026-050393 MP"", ""permit_class_mapped"": ""Residential"", ""permit_class"": ""R- 434 Addition & Alterations"", ""work_class"": ""Addition and Remodel"", ""condominium"": ""No"", ""permit_location"": ""2306 STANDISH DR"", ""description"": ""Addition and remodel: Interior to be completely gutted. Some walls to be removed or relocated. All windows and doors to be replaced. Minor Electrical"", ""tcad_id"": ""0412170504"", ""legal_description"": ""LOT 4 BLK E CHERRY CREEK III"", ""applieddate"": ""2026-01-12T00:00:00.000"", ""issue_date"": ""2026-05-01T00:00:00.000"", ""day_issued"": ""FRIDAY"", ""calendar_year_issued"": ""2026"", ""fiscal_year_issued"": ""2026"", ""issued_in_last_30_days"": ""Yes"", ""issue_method"": ""Permit Center"", ""status_current"": ""Active"", ""statusdate"": ""2026-05-01T00:00:00.000"", ""expiresdate"": ""2026-09-29T00:00:00.000"", ""total_existing_bldg_sqft"": ""2248"", ""remodel_repair_sqft"": ""1620"", ""total_new_add_sqft"": ""93"", ""number_of_floors"": ""1"", ""housing_units"": ""1"", ""original_address1"": ""2306 STANDISH DR"", ""original_city"": ""AUSTIN"", ""original_state"": ""TX"", ""original_zip"": ""78745"", ""council_district"": ""5"", ""jurisdiction"": ""AUSTIN FULL PURPOSE"", ""link"": {""url"": ""https://abc.austintexas.gov/web/permit/public-search-other?t_detail=1&t_selected_folderrsn=13692180""}, ""project_id"": ""13692180"", ""masterpermitnum"": ""13658463"", ""latitude"": ""30.21654983"", ""longitude"": ""-97.80411699"", ""location"": {""latitude"": ""30.21654983"", ""longitude"": ""-97.80411699"", ""human_address"": ""{\""address\"": \""\"", \""city\"": \""\"", \""state\"": \""\"", \""zip\"": \""\""}""}, ""contractor_trade"": ""Mechanical Contractor"", ""contractor_company_name"": ""Cair Heating and Air Conditioning LLC"", ""contractor_full_name"": ""Ivan Gonzalez"", ""contractor_phone"": ""5124708447"", ""contractor_city"": ""Austin"", ""certificate_of_occupancy"": ""No""}",2026-05-03T10:54:27.260194+00:00
2026-054250 BP,New construction single-family residential 2-story 4 bedroom 4.5 bath with attached 3-car garage covered front porch and covered patio.,2026-05-01T00:00:00+00:00,New,Building Permit,0.0,"Taylor Morrison of Texas, Inc.",Active,9505 WIGGY WAY,78744,Residential,5123288866,https://abc.austintexas.gov/web/permit/public-search-other?t_detail=1&t_selected_folderrsn=13696516,2026-05-01T00:00:00+00:00,"{""permittype"": ""BP"", ""permit_type_desc"": ""Building Permit"", ""permit_number"": ""2026-054250 BP"", ""permit_class_mapped"": ""Residential"", ""permit_class"": ""R- 101 Single Family Houses"", ""work_class"": ""New"", ""condominium"": ""No"", ""permit_location"": ""9505 WIGGY WAY"", ""description"": ""New construction single-family residential 2-story 4 bedroom 4.5 bath with attached 3-car garage covered front porch and covered patio."", ""tcad_id"": ""0340131706"", ""legal_description"": ""PROSPECT PARK PHS 1 BLK R LOT 1"", ""applieddate"": ""2026-04-09T00:00:00.000"", ""issue_date"": ""2026-05-01T00:00:00.000"", ""day_issued"": ""FRIDAY"", ""calendar_year_issued"": ""2026"", ""fiscal_year_issued"": ""2026"", ""issued_in_last_30_days"": ""Yes"", ""issue_method"": ""Permit Center"", ""status_current"": ""Active"", ""statusdate"": ""2026-05-01T00:00:00.000"", ""expiresdate"": ""2026-10-29T00:00:00.000"", ""total_new_add_sqft"": ""4400"", ""total_job_valuation"": ""0"", ""number_of_floors"": ""2"", ""housing_units"": ""1"", ""original_address1"": ""9505 WIGGY WAY"", ""original_city"": ""AUSTIN"", ""original_state"": ""TX"", ""original_zip"": ""78744"", ""council_district"": ""2"", ""jurisdiction"": ""AUSTIN LTD"", ""link"": {""url"": ""https://abc.austintexas.gov/web/permit/public-search-other?t_detail=1&t_selected_folderrsn=13696516""}, ""project_id"": ""13696516"", ""masterpermitnum"": ""13683758"", ""contractor_trade"": ""General Contractor"", ""contractor_company_name"": ""Taylor Morrison of Texas, Inc."", ""contractor_full_name"": ""Marla Lamb"", ""contractor_phone"": ""5123288866"", ""contractor_address2"": ""11200  Lakel"", ""contractor_city"": ""AUSTIN"", ""contractor_zip"": ""78717"", ""applicant_full_name"": ""Marla Lamb"", ""applicant_org"": ""Taylor Morrison of Texas, Inc."", ""applicant_phone"": ""5123288866"", ""applicant_address2"": ""11200  Lakel"", ""applicant_city"": ""AUSTIN"", ""applicantzip"": ""78717"", ""certificate_of_occupancy"": ""Yes"", ""total_lot_sq_ft"": ""7200""}",2026-05-03T10:54:27.260194+00:00
2026-053536 PP,"Replacement of an existing water heater new Rheem 50-gallon gas water heater change out 

11222 Windermere Meadows Austin TX 78759",2026-05-01T00:00:00+00:00,Change Out,Plumbing Permit,,Radiant Plumbing & AC,Active,11222 WINDERMERE MEADOWS,78759,Residential,5122639988,https://abc.austintexas.gov/web/permit/public-search-other?t_detail=1&t_selected_folderrsn=13695664,2026-05-01T00:00:00+00:00,"{""permittype"": ""PP"", ""permit_type_desc"": ""Plumbing Permit"", ""permit_number"": ""2026-053536 PP"", ""permit_class_mapped"": ""Residential"", ""permit_class"": ""Residential"", ""work_class"": ""Change Out"", ""permit_location"": ""11222 WINDERMERE MEADOWS"", ""description"": ""Replacement of an existing water heater new Rheem 50-gallon gas water heater change out \n\n11222 Windermere Meadows Austin TX 78759"", ""tcad_id"": ""0164070116"", ""legal_description"": ""LOT 8 BLK W BARRINGTON OAKS SEC 5"", ""applieddate"": ""2026-04-29T00:00:00.000"", ""issue_date"": ""2026-05-01T00:00:00.000"", ""day_issued"": ""FRIDAY"", ""calendar_year_issued"": ""2026"", ""fiscal_year_issued"": ""2026"", ""issued_in_last_30_days"": ""Yes"", ""issue_method"": ""Permit Center"", ""status_current"": ""Active"", ""statusdate"": ""2026-05-01T00:00:00.000"", ""expiresdate"": ""2026-10-28T00:00:00.000"", ""original_address1"": ""11222 WINDERMERE MEADOWS"", ""original_city"": ""AUSTIN"", ""original_state"": ""TX"", ""original_zip"": ""78759"", ""council_district"": ""10"", ""jurisdiction"": ""AUSTIN FULL PURPOSE"", ""link"": {""url"": ""https://abc.austintexas.gov/web/permit/public-search-other?t_detail=1&t_selected_folderrsn=13695664""}, ""project_id"": ""13695664"", ""latitude"": ""30.42390889"", ""longitude"": ""-97.77329962"", ""location"": {""latitude"": ""30.42390889"", ""longitude"": ""-97.77329962"", ""human_address"": ""{\""address\"": \""\"", \""city\"": \""\"", \""state\"": \""\"", \""zip\"": \""\""}""}, ""contractor_trade"": ""Plumbing Contractor"", ""contractor_company_name"": ""Radiant Plumbing & AC"", ""contractor_full_name"": ""Jacob Schmidt"", ""contractor_phone"": ""5122639988"", ""contractor_address2"": ""901  REINLI"", ""contractor_city"": ""AUSTIN"", ""contractor_zip"": ""78751-____""}",2026-05-03T10:54:27.260194+00:00
2026-053778 PP,Replacement of an existing water heater We are swapping out the old gas tank water heater for a similar model,2026-05-01T00:00:00+00:00,Change Out,Plumbing Permit,,Reliant Plumbing,Active,11502 THREE OAKS TRL,78759,Residential,5126754420,https://abc.austintexas.gov/web/permit/public-search-other?t_detail=1&t_selected_folderrsn=13695970,2026-05-01T00:00:00+00:00,"{""permittype"": ""PP"", ""permit_type_desc"": ""Plumbing Permit"", ""permit_number"": ""2026-053778 PP"", ""permit_class_mapped"": ""Residential"", ""permit_class"": ""Residential"", ""work_class"": ""Change Out"", ""permit_location"": ""11502 THREE OAKS TRL"", ""description"": ""Replacement of an existing water heater We are swapping out the old gas tank water heater for a similar model"", ""tcad_id"": ""0164050608"", ""legal_description"": ""LOT 9 BLK E OAK FOREST SEC 2"", ""applieddate"": ""2026-04-30T00:00:00.000"", ""issue_date"": ""2026-05-01T00:00:00.000"", ""day_issued"": ""FRIDAY"", ""calendar_year_issued"": ""2026"", ""fiscal_year_issued"": ""2026"", ""issued_in_last_30_days"": ""Yes"", ""issue_method"": ""Permit Center"", ""status_current"": ""Active"", ""statusdate"": ""2026-05-01T00:00:00.000"", ""expiresdate"": ""2026-10-28T00:00:00.000"", ""original_address1"": ""11502 THREE OAKS TRL"", ""original_city"": ""AUSTIN"", ""original_state"": ""TX"", ""original_zip"": ""78759"", ""council_district"": ""10"", ""jurisdiction"": ""AUSTIN FULL PURPOSE"", ""link"": {""url"": ""https://abc.austintexas.gov/web/permit/public-search-other?t_detail=1&t_selected_folderrsn=13695970""}, ""project_id"": ""13695970"", ""latitude"": ""30.42288748"", ""longitude"": ""-97.76224138"", ""location"": {""latitude"": ""30.42288748"", ""longitude"": ""-97.76224138"", ""human_address"": ""{\""address\"": \""\"", \""city\"": \""\"", \""state\"": \""\"", \""zip\"": \""\""}""}, ""contractor_trade"": ""Plumbing Contractor"", ""contractor_company_name"": ""Reliant Plumbing"", ""contractor_full_name"": ""Jason Oliphant"", ""contractor_phone"": ""5126754420"", ""contractor_address2"": ""3841  SR RR"", ""contractor_city"": ""Austin"", ""contractor_zip"": ""78734-____""}",2026-05-03T10:54:27.260194+00:00
2026-028718 PP,*S.M.A.R.T. HOUSING* *GREEN BUILDING*  ePlan: Residential Expedited Review - New construction of a 3-Story Townhome [3bed 3.5bath] with Attached Garag,2026-05-01T00:00:00+00:00,New,Plumbing Permit,,Victory Plumbing Company,Active,4202 ENDURANCE WAY,78731,Residential,5129907200,https://abc.austintexas.gov/web/permit/public-search-other?t_detail=1&t_selected_folderrsn=13667473,2026-05-01T00:00:00+00:00,"{""permittype"": ""PP"", ""permit_type_desc"": ""Plumbing Permit"", ""permit_number"": ""2026-028718 PP"", ""permit_class_mapped"": ""Residential"", ""permit_class"": ""R- 101 Single Family Houses"", ""work_class"": ""New"", ""condominium"": ""No"", ""permit_location"": ""4202 ENDURANCE WAY"", ""description"": ""*S.M.A.R.T. HOUSING* *GREEN BUILDING*  ePlan: Residential Expedited Review - New construction of a 3-Story Townhome [3bed 3.5bath] with Attached Garag"", ""tcad_id"": ""0124000601"", ""applieddate"": ""2026-02-04T00:00:00.000"", ""issue_date"": ""2026-05-01T00:00:00.000"", ""day_issued"": ""FRIDAY"", ""calendar_year_issued"": ""2026"", ""fiscal_year_issued"": ""2026"", ""issued_in_last_30_days"": ""Yes"", ""issue_method"": ""Permit Center"", ""status_current"": ""Active"", ""statusdate"": ""2026-05-01T00:00:00.000"", ""expiresdate"": ""2026-09-13T00:00:00.000"", ""total_new_add_sqft"": ""3270"", ""number_of_floors"": ""3"", ""housing_units"": ""1"", ""original_address1"": ""4202 ENDURANCE WAY"", ""original_city"": ""AUSTIN"", ""original_state"": ""TX"", ""original_zip"": ""78731"", ""council_district"": ""10"", ""jurisdiction"": ""AUSTIN FULL PURPOSE"", ""link"": {""url"": ""https://abc.austintexas.gov/web/permit/public-search-other?t_detail=1&t_selected_folderrsn=13667473""}, ""project_id"": ""13667473"", ""masterpermitnum"": ""13667215"", ""latitude"": ""30.31577773"", ""longitude"": ""-97.75400003"", ""location"": {""latitude"": ""30.31577773"", ""longitude"": ""-97.75400003"", ""human_address"": ""{\""address\"": \""\"", \""city\"": \""\"", \""state\"": \""\"", \""zip\"": \""\""}""}, ""contractor_trade"": ""Plumbing Contractor"", ""contractor_company_name"": ""Victory Plumbing Company"", ""contractor_full_name"": ""Randolph Taylor"", ""contractor_phone"": ""5129907200"", ""contractor_address2"": ""1175  Countr"", ""contractor_city"": ""HUTTO"", ""contractor_zip"": ""78634"", ""certificate_of_occupancy"": ""No""}",2026-05-03T10:54:27.260194+00:00
2026-052800 EP,Homebuilder Loop Austin 2 Mile ETJ Austin Energy,2026-05-01T00:00:00+00:00,Homebuilder Loop,Electrical Permit,,"IES Residential, Inc.",Active,13510 RIDING DR,78660,Residential,5122520040,https://abc.austintexas.gov/web/permit/public-search-other?t_detail=1&t_selected_folderrsn=13694863,2026-05-01T00:00:00+00:00,"{""permittype"": ""EP"", ""permit_type_desc"": ""Electrical Permit"", ""permit_number"": ""2026-052800 EP"", ""permit_class_mapped"": ""Residential"", ""permit_class"": ""Residential"", ""work_class"": ""Homebuilder Loop"", ""permit_location"": ""13510 RIDING DR"", ""description"": ""Homebuilder Loop Austin 2 Mile ETJ Austin Energy"", ""tcad_id"": ""0256380413"", ""legal_description"": ""HOWARD LANE PHS 3 BLK Q LOT 6"", ""applieddate"": ""2026-04-28T00:00:00.000"", ""issue_date"": ""2026-05-01T00:00:00.000"", ""day_issued"": ""FRIDAY"", ""calendar_year_issued"": ""2026"", ""fiscal_year_issued"": ""2026"", ""issued_in_last_30_days"": ""Yes"", ""issue_method"": ""Permit Center"", ""status_current"": ""Active"", ""statusdate"": ""2026-05-01T00:00:00.000"", ""expiresdate"": ""2026-10-28T00:00:00.000"", ""original_address1"": ""13510 RIDING DR"", ""original_city"": ""AUSTIN"", ""original_state"": ""TX"", ""original_zip"": ""78660"", ""jurisdiction"": ""AUSTIN 2 MILE ETJ"", ""link"": {""url"": ""https://abc.austintexas.gov/web/permit/public-search-other?t_detail=1&t_selected_folderrsn=13694863""}, ""project_id"": ""13694863"", ""contractor_trade"": ""Electrical Contractor"", ""contractor_company_name"": ""IES Residential, Inc."", ""contractor_full_name"": ""William B. Crist Jr."", ""contractor_phone"": ""5122520040"", ""contractor_address2"": ""821  GRAND A"", ""contractor_city"": ""PFLUGERVILLE"", ""contractor_zip"": ""78660-____""}",2026-05-03T10:54:27.260194+00:00
2026-035074 PP,New construction multi-family in the etj 33954 sqft,2026-05-01T00:00:00+00:00,New,Plumbing Permit,,"Red Kings Plumbing Contractors LLC,",Active,5121 E HOWARD LN BLDG 3,78653,Commercial,2109862480,https://abc.austintexas.gov/web/permit/public-search-other?t_detail=1&t_selected_folderrsn=13674579,2026-05-01T00:00:00+00:00,"{""permittype"": ""PP"", ""permit_type_desc"": ""Plumbing Permit"", ""permit_number"": ""2026-035074 PP"", ""permit_class_mapped"": ""Commercial"", ""permit_class"": ""Commercial"", ""work_class"": ""New"", ""condominium"": ""No"", ""permit_location"": ""5121 E HOWARD LN BLDG 3"", ""description"": ""New construction multi-family in the etj 33954 sqft"", ""tcad_id"": ""0251410311"", ""legal_description"": ""ABS 160 SUR 50 CASTRO M ACR 45.592"", ""applieddate"": ""2026-03-24T00:00:00.000"", ""issue_date"": ""2026-05-01T00:00:00.000"", ""day_issued"": ""FRIDAY"", ""calendar_year_issued"": ""2026"", ""fiscal_year_issued"": ""2026"", ""issued_in_last_30_days"": ""Yes"", ""issue_method"": ""Permit Center"", ""status_current"": ""Active"", ""statusdate"": ""2026-05-01T00:00:00.000"", ""expiresdate"": ""2026-10-28T00:00:00.000"", ""total_new_add_sqft"": ""33954"", ""number_of_floors"": ""3"", ""housing_units"": ""36"", ""original_address1"": ""5121 E HOWARD LN BLDG 3"", ""original_city"": ""AUSTIN"", ""original_state"": ""TX"", ""original_zip"": ""78653"", ""jurisdiction"": ""AUSTIN 2 MILE ETJ"", ""link"": {""url"": ""https://abc.austintexas.gov/web/permit/public-search-other?t_detail=1&t_selected_folderrsn=13674579""}, ""project_id"": ""13674579"", ""contractor_trade"": ""Plumbing Contractor"", ""contractor_company_name"": ""Red Kings Plumbing Contractors LLC,"", ""contractor_full_name"": ""Ubaldo De Santiago"", ""contractor_phone"": ""2109862480"", ""contractor_address1"": ""PO BOX 70170"", ""contractor_city"": ""San Antonio"", ""contractor_zip"": ""78270-____"", ""certificate_of_occupancy"": ""No""}",2026-05-03T10:54:27.260194+00:00
2026-025416 MP,New single-story SFR with attached garage covered porch and covered patio *PRODUCTION BUILDER- GREEN BUILDING*,2026-05-01T00:00:00+00:00,New,Mechanical Permit,,Casa Mechanical Services,Active,9404 HAMADRYAS DR,78744,Residential,5123347344,https://abc.austintexas.gov/web/permit/public-search-other?t_detail=1&t_selected_folderrsn=13663560,2026-05-01T00:00:00+00:00,"{""permittype"": ""MP"", ""permit_type_desc"": ""Mechanical Permit"", ""permit_number"": ""2026-025416 MP"", ""permit_class_mapped"": ""Residential"", ""permit_class"": ""R- 101 Single Family Houses"", ""work_class"": ""New"", ""condominium"": ""No"", ""permit_location"": ""9404 HAMADRYAS DR"", ""description"": ""New single-story SFR with attached garage covered porch and covered patio *PRODUCTION BUILDER- GREEN BUILDING*"", ""tcad_id"": ""0340150537"", ""legal_description"": ""PROSPECT PARK PHS 1 BLK M LOT 36"", ""applieddate"": ""2026-01-15T00:00:00.000"", ""issue_date"": ""2026-05-01T00:00:00.000"", ""day_issued"": ""FRIDAY"", ""calendar_year_issued"": ""2026"", ""fiscal_year_issued"": ""2026"", ""issued_in_last_30_days"": ""Yes"", ""issue_method"": ""Permit Center"", ""status_current"": ""Active"", ""statusdate"": ""2026-05-01T00:00:00.000"", ""expiresdate"": ""2026-10-11T00:00:00.000"", ""total_new_add_sqft"": ""2916"", ""number_of_floors"": ""1"", ""housing_units"": ""1"", ""original_address1"": ""9404 HAMADRYAS DR"", ""original_city"": ""AUSTIN"", ""original_state"": ""TX"", ""original_zip"": ""78744"", ""council_district"": ""2"", ""jurisdiction"": ""AUSTIN LTD"", ""link"": {""url"": ""https://abc.austintexas.gov/web/permit/public-search-other?t_detail=1&t_selected_folderrsn=13663560""}, ""project_id"": ""13663560"", ""masterpermitnum"": ""13663554"", ""contractor_trade"": ""Mechanical Contractor"", ""contractor_company_name"": ""Casa Mechanical Services"", ""contractor_full_name"": ""Layth Christianson"", ""contractor_phone"": ""5123347344"", ""contractor_address2"": ""2401 E Old S"", ""contractor_city"": ""Round Rock"", ""contractor_zip"": ""78665-____"", ""certificate_of_occupancy"": ""No""}",2026-05-03T10:54:27.260194+00:00
2026-045747 MP,New 2-story 1 bedroom 1 bathroom dwelling unit with attached garage covered porch and covered 2nd floor balcony.,2026-05-01T00:00:00+00:00,New,Mechanical Permit,,Airtron,Active,1902 EVA ST BLDG 2,78704,Residential,5128213163,https://abc.austintexas.gov/web/permit/public-search-other?t_detail=1&t_selected_folderrsn=13686665,2026-05-01T00:00:00+00:00,"{""permittype"": ""MP"", ""permit_type_desc"": ""Mechanical Permit"", ""permit_number"": ""2026-045747 MP"", ""permit_class_mapped"": ""Residential"", ""permit_class"": ""R- 101 Single Family Houses"", ""work_class"": ""New"", ""condominium"": ""No"", ""permit_location"": ""1902 EVA ST BLDG 2"", ""description"": ""New 2-story 1 bedroom 1 bathroom dwelling unit with attached garage covered porch and covered 2nd floor balcony."", ""tcad_id"": ""0402010702"", ""legal_description"": ""LOT 2 BLK 36 SWEETMAN R L ADDN"", ""applieddate"": ""2026-01-16T00:00:00.000"", ""issue_date"": ""2026-05-01T00:00:00.000"", ""day_issued"": ""FRIDAY"", ""calendar_year_issued"": ""2026"", ""fiscal_year_issued"": ""2026"", ""issued_in_last_30_days"": ""Yes"", ""issue_method"": ""Permit Center"", ""status_current"": ""Active"", ""statusdate"": ""2026-05-01T00:00:00.000"", ""expiresdate"": ""2026-10-29T00:00:00.000"", ""total_new_add_sqft"": ""2160"", ""number_of_floors"": ""2"", ""housing_units"": ""1"", ""original_address1"": ""1902 EVA ST BLDG 2"", ""original_city"": ""AUSTIN"", ""original_state"": ""TX"", ""original_zip"": ""78704"", ""council_district"": ""3"", ""jurisdiction"": ""AUSTIN FULL PURPOSE"", ""link"": {""url"": ""https://abc.austintexas.gov/web/permit/public-search-other?t_detail=1&t_selected_folderrsn=13686665""}, ""project_id"": ""13686665"", ""masterpermitnum"": ""13686653"", ""contractor_trade"": ""Mechanical Contractor"", ""contractor_company_name"": ""Airtron"", ""contractor_full_name"": ""Tamara Enfield"", ""contractor_phone"": ""5128213163"", ""contractor_address2"": ""12112  BOARD"", ""contractor_city"": ""AUSTIN"", ""contractor_zip"": ""78729-____"", ""certificate_of_occupancy"": ""No""}",2026-05-03T10:54:27.260194+00:00
2026-049425 EP,1548BL NEW 1 STORY 3 BEDROOM 2 BATH SINGLE FAMILY RESIDENTIAL HOME WITH ATTACHED GARAGE COVERED FRONT PORCH AND REAR PATIO,2026-05-01T00:00:00+00:00,New,Electrical Permit,,Landmark Electric,Active,13220 KINCANE DR,78617,Residential,5124917718,https://abc.austintexas.gov/web/permit/public-search-other?t_detail=1&t_selected_folderrsn=13690953,2026-05-01T00:00:00+00:00,"{""permittype"": ""EP"", ""permit_type_desc"": ""Electrical Permit"", ""permit_number"": ""2026-049425 EP"", ""permit_class_mapped"": ""Residential"", ""permit_class"": ""R- 101 Single Family Houses"", ""work_class"": ""New"", ""condominium"": ""No"", ""permit_location"": ""13220 KINCANE DR"", ""description"": ""1548BL NEW 1 STORY 3 BEDROOM 2 BATH SINGLE FAMILY RESIDENTIAL HOME WITH ATTACHED GARAGE COVERED FRONT PORCH AND REAR PATIO"", ""tcad_id"": ""0336400716"", ""legal_description"": ""STONEY RIDGE HIGHLANDS PHS 1 A SMALL LOT SUBD BLK B LOT 15"", ""applieddate"": ""2026-04-09T00:00:00.000"", ""issue_date"": ""2026-05-01T00:00:00.000"", ""day_issued"": ""FRIDAY"", ""calendar_year_issued"": ""2026"", ""fiscal_year_issued"": ""2026"", ""issued_in_last_30_days"": ""Yes"", ""issue_method"": ""Permit Center"", ""status_current"": ""Active"", ""statusdate"": ""2026-05-01T00:00:00.000"", ""expiresdate"": ""2026-10-28T00:00:00.000"", ""total_new_add_sqft"": ""2058"", ""number_of_floors"": ""1"", ""housing_units"": ""1"", ""original_address1"": ""13220 KINCANE DR"", ""original_city"": ""AUSTIN"", ""original_state"": ""TX"", ""original_zip"": ""78617"", ""council_district"": ""2"", ""jurisdiction"": ""AUSTIN LTD"", ""link"": {""url"": ""https://abc.austintexas.gov/web/permit/public-search-other?t_detail=1&t_selected_folderrsn=13690953""}, ""project_id"": ""13690953"", ""masterpermitnum"": ""13690948"", ""contractor_trade"": ""Electrical Contractor"", ""contractor_company_name"": ""Landmark Electric"", ""contractor_full_name"": ""Robert W Brown"", ""contractor_phone"": ""5124917718"", ""contractor_address2"": ""2008  PICADI"", ""contractor_city"": ""ROUND ROCK"", ""contractor_zip"": ""78664"", ""certificate_of_occupancy"": ""No""}",2026-05-03T10:54:27.260194+00:00
2026-047493 BP,New construction in-ground pool.,2026-05-01T00:00:00+00:00,New,Building Permit,0.0,A Team Solution Services LLC,Active,1002 DAPHNE CT,78704,Residential,5127065438,https://abc.austintexas.gov/web/permit/public-search-other?t_detail=1&t_selected_folderrsn=13688723,2026-05-01T00:00:00+00:00,"{""permittype"": ""BP"", ""permit_type_desc"": ""Building Permit"", ""permit_number"": ""2026-047493 BP"", ""permit_class_mapped"": ""Residential"", ""permit_class"": ""R- 329 Res Structures Other Than Bldg"", ""work_class"": ""New"", ""condominium"": ""No"", ""permit_location"": ""1002 DAPHNE CT"", ""description"": ""New construction in-ground pool."", ""tcad_id"": ""0405060325"", ""legal_description"": ""LOT 11 GARDEN OAKS SEC 5-A"", ""applieddate"": ""2026-02-20T00:00:00.000"", ""issue_date"": ""2026-05-01T00:00:00.000"", ""day_issued"": ""FRIDAY"", ""calendar_year_issued"": ""2026"", ""fiscal_year_issued"": ""2026"", ""issued_in_last_30_days"": ""Yes"", ""issue_method"": ""Permit Center"", ""status_current"": ""Active"", ""statusdate"": ""2026-05-01T00:00:00.000"", ""expiresdate"": ""2026-10-29T00:00:00.000"", ""total_new_add_sqft"": ""220"", ""total_job_valuation"": ""0"", ""number_of_floors"": ""1"", ""housing_units"": ""1"", ""original_address1"": ""1002 DAPHNE CT"", ""original_city"": ""AUSTIN"", ""original_state"": ""TX"", ""original_zip"": ""78704"", ""council_district"": ""3"", ""jurisdiction"": ""AUSTIN FULL PURPOSE"", ""link"": {""url"": ""https://abc.austintexas.gov/web/permit/public-search-other?t_detail=1&t_selected_folderrsn=13688723""}, ""project_id"": ""13688723"", ""masterpermitnum"": ""13658484"", ""latitude"": ""30.23357265"", ""longitude"": ""-97.77179486"", ""location"": {""latitude"": ""30.23357265"", ""longitude"": ""-97.77179486"", ""human_address"": ""{\""address\"": \""\"", \""city\"": \""\"", \""state\"": \""\"", \""zip\"": \""\""}""}, ""contractor_trade"": ""General Contractor"", ""contractor_company_name"": ""A Team Solution Services LLC"", ""contractor_full_name"": ""Anthony Hunter"", ""contractor_phone"": ""5127065438"", ""contractor_address2"": ""310  Washing"", ""contractor_city"": ""leander"", ""contractor_zip"": ""78641"", ""applicant_full_name"": ""Anthony Hunter"", ""applicant_org"": ""A Team Solution Services LLC"", ""applicant_phone"": ""5127065438"", ""applicant_address2"": ""310  Washing"", ""applicant_city"": ""leander"", ""applicantzip"": ""78641"", ""certificate_of_occupancy"": ""Yes"", ""total_lot_sq_ft"": ""7248""}",2026-05-03T10:54:27.260194+00:00
2026-053771 BP,New construction of a 2-story single family dwelling in a condo regime. 3 BEDROOM 2.5 BATHROOM ATTACHED 2 CAR GARAGE,2026-05-01T00:00:00+00:00,New,Building Permit,0.0,New Home Co,Active,8101 ERMIS FARM RD,78745,Residential,5128519010,https://abc.austintexas.gov/web/permit/public-search-other?t_detail=1&t_selected_folderrsn=13695963,2026-05-01T00:00:00+00:00,"{""permittype"": ""BP"", ""permit_type_desc"": ""Building Permit"", ""permit_number"": ""2026-053771 BP"", ""permit_class_mapped"": ""Residential"", ""permit_class"": ""R- 101 Single Family Houses"", ""work_class"": ""New"", ""condominium"": ""Yes"", ""permit_location"": ""8101 ERMIS FARM RD"", ""description"": ""New construction of a 2-story single family dwelling in a condo regime. 3 BEDROOM 2.5 BATHROOM ATTACHED 2 CAR GARAGE"", ""tcad_id"": ""0424151801"", ""applieddate"": ""2026-03-03T00:00:00.000"", ""issue_date"": ""2026-05-01T00:00:00.000"", ""day_issued"": ""FRIDAY"", ""calendar_year_issued"": ""2026"", ""fiscal_year_issued"": ""2026"", ""issued_in_last_30_days"": ""Yes"", ""issue_method"": ""Permit Center"", ""status_current"": ""Active"", ""statusdate"": ""2026-05-01T00:00:00.000"", ""expiresdate"": ""2026-10-29T00:00:00.000"", ""total_new_add_sqft"": ""2302"", ""total_job_valuation"": ""0"", ""number_of_floors"": ""2"", ""housing_units"": ""1"", ""original_address1"": ""8101 ERMIS FARM RD"", ""original_city"": ""AUSTIN"", ""original_state"": ""TX"", ""original_zip"": ""78745"", ""council_district"": ""5"", ""jurisdiction"": ""AUSTIN FULL PURPOSE"", ""link"": {""url"": ""https://abc.austintexas.gov/web/permit/public-search-other?t_detail=1&t_selected_folderrsn=13695963""}, ""project_id"": ""13695963"", ""masterpermitnum"": ""13663308"", ""contractor_trade"": ""General Contractor"", ""contractor_company_name"": ""New Home Co"", ""contractor_full_name"": ""Jeremiah Marchand-Simons"", ""contractor_phone"": ""5128519010"", ""contractor_address2"": ""10800  PECAN"", ""contractor_city"": ""AUSTIN"", ""contractor_zip"": ""78750-____"", ""applicant_full_name"": ""Jeremiah Marchand-Simons"", ""applicant_org"": ""New Home Co"", ""applicant_phone"": ""5128519010"", ""applicant_address2"": ""10800  PECAN"", ""applicant_city"": ""AUSTIN"", ""applicantzip"": ""78750-____"", ""certificate_of_occupancy"": ""Yes"", ""total_lot_sq_ft"": ""0""}",2026-05-03T10:54:27.260194+00:00
2026-052291 BP,Estonian 3316 C Right New - 2 Story SFR CONDOMINUM w/ 4 bedrooms 3 bathrooms attached 2 car garage covered entry porch and patio FFE: 687.01 Site Plan,2026-05-01T00:00:00+00:00,New,Building Permit,0.0,Eva Mata,Active,802 BOLEY DR,78652,Residential,,https://abc.austintexas.gov/web/permit/public-search-other?t_detail=1&t_selected_folderrsn=13694300,2026-05-01T00:00:00+00:00,"{""permittype"": ""BP"", ""permit_type_desc"": ""Building Permit"", ""permit_number"": ""2026-052291 BP"", ""permit_class_mapped"": ""Residential"", ""permit_class"": ""R- 101 Single Family Houses"", ""work_class"": ""New"", ""condominium"": ""Yes"", ""permit_location"": ""802 BOLEY DR"", ""description"": ""Estonian 3316 C Right New - 2 Story SFR CONDOMINUM w/ 4 bedrooms 3 bathrooms attached 2 car garage covered entry porch and patio FFE: 687.01 Site Plan"", ""tcad_id"": ""0451150901"", ""applieddate"": ""2026-04-15T00:00:00.000"", ""issue_date"": ""2026-05-01T00:00:00.000"", ""day_issued"": ""FRIDAY"", ""calendar_year_issued"": ""2026"", ""fiscal_year_issued"": ""2026"", ""issued_in_last_30_days"": ""Yes"", ""issue_method"": ""Permit Center"", ""status_current"": ""Active"", ""statusdate"": ""2026-05-01T00:00:00.000"", ""expiresdate"": ""2026-10-29T00:00:00.000"", ""total_new_add_sqft"": ""2882"", ""total_job_valuation"": ""0"", ""number_of_floors"": ""2"", ""housing_units"": ""1"", ""original_address1"": ""802 BOLEY DR"", ""original_city"": ""AUSTIN"", ""original_state"": ""TX"", ""original_zip"": ""78652"", ""council_district"": ""5"", ""jurisdiction"": ""AUSTIN LTD"", ""link"": {""url"": ""https://abc.austintexas.gov/web/permit/public-search-other?t_detail=1&t_selected_folderrsn=13694300""}, ""project_id"": ""13694300"", ""masterpermitnum"": ""13687559"", ""contractor_trade"": ""General Contractor"", ""contractor_full_name"": ""Eva Mata"", ""contractor_phone"": ""512"", ""contractor_city"": ""Austin"", ""applicant_full_name"": ""Eva Mata"", ""applicant_phone"": ""512"", ""applicant_city"": ""Austin"", ""certificate_of_occupancy"": ""Yes"", ""total_lot_sq_ft"": ""0""}",2026-05-03T10:54:27.260194+00:00
2026-011092 MP,ePlan: Residential Expedited Review - New construction of a 2-Story Single Family Res. [5bed 5.5bath] with Attached Garage,2026-05-01T00:00:00+00:00,New,Mechanical Permit,,Protex Plumbing and Mechanical,Active,2907 OAKLANE DR,78704,Residential,5128989665,https://abc.austintexas.gov/web/permit/public-search-other?t_detail=1&t_selected_folderrsn=13647372,2026-05-01T00:00:00+00:00,"{""permittype"": ""MP"", ""permit_type_desc"": ""Mechanical Permit"", ""permit_number"": ""2026-011092 MP"", ""permit_class_mapped"": ""Residential"", ""permit_class"": ""R- 101 Single Family Houses"", ""work_class"": ""New"", ""condominium"": ""No"", ""permit_location"": ""2907 OAKLANE DR"", ""description"": ""ePlan: Residential Expedited Review - New construction of a 2-Story Single Family Res. [5bed 5.5bath] with Attached Garage"", ""tcad_id"": ""0400100309"", ""legal_description"": ""LOT 9 BLK E BARTON HILLS SEC 2"", ""applieddate"": ""2025-12-05T00:00:00.000"", ""issue_date"": ""2026-05-01T00:00:00.000"", ""day_issued"": ""FRIDAY"", ""calendar_year_issued"": ""2026"", ""fiscal_year_issued"": ""2026"", ""issued_in_last_30_days"": ""Yes"", ""issue_method"": ""Permit Center"", ""status_current"": ""Active"", ""statusdate"": ""2026-05-01T00:00:00.000"", ""expiresdate"": ""2026-10-05T00:00:00.000"", ""total_new_add_sqft"": ""5813"", ""number_of_floors"": ""2"", ""housing_units"": ""1"", ""original_address1"": ""2907 OAKLANE DR"", ""original_city"": ""AUSTIN"", ""original_state"": ""TX"", ""original_zip"": ""78704"", ""council_district"": ""5"", ""jurisdiction"": ""AUSTIN FULL PURPOSE"", ""link"": {""url"": ""https://abc.austintexas.gov/web/permit/public-search-other?t_detail=1&t_selected_folderrsn=13647372""}, ""project_id"": ""13647372"", ""masterpermitnum"": ""13647360"", ""latitude"": ""30.24841545"", ""longitude"": ""-97.78666067"", ""location"": {""latitude"": ""30.24841545"", ""longitude"": ""-97.78666067"", ""human_address"": ""{\""address\"": \""\"", \""city\"": \""\"", \""state\"": \""\"", \""zip\"": \""\""}""}, ""contractor_trade"": ""Mechanical Contractor"", ""contractor_company_name"": ""Protex Plumbing and Mechanical"", ""contractor_full_name"": ""Cory Vales"", ""contractor_phone"": ""5128989665"", ""contractor_address2"": ""1151  CR 118"", ""contractor_city"": ""Hutto"", ""contractor_zip"": ""78634-____"", ""certificate_of_occupancy"": ""No""}",2026-05-03T10:54:27.260194+00:00
2026-045203 EP,Cox  39-57490 - Install new _5.1__kW rooftop solar system to existing residential only using backfed breaker only.,2026-05-01T00:00:00+00:00,Auxiliary Power,Electrical Permit,,Power Home Remodeling,Active,6320 EL MIRANDO ST,78741,Residential,6108745000,https://abc.austintexas.gov/web/permit/public-search-other?t_detail=1&t_selected_folderrsn=13686035,2026-05-01T00:00:00+00:00,"{""permittype"": ""EP"", ""permit_type_desc"": ""Electrical Permit"", ""permit_number"": ""2026-045203 EP"", ""permit_class_mapped"": ""Residential"", ""permit_class"": ""Residential"", ""work_class"": ""Auxiliary Power"", ""condominium"": ""No"", ""permit_location"": ""6320 EL MIRANDO ST"", ""description"": ""Cox  39-57490 - Install new _5.1__kW rooftop solar system to existing residential only using backfed breaker only."", ""tcad_id"": ""0303170531"", ""legal_description"": ""50 X 153.1FT ABS 24 DELVALLE S"", ""applieddate"": ""2026-04-14T00:00:00.000"", ""issue_date"": ""2026-05-01T00:00:00.000"", ""day_issued"": ""FRIDAY"", ""calendar_year_issued"": ""2026"", ""fiscal_year_issued"": ""2026"", ""issued_in_last_30_days"": ""Yes"", ""issue_method"": ""Permit Center"", ""status_current"": ""Active"", ""statusdate"": ""2026-05-01T00:00:00.000"", ""expiresdate"": ""2026-10-28T00:00:00.000"", ""number_of_floors"": ""1"", ""housing_units"": ""1"", ""electrical_valuation_remodel"": ""25480"", ""original_address1"": ""6320 EL MIRANDO ST"", ""original_city"": ""AUSTIN"", ""original_state"": ""TX"", ""original_zip"": ""78741"", ""council_district"": ""3"", ""jurisdiction"": ""AUSTIN FULL PURPOSE"", ""link"": {""url"": ""https://abc.austintexas.gov/web/permit/public-search-other?t_detail=1&t_selected_folderrsn=13686035""}, ""project_id"": ""13686035"", ""latitude"": ""30.23947244"", ""longitude"": ""-97.69217933"", ""location"": {""latitude"": ""30.23947244"", ""longitude"": ""-97.69217933"", ""human_address"": ""{\""address\"": \""\"", \""city\"": \""\"", \""state\"": \""\"", \""zip\"": \""\""}""}, ""contractor_trade"": ""Electrical Contractor"", ""contractor_company_name"": ""Power Home Remodeling"", ""contractor_full_name"": ""Mark Bedell"", ""contractor_phone"": ""6108745000"", ""contractor_address2"": ""7701  Metrop"", ""contractor_city"": ""Austin"", ""contractor_zip"": ""78744-____"", ""certificate_of_occupancy"": ""No""}",2026-05-03T10:54:27.260194+00:00
2026-053668 PP,Pulled meter - gas leak,2026-05-01T00:00:00+00:00,Repair,Plumbing Permit,,Mojica Plumbing & Drain Cleaning,Active,2800 WAYMAKER WAY UNIT 15,78746,Residential,5122517731,https://abc.austintexas.gov/web/permit/public-search-other?t_detail=1&t_selected_folderrsn=13695837,2026-05-01T00:00:00+00:00,"{""permittype"": ""PP"", ""permit_type_desc"": ""Plumbing Permit"", ""permit_number"": ""2026-053668 PP"", ""permit_class_mapped"": ""Residential"", ""permit_class"": ""Residential"", ""work_class"": ""Repair"", ""condominium"": ""No"", ""permit_location"": ""2800 WAYMAKER WAY UNIT 15"", ""description"": ""Pulled meter - gas leak"", ""tcad_id"": ""0127190302"", ""legal_description"": ""UNT 56 DAVENPORT RIM CONDOMINIUMS AMENDED PLUS 1.429 % INT IN COM AREA"", ""applieddate"": ""2026-04-30T00:00:00.000"", ""issue_date"": ""2026-05-01T00:00:00.000"", ""day_issued"": ""FRIDAY"", ""calendar_year_issued"": ""2026"", ""fiscal_year_issued"": ""2026"", ""issued_in_last_30_days"": ""Yes"", ""issue_method"": ""Permit Center"", ""status_current"": ""Active"", ""statusdate"": ""2026-05-01T00:00:00.000"", ""expiresdate"": ""2026-10-28T00:00:00.000"", ""remodel_repair_sqft"": ""2918"", ""number_of_floors"": ""1"", ""housing_units"": ""1"", ""original_address1"": ""2800 WAYMAKER WAY UNIT 15"", ""original_city"": ""AUSTIN"", ""original_state"": ""TX"", ""original_zip"": ""78746"", ""council_district"": ""8"", ""jurisdiction"": ""AUSTIN FULL PURPOSE"", ""link"": {""url"": ""https://abc.austintexas.gov/web/permit/public-search-other?t_detail=1&t_selected_folderrsn=13695837""}, ""project_id"": ""13695837"", ""latitude"": ""30.32579585"", ""longitude"": ""-97.80976572"", ""location"": {""latitude"": ""30.32579585"", ""longitude"": ""-97.80976572"", ""human_address"": ""{\""address\"": \""\"", \""city\"": \""\"", \""state\"": \""\"", \""zip\"": \""\""}""}, ""contractor_trade"": ""Plumbing Contractor"", ""contractor_company_name"": ""Mojica Plumbing & Drain Cleaning"", ""contractor_full_name"": ""Reinaldo Mojica"", ""contractor_phone"": ""5122517731"", ""contractor_address2"": ""1808  Bench"", ""contractor_city"": ""Austin"", ""contractor_zip"": ""78728"", ""certificate_of_occupancy"": ""No""}",2026-05-03T10:54:27.260194+00:00
2026-053597 BP,New 1-story 3 bedroom 2.5 bathroom single family residence with covered porches.,2026-05-01T00:00:00+00:00,New,Building Permit,0.0,United Built Homes,Active,6107 CADDIE ST,78741,Residential,5122521040,https://abc.austintexas.gov/web/permit/public-search-other?t_detail=1&t_selected_folderrsn=13695740,2026-05-01T00:00:00+00:00,"{""permittype"": ""BP"", ""permit_type_desc"": ""Building Permit"", ""permit_number"": ""2026-053597 BP"", ""permit_class_mapped"": ""Residential"", ""permit_class"": ""R- 101 Single Family Houses"", ""work_class"": ""New"", ""condominium"": ""No"", ""permit_location"": ""6107 CADDIE ST"", ""description"": ""New 1-story 3 bedroom 2.5 bathroom single family residence with covered porches."", ""tcad_id"": ""0308140413"", ""legal_description"": ""LOT A LITTMAN LYDIA NO 4"", ""applieddate"": ""2025-10-23T00:00:00.000"", ""issue_date"": ""2026-05-01T00:00:00.000"", ""day_issued"": ""FRIDAY"", ""calendar_year_issued"": ""2026"", ""fiscal_year_issued"": ""2026"", ""issued_in_last_30_days"": ""Yes"", ""issue_method"": ""Permit Center"", ""status_current"": ""Active"", ""statusdate"": ""2026-05-01T00:00:00.000"", ""expiresdate"": ""2026-10-29T00:00:00.000"", ""total_new_add_sqft"": ""1817"", ""total_job_valuation"": ""0"", ""number_of_floors"": ""1"", ""housing_units"": ""1"", ""original_address1"": ""6107 CADDIE ST"", ""original_city"": ""AUSTIN"", ""original_state"": ""TX"", ""original_zip"": ""78741"", ""council_district"": ""3"", ""jurisdiction"": ""AUSTIN FULL PURPOSE"", ""link"": {""url"": ""https://abc.austintexas.gov/web/permit/public-search-other?t_detail=1&t_selected_folderrsn=13695740""}, ""project_id"": ""13695740"", ""masterpermitnum"": ""13604761"", ""latitude"": ""30.22812585"", ""longitude"": ""-97.70427809"", ""location"": {""latitude"": ""30.22812585"", ""longitude"": ""-97.70427809"", ""human_address"": ""{\""address\"": \""\"", \""city\"": \""\"", \""state\"": \""\"", \""zip\"": \""\""}""}, ""contractor_trade"": ""General Contractor"", ""contractor_company_name"": ""United Built Homes"", ""contractor_full_name"": ""Rhea Bullock"", ""contractor_phone"": ""5122521040"", ""contractor_address2"": ""3590  Greenl"", ""contractor_city"": ""ROUND ROCK"", ""contractor_zip"": ""78513-____"", ""applicant_full_name"": ""Rhea Bullock"", ""applicant_org"": ""United Built Homes"", ""applicant_phone"": ""5122521040"", ""applicant_address2"": ""3590  Greenl"", ""applicant_city"": ""ROUND ROCK"", ""applicantzip"": ""78513-____"", ""certificate_of_occupancy"": ""Yes"", ""total_lot_sq_ft"": ""7481""}",2026-05-03T10:54:27.260194+00:00
2026-053534 PP,"Replacement of an existing water heater 50-gallon water heater change out 

5801 Fox Chapel Drive Austin TX 78746",2026-05-01T00:00:00+00:00,Change Out,Plumbing Permit,,Radiant Plumbing & AC,Active,5801 FOX CHAPEL DR,78746,Residential,5122639988,https://abc.austintexas.gov/web/permit/public-search-other?t_detail=1&t_selected_folderrsn=13695662,2026-05-01T00:00:00+00:00,"{""permittype"": ""PP"", ""permit_type_desc"": ""Plumbing Permit"", ""permit_number"": ""2026-053534 PP"", ""permit_class_mapped"": ""Residential"", ""permit_class"": ""Residential"", ""work_class"": ""Change Out"", ""permit_location"": ""5801 FOX CHAPEL DR"", ""description"": ""Replacement of an existing water heater 50-gallon water heater change out \n\n5801 Fox Chapel Drive Austin TX 78746"", ""tcad_id"": ""0111230601"", ""legal_description"": ""LOT 1 BLK E HILLS OF LOST CREEK SEC 5"", ""applieddate"": ""2026-04-29T00:00:00.000"", ""issue_date"": ""2026-05-01T00:00:00.000"", ""day_issued"": ""FRIDAY"", ""calendar_year_issued"": ""2026"", ""fiscal_year_issued"": ""2026"", ""issued_in_last_30_days"": ""Yes"", ""issue_method"": ""Permit Center"", ""status_current"": ""Active"", ""statusdate"": ""2026-05-01T00:00:00.000"", ""expiresdate"": ""2026-10-28T00:00:00.000"", ""original_address1"": ""5801 FOX CHAPEL DR"", ""original_city"": ""AUSTIN"", ""original_state"": ""TX"", ""original_zip"": ""78746"", ""jurisdiction"": ""AUSTIN 2 MILE ETJ"", ""link"": {""url"": ""https://abc.austintexas.gov/web/permit/public-search-other?t_detail=1&t_selected_folderrsn=13695662""}, ""project_id"": ""13695662"", ""latitude"": ""30.28164192"", ""longitude"": ""-97.83274753"", ""location"": {""latitude"": ""30.28164192"", ""longitude"": ""-97.83274753"", ""human_address"": ""{\""address\"": \""\"", \""city\"": \""\"", \""state\"": \""\"", \""zip\"": \""\""}""}, ""contractor_trade"": ""Plumbing Contractor"", ""contractor_company_name"": ""Radiant Plumbing & AC"", ""contractor_full_name"": ""Jacob Schmidt"", ""contractor_phone"": ""5122639988"", ""contractor_address2"": ""901  REINLI"", ""contractor_city"": ""AUSTIN"", ""contractor_zip"": ""78751-____""}",2026-05-03T10:54:27.260194+00:00
2026-054247 BP,Connect Mobile Home with Decks 6x8 Front and 4x4 Rear,2026-05-01T00:00:00+00:00,Addition and Remodel,Building Permit,,Air Pro Incorporated **MAIN**,Active,5701 JOHNNY MORRIS RD UNIT 365,78724,Residential,5123261511,https://abc.austintexas.gov/web/permit/public-search-other?t_detail=1&t_selected_folderrsn=13696510,2026-05-01T00:00:00+00:00,"{""permittype"": ""BP"", ""permit_type_desc"": ""Building Permit"", ""permit_number"": ""2026-054247 BP"", ""permit_class_mapped"": ""Residential"", ""permit_class"": ""R- 439 Addition Mobile Home"", ""work_class"": ""Addition and Remodel"", ""condominium"": ""No"", ""permit_location"": ""5701 JOHNNY MORRIS RD UNIT 365"", ""description"": ""Connect Mobile Home with Decks 6x8 Front and 4x4 Rear"", ""tcad_id"": ""0217300201"", ""legal_description"": ""ABS 4 SUR 19 BURLESON J ACR 40.0000"", ""applieddate"": ""2026-05-01T00:00:00.000"", ""issue_date"": ""2026-05-01T00:00:00.000"", ""day_issued"": ""FRIDAY"", ""calendar_year_issued"": ""2026"", ""fiscal_year_issued"": ""2026"", ""issued_in_last_30_days"": ""Yes"", ""issue_method"": ""Permit Center"", ""status_current"": ""Active"", ""statusdate"": ""2026-05-01T00:00:00.000"", ""expiresdate"": ""2026-10-28T00:00:00.000"", ""total_new_add_sqft"": ""64"", ""number_of_floors"": ""1"", ""housing_units"": ""2"", ""original_address1"": ""5701 JOHNNY MORRIS RD UNIT 365"", ""original_city"": ""AUSTIN"", ""original_state"": ""TX"", ""original_zip"": ""78724"", ""council_district"": ""1"", ""jurisdiction"": ""AUSTIN FULL PURPOSE"", ""link"": {""url"": ""https://abc.austintexas.gov/web/permit/public-search-other?t_detail=1&t_selected_folderrsn=13696510""}, ""project_id"": ""13696510"", ""latitude"": ""30.29222184"", ""longitude"": ""-97.65192067"", ""location"": {""latitude"": ""30.29222184"", ""longitude"": ""-97.65192067"", ""human_address"": ""{\""address\"": \""\"", \""city\"": \""\"", \""state\"": \""\"", \""zip\"": \""\""}""}, ""contractor_trade"": ""General Contractor"", ""contractor_company_name"": ""Air Pro Incorporated **MAIN**"", ""contractor_full_name"": ""Gene Mundahl"", ""contractor_phone"": ""5123261511"", ""contractor_address1"": ""P.O.Box 1757"", ""contractor_city"": ""Austin"", ""contractor_zip"": ""78760"", ""certificate_of_occupancy"": ""No""}",2026-05-03T10:54:27.260194+00:00
2026-015483 MP,Gustine 2983-LS202-L New 2-Story Single Family Residence with (5) bedrooms (3) bathrooms Attached Garage Covered Patio & Porch Cafe & Loft,2026-05-01T00:00:00+00:00,New,Mechanical Permit,,Casa Mechanical Services,Active,5103 MONARDA MINT DR,78653,Residential,5123347344,https://abc.austintexas.gov/web/permit/public-search-other?t_detail=1&t_selected_folderrsn=13652412,2026-05-01T00:00:00+00:00,"{""permittype"": ""MP"", ""permit_type_desc"": ""Mechanical Permit"", ""permit_number"": ""2026-015483 MP"", ""permit_class_mapped"": ""Residential"", ""permit_class"": ""R- 101 Single Family Houses"", ""work_class"": ""New"", ""condominium"": ""No"", ""permit_location"": ""5103 MONARDA MINT DR"", ""description"": ""Gustine 2983-LS202-L New 2-Story Single Family Residence with (5) bedrooms (3) bathrooms Attached Garage Covered Patio & Porch Cafe & Loft"", ""tcad_id"": ""0243400201"", ""legal_description"": ""HARRIS BRANCH TRACT E-35B BLK A LOT 1"", ""applieddate"": ""2026-01-28T00:00:00.000"", ""issue_date"": ""2026-05-01T00:00:00.000"", ""day_issued"": ""FRIDAY"", ""calendar_year_issued"": ""2026"", ""fiscal_year_issued"": ""2026"", ""issued_in_last_30_days"": ""Yes"", ""issue_method"": ""Permit Center"", ""status_current"": ""Active"", ""statusdate"": ""2026-05-01T00:00:00.000"", ""expiresdate"": ""2026-10-11T00:00:00.000"", ""total_new_add_sqft"": ""3162"", ""number_of_floors"": ""2"", ""housing_units"": ""1"", ""original_address1"": ""5103 MONARDA MINT DR"", ""original_city"": ""AUSTIN"", ""original_state"": ""TX"", ""original_zip"": ""78653"", ""council_district"": ""1"", ""jurisdiction"": ""AUSTIN FULL PURPOSE"", ""link"": {""url"": ""https://abc.austintexas.gov/web/permit/public-search-other?t_detail=1&t_selected_folderrsn=13652412""}, ""project_id"": ""13652412"", ""masterpermitnum"": ""13652405"", ""contractor_trade"": ""Mechanical Contractor"", ""contractor_company_name"": ""Casa Mechanical Services"", ""contractor_full_name"": ""Layth Christianson"", ""contractor_phone"": ""5123347344"", ""contractor_address2"": ""2401 E Old S"", ""contractor_city"": ""Round Rock"", ""contractor_zip"": ""78665-____"", ""certificate_of_occupancy"": ""No""}",2026-05-03T10:54:27.260194+00:00
2026-047459 EP,New construction single-family residential 4 bedroom 4.5 bath with attached 2-car garage covered porch and covered patio.,2026-05-01T00:00:00+00:00,New,Electrical Permit,,"IES Residential, Inc.",Active,8825 BREEZE HILL DR,78744,Residential,5122520040,https://abc.austintexas.gov/web/permit/public-search-other?t_detail=1&t_selected_folderrsn=13688681,2026-05-01T00:00:00+00:00,"{""permittype"": ""EP"", ""permit_type_desc"": ""Electrical Permit"", ""permit_number"": ""2026-047459 EP"", ""permit_class_mapped"": ""Residential"", ""permit_class"": ""R- 101 Single Family Houses"", ""work_class"": ""New"", ""condominium"": ""No"", ""permit_location"": ""8825 BREEZE HILL DR"", ""description"": ""New construction single-family residential 4 bedroom 4.5 bath with attached 2-car garage covered porch and covered patio."", ""tcad_id"": ""0340130201"", ""legal_description"": ""PROSPECT PARK PHS 1 BLK BB LOT 4"", ""applieddate"": ""2026-03-12T00:00:00.000"", ""issue_date"": ""2026-05-01T00:00:00.000"", ""day_issued"": ""FRIDAY"", ""calendar_year_issued"": ""2026"", ""fiscal_year_issued"": ""2026"", ""issued_in_last_30_days"": ""Yes"", ""issue_method"": ""Permit Center"", ""status_current"": ""Active"", ""statusdate"": ""2026-05-01T00:00:00.000"", ""expiresdate"": ""2026-10-16T00:00:00.000"", ""total_new_add_sqft"": ""3843"", ""number_of_floors"": ""2"", ""housing_units"": ""1"", ""original_address1"": ""8825 BREEZE HILL DR"", ""original_city"": ""AUSTIN"", ""original_state"": ""TX"", ""original_zip"": ""78744"", ""council_district"": ""2"", ""jurisdiction"": ""AUSTIN LTD"", ""link"": {""url"": ""https://abc.austintexas.gov/web/permit/public-search-other?t_detail=1&t_selected_folderrsn=13688681""}, ""project_id"": ""13688681"", ""masterpermitnum"": ""13688679"", ""contractor_trade"": ""Electrical Contractor"", ""contractor_company_name"": ""IES Residential, Inc."", ""contractor_full_name"": ""William B. Crist Jr."", ""contractor_phone"": ""5122520040"", ""contractor_address2"": ""821  GRAND A"", ""contractor_city"": ""PFLUGERVILLE"", ""contractor_zip"": ""78660-____"", ""certificate_of_occupancy"": ""No""}",2026-05-03T10:54:27.260194+00:00
2026-052994 PP,Installation of P REIONATOR PRO SOFTENER WITH CHLORAMINE REDUCTION RXM13-AB,2026-05-01T00:00:00+00:00,Repair,Plumbing Permit,,"NEW ABACUS, LLC",Active,2106 ALLWOOD DR BLDG C,78704,Residential,5125664182,https://abc.austintexas.gov/web/permit/public-search-other?t_detail=1&t_selected_folderrsn=13695066,2026-05-01T00:00:00+00:00,"{""permittype"": ""PP"", ""permit_type_desc"": ""Plumbing Permit"", ""permit_number"": ""2026-052994 PP"", ""permit_class_mapped"": ""Residential"", ""permit_class"": ""Residential"", ""work_class"": ""Repair"", ""condominium"": ""No"", ""permit_location"": ""2106 ALLWOOD DR BLDG C"", ""description"": ""Installation of P REIONATOR PRO SOFTENER WITH CHLORAMINE REDUCTION RXM13-AB"", ""tcad_id"": ""0100062901"", ""applieddate"": ""2026-04-29T00:00:00.000"", ""issue_date"": ""2026-05-01T00:00:00.000"", ""day_issued"": ""FRIDAY"", ""calendar_year_issued"": ""2026"", ""fiscal_year_issued"": ""2026"", ""issued_in_last_30_days"": ""Yes"", ""issue_method"": ""Permit Center"", ""status_current"": ""Active"", ""statusdate"": ""2026-05-01T00:00:00.000"", ""expiresdate"": ""2026-10-28T00:00:00.000"", ""remodel_repair_sqft"": ""2051"", ""number_of_floors"": ""0"", ""housing_units"": ""0"", ""original_address1"": ""2106 ALLWOOD DR BLDG C"", ""original_city"": ""AUSTIN"", ""original_state"": ""TX"", ""original_zip"": ""78704"", ""council_district"": ""5"", ""jurisdiction"": ""AUSTIN FULL PURPOSE"", ""link"": {""url"": ""https://abc.austintexas.gov/web/permit/public-search-other?t_detail=1&t_selected_folderrsn=13695066""}, ""project_id"": ""13695066"", ""latitude"": ""30.25052382"", ""longitude"": ""-97.77363242"", ""location"": {""latitude"": ""30.25052382"", ""longitude"": ""-97.77363242"", ""human_address"": ""{\""address\"": \""\"", \""city\"": \""\"", \""state\"": \""\"", \""zip\"": \""\""}""}, ""contractor_trade"": ""Plumbing Contractor"", ""contractor_company_name"": ""NEW ABACUS, LLC"", ""contractor_full_name"": ""ALAN O'NEILL"", ""contractor_phone"": ""5125664182"", ""contractor_address1"": ""2105  DENTON"", ""contractor_city"": ""Austin"", ""contractor_zip"": ""78758"", ""certificate_of_occupancy"": ""No""}",2026-05-03T10:54:27.260194+00:00
2026-054599 BP,Express: Replace 7 windows like for like,2026-05-01T00:00:00+00:00,Repair,Building Permit,1.0,Damselfly Improvement LLC DBA DaBella,Active,12715 ACADIAN TRL,78727,Residential,5123541779,https://abc.austintexas.gov/web/permit/public-search-other?t_detail=1&t_selected_folderrsn=13696932,2026-05-01T00:00:00+00:00,"{""permittype"": ""BP"", ""permit_type_desc"": ""Building Permit"", ""permit_number"": ""2026-054599 BP"", ""permit_class_mapped"": ""Residential"", ""permit_class"": ""R- 435 Renovations/Remodel"", ""work_class"": ""Repair"", ""condominium"": ""No"", ""permit_location"": ""12715 ACADIAN TRL"", ""description"": ""Express: Replace 7 windows like for like"", ""tcad_id"": ""0268000524"", ""legal_description"": ""LOT 5 BLK J MILWOOD SEC 14"", ""applieddate"": ""2026-05-01T00:00:00.000"", ""issue_date"": ""2026-05-01T00:00:00.000"", ""day_issued"": ""FRIDAY"", ""calendar_year_issued"": ""2026"", ""fiscal_year_issued"": ""2026"", ""issued_in_last_30_days"": ""Yes"", ""issue_method"": ""Permit Center"", ""status_current"": ""Active"", ""statusdate"": ""2026-05-01T00:00:00.000"", ""expiresdate"": ""2026-10-29T00:00:00.000"", ""remodel_repair_sqft"": ""1"", ""total_valuation_remodel"": ""4"", ""total_job_valuation"": ""1"", ""number_of_floors"": ""1"", ""housing_units"": ""1"", ""building_valuation_remodel"": ""1"", ""electrical_valuation_remodel"": ""1"", ""mechanical_valuation_remodel"": ""1"", ""plumbing_valuation_remodel"": ""1"", ""original_address1"": ""12715 ACADIAN TRL"", ""original_city"": ""AUSTIN"", ""original_state"": ""TX"", ""original_zip"": ""78727"", ""council_district"": ""6"", ""jurisdiction"": ""AUSTIN FULL PURPOSE"", ""link"": {""url"": ""https://abc.austintexas.gov/web/permit/public-search-other?t_detail=1&t_selected_folderrsn=13696932""}, ""project_id"": ""13696932"", ""masterpermitnum"": ""13696927"", ""latitude"": ""30.43620485"", ""longitude"": ""-97.74446378"", ""location"": {""latitude"": ""30.43620485"", ""longitude"": ""-97.74446378"", ""human_address"": ""{\""address\"": \""\"", \""city\"": \""\"", \""state\"": \""\"", \""zip\"": \""\""}""}, ""contractor_trade"": ""General Contractor"", ""contractor_company_name"": ""Damselfly Improvement LLC DBA DaBella"", ""contractor_full_name"": ""Priyanka Bharath"", ""contractor_phone"": ""5123541779"", ""contractor_address2"": ""400  Anderso"", ""contractor_city"": ""Austin"", ""contractor_zip"": ""78752-____"", ""applicant_full_name"": ""Priyanka Bharath"", ""applicant_org"": ""Damselfly Improvement LLC DBA DaBella"", ""applicant_phone"": ""5123541779"", ""applicant_address2"": ""400  Anderso"", ""applicant_city"": ""Austin"", ""applicantzip"": ""78752-____"", ""certificate_of_occupancy"": ""No""}",2026-05-03T10:54:27.260194+00:00
2026-052796 EP,Homebuilder Loop Austin 2 Mile ETJ Austin Energy,2026-05-01T00:00:00+00:00,Homebuilder Loop,Electrical Permit,,"IES Residential, Inc.",Active,11925 ELLENA CV,78747,Residential,5122520040,https://abc.austintexas.gov/web/permit/public-search-other?t_detail=1&t_selected_folderrsn=13694859,2026-05-01T00:00:00+00:00,"{""permittype"": ""EP"", ""permit_type_desc"": ""Electrical Permit"", ""permit_number"": ""2026-052796 EP"", ""permit_class_mapped"": ""Residential"", ""permit_class"": ""Residential"", ""work_class"": ""Homebuilder Loop"", ""permit_location"": ""11925 ELLENA CV"", ""description"": ""Homebuilder Loop Austin 2 Mile ETJ Austin Energy"", ""tcad_id"": ""0449070420"", ""legal_description"": ""WEST BELLA FORTUNA PHS 2 (A SMALL LT SUBD) BLK L LOT 124"", ""applieddate"": ""2026-04-28T00:00:00.000"", ""issue_date"": ""2026-05-01T00:00:00.000"", ""day_issued"": ""FRIDAY"", ""calendar_year_issued"": ""2026"", ""fiscal_year_issued"": ""2026"", ""issued_in_last_30_days"": ""Yes"", ""issue_method"": ""Permit Center"", ""status_current"": ""Active"", ""statusdate"": ""2026-05-01T00:00:00.000"", ""expiresdate"": ""2026-10-28T00:00:00.000"", ""original_address1"": ""11925 ELLENA CV"", ""original_city"": ""AUSTIN"", ""original_state"": ""TX"", ""original_zip"": ""78747"", ""jurisdiction"": ""AUSTIN 2 MILE ETJ"", ""link"": {""url"": ""https://abc.austintexas.gov/web/permit/public-search-other?t_detail=1&t_selected_folderrsn=13694859""}, ""project_id"": ""13694859"", ""contractor_trade"": ""Electrical Contractor"", ""contractor_company_name"": ""IES Residential, Inc."", ""contractor_full_name"": ""William B. Crist Jr."", ""contractor_phone"": ""5122520040"", ""contractor_address2"": ""821  GRAND A"", ""contractor_city"": ""PFLUGERVILLE"", ""contractor_zip"": ""78660-____""}",2026-05-03T10:54:27.260194+00:00
2026-052475 BP,Construction of in-ground swimming pool,2026-05-01T00:00:00+00:00,New,Building Permit,50000.0,"Pools Unlimited, Inc.",Active,403 E KOENIG LN,78751,Commercial,8309805051,https://abc.austintexas.gov/web/permit/public-search-other?t_detail=1&t_selected_folderrsn=13694517,2026-05-01T00:00:00+00:00,"{""permittype"": ""BP"", ""permit_type_desc"": ""Building Permit"", ""permit_number"": ""2026-052475 BP"", ""permit_class_mapped"": ""Commercial"", ""permit_class"": ""C- 329 Com Structures Other Than Bldg"", ""work_class"": ""New"", ""condominium"": ""No"", ""permit_location"": ""403 E KOENIG LN"", ""description"": ""Construction of in-ground swimming pool"", ""tcad_id"": ""0226100701"", ""legal_description"": ""ABS 789 SUR 57 WALLACE J P ACR 6.5980"", ""applieddate"": ""2026-01-16T00:00:00.000"", ""issue_date"": ""2026-05-01T00:00:00.000"", ""day_issued"": ""FRIDAY"", ""calendar_year_issued"": ""2026"", ""fiscal_year_issued"": ""2026"", ""issued_in_last_30_days"": ""Yes"", ""issue_method"": ""Permit Center"", ""status_current"": ""Active"", ""statusdate"": ""2026-05-01T00:00:00.000"", ""expiresdate"": ""2026-10-29T00:00:00.000"", ""total_new_add_sqft"": ""694"", ""total_job_valuation"": ""50000"", ""number_of_floors"": ""1"", ""housing_units"": ""1"", ""building_valuation"": ""0"", ""electrical_valuation"": ""0"", ""mechanical_valuation"": ""0"", ""plumbing_valuation"": ""0"", ""original_address1"": ""403 E KOENIG LN"", ""original_city"": ""AUSTIN"", ""original_state"": ""TX"", ""original_zip"": ""78751"", ""council_district"": ""4"", ""jurisdiction"": ""AUSTIN FULL PURPOSE"", ""link"": {""url"": ""https://abc.austintexas.gov/web/permit/public-search-other?t_detail=1&t_selected_folderrsn=13694517""}, ""project_id"": ""13694517"", ""masterpermitnum"": ""13641780"", ""latitude"": ""30.32106007"", ""longitude"": ""-97.7172993"", ""location"": {""latitude"": ""30.32106007"", ""longitude"": ""-97.7172993"", ""human_address"": ""{\""address\"": \""\"", \""city\"": \""\"", \""state\"": \""\"", \""zip\"": \""\""}""}, ""contractor_trade"": ""General Contractor"", ""contractor_company_name"": ""Pools Unlimited, Inc."", ""contractor_full_name"": ""Randy Morrow"", ""contractor_phone"": ""8309805051"", ""contractor_address2"": ""33145  Stahl"", ""contractor_city"": ""Bulverde"", ""contractor_zip"": ""78163-____"", ""applicant_full_name"": ""Randy Morrow"", ""applicant_org"": ""Pools Unlimited, Inc."", ""applicant_phone"": ""8309805051"", ""applicant_address2"": ""33145  Stahl"", ""applicant_city"": ""Bulverde"", ""applicantzip"": ""78163-____"", ""certificate_of_occupancy"": ""Yes""}",2026-05-03T10:54:27.260194+00:00
2026-053566 BP,*Green Building* New 2-story 4 bedroom 3.5 bathroom single family residence with attached garage covered front porch and rear covered patio.,2026-05-01T00:00:00+00:00,New,Building Permit,0.0,"Milestone Community Builders, LLC(MAIN)",Active,11404 CRAZY ALICE RUN,78653,Residential,5126864986,https://abc.austintexas.gov/web/permit/public-search-other?t_detail=1&t_selected_folderrsn=13695702,2026-05-01T00:00:00+00:00,"{""permittype"": ""BP"", ""permit_type_desc"": ""Building Permit"", ""permit_number"": ""2026-053566 BP"", ""permit_class_mapped"": ""Residential"", ""permit_class"": ""R- 101 Single Family Houses"", ""work_class"": ""New"", ""condominium"": ""No"", ""permit_location"": ""11404 CRAZY ALICE RUN"", ""description"": ""*Green Building* New 2-story 4 bedroom 3.5 bathroom single family residence with attached garage covered front porch and rear covered patio."", ""tcad_id"": ""0231570106"", ""legal_description"": ""SADDLE RIDGE AT WILDHORSE RANCH - SEC 1 BLK D LOT 6"", ""applieddate"": ""2026-02-24T00:00:00.000"", ""issue_date"": ""2026-05-01T00:00:00.000"", ""day_issued"": ""FRIDAY"", ""calendar_year_issued"": ""2026"", ""fiscal_year_issued"": ""2026"", ""issued_in_last_30_days"": ""Yes"", ""issue_method"": ""Permit Center"", ""status_current"": ""Active"", ""statusdate"": ""2026-05-01T00:00:00.000"", ""expiresdate"": ""2026-10-29T00:00:00.000"", ""total_new_add_sqft"": ""3025"", ""total_job_valuation"": ""0"", ""number_of_floors"": ""2"", ""housing_units"": ""1"", ""original_address1"": ""11404 CRAZY ALICE RUN"", ""original_city"": ""AUSTIN"", ""original_state"": ""TX"", ""original_zip"": ""78653"", ""council_district"": ""1"", ""jurisdiction"": ""AUSTIN FULL PURPOSE"", ""link"": {""url"": ""https://abc.austintexas.gov/web/permit/public-search-other?t_detail=1&t_selected_folderrsn=13695702""}, ""project_id"": ""13695702"", ""masterpermitnum"": ""13659884"", ""contractor_trade"": ""General Contractor"", ""contractor_company_name"": ""Milestone Community Builders, LLC(MAIN)"", ""contractor_full_name"": ""Garrett Martin"", ""contractor_phone"": ""5126864986"", ""contractor_address2"": ""2100  NORTHL"", ""contractor_city"": ""AUSTIN"", ""contractor_zip"": ""78756-____"", ""applicant_full_name"": ""Garrett Martin"", ""applicant_org"": ""Milestone Community Builders, LLC(MAIN)"", ""applicant_phone"": ""5126864986"", ""applicant_address2"": ""2100  NORTHL"", ""applicant_city"": ""AUSTIN"", ""applicantzip"": ""78756-____"", ""certificate_of_occupancy"": ""Yes"", ""total_lot_sq_ft"": ""5618""}",2026-05-03T10:54:27.260194+00:00
2026-053112 MP,Replacement of mini-split system HVAC changeout/alteration: remove existing system and install one 2.5-ton Lennox EL16KP1 single-stage heat pump with,2026-05-01T00:00:00+00:00,Change Out,Mechanical Permit,,Strand Brothers Service Experts,Active,6309 SOFTWOOD DR,78744,Residential,3462663635,https://abc.austintexas.gov/web/permit/public-search-other?t_detail=1&t_selected_folderrsn=13695203,2026-05-01T00:00:00+00:00,"{""permittype"": ""MP"", ""permit_type_desc"": ""Mechanical Permit"", ""permit_number"": ""2026-053112 MP"", ""permit_class_mapped"": ""Residential"", ""permit_class"": ""Residential"", ""work_class"": ""Change Out"", ""permit_location"": ""6309 SOFTWOOD DR"", ""description"": ""Replacement of mini-split system HVAC changeout/alteration: remove existing system and install one 2.5-ton Lennox EL16KP1 single-stage heat pump with"", ""tcad_id"": ""0423000214"", ""legal_description"": ""LOT 19 BLK A CREEK BEND SEC 4"", ""applieddate"": ""2026-04-29T00:00:00.000"", ""issue_date"": ""2026-05-01T00:00:00.000"", ""day_issued"": ""FRIDAY"", ""calendar_year_issued"": ""2026"", ""fiscal_year_issued"": ""2026"", ""issued_in_last_30_days"": ""Yes"", ""issue_method"": ""Permit Center"", ""status_current"": ""Active"", ""statusdate"": ""2026-05-01T00:00:00.000"", ""expiresdate"": ""2026-10-28T00:00:00.000"", ""original_address1"": ""6309 SOFTWOOD DR"", ""original_city"": ""AUSTIN"", ""original_state"": ""TX"", ""original_zip"": ""78744"", ""council_district"": ""2"", ""jurisdiction"": ""AUSTIN FULL PURPOSE"", ""link"": {""url"": ""https://abc.austintexas.gov/web/permit/public-search-other?t_detail=1&t_selected_folderrsn=13695203""}, ""project_id"": ""13695203"", ""latitude"": ""30.18391144"", ""longitude"": ""-97.74885855"", ""location"": {""latitude"": ""30.18391144"", ""longitude"": ""-97.74885855"", ""human_address"": ""{\""address\"": \""\"", \""city\"": \""\"", \""state\"": \""\"", \""zip\"": \""\""}""}, ""contractor_trade"": ""Mechanical Contractor"", ""contractor_company_name"": ""Strand Brothers Service Experts"", ""contractor_full_name"": ""Michael McCoy"", ""contractor_phone"": ""3462663635"", ""contractor_address2"": ""5811  TECHNI"", ""contractor_city"": ""AUSTIN"", ""contractor_zip"": ""78721-____""}",2026-05-03T10:54:27.260194+00:00
2026-053961 BP,EXPRESS: Install 15 push piers,2026-05-01T00:00:00+00:00,Repair,Building Permit,1.0,Foundation Support Specialists,Active,6604 LEXINGTON RD,78757,Residential,7262242320,https://abc.austintexas.gov/web/permit/public-search-other?t_detail=1&t_selected_folderrsn=13696175,2026-05-01T00:00:00+00:00,"{""permittype"": ""BP"", ""permit_type_desc"": ""Building Permit"", ""permit_number"": ""2026-053961 BP"", ""permit_class_mapped"": ""Residential"", ""permit_class"": ""R- 435 Renovations/Remodel"", ""work_class"": ""Repair"", ""condominium"": ""No"", ""permit_location"": ""6604 LEXINGTON RD"", ""description"": ""EXPRESS: Install 15 push piers"", ""tcad_id"": ""0235010334"", ""legal_description"": ""LOT 17 BLK D ALLANDALE TERRACE SEC 2 PHS 4"", ""applieddate"": ""2026-04-30T00:00:00.000"", ""issue_date"": ""2026-05-01T00:00:00.000"", ""day_issued"": ""FRIDAY"", ""calendar_year_issued"": ""2026"", ""fiscal_year_issued"": ""2026"", ""issued_in_last_30_days"": ""Yes"", ""issue_method"": ""Permit Center"", ""status_current"": ""Active"", ""statusdate"": ""2026-05-01T00:00:00.000"", ""expiresdate"": ""2026-10-29T00:00:00.000"", ""remodel_repair_sqft"": ""1"", ""total_valuation_remodel"": ""4"", ""total_job_valuation"": ""1"", ""number_of_floors"": ""1"", ""housing_units"": ""1"", ""building_valuation_remodel"": ""1"", ""electrical_valuation_remodel"": ""1"", ""mechanical_valuation_remodel"": ""1"", ""plumbing_valuation_remodel"": ""1"", ""original_address1"": ""6604 LEXINGTON RD"", ""original_city"": ""AUSTIN"", ""original_state"": ""TX"", ""original_zip"": ""78757"", ""council_district"": ""7"", ""jurisdiction"": ""AUSTIN FULL PURPOSE"", ""link"": {""url"": ""https://abc.austintexas.gov/web/permit/public-search-other?t_detail=1&t_selected_folderrsn=13696175""}, ""project_id"": ""13696175"", ""masterpermitnum"": ""13696165"", ""latitude"": ""30.34685875"", ""longitude"": ""-97.74714385"", ""location"": {""latitude"": ""30.34685875"", ""longitude"": ""-97.74714385"", ""human_address"": ""{\""address\"": \""\"", \""city\"": \""\"", \""state\"": \""\"", \""zip\"": \""\""}""}, ""contractor_trade"": ""General Contractor"", ""contractor_company_name"": ""Foundation Support Specialists"", ""contractor_full_name"": ""Gary Rodriguez"", ""contractor_phone"": ""7262242320"", ""contractor_address2"": ""18630  Goll"", ""contractor_city"": ""San Antonio"", ""contractor_zip"": ""78266-____"", ""applicant_full_name"": ""Gary Rodriguez"", ""applicant_org"": ""Foundation Support Specialists"", ""applicant_phone"": ""7262242320"", ""applicant_address2"": ""18630  Goll"", ""applicant_city"": ""San Antonio"", ""applicantzip"": ""78266-____"", ""certificate_of_occupancy"": ""No""}",2026-05-03T10:54:27.260194+00:00
2026-053797 BP,Express: Replacement of 3 windows like for like,2026-05-01T00:00:00+00:00,Repair,Building Permit,1.0,"Infinity Replacement,LLC",Active,714 E 32ND ST,78705,Residential,6124901922,https://abc.austintexas.gov/web/permit/public-search-other?t_detail=1&t_selected_folderrsn=13695998,2026-05-01T00:00:00+00:00,"{""permittype"": ""BP"", ""permit_type_desc"": ""Building Permit"", ""permit_number"": ""2026-053797 BP"", ""permit_class_mapped"": ""Residential"", ""permit_class"": ""R- 435 Renovations/Remodel"", ""work_class"": ""Repair"", ""condominium"": ""No"", ""permit_location"": ""714 E 32ND ST"", ""description"": ""Express: Replacement of 3 windows like for like"", ""tcad_id"": ""0215060320"", ""legal_description"": ""LOT 15 * & W 38FT LOT 16 OLT 7 DIV C STARK SUBD"", ""applieddate"": ""2026-04-30T00:00:00.000"", ""issue_date"": ""2026-05-01T00:00:00.000"", ""day_issued"": ""FRIDAY"", ""calendar_year_issued"": ""2026"", ""fiscal_year_issued"": ""2026"", ""issued_in_last_30_days"": ""Yes"", ""issue_method"": ""Permit Center"", ""status_current"": ""Active"", ""statusdate"": ""2026-05-01T00:00:00.000"", ""expiresdate"": ""2026-10-29T00:00:00.000"", ""remodel_repair_sqft"": ""1"", ""total_valuation_remodel"": ""4"", ""total_job_valuation"": ""1"", ""number_of_floors"": ""1"", ""housing_units"": ""1"", ""building_valuation_remodel"": ""1"", ""electrical_valuation_remodel"": ""1"", ""mechanical_valuation_remodel"": ""1"", ""plumbing_valuation_remodel"": ""1"", ""original_address1"": ""714 E 32ND ST"", ""original_city"": ""AUSTIN"", ""original_state"": ""TX"", ""original_zip"": ""78705"", ""council_district"": ""9"", ""jurisdiction"": ""AUSTIN FULL PURPOSE"", ""link"": {""url"": ""https://abc.austintexas.gov/web/permit/public-search-other?t_detail=1&t_selected_folderrsn=13695998""}, ""project_id"": ""13695998"", ""masterpermitnum"": ""13695937"", ""latitude"": ""30.29260882"", ""longitude"": ""-97.72978433"", ""location"": {""latitude"": ""30.29260882"", ""longitude"": ""-97.72978433"", ""human_address"": ""{\""address\"": \""\"", \""city\"": \""\"", \""state\"": \""\"", \""zip\"": \""\""}""}, ""contractor_trade"": ""General Contractor"", ""contractor_company_name"": ""Infinity Replacement,LLC"", ""contractor_full_name"": ""Douglas Bailey"", ""contractor_phone"": ""6124901922"", ""contractor_address2"": ""8408  ANNALI"", ""contractor_city"": ""AUSTIN"", ""contractor_zip"": ""78744-____"", ""applicant_full_name"": ""Douglas Bailey"", ""applicant_org"": ""Infinity Replacement,LLC"", ""applicant_phone"": ""6124901922"", ""applicant_address2"": ""8408  ANNALI"", ""applicant_city"": ""AUSTIN"", ""applicantzip"": ""78744-____"", ""certificate_of_occupancy"": ""No""}",2026-05-03T10:54:27.260194+00:00
2026-044944 EP,ePlan: Commercial Expedited Review -[APPROVED] Interior Remodel to Convert Building into a Commercial Production Kitchen and Warehousing Facility Phas,2026-05-01T00:00:00+00:00,Remodel,Electrical Permit,,T M Electric,Active,7050 BURLESON RD,78744,Commercial,5128348174,https://abc.austintexas.gov/web/permit/public-search-other?t_detail=1&t_selected_folderrsn=13686051,2026-05-01T00:00:00+00:00,"{""permittype"": ""EP"", ""permit_type_desc"": ""Electrical Permit"", ""permit_number"": ""2026-044944 EP"", ""permit_class_mapped"": ""Commercial"", ""permit_class"": ""C-1000 Commercial Remodel"", ""work_class"": ""Remodel"", ""condominium"": ""No"", ""permit_location"": ""7050 BURLESON RD"", ""description"": ""ePlan: Commercial Expedited Review -[APPROVED] Interior Remodel to Convert Building into a Commercial Production Kitchen and Warehousing Facility Phas"", ""tcad_id"": ""0318130701"", ""applieddate"": ""2026-03-05T00:00:00.000"", ""issue_date"": ""2026-05-01T00:00:00.000"", ""day_issued"": ""FRIDAY"", ""calendar_year_issued"": ""2026"", ""fiscal_year_issued"": ""2026"", ""issued_in_last_30_days"": ""Yes"", ""issue_method"": ""Permit Center"", ""status_current"": ""Active"", ""statusdate"": ""2026-05-01T00:00:00.000"", ""expiresdate"": ""2026-10-14T00:00:00.000"", ""remodel_repair_sqft"": ""18616"", ""number_of_floors"": ""1"", ""housing_units"": ""1"", ""electrical_valuation_remodel"": ""200000"", ""original_address1"": ""7050 BURLESON RD"", ""original_city"": ""AUSTIN"", ""original_state"": ""TX"", ""original_zip"": ""78744"", ""council_district"": ""2"", ""jurisdiction"": ""AUSTIN FULL PURPOSE"", ""link"": {""url"": ""https://abc.austintexas.gov/web/permit/public-search-other?t_detail=1&t_selected_folderrsn=13686051""}, ""project_id"": ""13686051"", ""masterpermitnum"": ""13685729"", ""contractor_trade"": ""Electrical Contractor"", ""contractor_company_name"": ""T M Electric"", ""contractor_full_name"": ""Tim Moll"", ""contractor_phone"": ""5128348174"", ""contractor_address2"": ""9802  Gray B"", ""contractor_city"": ""Austin"", ""contractor_zip"": ""78758"", ""certificate_of_occupancy"": ""No""}",2026-05-03T10:54:27.260194+00:00
2026-052547 EP,200 amp panel 200amp meter grounding and bonding,2026-05-01T00:00:00+00:00,Upgrade,Electrical Permit,,"D and C Electric, Inc",Active,1700 BARTON HILLS DR,78704,Residential,5129544782,https://abc.austintexas.gov/web/permit/public-search-other?t_detail=1&t_selected_folderrsn=13694596,2026-05-01T00:00:00+00:00,"{""permittype"": ""EP"", ""permit_type_desc"": ""Electrical Permit"", ""permit_number"": ""2026-052547 EP"", ""permit_class_mapped"": ""Residential"", ""permit_class"": ""Residential"", ""work_class"": ""Upgrade"", ""condominium"": ""No"", ""permit_location"": ""1700 BARTON HILLS DR"", ""description"": ""200 amp panel 200amp meter grounding and bonding"", ""tcad_id"": ""0102091001"", ""legal_description"": ""LOT 8 BLK 8 BARTON TERRACE SEC 3"", ""applieddate"": ""2026-04-28T00:00:00.000"", ""issue_date"": ""2026-05-01T00:00:00.000"", ""day_issued"": ""FRIDAY"", ""calendar_year_issued"": ""2026"", ""fiscal_year_issued"": ""2026"", ""issued_in_last_30_days"": ""Yes"", ""issue_method"": ""Permit Center"", ""status_current"": ""Active"", ""statusdate"": ""2026-05-01T00:00:00.000"", ""expiresdate"": ""2026-10-28T00:00:00.000"", ""remodel_repair_sqft"": ""0"", ""number_of_floors"": ""1"", ""housing_units"": ""1"", ""electrical_valuation_remodel"": ""5500"", ""original_address1"": ""1700 BARTON HILLS DR"", ""original_city"": ""AUSTIN"", ""original_state"": ""TX"", ""original_zip"": ""78704"", ""council_district"": ""5"", ""jurisdiction"": ""AUSTIN FULL PURPOSE"", ""link"": {""url"": ""https://abc.austintexas.gov/web/permit/public-search-other?t_detail=1&t_selected_folderrsn=13694596""}, ""project_id"": ""13694596"", ""latitude"": ""30.25949437"", ""longitude"": ""-97.77895799"", ""location"": {""latitude"": ""30.25949437"", ""longitude"": ""-97.77895799"", ""human_address"": ""{\""address\"": \""\"", \""city\"": \""\"", \""state\"": \""\"", \""zip\"": \""\""}""}, ""contractor_trade"": ""Electrical Contractor"", ""contractor_company_name"": ""D and C Electric, Inc"", ""contractor_full_name"": ""Chance Reyes"", ""contractor_phone"": ""5129544782"", ""contractor_address2"": ""3233  Windin"", ""contractor_city"": ""Austin"", ""contractor_zip"": ""78750"", ""certificate_of_occupancy"": ""No""}",2026-05-03T10:54:27.260194+00:00
2026-051045 EP,ev install,2026-05-01T00:00:00+00:00,Special Inspections Program,Electrical Permit,,Industrial Elect,Active,2013 RODEO DR,78727,Residential,5127385900,https://abc.austintexas.gov/web/permit/public-search-other?t_detail=1&t_selected_folderrsn=13692944,2026-05-01T00:00:00+00:00,"{""permittype"": ""EP"", ""permit_type_desc"": ""Electrical Permit"", ""permit_number"": ""2026-051045 EP"", ""permit_class_mapped"": ""Residential"", ""permit_class"": ""Residential"", ""work_class"": ""Special Inspections Program"", ""condominium"": ""No"", ""permit_location"": ""2013 RODEO DR"", ""description"": ""ev install"", ""tcad_id"": ""0266180215"", ""legal_description"": ""LOT 1 BLK D SCOFIELD FARMS PHS 3 SEC 3"", ""applieddate"": ""2026-04-24T00:00:00.000"", ""issue_date"": ""2026-05-01T00:00:00.000"", ""day_issued"": ""FRIDAY"", ""calendar_year_issued"": ""2026"", ""fiscal_year_issued"": ""2026"", ""issued_in_last_30_days"": ""Yes"", ""issue_method"": ""Permit Center"", ""status_current"": ""Active"", ""statusdate"": ""2026-05-01T00:00:00.000"", ""expiresdate"": ""2026-10-28T00:00:00.000"", ""electrical_valuation_remodel"": ""2000"", ""original_address1"": ""2013 RODEO DR"", ""original_city"": ""AUSTIN"", ""original_state"": ""TX"", ""original_zip"": ""78727"", ""council_district"": ""7"", ""jurisdiction"": ""AUSTIN FULL PURPOSE"", ""link"": {""url"": ""https://abc.austintexas.gov/web/permit/public-search-other?t_detail=1&t_selected_folderrsn=13692944""}, ""project_id"": ""13692944"", ""latitude"": ""30.42672457"", ""longitude"": ""-97.68956174"", ""location"": {""latitude"": ""30.42672457"", ""longitude"": ""-97.68956174"", ""human_address"": ""{\""address\"": \""\"", \""city\"": \""\"", \""state\"": \""\"", \""zip\"": \""\""}""}, ""contractor_trade"": ""Electrical Contractor"", ""contractor_company_name"": ""Industrial Elect"", ""contractor_full_name"": ""Mark A Brendalen"", ""contractor_phone"": ""5127385900"", ""contractor_address1"": ""P.O.Box 1493"", ""contractor_address2"": ""908  Sycamor"", ""contractor_city"": ""San Marcos"", ""contractor_zip"": ""78666"", ""certificate_of_occupancy"": ""No""}",2026-05-03T10:54:27.260194+00:00
2026-053167 EP,"We had an emergency outage as a tree fell on an incoming line which ripped the mast and meter off the wall.
We have rebuilt and passed the temp power/",2026-05-01T00:00:00+00:00,Repair,Electrical Permit,,Southern Cross Electric DBA: Aussie Electric Inc.,Active,1309 JULIET ST,78704,Residential,5127758774,https://abc.austintexas.gov/web/permit/public-search-other?t_detail=1&t_selected_folderrsn=13695260,2026-05-01T00:00:00+00:00,"{""permittype"": ""EP"", ""permit_type_desc"": ""Electrical Permit"", ""permit_number"": ""2026-053167 EP"", ""permit_class_mapped"": ""Residential"", ""permit_class"": ""Residential"", ""work_class"": ""Repair"", ""condominium"": ""No"", ""permit_location"": ""1309 JULIET ST"", ""description"": ""We had an emergency outage as a tree fell on an incoming line which ripped the mast and meter off the wall.\nWe have rebuilt and passed the temp power/"", ""tcad_id"": ""0103030509"", ""legal_description"": ""LOT 9 OKIE HEIGHTS"", ""applieddate"": ""2026-04-29T00:00:00.000"", ""issue_date"": ""2026-05-01T00:00:00.000"", ""day_issued"": ""FRIDAY"", ""calendar_year_issued"": ""2026"", ""fiscal_year_issued"": ""2026"", ""issued_in_last_30_days"": ""Yes"", ""issue_method"": ""Permit Center"", ""status_current"": ""Active"", ""statusdate"": ""2026-05-01T00:00:00.000"", ""expiresdate"": ""2026-10-28T00:00:00.000"", ""remodel_repair_sqft"": ""0"", ""number_of_floors"": ""1"", ""housing_units"": ""1"", ""electrical_valuation_remodel"": ""2000"", ""original_address1"": ""1309 JULIET ST"", ""original_city"": ""AUSTIN"", ""original_state"": ""TX"", ""original_zip"": ""78704"", ""council_district"": ""9"", ""jurisdiction"": ""AUSTIN FULL PURPOSE"", ""link"": {""url"": ""https://abc.austintexas.gov/web/permit/public-search-other?t_detail=1&t_selected_folderrsn=13695260""}, ""project_id"": ""13695260"", ""latitude"": ""30.25785969"", ""longitude"": ""-97.76103772"", ""location"": {""latitude"": ""30.25785969"", ""longitude"": ""-97.76103772"", ""human_address"": ""{\""address\"": \""\"", \""city\"": \""\"", \""state\"": \""\"", \""zip\"": \""\""}""}, ""contractor_trade"": ""Electrical Contractor"", ""contractor_company_name"": ""Southern Cross Electric DBA: Aussie Electric Inc."", ""contractor_full_name"": ""Grant Campbell"", ""contractor_phone"": ""5127758774"", ""contractor_address2"": ""7305  Trento"", ""contractor_city"": ""Austin"", ""contractor_zip"": ""78736"", ""certificate_of_occupancy"": ""No""}",2026-05-03T10:54:27.260194+00:00
2026-053471 BP,Express- Bathroom remodel as per attached scope of work,2026-05-01T00:00:00+00:00,Repair,Building Permit,1.0,ATX Home Remodeling,Active,5800 TINITA CT,78739,Residential,8186018452,https://abc.austintexas.gov/web/permit/public-search-other?t_detail=1&t_selected_folderrsn=13695597,2026-05-01T00:00:00+00:00,"{""permittype"": ""BP"", ""permit_type_desc"": ""Building Permit"", ""permit_number"": ""2026-053471 BP"", ""permit_class_mapped"": ""Residential"", ""permit_class"": ""R- 435 Renovations/Remodel"", ""work_class"": ""Repair"", ""condominium"": ""No"", ""permit_location"": ""5800 TINITA CT"", ""description"": ""Express- Bathroom remodel as per attached scope of work"", ""tcad_id"": ""0426400226"", ""legal_description"": ""LOT 173 BLK RR CIRCLE C RANCH PHS B SEC 16"", ""applieddate"": ""2026-04-29T00:00:00.000"", ""issue_date"": ""2026-05-01T00:00:00.000"", ""day_issued"": ""FRIDAY"", ""calendar_year_issued"": ""2026"", ""fiscal_year_issued"": ""2026"", ""issued_in_last_30_days"": ""Yes"", ""issue_method"": ""Permit Center"", ""status_current"": ""Active"", ""statusdate"": ""2026-05-01T00:00:00.000"", ""expiresdate"": ""2026-10-29T00:00:00.000"", ""remodel_repair_sqft"": ""1"", ""total_valuation_remodel"": ""4"", ""total_job_valuation"": ""1"", ""number_of_floors"": ""1"", ""housing_units"": ""1"", ""building_valuation_remodel"": ""1"", ""electrical_valuation_remodel"": ""1"", ""mechanical_valuation_remodel"": ""1"", ""plumbing_valuation_remodel"": ""1"", ""original_address1"": ""5800 TINITA CT"", ""original_city"": ""AUSTIN"", ""original_state"": ""TX"", ""original_zip"": ""78739"", ""council_district"": ""8"", ""jurisdiction"": ""AUSTIN FULL PURPOSE"", ""link"": {""url"": ""https://abc.austintexas.gov/web/permit/public-search-other?t_detail=1&t_selected_folderrsn=13695597""}, ""project_id"": ""13695597"", ""masterpermitnum"": ""13695593"", ""latitude"": ""30.18500698"", ""longitude"": ""-97.88821721"", ""location"": {""latitude"": ""30.18500698"", ""longitude"": ""-97.88821721"", ""human_address"": ""{\""address\"": \""\"", \""city\"": \""\"", \""state\"": \""\"", \""zip\"": \""\""}""}, ""contractor_trade"": ""General Contractor"", ""contractor_company_name"": ""ATX Home Remodeling"", ""contractor_full_name"": ""Daniel Sanchez"", ""contractor_phone"": ""8186018452"", ""contractor_address2"": ""3532  BEE CA"", ""contractor_city"": ""AUSTIN"", ""contractor_zip"": ""78746-____"", ""applicant_full_name"": ""Daniel Sanchez"", ""applicant_org"": ""ATX Home Remodeling"", ""applicant_phone"": ""8186018452"", ""applicant_address2"": ""3532  BEE CA"", ""applicant_city"": ""AUSTIN"", ""applicantzip"": ""78746-____"", ""certificate_of_occupancy"": ""No""}",2026-05-03T10:54:27.260194+00:00
2026-049415 EP,2458BR NEW 4 BEDROOM 3 1/2 BATH SINGLE FAMILY RESIDENTIAL HOME WITH ATTACHED GARAGE COVERED FRONT PORCH AND REAR PATIO,2026-05-01T00:00:00+00:00,New,Electrical Permit,,Landmark Electric,Active,13241 LOSGLAID DR,78617,Residential,5124917718,https://abc.austintexas.gov/web/permit/public-search-other?t_detail=1&t_selected_folderrsn=13690942,2026-05-01T00:00:00+00:00,"{""permittype"": ""EP"", ""permit_type_desc"": ""Electrical Permit"", ""permit_number"": ""2026-049415 EP"", ""permit_class_mapped"": ""Residential"", ""permit_class"": ""R- 101 Single Family Houses"", ""work_class"": ""New"", ""condominium"": ""No"", ""permit_location"": ""13241 LOSGLAID DR"", ""description"": ""2458BR NEW 4 BEDROOM 3 1/2 BATH SINGLE FAMILY RESIDENTIAL HOME WITH ATTACHED GARAGE COVERED FRONT PORCH AND REAR PATIO"", ""tcad_id"": ""0336400701"", ""legal_description"": ""STONEY RIDGE HIGHLANDS PHS 1 A SMALL LOT SUBD BLK B LOT 49"", ""applieddate"": ""2026-04-09T00:00:00.000"", ""issue_date"": ""2026-05-01T00:00:00.000"", ""day_issued"": ""FRIDAY"", ""calendar_year_issued"": ""2026"", ""fiscal_year_issued"": ""2026"", ""issued_in_last_30_days"": ""Yes"", ""issue_method"": ""Permit Center"", ""status_current"": ""Active"", ""statusdate"": ""2026-05-01T00:00:00.000"", ""expiresdate"": ""2026-10-27T00:00:00.000"", ""total_new_add_sqft"": ""2887"", ""number_of_floors"": ""2"", ""housing_units"": ""1"", ""original_address1"": ""13241 LOSGLAID DR"", ""original_city"": ""AUSTIN"", ""original_state"": ""TX"", ""original_zip"": ""78617"", ""council_district"": ""2"", ""jurisdiction"": ""AUSTIN LTD"", ""link"": {""url"": ""https://abc.austintexas.gov/web/permit/public-search-other?t_detail=1&t_selected_folderrsn=13690942""}, ""project_id"": ""13690942"", ""masterpermitnum"": ""13690935"", ""contractor_trade"": ""Electrical Contractor"", ""contractor_company_name"": ""Landmark Electric"", ""contractor_full_name"": ""Robert W Brown"", ""contractor_phone"": ""5124917718"", ""contractor_address2"": ""2008  PICADI"", ""contractor_city"": ""ROUND ROCK"", ""contractor_zip"": ""78664"", ""certificate_of_occupancy"": ""No""}",2026-05-03T10:54:27.260194+00:00
2026-035061 PP,New construction multi-family in the etj 32706 sqft,2026-05-01T00:00:00+00:00,New,Plumbing Permit,,"Red Kings Plumbing Contractors LLC,",Active,5121 E HOWARD LN BLDG 1,78653,Commercial,2109862480,https://abc.austintexas.gov/web/permit/public-search-other?t_detail=1&t_selected_folderrsn=13674566,2026-05-01T00:00:00+00:00,"{""permittype"": ""PP"", ""permit_type_desc"": ""Plumbing Permit"", ""permit_number"": ""2026-035061 PP"", ""permit_class_mapped"": ""Commercial"", ""permit_class"": ""Commercial"", ""work_class"": ""New"", ""condominium"": ""No"", ""permit_location"": ""5121 E HOWARD LN BLDG 1"", ""description"": ""New construction multi-family in the etj 32706 sqft"", ""tcad_id"": ""0251410311"", ""legal_description"": ""ABS 160 SUR 50 CASTRO M ACR 45.592"", ""applieddate"": ""2026-03-24T00:00:00.000"", ""issue_date"": ""2026-05-01T00:00:00.000"", ""day_issued"": ""FRIDAY"", ""calendar_year_issued"": ""2026"", ""fiscal_year_issued"": ""2026"", ""issued_in_last_30_days"": ""Yes"", ""issue_method"": ""Permit Center"", ""status_current"": ""Active"", ""statusdate"": ""2026-05-01T00:00:00.000"", ""expiresdate"": ""2026-10-28T00:00:00.000"", ""total_new_add_sqft"": ""32706"", ""number_of_floors"": ""3"", ""housing_units"": ""36"", ""original_address1"": ""5121 E HOWARD LN BLDG 1"", ""original_city"": ""AUSTIN"", ""original_state"": ""TX"", ""original_zip"": ""78653"", ""jurisdiction"": ""AUSTIN 2 MILE ETJ"", ""link"": {""url"": ""https://abc.austintexas.gov/web/permit/public-search-other?t_detail=1&t_selected_folderrsn=13674566""}, ""project_id"": ""13674566"", ""contractor_trade"": ""Plumbing Contractor"", ""contractor_company_name"": ""Red Kings Plumbing Contractors LLC,"", ""contractor_full_name"": ""Ubaldo De Santiago"", ""contractor_phone"": ""2109862480"", ""contractor_address1"": ""PO BOX 70170"", ""contractor_city"": ""San Antonio"", ""contractor_zip"": ""78270-____"", ""certificate_of_occupancy"": ""No""}",2026-05-03T10:54:27.260194+00:00
2026-054176 PP,Replacement of an existing water heater Replace like/like E water heater.,2026-05-01T00:00:00+00:00,Change Out,Plumbing Permit,,ABC Home & Commercial Service,Active,10903 CALLANISH PARK DR,78750,Residential,5128379500,https://abc.austintexas.gov/web/permit/public-search-other?t_detail=1&t_selected_folderrsn=13696433,2026-05-01T00:00:00+00:00,"{""permittype"": ""PP"", ""permit_type_desc"": ""Plumbing Permit"", ""permit_number"": ""2026-054176 PP"", ""permit_class_mapped"": ""Residential"", ""permit_class"": ""Residential"", ""work_class"": ""Change Out"", ""permit_location"": ""10903 CALLANISH PARK DR"", ""description"": ""Replacement of an existing water heater Replace like/like E water heater."", ""tcad_id"": ""0166110106"", ""legal_description"": ""LOT 76 BLK D PARK AT SPICEWOOD SPRINGS PHS 1 SEC III"", ""applieddate"": ""2026-04-30T00:00:00.000"", ""issue_date"": ""2026-05-01T00:00:00.000"", ""day_issued"": ""FRIDAY"", ""calendar_year_issued"": ""2026"", ""fiscal_year_issued"": ""2026"", ""issued_in_last_30_days"": ""Yes"", ""issue_method"": ""Permit Center"", ""status_current"": ""Active"", ""statusdate"": ""2026-05-01T00:00:00.000"", ""expiresdate"": ""2026-10-28T00:00:00.000"", ""original_address1"": ""10903 CALLANISH PARK DR"", ""original_city"": ""AUSTIN"", ""original_state"": ""TX"", ""original_zip"": ""78750"", ""council_district"": ""6"", ""jurisdiction"": ""AUSTIN FULL PURPOSE"", ""link"": {""url"": ""https://abc.austintexas.gov/web/permit/public-search-other?t_detail=1&t_selected_folderrsn=13696433""}, ""project_id"": ""13696433"", ""latitude"": ""30.42817833"", ""longitude"": ""-97.78883603"", ""location"": {""latitude"": ""30.42817833"", ""longitude"": ""-97.78883603"", ""human_address"": ""{\""address\"": \""\"", \""city\"": \""\"", \""state\"": \""\"", \""zip\"": \""\""}""}, ""contractor_trade"": ""Plumbing Contractor"", ""contractor_company_name"": ""ABC Home & Commercial Service"", ""contractor_full_name"": ""Mike Yazolino"", ""contractor_phone"": ""5128379500"", ""contractor_address2"": ""9475 E Highw"", ""contractor_city"": ""Austin"", ""contractor_zip"": ""78724""}",2026-05-03T10:54:27.260194+00:00
2026-051918 EP,ev install,2026-05-01T00:00:00+00:00,Special Inspections Program,Electrical Permit,,Industrial Elect,Active,4549 GOLF VISTA DR,78730,Residential,5127385900,https://abc.austintexas.gov/web/permit/public-search-other?t_detail=1&t_selected_folderrsn=13693895,2026-05-01T00:00:00+00:00,"{""permittype"": ""EP"", ""permit_type_desc"": ""Electrical Permit"", ""permit_number"": ""2026-051918 EP"", ""permit_class_mapped"": ""Residential"", ""permit_class"": ""Residential"", ""work_class"": ""Special Inspections Program"", ""condominium"": ""No"", ""permit_location"": ""4549 GOLF VISTA DR"", ""description"": ""ev install"", ""tcad_id"": ""0143340220"", ""legal_description"": ""LOT 168 BLK Q OVERLOOK AT RIVER PLACE THE"", ""applieddate"": ""2026-04-27T00:00:00.000"", ""issue_date"": ""2026-05-01T00:00:00.000"", ""day_issued"": ""FRIDAY"", ""calendar_year_issued"": ""2026"", ""fiscal_year_issued"": ""2026"", ""issued_in_last_30_days"": ""Yes"", ""issue_method"": ""Permit Center"", ""status_current"": ""Active"", ""statusdate"": ""2026-05-01T00:00:00.000"", ""expiresdate"": ""2026-10-28T00:00:00.000"", ""electrical_valuation_remodel"": ""2000"", ""original_address1"": ""4549 GOLF VISTA DR"", ""original_city"": ""AUSTIN"", ""original_state"": ""TX"", ""original_zip"": ""78730"", ""council_district"": ""10"", ""jurisdiction"": ""AUSTIN FULL PURPOSE"", ""link"": {""url"": ""https://abc.austintexas.gov/web/permit/public-search-other?t_detail=1&t_selected_folderrsn=13693895""}, ""project_id"": ""13693895"", ""latitude"": ""30.37164171"", ""longitude"": ""-97.85651833"", ""location"": {""latitude"": ""30.37164171"", ""longitude"": ""-97.85651833"", ""human_address"": ""{\""address\"": \""\"", \""city\"": \""\"", \""state\"": \""\"", \""zip\"": \""\""}""}, ""contractor_trade"": ""Electrical Contractor"", ""contractor_company_name"": ""Industrial Elect"", ""contractor_full_name"": ""Mark A Brendalen"", ""contractor_phone"": ""5127385900"", ""contractor_address1"": ""P.O.Box 1493"", ""contractor_address2"": ""908  Sycamor"", ""contractor_city"": ""San Marcos"", ""contractor_zip"": ""78666"", ""certificate_of_occupancy"": ""No""}",2026-05-03T10:54:27.260194+00:00
2026-050632 EP,Express - Replaces windows doors flooring cabinets replace electric plugs switches outfits replace plumbing fixtures (faucets shower & bath valves) re,2026-05-01T00:00:00+00:00,Repair,Electrical Permit,,Anzaldua Electric Inc,Active,8307 COPANO DR,78749,Residential,5123082072,https://abc.austintexas.gov/web/permit/public-search-other?t_detail=1&t_selected_folderrsn=13692464,2026-05-01T00:00:00+00:00,"{""permittype"": ""EP"", ""permit_type_desc"": ""Electrical Permit"", ""permit_number"": ""2026-050632 EP"", ""permit_class_mapped"": ""Residential"", ""permit_class"": ""R- 435 Renovations/Remodel"", ""work_class"": ""Repair"", ""condominium"": ""No"", ""permit_location"": ""8307 COPANO DR"", ""description"": ""Express - Replaces windows doors flooring cabinets replace electric plugs switches outfits replace plumbing fixtures (faucets shower & bath valves) re"", ""tcad_id"": ""0418300907"", ""legal_description"": ""LOT 24 BLK Z MAPLE RUN SEC 6"", ""applieddate"": ""2026-04-23T00:00:00.000"", ""issue_date"": ""2026-05-01T00:00:00.000"", ""day_issued"": ""FRIDAY"", ""calendar_year_issued"": ""2026"", ""fiscal_year_issued"": ""2026"", ""issued_in_last_30_days"": ""Yes"", ""issue_method"": ""Permit Center"", ""status_current"": ""Active"", ""statusdate"": ""2026-05-01T00:00:00.000"", ""expiresdate"": ""2026-10-25T00:00:00.000"", ""remodel_repair_sqft"": ""1"", ""number_of_floors"": ""1"", ""housing_units"": ""1"", ""electrical_valuation_remodel"": ""1000"", ""original_address1"": ""8307 COPANO DR"", ""original_city"": ""AUSTIN"", ""original_state"": ""TX"", ""original_zip"": ""78749"", ""council_district"": ""8"", ""jurisdiction"": ""AUSTIN FULL PURPOSE"", ""link"": {""url"": ""https://abc.austintexas.gov/web/permit/public-search-other?t_detail=1&t_selected_folderrsn=13692464""}, ""project_id"": ""13692464"", ""masterpermitnum"": ""13692463"", ""latitude"": ""30.20655099"", ""longitude"": ""-97.85055511"", ""location"": {""latitude"": ""30.20655099"", ""longitude"": ""-97.85055511"", ""human_address"": ""{\""address\"": \""\"", \""city\"": \""\"", \""state\"": \""\"", \""zip\"": \""\""}""}, ""contractor_trade"": ""Electrical Contractor"", ""contractor_company_name"": ""Anzaldua Electric Inc"", ""contractor_full_name"": ""Julio C Anzaldua"", ""contractor_phone"": ""5123082072"", ""contractor_address2"": ""161  Cedar S"", ""contractor_city"": ""Bastrop"", ""contractor_zip"": ""78602"", ""certificate_of_occupancy"": ""No""}",2026-05-03T10:54:27.260194+00:00
2026-028720 PP,*S.M.A.R.T. HOUSING* *GREEN BUILDING* ePlan: Residential Expedited Review - New construction of a 3-Story Townhome [3bed 3.5bath] with Attached Garage,2026-05-01T00:00:00+00:00,New,Plumbing Permit,,Victory Plumbing Company,Active,4206 ENDURANCE WAY,78731,Residential,5129907200,https://abc.austintexas.gov/web/permit/public-search-other?t_detail=1&t_selected_folderrsn=13667479,2026-05-01T00:00:00+00:00,"{""permittype"": ""PP"", ""permit_type_desc"": ""Plumbing Permit"", ""permit_number"": ""2026-028720 PP"", ""permit_class_mapped"": ""Residential"", ""permit_class"": ""R- 101 Single Family Houses"", ""work_class"": ""New"", ""condominium"": ""No"", ""permit_location"": ""4206 ENDURANCE WAY"", ""description"": ""*S.M.A.R.T. HOUSING* *GREEN BUILDING* ePlan: Residential Expedited Review - New construction of a 3-Story Townhome [3bed 3.5bath] with Attached Garage"", ""tcad_id"": ""0124000601"", ""applieddate"": ""2026-02-04T00:00:00.000"", ""issue_date"": ""2026-05-01T00:00:00.000"", ""day_issued"": ""FRIDAY"", ""calendar_year_issued"": ""2026"", ""fiscal_year_issued"": ""2026"", ""issued_in_last_30_days"": ""Yes"", ""issue_method"": ""Permit Center"", ""status_current"": ""Active"", ""statusdate"": ""2026-05-01T00:00:00.000"", ""expiresdate"": ""2026-09-13T00:00:00.000"", ""total_new_add_sqft"": ""3270"", ""number_of_floors"": ""3"", ""housing_units"": ""1"", ""original_address1"": ""4206 ENDURANCE WAY"", ""original_city"": ""AUSTIN"", ""original_state"": ""TX"", ""original_zip"": ""78731"", ""council_district"": ""10"", ""jurisdiction"": ""AUSTIN FULL PURPOSE"", ""link"": {""url"": ""https://abc.austintexas.gov/web/permit/public-search-other?t_detail=1&t_selected_folderrsn=13667479""}, ""project_id"": ""13667479"", ""masterpermitnum"": ""13667217"", ""latitude"": ""30.31587496"", ""longitude"": ""-97.75404815"", ""location"": {""latitude"": ""30.31587496"", ""longitude"": ""-97.75404815"", ""human_address"": ""{\""address\"": \""\"", \""city\"": \""\"", \""state\"": \""\"", \""zip\"": \""\""}""}, ""contractor_trade"": ""Plumbing Contractor"", ""contractor_company_name"": ""Victory Plumbing Company"", ""contractor_full_name"": ""Randolph Taylor"", ""contractor_phone"": ""5129907200"", ""contractor_address2"": ""1175  Countr"", ""contractor_city"": ""HUTTO"", ""contractor_zip"": ""78634"", ""certificate_of_occupancy"": ""No""}",2026-05-03T10:54:27.260194+00:00
2026-045283 EP,ePlan: Commercial Expedited Review - Interior Remodel to Existing Office (151395 SF),2026-05-01T00:00:00+00:00,Remodel,Electrical Permit,,Carroll Electric,Active,7800 SHOAL CREEK BLVD UNIT E100,78757,Commercial,5127486203,https://abc.austintexas.gov/web/permit/public-search-other?t_detail=1&t_selected_folderrsn=13686143,2026-05-01T00:00:00+00:00,"{""permittype"": ""EP"", ""permit_type_desc"": ""Electrical Permit"", ""permit_number"": ""2026-045283 EP"", ""permit_class_mapped"": ""Commercial"", ""permit_class"": ""C-1000 Commercial Remodel"", ""work_class"": ""Remodel"", ""condominium"": ""No"", ""permit_location"": ""7800 SHOAL CREEK BLVD UNIT E100"", ""description"": ""ePlan: Commercial Expedited Review - Interior Remodel to Existing Office (151395 SF)"", ""tcad_id"": ""0240030202"", ""legal_description"": ""LOT 1 *RESUB OF LOT A AUSTIN NORTHWEST SUBD"", ""applieddate"": ""2026-03-13T00:00:00.000"", ""issue_date"": ""2026-05-01T00:00:00.000"", ""day_issued"": ""FRIDAY"", ""calendar_year_issued"": ""2026"", ""fiscal_year_issued"": ""2026"", ""issued_in_last_30_days"": ""Yes"", ""issue_method"": ""Permit Center"", ""status_current"": ""Active"", ""statusdate"": ""2026-05-01T00:00:00.000"", ""expiresdate"": ""2026-10-27T00:00:00.000"", ""remodel_repair_sqft"": ""12307"", ""number_of_floors"": ""2"", ""housing_units"": ""1"", ""electrical_valuation_remodel"": ""30000"", ""original_address1"": ""7800 SHOAL CREEK BLVD UNIT E100"", ""original_city"": ""AUSTIN"", ""original_state"": ""TX"", ""original_zip"": ""78757"", ""council_district"": ""7"", ""jurisdiction"": ""AUSTIN FULL PURPOSE"", ""link"": {""url"": ""https://abc.austintexas.gov/web/permit/public-search-other?t_detail=1&t_selected_folderrsn=13686143""}, ""project_id"": ""13686143"", ""masterpermitnum"": ""13686141"", ""latitude"": ""30.35982497"", ""longitude"": ""-97.74215623"", ""location"": {""latitude"": ""30.35982497"", ""longitude"": ""-97.74215623"", ""human_address"": ""{\""address\"": \""\"", \""city\"": \""\"", \""state\"": \""\"", \""zip\"": \""\""}""}, ""contractor_trade"": ""Electrical Contractor"", ""contractor_company_name"": ""Carroll Electric"", ""contractor_full_name"": ""Richard Carroll"", ""contractor_phone"": ""5127486203"", ""contractor_address1"": ""12311 HAVELO"", ""contractor_address2"": ""AUSTIN TX  7"", ""contractor_city"": ""Austin"", ""contractor_zip"": ""78759"", ""certificate_of_occupancy"": ""No""}",2026-05-03T10:54:27.260194+00:00
2026-053373 PP,Replacement of an existing water heater swapping out old gas tankless water heater for a similar model,2026-05-01T00:00:00+00:00,Change Out,Plumbing Permit,,Reliant Plumbing,Active,2002 HOLLY ST,78702,Residential,5126754420,https://abc.austintexas.gov/web/permit/public-search-other?t_detail=1&t_selected_folderrsn=13695485,2026-05-01T00:00:00+00:00,"{""permittype"": ""PP"", ""permit_type_desc"": ""Plumbing Permit"", ""permit_number"": ""2026-053373 PP"", ""permit_class_mapped"": ""Residential"", ""permit_class"": ""Residential"", ""work_class"": ""Change Out"", ""permit_location"": ""2002 HOLLY ST"", ""description"": ""Replacement of an existing water heater swapping out old gas tankless water heater for a similar model"", ""tcad_id"": ""0202080615"", ""legal_description"": ""LOT 10 BLK E OLT 49&50 DIV O DRIVING PARK ADDN"", ""applieddate"": ""2026-04-29T00:00:00.000"", ""issue_date"": ""2026-05-01T00:00:00.000"", ""day_issued"": ""FRIDAY"", ""calendar_year_issued"": ""2026"", ""fiscal_year_issued"": ""2026"", ""issued_in_last_30_days"": ""Yes"", ""issue_method"": ""Permit Center"", ""status_current"": ""Active"", ""statusdate"": ""2026-05-01T00:00:00.000"", ""expiresdate"": ""2026-10-28T00:00:00.000"", ""original_address1"": ""2002 HOLLY ST"", ""original_city"": ""AUSTIN"", ""original_state"": ""TX"", ""original_zip"": ""78702"", ""council_district"": ""3"", ""jurisdiction"": ""AUSTIN FULL PURPOSE"", ""link"": {""url"": ""https://abc.austintexas.gov/web/permit/public-search-other?t_detail=1&t_selected_folderrsn=13695485""}, ""project_id"": ""13695485"", ""latitude"": ""30.25306151"", ""longitude"": ""-97.72464132"", ""location"": {""latitude"": ""30.25306151"", ""longitude"": ""-97.72464132"", ""human_address"": ""{\""address\"": \""\"", \""city\"": \""\"", \""state\"": \""\"", \""zip\"": \""\""}""}, ""contractor_trade"": ""Plumbing Contractor"", ""contractor_company_name"": ""Reliant Plumbing"", ""contractor_full_name"": ""Jason Oliphant"", ""contractor_phone"": ""5126754420"", ""contractor_address2"": ""3841  SR RR"", ""contractor_city"": ""Austin"", ""contractor_zip"": ""78734-____""}",2026-05-03T10:54:27.260194+00:00
2026-050728 PP,"Replacement of an existing water heater 40 gallon gas water heater change out 

9009 Kimono Ridge Drive Austin TX 78748",2026-05-01T00:00:00+00:00,Change Out,Plumbing Permit,,Radiant Plumbing & AC,Active,9009 KIMONO RIDGE DR,78748,Residential,5122639988,https://abc.austintexas.gov/web/permit/public-search-other?t_detail=1&t_selected_folderrsn=13692572,2026-05-01T00:00:00+00:00,"{""permittype"": ""PP"", ""permit_type_desc"": ""Plumbing Permit"", ""permit_number"": ""2026-050728 PP"", ""permit_class_mapped"": ""Residential"", ""permit_class"": ""Residential"", ""work_class"": ""Change Out"", ""permit_location"": ""9009 KIMONO RIDGE DR"", ""description"": ""Replacement of an existing water heater 40 gallon gas water heater change out \n\n9009 Kimono Ridge Drive Austin TX 78748"", ""tcad_id"": ""0426191005"", ""legal_description"": ""LOT 44 BLK B LAURELWOOD ESTATES"", ""applieddate"": ""2026-04-24T00:00:00.000"", ""issue_date"": ""2026-05-01T00:00:00.000"", ""day_issued"": ""FRIDAY"", ""calendar_year_issued"": ""2026"", ""fiscal_year_issued"": ""2026"", ""issued_in_last_30_days"": ""Yes"", ""issue_method"": ""Permit Center"", ""status_current"": ""Active"", ""statusdate"": ""2026-05-01T00:00:00.000"", ""expiresdate"": ""2026-10-28T00:00:00.000"", ""original_address1"": ""9009 KIMONO RIDGE DR"", ""original_city"": ""AUSTIN"", ""original_state"": ""TX"", ""original_zip"": ""78748"", ""council_district"": ""5"", ""jurisdiction"": ""AUSTIN FULL PURPOSE"", ""link"": {""url"": ""https://abc.austintexas.gov/web/permit/public-search-other?t_detail=1&t_selected_folderrsn=13692572""}, ""project_id"": ""13692572"", ""latitude"": ""30.18100367"", ""longitude"": ""-97.81646263"", ""location"": {""latitude"": ""30.18100367"", ""longitude"": ""-97.81646263"", ""human_address"": ""{\""address\"": \""\"", \""city\"": \""\"", \""state\"": \""\"", \""zip\"": \""\""}""}, ""contractor_trade"": ""Plumbing Contractor"", ""contractor_company_name"": ""Radiant Plumbing & AC"", ""contractor_full_name"": ""Jacob Schmidt"", ""contractor_phone"": ""5122639988"", ""contractor_address2"": ""901  REINLI"", ""contractor_city"": ""AUSTIN"", ""contractor_zip"": ""78751-____""}",2026-05-03T10:54:27.260194+00:00
2026-044945 EP,ePlan: Commercial Expedited Review -[APPROVED] Interior Remodel to Convert Building to House Breakroom and General Maintenance (1512 SF).,2026-05-01T00:00:00+00:00,Remodel,Electrical Permit,,T M Electric,Active,7050 BURLESON RD,78744,Commercial,5128348174,https://abc.austintexas.gov/web/permit/public-search-other?t_detail=1&t_selected_folderrsn=13686054,2026-05-01T00:00:00+00:00,"{""permittype"": ""EP"", ""permit_type_desc"": ""Electrical Permit"", ""permit_number"": ""2026-044945 EP"", ""permit_class_mapped"": ""Commercial"", ""permit_class"": ""C-1000 Commercial Remodel"", ""work_class"": ""Remodel"", ""condominium"": ""No"", ""permit_location"": ""7050 BURLESON RD"", ""description"": ""ePlan: Commercial Expedited Review -[APPROVED] Interior Remodel to Convert Building to House Breakroom and General Maintenance (1512 SF)."", ""tcad_id"": ""0318130701"", ""applieddate"": ""2026-03-05T00:00:00.000"", ""issue_date"": ""2026-05-01T00:00:00.000"", ""day_issued"": ""FRIDAY"", ""calendar_year_issued"": ""2026"", ""fiscal_year_issued"": ""2026"", ""issued_in_last_30_days"": ""Yes"", ""issue_method"": ""Permit Center"", ""status_current"": ""Active"", ""statusdate"": ""2026-05-01T00:00:00.000"", ""expiresdate"": ""2026-10-14T00:00:00.000"", ""remodel_repair_sqft"": ""1512"", ""number_of_floors"": ""1"", ""housing_units"": ""1"", ""electrical_valuation_remodel"": ""1"", ""original_address1"": ""7050 BURLESON RD"", ""original_city"": ""AUSTIN"", ""original_state"": ""TX"", ""original_zip"": ""78744"", ""council_district"": ""2"", ""jurisdiction"": ""AUSTIN FULL PURPOSE"", ""link"": {""url"": ""https://abc.austintexas.gov/web/permit/public-search-other?t_detail=1&t_selected_folderrsn=13686054""}, ""project_id"": ""13686054"", ""masterpermitnum"": ""13685730"", ""contractor_trade"": ""Electrical Contractor"", ""contractor_company_name"": ""T M Electric"", ""contractor_full_name"": ""Tim Moll"", ""contractor_phone"": ""5128348174"", ""contractor_address2"": ""9802  Gray B"", ""contractor_city"": ""Austin"", ""contractor_zip"": ""78758"", ""certificate_of_occupancy"": ""No""}",2026-05-03T10:54:27.260194+00:00
2026-047524 EP,Remodel existing 1st floor hospital areas.,2026-05-01T00:00:00+00:00,Remodel,Electrical Permit,,Prism Electric Inc,Active,12221 N MOPAC EXPY SVRD NB,78758,Commercial,5129262000,https://abc.austintexas.gov/web/permit/public-search-other?t_detail=1&t_selected_folderrsn=13688765,2026-05-01T00:00:00+00:00,"{""permittype"": ""EP"", ""permit_type_desc"": ""Electrical Permit"", ""permit_number"": ""2026-047524 EP"", ""permit_class_mapped"": ""Commercial"", ""permit_class"": ""C-1000 Commercial Remodel"", ""work_class"": ""Remodel"", ""condominium"": ""No"", ""permit_location"": ""12221 N MOPAC EXPY SVRD NB"", ""description"": ""Remodel existing 1st floor hospital areas."", ""tcad_id"": ""0260130901"", ""legal_description"": ""36.3670 A LOT 1 BLK B CENTRUM SUBD THE RESUB OF BLK B & E"", ""applieddate"": ""2025-08-06T00:00:00.000"", ""issue_date"": ""2026-05-01T00:00:00.000"", ""day_issued"": ""FRIDAY"", ""calendar_year_issued"": ""2026"", ""fiscal_year_issued"": ""2026"", ""issued_in_last_30_days"": ""Yes"", ""issue_method"": ""Permit Center"", ""status_current"": ""Active"", ""statusdate"": ""2026-05-01T00:00:00.000"", ""expiresdate"": ""2026-10-27T00:00:00.000"", ""remodel_repair_sqft"": ""826"", ""number_of_floors"": ""5"", ""housing_units"": ""1"", ""electrical_valuation_remodel"": ""167100"", ""original_address1"": ""12221 N MOPAC EXPY SVRD NB"", ""original_city"": ""AUSTIN"", ""original_state"": ""TX"", ""original_zip"": ""78758"", ""council_district"": ""7"", ""jurisdiction"": ""AUSTIN FULL PURPOSE"", ""link"": {""url"": ""https://abc.austintexas.gov/web/permit/public-search-other?t_detail=1&t_selected_folderrsn=13688765""}, ""project_id"": ""13688765"", ""masterpermitnum"": ""13688761"", ""latitude"": ""30.41218895"", ""longitude"": ""-97.70577289"", ""location"": {""latitude"": ""30.41218895"", ""longitude"": ""-97.70577289"", ""human_address"": ""{\""address\"": \""\"", \""city\"": \""\"", \""state\"": \""\"", \""zip\"": \""\""}""}, ""contractor_trade"": ""Electrical Contractor"", ""contractor_company_name"": ""Prism Electric Inc"", ""contractor_full_name"": ""Blake Combs"", ""contractor_phone"": ""5129262000"", ""contractor_address2"": ""2985  Market"", ""contractor_city"": ""Garland"", ""contractor_zip"": ""75041-____"", ""certificate_of_occupancy"": ""No""}",2026-05-03T10:54:27.260194+00:00
2026-028760 EP,Falcon S404 A Left New - 2 Story SFR w/ 4 bedrooms 2.5 bathrooms attached 2 car garage covered entry porch and patio required parking: 2.,2026-05-01T00:00:00+00:00,New,Electrical Permit,,Landmark Electric,Active,4512 LAVA ISLAND DR,78747,Residential,5124917718,https://abc.austintexas.gov/web/permit/public-search-other?t_detail=1&t_selected_folderrsn=13667277,2026-05-01T00:00:00+00:00,"{""permittype"": ""EP"", ""permit_type_desc"": ""Electrical Permit"", ""permit_number"": ""2026-028760 EP"", ""permit_class_mapped"": ""Residential"", ""permit_class"": ""R- 101 Single Family Houses"", ""work_class"": ""New"", ""condominium"": ""No"", ""permit_location"": ""4512 LAVA ISLAND DR"", ""description"": ""Falcon S404 A Left New - 2 Story SFR w/ 4 bedrooms 2.5 bathrooms attached 2 car garage covered entry porch and patio required parking: 2."", ""tcad_id"": ""0447110903"", ""legal_description"": ""CASCADES AT ONION CREEK EAST PHS 3 BLK I LOT 43"", ""applieddate"": ""2026-02-26T00:00:00.000"", ""issue_date"": ""2026-05-01T00:00:00.000"", ""day_issued"": ""FRIDAY"", ""calendar_year_issued"": ""2026"", ""fiscal_year_issued"": ""2026"", ""issued_in_last_30_days"": ""Yes"", ""issue_method"": ""Permit Center"", ""status_current"": ""Active"", ""statusdate"": ""2026-05-01T00:00:00.000"", ""expiresdate"": ""2026-10-28T00:00:00.000"", ""total_new_add_sqft"": ""2848"", ""number_of_floors"": ""2"", ""housing_units"": ""1"", ""original_address1"": ""4512 LAVA ISLAND DR"", ""original_city"": ""AUSTIN"", ""original_state"": ""TX"", ""original_zip"": ""78747"", ""council_district"": ""5"", ""jurisdiction"": ""AUSTIN FULL PURPOSE"", ""link"": {""url"": ""https://abc.austintexas.gov/web/permit/public-search-other?t_detail=1&t_selected_folderrsn=13667277""}, ""project_id"": ""13667277"", ""masterpermitnum"": ""13667272"", ""contractor_trade"": ""Electrical Contractor"", ""contractor_company_name"": ""Landmark Electric"", ""contractor_full_name"": ""Robert W Brown"", ""contractor_phone"": ""5124917718"", ""contractor_address2"": ""2008  PICADI"", ""contractor_city"": ""ROUND ROCK"", ""contractor_zip"": ""78664"", ""certificate_of_occupancy"": ""No""}",2026-05-03T10:54:27.260194+00:00
2026-054597 PP,Change from regular Waterheater To tankless w/h for Unit C of the fourplex,2026-05-01T00:00:00+00:00,Repair,Plumbing Permit,,Loredos Plumbing,Active,4401 MATTIE ST UNIT C,78723,Commercial,7372636253,https://abc.austintexas.gov/web/permit/public-search-other?t_detail=1&t_selected_folderrsn=13696930,2026-05-01T00:00:00+00:00,"{""permittype"": ""PP"", ""permit_type_desc"": ""Plumbing Permit"", ""permit_number"": ""2026-054597 PP"", ""permit_class_mapped"": ""Commercial"", ""permit_class"": ""Commercial"", ""work_class"": ""Repair"", ""condominium"": ""No"", ""permit_location"": ""4401 MATTIE ST UNIT C"", ""description"": ""Change from regular Waterheater To tankless w/h for Unit C of the fourplex"", ""tcad_id"": ""0217161401"", ""applieddate"": ""2026-05-01T00:00:00.000"", ""issue_date"": ""2026-05-01T00:00:00.000"", ""day_issued"": ""FRIDAY"", ""calendar_year_issued"": ""2026"", ""fiscal_year_issued"": ""2026"", ""issued_in_last_30_days"": ""Yes"", ""issue_method"": ""Permit Center"", ""status_current"": ""Active"", ""statusdate"": ""2026-05-01T00:00:00.000"", ""expiresdate"": ""2026-10-28T00:00:00.000"", ""number_of_floors"": ""0"", ""plumbing_valuation"": ""0"", ""original_address1"": ""4401 MATTIE ST UNIT C"", ""original_city"": ""AUSTIN"", ""original_state"": ""TX"", ""original_zip"": ""78723"", ""council_district"": ""9"", ""jurisdiction"": ""AUSTIN FULL PURPOSE"", ""link"": {""url"": ""https://abc.austintexas.gov/web/permit/public-search-other?t_detail=1&t_selected_folderrsn=13696930""}, ""project_id"": ""13696930"", ""contractor_trade"": ""Plumbing Contractor"", ""contractor_company_name"": ""Loredos Plumbing"", ""contractor_full_name"": ""Reynaldo Loredo"", ""contractor_phone"": ""7372636253"", ""contractor_address2"": ""13001  Amary"", ""contractor_city"": ""ELGIN"", ""contractor_zip"": ""78621-____"", ""certificate_of_occupancy"": ""No""}",2026-05-03T10:54:27.260194+00:00
2026-051561 PP,Excavate 20 tunnel to repair main drain line under house,2026-05-01T00:00:00+00:00,Repair,Plumbing Permit,,Radiant Plumbing & AC,Active,13201 BROADMEADE AVE,78729,Residential,5122639988,https://abc.austintexas.gov/web/permit/public-search-other?t_detail=1&t_selected_folderrsn=13693511,2026-05-01T00:00:00+00:00,"{""permittype"": ""PP"", ""permit_type_desc"": ""Plumbing Permit"", ""permit_number"": ""2026-051561 PP"", ""permit_class_mapped"": ""Residential"", ""permit_class"": ""Residential"", ""work_class"": ""Repair"", ""condominium"": ""No"", ""permit_location"": ""13201 BROADMEADE AVE"", ""description"": ""Excavate 20 tunnel to repair main drain line under house"", ""tcad_id"": ""R062946"", ""legal_description"": ""FOREST NORTH ESTATES PHASE 2 LOT 188"", ""applieddate"": ""2026-04-27T00:00:00.000"", ""issue_date"": ""2026-05-01T00:00:00.000"", ""day_issued"": ""FRIDAY"", ""calendar_year_issued"": ""2026"", ""fiscal_year_issued"": ""2026"", ""issued_in_last_30_days"": ""Yes"", ""issue_method"": ""Permit Center"", ""status_current"": ""Active"", ""statusdate"": ""2026-05-01T00:00:00.000"", ""expiresdate"": ""2026-10-28T00:00:00.000"", ""remodel_repair_sqft"": ""1500"", ""number_of_floors"": ""0"", ""housing_units"": ""1"", ""original_address1"": ""13201 BROADMEADE AVE"", ""original_city"": ""AUSTIN"", ""original_state"": ""TX"", ""original_zip"": ""78729"", ""jurisdiction"": ""AUSTIN 2 MILE ETJ"", ""link"": {""url"": ""https://abc.austintexas.gov/web/permit/public-search-other?t_detail=1&t_selected_folderrsn=13693511""}, ""project_id"": ""13693511"", ""latitude"": ""30.46134792"", ""longitude"": ""-97.77875616"", ""location"": {""latitude"": ""30.46134792"", ""longitude"": ""-97.77875616"", ""human_address"": ""{\""address\"": \""\"", \""city\"": \""\"", \""state\"": \""\"", \""zip\"": \""\""}""}, ""contractor_trade"": ""Plumbing Contractor"", ""contractor_company_name"": ""Radiant Plumbing & AC"", ""contractor_full_name"": ""Jacob Schmidt"", ""contractor_phone"": ""5122639988"", ""contractor_address2"": ""901  REINLI"", ""contractor_city"": ""AUSTIN"", ""contractor_zip"": ""78751-____"", ""certificate_of_occupancy"": ""No""}",2026-05-03T10:54:27.260194+00:00
2026-053593 EP,New construction sfr in the etj,2026-05-01T00:00:00+00:00,New,Electrical Permit,,"IES Residential, Inc.",Active,5613 BOTTICELLI DR,78747,Residential,5122520040,https://abc.austintexas.gov/web/permit/public-search-other?t_detail=1&t_selected_folderrsn=13695736,2026-05-01T00:00:00+00:00,"{""permittype"": ""EP"", ""permit_type_desc"": ""Electrical Permit"", ""permit_number"": ""2026-053593 EP"", ""permit_class_mapped"": ""Residential"", ""permit_class"": ""Residential"", ""work_class"": ""New"", ""condominium"": ""No"", ""permit_location"": ""5613 BOTTICELLI DR"", ""description"": ""New construction sfr in the etj"", ""tcad_id"": ""0449071304"", ""legal_description"": ""WEST BELLA FORTUNA PHS 3 (SMALL LT SUBD) BLK G LOT 40"", ""applieddate"": ""2026-04-30T00:00:00.000"", ""issue_date"": ""2026-05-01T00:00:00.000"", ""day_issued"": ""FRIDAY"", ""calendar_year_issued"": ""2026"", ""fiscal_year_issued"": ""2026"", ""issued_in_last_30_days"": ""Yes"", ""issue_method"": ""Permit Center"", ""status_current"": ""Active"", ""statusdate"": ""2026-05-01T00:00:00.000"", ""expiresdate"": ""2026-10-28T00:00:00.000"", ""total_new_add_sqft"": ""0"", ""number_of_floors"": ""1"", ""housing_units"": ""1"", ""original_address1"": ""5613 BOTTICELLI DR"", ""original_city"": ""AUSTIN"", ""original_state"": ""TX"", ""original_zip"": ""78747"", ""jurisdiction"": ""AUSTIN 2 MILE ETJ"", ""link"": {""url"": ""https://abc.austintexas.gov/web/permit/public-search-other?t_detail=1&t_selected_folderrsn=13695736""}, ""project_id"": ""13695736"", ""contractor_trade"": ""Electrical Contractor"", ""contractor_company_name"": ""IES Residential, Inc."", ""contractor_full_name"": ""William B. Crist Jr."", ""contractor_phone"": ""5122520040"", ""contractor_address2"": ""821  GRAND A"", ""contractor_city"": ""PFLUGERVILLE"", ""contractor_zip"": ""78660-____"", ""certificate_of_occupancy"": ""No""}",2026-05-03T10:54:27.260194+00:00
2026-035078 PP,New construction multi-family in the etj 33954 sqft,2026-05-01T00:00:00+00:00,New,Plumbing Permit,,"Red Kings Plumbing Contractors LLC,",Active,5121 E HOWARD LN BLDG 4,78653,Commercial,2109862480,https://abc.austintexas.gov/web/permit/public-search-other?t_detail=1&t_selected_folderrsn=13674583,2026-05-01T00:00:00+00:00,"{""permittype"": ""PP"", ""permit_type_desc"": ""Plumbing Permit"", ""permit_number"": ""2026-035078 PP"", ""permit_class_mapped"": ""Commercial"", ""permit_class"": ""Commercial"", ""work_class"": ""New"", ""condominium"": ""No"", ""permit_location"": ""5121 E HOWARD LN BLDG 4"", ""description"": ""New construction multi-family in the etj 33954 sqft"", ""tcad_id"": ""0251410311"", ""legal_description"": ""ABS 160 SUR 50 CASTRO M ACR 45.592"", ""applieddate"": ""2026-03-24T00:00:00.000"", ""issue_date"": ""2026-05-01T00:00:00.000"", ""day_issued"": ""FRIDAY"", ""calendar_year_issued"": ""2026"", ""fiscal_year_issued"": ""2026"", ""issued_in_last_30_days"": ""Yes"", ""issue_method"": ""Permit Center"", ""status_current"": ""Active"", ""statusdate"": ""2026-05-01T00:00:00.000"", ""expiresdate"": ""2026-10-28T00:00:00.000"", ""total_new_add_sqft"": ""33954"", ""number_of_floors"": ""3"", ""housing_units"": ""36"", ""original_address1"": ""5121 E HOWARD LN BLDG 4"", ""original_city"": ""AUSTIN"", ""original_state"": ""TX"", ""original_zip"": ""78653"", ""jurisdiction"": ""AUSTIN 2 MILE ETJ"", ""link"": {""url"": ""https://abc.austintexas.gov/web/permit/public-search-other?t_detail=1&t_selected_folderrsn=13674583""}, ""project_id"": ""13674583"", ""contractor_trade"": ""Plumbing Contractor"", ""contractor_company_name"": ""Red Kings Plumbing Contractors LLC,"", ""contractor_full_name"": ""Ubaldo De Santiago"", ""contractor_phone"": ""2109862480"", ""contractor_address1"": ""PO BOX 70170"", ""contractor_city"": ""San Antonio"", ""contractor_zip"": ""78270-____"", ""certificate_of_occupancy"": ""No""}",2026-05-03T10:54:27.260194+00:00
2026-024554 EP,New construction accessory to primary use detached 1-story accessory structure with 1 bedroom 1 bath covered porch and uncovered wood deck/ steps.,2026-05-01T00:00:00+00:00,New,Electrical Permit,,Perez Power Solutions LLC,Active,10404 TALLEYRAN DR,78750,Residential,8305564694,https://abc.austintexas.gov/web/permit/public-search-other?t_detail=1&t_selected_folderrsn=13662599,2026-05-01T00:00:00+00:00,"{""permittype"": ""EP"", ""permit_type_desc"": ""Electrical Permit"", ""permit_number"": ""2026-024554 EP"", ""permit_class_mapped"": ""Residential"", ""permit_class"": ""R- 330  Accessory Use to Primary"", ""work_class"": ""New"", ""condominium"": ""No"", ""permit_location"": ""10404 TALLEYRAN DR"", ""description"": ""New construction accessory to primary use detached 1-story accessory structure with 1 bedroom 1 bath covered porch and uncovered wood deck/ steps."", ""tcad_id"": ""0166150816"", ""legal_description"": ""LOT 23 BLK BJ SPICEWOOD AT BALCONES VILLAGESEC 6"", ""applieddate"": ""2025-10-09T00:00:00.000"", ""issue_date"": ""2026-05-01T00:00:00.000"", ""day_issued"": ""FRIDAY"", ""calendar_year_issued"": ""2026"", ""fiscal_year_issued"": ""2026"", ""issued_in_last_30_days"": ""Yes"", ""issue_method"": ""Permit Center"", ""status_current"": ""Active"", ""statusdate"": ""2026-05-01T00:00:00.000"", ""expiresdate"": ""2026-09-01T00:00:00.000"", ""total_new_add_sqft"": ""595"", ""number_of_floors"": ""1"", ""housing_units"": ""1"", ""original_address1"": ""10404 TALLEYRAN DR"", ""original_city"": ""AUSTIN"", ""original_state"": ""TX"", ""original_zip"": ""78750"", ""council_district"": ""6"", ""jurisdiction"": ""AUSTIN FULL PURPOSE"", ""link"": {""url"": ""https://abc.austintexas.gov/web/permit/public-search-other?t_detail=1&t_selected_folderrsn=13662599""}, ""project_id"": ""13662599"", ""masterpermitnum"": ""13662596"", ""latitude"": ""30.42848892"", ""longitude"": ""-97.80510921"", ""location"": {""latitude"": ""30.42848892"", ""longitude"": ""-97.80510921"", ""human_address"": ""{\""address\"": \""\"", \""city\"": \""\"", \""state\"": \""\"", \""zip\"": \""\""}""}, ""contractor_trade"": ""Electrical Contractor"", ""contractor_company_name"": ""Perez Power Solutions LLC"", ""contractor_full_name"": ""Jonathan Perez"", ""contractor_phone"": ""8305564694"", ""contractor_address2"": ""2039  North"", ""contractor_city"": ""New Braunfel"", ""contractor_zip"": ""78130-____"", ""certificate_of_occupancy"": ""No""}",2026-05-03T10:54:27.260194+00:00
2026-052802 EP,Homebuilder Loop Austin 2 Mile ETJ Austin Energy,2026-05-01T00:00:00+00:00,Homebuilder Loop,Electrical Permit,,"IES Residential, Inc.",Active,13712 STOCKSBRIDGE DR,78660,Residential,5122520040,https://abc.austintexas.gov/web/permit/public-search-other?t_detail=1&t_selected_folderrsn=13694865,2026-05-01T00:00:00+00:00,"{""permittype"": ""EP"", ""permit_type_desc"": ""Electrical Permit"", ""permit_number"": ""2026-052802 EP"", ""permit_class_mapped"": ""Residential"", ""permit_class"": ""Residential"", ""work_class"": ""Homebuilder Loop"", ""permit_location"": ""13712 STOCKSBRIDGE DR"", ""description"": ""Homebuilder Loop Austin 2 Mile ETJ Austin Energy"", ""tcad_id"": ""0256401706"", ""legal_description"": ""HOWARD LANE PHS 3 BLK J LOT 21"", ""applieddate"": ""2026-04-28T00:00:00.000"", ""issue_date"": ""2026-05-01T00:00:00.000"", ""day_issued"": ""FRIDAY"", ""calendar_year_issued"": ""2026"", ""fiscal_year_issued"": ""2026"", ""issued_in_last_30_days"": ""Yes"", ""issue_method"": ""Permit Center"", ""status_current"": ""Active"", ""statusdate"": ""2026-05-01T00:00:00.000"", ""expiresdate"": ""2026-10-28T00:00:00.000"", ""original_address1"": ""13712 STOCKSBRIDGE DR"", ""original_city"": ""AUSTIN"", ""original_state"": ""TX"", ""original_zip"": ""78660"", ""jurisdiction"": ""AUSTIN 2 MILE ETJ"", ""link"": {""url"": ""https://abc.austintexas.gov/web/permit/public-search-other?t_detail=1&t_selected_folderrsn=13694865""}, ""project_id"": ""13694865"", ""contractor_trade"": ""Electrical Contractor"", ""contractor_company_name"": ""IES Residential, Inc."", ""contractor_full_name"": ""William B. Crist Jr."", ""contractor_phone"": ""5122520040"", ""contractor_address2"": ""821  GRAND A"", ""contractor_city"": ""PFLUGERVILLE"", ""contractor_zip"": ""78660-____""}",2026-05-03T10:54:27.260194+00:00
2026-052535 EP,200amp panel 2ooamp meter base grounding and bonding,2026-05-01T00:00:00+00:00,Upgrade,Electrical Permit,,"D and C Electric, Inc",Active,4703 HICKORY HOLW,78731,Residential,5129544782,https://abc.austintexas.gov/web/permit/public-search-other?t_detail=1&t_selected_folderrsn=13694584,2026-05-01T00:00:00+00:00,"{""permittype"": ""EP"", ""permit_type_desc"": ""Electrical Permit"", ""permit_number"": ""2026-052535 EP"", ""permit_class_mapped"": ""Residential"", ""permit_class"": ""Residential"", ""work_class"": ""Upgrade"", ""condominium"": ""No"", ""permit_location"": ""4703 HICKORY HOLW"", ""description"": ""200amp panel 2ooamp meter base grounding and bonding"", ""tcad_id"": ""0136100460"", ""legal_description"": ""LOT 19 BLK B CAT MOUNTAIN VILLAS SEC 2 PLUS .2754% INTEREST IN COMMON AREA"", ""applieddate"": ""2026-04-28T00:00:00.000"", ""issue_date"": ""2026-05-01T00:00:00.000"", ""day_issued"": ""FRIDAY"", ""calendar_year_issued"": ""2026"", ""fiscal_year_issued"": ""2026"", ""issued_in_last_30_days"": ""Yes"", ""issue_method"": ""Permit Center"", ""status_current"": ""Active"", ""statusdate"": ""2026-05-01T00:00:00.000"", ""expiresdate"": ""2026-10-28T00:00:00.000"", ""remodel_repair_sqft"": ""0"", ""number_of_floors"": ""1"", ""housing_units"": ""1"", ""electrical_valuation_remodel"": ""4500"", ""original_address1"": ""4703 HICKORY HOLW"", ""original_city"": ""AUSTIN"", ""original_state"": ""TX"", ""original_zip"": ""78731"", ""council_district"": ""10"", ""jurisdiction"": ""AUSTIN FULL PURPOSE"", ""link"": {""url"": ""https://abc.austintexas.gov/web/permit/public-search-other?t_detail=1&t_selected_folderrsn=13694584""}, ""project_id"": ""13694584"", ""latitude"": ""30.34602855"", ""longitude"": ""-97.780104"", ""location"": {""latitude"": ""30.34602855"", ""longitude"": ""-97.780104"", ""human_address"": ""{\""address\"": \""\"", \""city\"": \""\"", \""state\"": \""\"", \""zip\"": \""\""}""}, ""contractor_trade"": ""Electrical Contractor"", ""contractor_company_name"": ""D and C Electric, Inc"", ""contractor_full_name"": ""Chance Reyes"", ""contractor_phone"": ""5129544782"", ""contractor_address2"": ""3233  Windin"", ""contractor_city"": ""Austin"", ""contractor_zip"": ""78750"", ""certificate_of_occupancy"": ""No""}",2026-05-03T10:54:27.260194+00:00
2026-050399 PP,Replacement of an existing water heater,2026-05-01T00:00:00+00:00,Change Out,Plumbing Permit,,Goettl Air Conditioning & Plumbing,Active,6717 PONCHA PASS,78749,Residential,5129912882,https://abc.austintexas.gov/web/permit/public-search-other?t_detail=1&t_selected_folderrsn=13692186,2026-05-01T00:00:00+00:00,"{""permittype"": ""PP"", ""permit_type_desc"": ""Plumbing Permit"", ""permit_number"": ""2026-050399 PP"", ""permit_class_mapped"": ""Residential"", ""permit_class"": ""Residential"", ""work_class"": ""Change Out"", ""permit_location"": ""6717 PONCHA PASS"", ""description"": ""Replacement of an existing water heater"", ""tcad_id"": ""0410381326"", ""legal_description"": ""LOT 29 BLK C SHADOWRIDGE CROSSING SEC 1"", ""applieddate"": ""2026-04-23T00:00:00.000"", ""issue_date"": ""2026-05-01T00:00:00.000"", ""day_issued"": ""FRIDAY"", ""calendar_year_issued"": ""2026"", ""fiscal_year_issued"": ""2026"", ""issued_in_last_30_days"": ""Yes"", ""issue_method"": ""Permit Center"", ""status_current"": ""Active"", ""statusdate"": ""2026-05-01T00:00:00.000"", ""expiresdate"": ""2026-10-28T00:00:00.000"", ""original_address1"": ""6717 PONCHA PASS"", ""original_city"": ""AUSTIN"", ""original_state"": ""TX"", ""original_zip"": ""78749"", ""council_district"": ""8"", ""jurisdiction"": ""AUSTIN FULL PURPOSE"", ""link"": {""url"": ""https://abc.austintexas.gov/web/permit/public-search-other?t_detail=1&t_selected_folderrsn=13692186""}, ""project_id"": ""13692186"", ""latitude"": ""30.22779234"", ""longitude"": ""-97.8755646"", ""location"": {""latitude"": ""30.22779234"", ""longitude"": ""-97.8755646"", ""human_address"": ""{\""address\"": \""\"", \""city\"": \""\"", \""state\"": \""\"", \""zip\"": \""\""}""}, ""contractor_trade"": ""Plumbing Contractor"", ""contractor_company_name"": ""Goettl Air Conditioning & Plumbing"", ""contractor_full_name"": ""Henry Rodriguez"", ""contractor_phone"": ""5129912882"", ""contractor_address2"": ""3600  SILVER"", ""contractor_city"": ""AUSTIN"", ""contractor_zip"": ""78744-____""}",2026-05-03T10:54:27.260194+00:00
2026-053448 EP,"Rack permit 
111 Mildred St Bldg # 3",2026-05-01T00:00:00+00:00,Upgrade,Electrical Permit,,AEI Electric LLC,Active,111 MILDRED ST BLDG 3,78702,Residential,5128392478,https://abc.austintexas.gov/web/permit/public-search-other?t_detail=1&t_selected_folderrsn=13695569,2026-05-01T00:00:00+00:00,"{""permittype"": ""EP"", ""permit_type_desc"": ""Electrical Permit"", ""permit_number"": ""2026-053448 EP"", ""permit_class_mapped"": ""Residential"", ""permit_class"": ""Residential"", ""work_class"": ""Upgrade"", ""condominium"": ""No"", ""permit_location"": ""111 MILDRED ST BLDG 3"", ""description"": ""Rack permit \n111 Mildred St Bldg # 3"", ""tcad_id"": ""0202100702"", ""legal_description"": ""LOT 5 OLT 25 DIV O JONES F H SUBD"", ""applieddate"": ""2026-04-29T00:00:00.000"", ""issue_date"": ""2026-05-01T00:00:00.000"", ""day_issued"": ""FRIDAY"", ""calendar_year_issued"": ""2026"", ""fiscal_year_issued"": ""2026"", ""issued_in_last_30_days"": ""Yes"", ""issue_method"": ""Permit Center"", ""status_current"": ""Active"", ""statusdate"": ""2026-05-01T00:00:00.000"", ""expiresdate"": ""2026-10-28T00:00:00.000"", ""remodel_repair_sqft"": ""0"", ""number_of_floors"": ""1"", ""housing_units"": ""1"", ""electrical_valuation_remodel"": ""10"", ""original_address1"": ""111 MILDRED ST BLDG 3"", ""original_city"": ""AUSTIN"", ""original_state"": ""TX"", ""original_zip"": ""78702"", ""council_district"": ""3"", ""jurisdiction"": ""AUSTIN FULL PURPOSE"", ""link"": {""url"": ""https://abc.austintexas.gov/web/permit/public-search-other?t_detail=1&t_selected_folderrsn=13695569""}, ""project_id"": ""13695569"", ""latitude"": ""30.25580583"", ""longitude"": ""-97.71881385"", ""location"": {""latitude"": ""30.25580583"", ""longitude"": ""-97.71881385"", ""human_address"": ""{\""address\"": \""\"", \""city\"": \""\"", \""state\"": \""\"", \""zip\"": \""\""}""}, ""contractor_trade"": ""Electrical Contractor"", ""contractor_company_name"": ""AEI Electric LLC"", ""contractor_full_name"": ""Terry Herrin"", ""contractor_phone"": ""5128392478"", ""contractor_address2"": ""7500  Inspir"", ""contractor_city"": ""Austin"", ""contractor_zip"": ""78724"", ""certificate_of_occupancy"": ""No""}",2026-05-03T10:54:27.260194+00:00
2026-053075 BP,Bradford 3315 C Right New - 2 Story SFR CONDOMINUM w/ 3 bedrooms 2.5 bathrooms attached 2 car garage covered entry porch and patio FFE: 681.66 Site Pl,2026-05-01T00:00:00+00:00,New,Building Permit,0.0,Eva Mata,Active,13201 KEEFER DR,78652,Residential,,https://abc.austintexas.gov/web/permit/public-search-other?t_detail=1&t_selected_folderrsn=13695162,2026-05-01T00:00:00+00:00,"{""permittype"": ""BP"", ""permit_type_desc"": ""Building Permit"", ""permit_number"": ""2026-053075 BP"", ""permit_class_mapped"": ""Residential"", ""permit_class"": ""R- 101 Single Family Houses"", ""work_class"": ""New"", ""condominium"": ""Yes"", ""permit_location"": ""13201 KEEFER DR"", ""description"": ""Bradford 3315 C Right New - 2 Story SFR CONDOMINUM w/ 3 bedrooms 2.5 bathrooms attached 2 car garage covered entry porch and patio FFE: 681.66 Site Pl"", ""tcad_id"": ""0451150901"", ""applieddate"": ""2026-04-15T00:00:00.000"", ""issue_date"": ""2026-05-01T00:00:00.000"", ""day_issued"": ""FRIDAY"", ""calendar_year_issued"": ""2026"", ""fiscal_year_issued"": ""2026"", ""issued_in_last_30_days"": ""Yes"", ""issue_method"": ""Permit Center"", ""status_current"": ""Active"", ""statusdate"": ""2026-05-01T00:00:00.000"", ""expiresdate"": ""2026-10-29T00:00:00.000"", ""total_new_add_sqft"": ""2798"", ""total_job_valuation"": ""0"", ""number_of_floors"": ""2"", ""housing_units"": ""1"", ""original_address1"": ""13201 KEEFER DR"", ""original_city"": ""AUSTIN"", ""original_state"": ""TX"", ""original_zip"": ""78652"", ""council_district"": ""5"", ""jurisdiction"": ""AUSTIN LTD"", ""link"": {""url"": ""https://abc.austintexas.gov/web/permit/public-search-other?t_detail=1&t_selected_folderrsn=13695162""}, ""project_id"": ""13695162"", ""masterpermitnum"": ""13687534"", ""contractor_trade"": ""General Contractor"", ""contractor_full_name"": ""Eva Mata"", ""contractor_phone"": ""512"", ""contractor_city"": ""Austin"", ""applicant_full_name"": ""Eva Mata"", ""applicant_phone"": ""512"", ""applicant_city"": ""Austin"", ""certificate_of_occupancy"": ""Yes"", ""total_lot_sq_ft"": ""0""}",2026-05-03T10:54:27.260194+00:00
2025-158016 MP,"ePlan: Residential Expedited Review - New THREE UNIT RES.
Unit 201 Bldg 2:  New 3-story townhome with 3 bedroom 3.5 bathroom balcony attached 2-car ca",2026-05-01T00:00:00+00:00,New,Mechanical Permit,,Airtron,Active,4413 BANISTER LN UNIT 201,78745,Residential,5128213163,https://abc.austintexas.gov/web/permit/public-search-other?t_detail=1&t_selected_folderrsn=13628206,2026-05-01T00:00:00+00:00,"{""permittype"": ""MP"", ""permit_type_desc"": ""Mechanical Permit"", ""permit_number"": ""2025-158016 MP"", ""permit_class_mapped"": ""Residential"", ""permit_class"": ""R- 101 Single Family Houses"", ""work_class"": ""New"", ""condominium"": ""No"", ""permit_location"": ""4413 BANISTER LN UNIT 201"", ""description"": ""ePlan: Residential Expedited Review - New THREE UNIT RES.\nUnit 201 Bldg 2:  New 3-story townhome with 3 bedroom 3.5 bathroom balcony attached 2-car ca"", ""tcad_id"": ""0410090541"", ""legal_description"": ""BANISTER ACRES RSB LOT 4 BLK 4 BLK 4 LOT 4A"", ""applieddate"": ""2025-06-10T00:00:00.000"", ""issue_date"": ""2026-05-01T00:00:00.000"", ""day_issued"": ""FRIDAY"", ""calendar_year_issued"": ""2026"", ""fiscal_year_issued"": ""2026"", ""issued_in_last_30_days"": ""Yes"", ""issue_method"": ""Permit Center"", ""status_current"": ""Active"", ""statusdate"": ""2026-05-01T00:00:00.000"", ""expiresdate"": ""2026-08-19T00:00:00.000"", ""total_new_add_sqft"": ""1818"", ""number_of_floors"": ""2"", ""housing_units"": ""1"", ""original_address1"": ""4413 BANISTER LN UNIT 201"", ""original_city"": ""AUSTIN"", ""original_state"": ""TX"", ""original_zip"": ""78745"", ""council_district"": ""5"", ""jurisdiction"": ""AUSTIN FULL PURPOSE"", ""link"": {""url"": ""https://abc.austintexas.gov/web/permit/public-search-other?t_detail=1&t_selected_folderrsn=13628206""}, ""project_id"": ""13628206"", ""masterpermitnum"": ""13628138"", ""contractor_trade"": ""Mechanical Contractor"", ""contractor_company_name"": ""Airtron"", ""contractor_full_name"": ""Tamara Enfield"", ""contractor_phone"": ""5128213163"", ""contractor_address2"": ""12112  BOARD"", ""contractor_city"": ""AUSTIN"", ""contractor_zip"": ""78729-____"", ""certificate_of_occupancy"": ""No""}",2026-05-03T10:54:27.260194+00:00
2026-053576 EP,New construction sfr in the etj,2026-05-01T00:00:00+00:00,New,Electrical Permit,,"IES Residential, Inc.",Active,13510 RIDING DR,78660,Residential,5122520040,https://abc.austintexas.gov/web/permit/public-search-other?t_detail=1&t_selected_folderrsn=13695719,2026-05-01T00:00:00+00:00,"{""permittype"": ""EP"", ""permit_type_desc"": ""Electrical Permit"", ""permit_number"": ""2026-053576 EP"", ""permit_class_mapped"": ""Residential"", ""permit_class"": ""Residential"", ""work_class"": ""New"", ""condominium"": ""No"", ""permit_location"": ""13510 RIDING DR"", ""description"": ""New construction sfr in the etj"", ""tcad_id"": ""0256380413"", ""legal_description"": ""HOWARD LANE PHS 3 BLK Q LOT 6"", ""applieddate"": ""2026-04-30T00:00:00.000"", ""issue_date"": ""2026-05-01T00:00:00.000"", ""day_issued"": ""FRIDAY"", ""calendar_year_issued"": ""2026"", ""fiscal_year_issued"": ""2026"", ""issued_in_last_30_days"": ""Yes"", ""issue_method"": ""Permit Center"", ""status_current"": ""Active"", ""statusdate"": ""2026-05-01T00:00:00.000"", ""expiresdate"": ""2026-10-28T00:00:00.000"", ""total_new_add_sqft"": ""0"", ""number_of_floors"": ""1"", ""housing_units"": ""1"", ""original_address1"": ""13510 RIDING DR"", ""original_city"": ""AUSTIN"", ""original_state"": ""TX"", ""original_zip"": ""78660"", ""jurisdiction"": ""AUSTIN 2 MILE ETJ"", ""link"": {""url"": ""https://abc.austintexas.gov/web/permit/public-search-other?t_detail=1&t_selected_folderrsn=13695719""}, ""project_id"": ""13695719"", ""contractor_trade"": ""Electrical Contractor"", ""contractor_company_name"": ""IES Residential, Inc."", ""contractor_full_name"": ""William B. Crist Jr."", ""contractor_phone"": ""5122520040"", ""contractor_address2"": ""821  GRAND A"", ""contractor_city"": ""PFLUGERVILLE"", ""contractor_zip"": ""78660-____"", ""certificate_of_occupancy"": ""No""}",2026-05-03T10:54:27.260194+00:00
2026-052784 EP,Homebuilders loop for New SFR ref 2026-027393 BP. Austin LTD -PEC,2026-05-01T00:00:00+00:00,Homebuilder Loop,Electrical Permit,,"IES Residential, Inc.",Active,13215 KEEFER DR,78652,Residential,5122520040,https://abc.austintexas.gov/web/permit/public-search-other?t_detail=1&t_selected_folderrsn=13694843,2026-05-01T00:00:00+00:00,"{""permittype"": ""EP"", ""permit_type_desc"": ""Electrical Permit"", ""permit_number"": ""2026-052784 EP"", ""permit_class_mapped"": ""Residential"", ""permit_class"": ""Residential"", ""work_class"": ""Homebuilder Loop"", ""permit_location"": ""13215 KEEFER DR"", ""description"": ""Homebuilders loop for New SFR ref 2026-027393 BP. Austin LTD -PEC"", ""tcad_id"": ""0451150901"", ""applieddate"": ""2026-04-28T00:00:00.000"", ""issue_date"": ""2026-05-01T00:00:00.000"", ""day_issued"": ""FRIDAY"", ""calendar_year_issued"": ""2026"", ""fiscal_year_issued"": ""2026"", ""issued_in_last_30_days"": ""Yes"", ""issue_method"": ""Permit Center"", ""status_current"": ""Active"", ""statusdate"": ""2026-05-01T00:00:00.000"", ""expiresdate"": ""2026-10-28T00:00:00.000"", ""original_address1"": ""13215 KEEFER DR"", ""original_city"": ""AUSTIN"", ""original_state"": ""TX"", ""original_zip"": ""78652"", ""council_district"": ""5"", ""jurisdiction"": ""AUSTIN LTD"", ""link"": {""url"": ""https://abc.austintexas.gov/web/permit/public-search-other?t_detail=1&t_selected_folderrsn=13694843""}, ""project_id"": ""13694843"", ""contractor_trade"": ""Electrical Contractor"", ""contractor_company_name"": ""IES Residential, Inc."", ""contractor_full_name"": ""William B. Crist Jr."", ""contractor_phone"": ""5122520040"", ""contractor_address2"": ""821  GRAND A"", ""contractor_city"": ""PFLUGERVILLE"", ""contractor_zip"": ""78660-____""}",2026-05-03T10:54:27.260194+00:00
2026-044946 EP,ePlan: Commercial Expedited Review -[APPROVED] Interior Remodel to Convert Out Building to Provide Accessory support Scope to Include Locker Room Pati,2026-05-01T00:00:00+00:00,Remodel,Electrical Permit,,T M Electric,Active,7050 BURLESON RD BLDG 3,78744,Commercial,5128348174,https://abc.austintexas.gov/web/permit/public-search-other?t_detail=1&t_selected_folderrsn=13686057,2026-05-01T00:00:00+00:00,"{""permittype"": ""EP"", ""permit_type_desc"": ""Electrical Permit"", ""permit_number"": ""2026-044946 EP"", ""permit_class_mapped"": ""Commercial"", ""permit_class"": ""C-1000 Commercial Remodel"", ""work_class"": ""Remodel"", ""condominium"": ""No"", ""permit_location"": ""7050 BURLESON RD BLDG 3"", ""description"": ""ePlan: Commercial Expedited Review -[APPROVED] Interior Remodel to Convert Out Building to Provide Accessory support Scope to Include Locker Room Pati"", ""tcad_id"": ""0318130701"", ""applieddate"": ""2026-03-05T00:00:00.000"", ""issue_date"": ""2026-05-01T00:00:00.000"", ""day_issued"": ""FRIDAY"", ""calendar_year_issued"": ""2026"", ""fiscal_year_issued"": ""2026"", ""issued_in_last_30_days"": ""Yes"", ""issue_method"": ""Permit Center"", ""status_current"": ""Active"", ""statusdate"": ""2026-05-01T00:00:00.000"", ""expiresdate"": ""2026-10-14T00:00:00.000"", ""remodel_repair_sqft"": ""1875"", ""number_of_floors"": ""1"", ""housing_units"": ""1"", ""electrical_valuation_remodel"": ""200000"", ""original_address1"": ""7050 BURLESON RD BLDG 3"", ""original_city"": ""AUSTIN"", ""original_state"": ""TX"", ""original_zip"": ""78744"", ""council_district"": ""2"", ""jurisdiction"": ""AUSTIN FULL PURPOSE"", ""link"": {""url"": ""https://abc.austintexas.gov/web/permit/public-search-other?t_detail=1&t_selected_folderrsn=13686057""}, ""project_id"": ""13686057"", ""masterpermitnum"": ""13685731"", ""contractor_trade"": ""Electrical Contractor"", ""contractor_company_name"": ""T M Electric"", ""contractor_full_name"": ""Tim Moll"", ""contractor_phone"": ""5128348174"", ""contractor_address2"": ""9802  Gray B"", ""contractor_city"": ""Austin"", ""contractor_zip"": ""78758"", ""certificate_of_occupancy"": ""No""}",2026-05-03T10:54:27.260194+00:00
2026-052281 PP,Brahman 3318 B Right New - 2 Story SFR CONDOMINUM w/ 4 bedrooms 2.5 bathrooms attached 2 car garage covered entry porch and patio FFE: 682.10 Site Pla,2026-05-01T00:00:00+00:00,New,Plumbing Permit,,IES Residential Inc,Active,700 BOLEY DR,78652,Residential,5125615002,https://abc.austintexas.gov/web/permit/public-search-other?t_detail=1&t_selected_folderrsn=13694290,2026-05-01T00:00:00+00:00,"{""permittype"": ""PP"", ""permit_type_desc"": ""Plumbing Permit"", ""permit_number"": ""2026-052281 PP"", ""permit_class_mapped"": ""Residential"", ""permit_class"": ""R- 101 Single Family Houses"", ""work_class"": ""New"", ""condominium"": ""No"", ""permit_location"": ""700 BOLEY DR"", ""description"": ""Brahman 3318 B Right New - 2 Story SFR CONDOMINUM w/ 4 bedrooms 2.5 bathrooms attached 2 car garage covered entry porch and patio FFE: 682.10 Site Pla"", ""tcad_id"": ""0451150901"", ""applieddate"": ""2026-04-15T00:00:00.000"", ""issue_date"": ""2026-05-01T00:00:00.000"", ""day_issued"": ""FRIDAY"", ""calendar_year_issued"": ""2026"", ""fiscal_year_issued"": ""2026"", ""issued_in_last_30_days"": ""Yes"", ""issue_method"": ""Permit Center"", ""status_current"": ""Active"", ""statusdate"": ""2026-05-01T00:00:00.000"", ""expiresdate"": ""2026-10-29T00:00:00.000"", ""total_new_add_sqft"": ""2946"", ""number_of_floors"": ""2"", ""housing_units"": ""1"", ""original_address1"": ""700 BOLEY DR"", ""original_city"": ""AUSTIN"", ""original_state"": ""TX"", ""original_zip"": ""78652"", ""council_district"": ""5"", ""jurisdiction"": ""AUSTIN LTD"", ""link"": {""url"": ""https://abc.austintexas.gov/web/permit/public-search-other?t_detail=1&t_selected_folderrsn=13694290""}, ""project_id"": ""13694290"", ""masterpermitnum"": ""13694284"", ""contractor_trade"": ""Plumbing Contractor"", ""contractor_company_name"": ""IES Residential Inc"", ""contractor_full_name"": ""Charles Faught"", ""contractor_phone"": ""5125615002"", ""contractor_address2"": ""13279  POND"", ""contractor_city"": ""AUSTIN"", ""contractor_zip"": ""78729-____"", ""certificate_of_occupancy"": ""No""}",2026-05-03T10:54:27.260194+00:00
2026-052252 BP,Express- Replace tub to shower 1-piece prefabricated acrylic no electrical work needed replace valve with new shower valve only working in wet space.,2026-05-01T00:00:00+00:00,Repair,Building Permit,1.0,"West Shore Home, LLC",Active,5900 WAGON BND,78744,Residential,4697035430,https://abc.austintexas.gov/web/permit/public-search-other?t_detail=1&t_selected_folderrsn=13694253,2026-05-01T00:00:00+00:00,"{""permittype"": ""BP"", ""permit_type_desc"": ""Building Permit"", ""permit_number"": ""2026-052252 BP"", ""permit_class_mapped"": ""Residential"", ""permit_class"": ""R- 435 Renovations/Remodel"", ""work_class"": ""Repair"", ""condominium"": ""No"", ""permit_location"": ""5900 WAGON BND"", ""description"": ""Express- Replace tub to shower 1-piece prefabricated acrylic no electrical work needed replace valve with new shower valve only working in wet space."", ""tcad_id"": ""0421020218"", ""legal_description"": ""LOT 35 BLK A WAGON CROSSING SEC 1"", ""applieddate"": ""2026-04-22T00:00:00.000"", ""issue_date"": ""2026-05-01T00:00:00.000"", ""day_issued"": ""FRIDAY"", ""calendar_year_issued"": ""2026"", ""fiscal_year_issued"": ""2026"", ""issued_in_last_30_days"": ""Yes"", ""issue_method"": ""Permit Center"", ""status_current"": ""Active"", ""statusdate"": ""2026-05-01T00:00:00.000"", ""expiresdate"": ""2026-10-29T00:00:00.000"", ""remodel_repair_sqft"": ""1"", ""total_valuation_remodel"": ""4"", ""total_job_valuation"": ""1"", ""number_of_floors"": ""1"", ""housing_units"": ""1"", ""building_valuation_remodel"": ""1"", ""electrical_valuation_remodel"": ""1"", ""mechanical_valuation_remodel"": ""1"", ""plumbing_valuation_remodel"": ""1"", ""original_address1"": ""5900 WAGON BND"", ""original_city"": ""AUSTIN"", ""original_state"": ""TX"", ""original_zip"": ""78744"", ""council_district"": ""2"", ""jurisdiction"": ""AUSTIN FULL PURPOSE"", ""link"": {""url"": ""https://abc.austintexas.gov/web/permit/public-search-other?t_detail=1&t_selected_folderrsn=13694253""}, ""project_id"": ""13694253"", ""masterpermitnum"": ""13691662"", ""latitude"": ""30.19548476"", ""longitude"": ""-97.75991854"", ""location"": {""latitude"": ""30.19548476"", ""longitude"": ""-97.75991854"", ""human_address"": ""{\""address\"": \""\"", \""city\"": \""\"", \""state\"": \""\"", \""zip\"": \""\""}""}, ""contractor_trade"": ""General Contractor"", ""contractor_company_name"": ""West Shore Home, LLC"", ""contractor_full_name"": ""Stephen Alacron"", ""contractor_phone"": ""4697035430"", ""contractor_address2"": ""1551  Clovis"", ""contractor_city"": ""SAN MARCOS"", ""contractor_zip"": ""78666-____"", ""applicant_full_name"": ""Stephen Alacron"", ""applicant_org"": ""West Shore Home, LLC"", ""applicant_phone"": ""4697035430"", ""applicant_address2"": ""1551  Clovis"", ""applicant_city"": ""SAN MARCOS"", ""applicantzip"": ""78666-____"", ""certificate_of_occupancy"": ""No""}",2026-05-03T10:54:27.260194+00:00
2026-053686 BP,ePlan: Residential Expedited Review - New Autofill/Heated pool w/Spa. Unit A,2026-05-01T00:00:00+00:00,New,Building Permit,0.0,Co-Sci Construction LLC **MAIN**,Active,1812 MARGARET ST UNIT A,78704,Residential,4693941563,https://abc.austintexas.gov/web/permit/public-search-other?t_detail=1&t_selected_folderrsn=13695856,2026-05-01T00:00:00+00:00,"{""permittype"": ""BP"", ""permit_type_desc"": ""Building Permit"", ""permit_number"": ""2026-053686 BP"", ""permit_class_mapped"": ""Residential"", ""permit_class"": ""R- 329 Res Structures Other Than Bldg"", ""work_class"": ""New"", ""condominium"": ""No"", ""permit_location"": ""1812 MARGARET ST UNIT A"", ""description"": ""ePlan: Residential Expedited Review - New Autofill/Heated pool w/Spa. Unit A"", ""tcad_id"": ""0102051616"", ""legal_description"": ""LOT 4 BLK A SOUTH LUND SOUTH"", ""applieddate"": ""2026-03-13T00:00:00.000"", ""issue_date"": ""2026-05-01T00:00:00.000"", ""day_issued"": ""FRIDAY"", ""calendar_year_issued"": ""2026"", ""fiscal_year_issued"": ""2026"", ""issued_in_last_30_days"": ""Yes"", ""issue_method"": ""Permit Center"", ""status_current"": ""Active"", ""statusdate"": ""2026-05-01T00:00:00.000"", ""expiresdate"": ""2026-10-29T00:00:00.000"", ""total_new_add_sqft"": ""138"", ""total_job_valuation"": ""0"", ""number_of_floors"": ""0"", ""housing_units"": ""0"", ""original_address1"": ""1812 MARGARET ST UNIT A"", ""original_city"": ""AUSTIN"", ""original_state"": ""TX"", ""original_zip"": ""78704"", ""council_district"": ""5"", ""jurisdiction"": ""AUSTIN FULL PURPOSE"", ""link"": {""url"": ""https://abc.austintexas.gov/web/permit/public-search-other?t_detail=1&t_selected_folderrsn=13695856""}, ""project_id"": ""13695856"", ""masterpermitnum"": ""13669625"", ""contractor_trade"": ""General Contractor"", ""contractor_company_name"": ""Co-Sci Construction LLC **MAIN**"", ""contractor_full_name"": ""Mark Roberts"", ""contractor_phone"": ""4693941563"", ""contractor_address2"": ""1504 S Walnu"", ""contractor_city"": ""Georgetown"", ""contractor_zip"": ""78626"", ""applicant_full_name"": ""Mark Roberts"", ""applicant_org"": ""Co-Sci Construction LLC **MAIN**"", ""applicant_phone"": ""4693941563"", ""applicant_address2"": ""1504 S Walnu"", ""applicant_city"": ""Georgetown"", ""applicantzip"": ""78626"", ""certificate_of_occupancy"": ""Yes"", ""total_lot_sq_ft"": ""7667""}",2026-05-03T10:54:27.260194+00:00
2026-053088 MP,Replacement of complete existing central heat and air system with or without duct work Install replacement of 4 Ton AC System and includes ductwork,2026-05-01T00:00:00+00:00,Change Out,Mechanical Permit,,Radiant Plumbing and Air Conditioning,Active,8000 EPPING LN,78745,Residential,5126904935,https://abc.austintexas.gov/web/permit/public-search-other?t_detail=1&t_selected_folderrsn=13695178,2026-05-01T00:00:00+00:00,"{""permittype"": ""MP"", ""permit_type_desc"": ""Mechanical Permit"", ""permit_number"": ""2026-053088 MP"", ""permit_class_mapped"": ""Residential"", ""permit_class"": ""Residential"", ""work_class"": ""Change Out"", ""permit_location"": ""8000 EPPING LN"", ""description"": ""Replacement of complete existing central heat and air system with or without duct work Install replacement of 4 Ton AC System and includes ductwork"", ""tcad_id"": ""0419230928"", ""legal_description"": ""LOT 11 BLK A CHERRY CREEK PHS 7 SEC 6"", ""applieddate"": ""2026-04-29T00:00:00.000"", ""issue_date"": ""2026-05-01T00:00:00.000"", ""day_issued"": ""FRIDAY"", ""calendar_year_issued"": ""2026"", ""fiscal_year_issued"": ""2026"", ""issued_in_last_30_days"": ""Yes"", ""issue_method"": ""Permit Center"", ""status_current"": ""Active"", ""statusdate"": ""2026-05-01T00:00:00.000"", ""expiresdate"": ""2026-10-28T00:00:00.000"", ""original_address1"": ""8000 EPPING LN"", ""original_city"": ""AUSTIN"", ""original_state"": ""TX"", ""original_zip"": ""78745"", ""council_district"": ""5"", ""jurisdiction"": ""AUSTIN FULL PURPOSE"", ""link"": {""url"": ""https://abc.austintexas.gov/web/permit/public-search-other?t_detail=1&t_selected_folderrsn=13695178""}, ""project_id"": ""13695178"", ""latitude"": ""30.19740369"", ""longitude"": ""-97.82375447"", ""location"": {""latitude"": ""30.19740369"", ""longitude"": ""-97.82375447"", ""human_address"": ""{\""address\"": \""\"", \""city\"": \""\"", \""state\"": \""\"", \""zip\"": \""\""}""}, ""contractor_trade"": ""Mechanical Contractor"", ""contractor_company_name"": ""Radiant Plumbing and Air Conditioning"", ""contractor_full_name"": ""James Price"", ""contractor_phone"": ""5126904935"", ""contractor_address2"": ""901  REINLI"", ""contractor_city"": ""AUSTIN"", ""contractor_zip"": ""78751-____""}",2026-05-03T10:54:27.260194+00:00
2025-158018 MP,Unit 203 Bldg 2: New 3-story townhome with 3 bedroom 3.5 bathroom balcony attached 2-car carport.  Part of 3-unit townhome building in 3-unit use.  (9,2026-05-01T00:00:00+00:00,New,Mechanical Permit,,Airtron,Active,4413 BANISTER LN UNIT 203,78745,Residential,5128213163,https://abc.austintexas.gov/web/permit/public-search-other?t_detail=1&t_selected_folderrsn=13628212,2026-05-01T00:00:00+00:00,"{""permittype"": ""MP"", ""permit_type_desc"": ""Mechanical Permit"", ""permit_number"": ""2025-158018 MP"", ""permit_class_mapped"": ""Residential"", ""permit_class"": ""R- 101 Single Family Houses"", ""work_class"": ""New"", ""condominium"": ""No"", ""permit_location"": ""4413 BANISTER LN UNIT 203"", ""description"": ""Unit 203 Bldg 2: New 3-story townhome with 3 bedroom 3.5 bathroom balcony attached 2-car carport.  Part of 3-unit townhome building in 3-unit use.  (9"", ""tcad_id"": ""0410090541"", ""legal_description"": ""BANISTER ACRES RSB LOT 4 BLK 4 BLK 4 LOT 4A"", ""applieddate"": ""2025-06-10T00:00:00.000"", ""issue_date"": ""2026-05-01T00:00:00.000"", ""day_issued"": ""FRIDAY"", ""calendar_year_issued"": ""2026"", ""fiscal_year_issued"": ""2026"", ""issued_in_last_30_days"": ""Yes"", ""issue_method"": ""Permit Center"", ""status_current"": ""Active"", ""statusdate"": ""2026-05-01T00:00:00.000"", ""expiresdate"": ""2026-08-19T00:00:00.000"", ""total_new_add_sqft"": ""1870"", ""number_of_floors"": ""3"", ""housing_units"": ""1"", ""original_address1"": ""4413 BANISTER LN UNIT 203"", ""original_city"": ""AUSTIN"", ""original_state"": ""TX"", ""original_zip"": ""78745"", ""council_district"": ""5"", ""jurisdiction"": ""AUSTIN FULL PURPOSE"", ""link"": {""url"": ""https://abc.austintexas.gov/web/permit/public-search-other?t_detail=1&t_selected_folderrsn=13628212""}, ""project_id"": ""13628212"", ""masterpermitnum"": ""13628140"", ""contractor_trade"": ""Mechanical Contractor"", ""contractor_company_name"": ""Airtron"", ""contractor_full_name"": ""Tamara Enfield"", ""contractor_phone"": ""5128213163"", ""contractor_address2"": ""12112  BOARD"", ""contractor_city"": ""AUSTIN"", ""contractor_zip"": ""78729-____"", ""certificate_of_occupancy"": ""No""}",2026-05-03T10:54:27.260194+00:00
2026-053412 EP,add 225 AMP stand alone service in backyard left corner as close to utilities as possible,2026-05-01T00:00:00+00:00,Repair,Electrical Permit,,ABC Home & Commercial Services,Active,2311 WOODLAWN BLVD,78703,Residential,5128379500,https://abc.austintexas.gov/web/permit/public-search-other?t_detail=1&t_selected_folderrsn=13695527,2026-05-01T00:00:00+00:00,"{""permittype"": ""EP"", ""permit_type_desc"": ""Electrical Permit"", ""permit_number"": ""2026-053412 EP"", ""permit_class_mapped"": ""Residential"", ""permit_class"": ""Residential"", ""work_class"": ""Repair"", ""condominium"": ""No"", ""permit_location"": ""2311 WOODLAWN BLVD"", ""description"": ""add 225 AMP stand alone service in backyard left corner as close to utilities as possible"", ""tcad_id"": ""0113010109"", ""legal_description"": ""S 110 FT OF LOT 20 *& SW TRI OF LOT 19 SUNSET HILL ENFIELD"", ""applieddate"": ""2026-04-29T00:00:00.000"", ""issue_date"": ""2026-05-01T00:00:00.000"", ""day_issued"": ""FRIDAY"", ""calendar_year_issued"": ""2026"", ""fiscal_year_issued"": ""2026"", ""issued_in_last_30_days"": ""Yes"", ""issue_method"": ""Permit Center"", ""status_current"": ""Active"", ""statusdate"": ""2026-05-01T00:00:00.000"", ""expiresdate"": ""2026-10-28T00:00:00.000"", ""remodel_repair_sqft"": ""0"", ""number_of_floors"": ""1"", ""housing_units"": ""1"", ""electrical_valuation_remodel"": ""500"", ""original_address1"": ""2311 WOODLAWN BLVD"", ""original_city"": ""AUSTIN"", ""original_state"": ""TX"", ""original_zip"": ""78703"", ""council_district"": ""10"", ""jurisdiction"": ""AUSTIN FULL PURPOSE"", ""link"": {""url"": ""https://abc.austintexas.gov/web/permit/public-search-other?t_detail=1&t_selected_folderrsn=13695527""}, ""project_id"": ""13695527"", ""latitude"": ""30.29036546"", ""longitude"": ""-97.75773428"", ""location"": {""latitude"": ""30.29036546"", ""longitude"": ""-97.75773428"", ""human_address"": ""{\""address\"": \""\"", \""city\"": \""\"", \""state\"": \""\"", \""zip\"": \""\""}""}, ""contractor_trade"": ""Electrical Contractor"", ""contractor_company_name"": ""ABC Home & Commercial Services"", ""contractor_full_name"": ""Brian Robert West"", ""contractor_phone"": ""5128379500"", ""contractor_address1"": ""9475 E US 29"", ""contractor_city"": ""Austin"", ""contractor_zip"": ""78724"", ""certificate_of_occupancy"": ""No""}",2026-05-03T10:54:27.260194+00:00
2026-035071 PP,New construction multi-family in the etj 33953 sqft,2026-05-01T00:00:00+00:00,New,Plumbing Permit,,"Red Kings Plumbing Contractors LLC,",Active,5121 E HOWARD LN BLDG 2,78653,Commercial,2109862480,https://abc.austintexas.gov/web/permit/public-search-other?t_detail=1&t_selected_folderrsn=13674576,2026-05-01T00:00:00+00:00,"{""permittype"": ""PP"", ""permit_type_desc"": ""Plumbing Permit"", ""permit_number"": ""2026-035071 PP"", ""permit_class_mapped"": ""Commercial"", ""permit_class"": ""Commercial"", ""work_class"": ""New"", ""condominium"": ""No"", ""permit_location"": ""5121 E HOWARD LN BLDG 2"", ""description"": ""New construction multi-family in the etj 33953 sqft"", ""tcad_id"": ""0251410311"", ""legal_description"": ""ABS 160 SUR 50 CASTRO M ACR 45.592"", ""applieddate"": ""2026-03-24T00:00:00.000"", ""issue_date"": ""2026-05-01T00:00:00.000"", ""day_issued"": ""FRIDAY"", ""calendar_year_issued"": ""2026"", ""fiscal_year_issued"": ""2026"", ""issued_in_last_30_days"": ""Yes"", ""issue_method"": ""Permit Center"", ""status_current"": ""Active"", ""statusdate"": ""2026-05-01T00:00:00.000"", ""expiresdate"": ""2026-10-28T00:00:00.000"", ""total_new_add_sqft"": ""33953"", ""number_of_floors"": ""3"", ""housing_units"": ""36"", ""original_address1"": ""5121 E HOWARD LN BLDG 2"", ""original_city"": ""AUSTIN"", ""original_state"": ""TX"", ""original_zip"": ""78653"", ""jurisdiction"": ""AUSTIN 2 MILE ETJ"", ""link"": {""url"": ""https://abc.austintexas.gov/web/permit/public-search-other?t_detail=1&t_selected_folderrsn=13674576""}, ""project_id"": ""13674576"", ""contractor_trade"": ""Plumbing Contractor"", ""contractor_company_name"": ""Red Kings Plumbing Contractors LLC,"", ""contractor_full_name"": ""Ubaldo De Santiago"", ""contractor_phone"": ""2109862480"", ""contractor_address1"": ""PO BOX 70170"", ""contractor_city"": ""San Antonio"", ""contractor_zip"": ""78270-____"", ""certificate_of_occupancy"": ""No""}",2026-05-03T10:54:27.260194+00:00
2026-052055 BP,*Partial Demo* Interior remodel,2026-05-01T00:00:00+00:00,Addition and Remodel,Building Permit,1.0,A New Space Construction Remodeling,Active,1400 GEOFFS DR,78748,Residential,5127798667,https://abc.austintexas.gov/web/permit/public-search-other?t_detail=1&t_selected_folderrsn=13694033,2026-05-01T00:00:00+00:00,"{""permittype"": ""BP"", ""permit_type_desc"": ""Building Permit"", ""permit_number"": ""2026-052055 BP"", ""permit_class_mapped"": ""Residential"", ""permit_class"": ""R- 434 Addition & Alterations"", ""work_class"": ""Addition and Remodel"", ""condominium"": ""No"", ""permit_location"": ""1400 GEOFFS DR"", ""description"": ""*Partial Demo* Interior remodel"", ""tcad_id"": ""0434210410"", ""legal_description"": ""LOT 22 BLK C SADDLEWOOD ESTATES SEC 3"", ""applieddate"": ""2026-04-13T00:00:00.000"", ""issue_date"": ""2026-05-01T00:00:00.000"", ""day_issued"": ""FRIDAY"", ""calendar_year_issued"": ""2026"", ""fiscal_year_issued"": ""2026"", ""issued_in_last_30_days"": ""Yes"", ""issue_method"": ""Permit Center"", ""status_current"": ""Active"", ""statusdate"": ""2026-05-01T00:00:00.000"", ""expiresdate"": ""2026-10-29T00:00:00.000"", ""remodel_repair_sqft"": ""21"", ""total_new_add_sqft"": ""0"", ""total_valuation_remodel"": ""4"", ""total_job_valuation"": ""1"", ""number_of_floors"": ""1"", ""housing_units"": ""1"", ""building_valuation_remodel"": ""1"", ""electrical_valuation_remodel"": ""1"", ""mechanical_valuation_remodel"": ""1"", ""plumbing_valuation_remodel"": ""1"", ""original_address1"": ""1400 GEOFFS DR"", ""original_city"": ""AUSTIN"", ""original_state"": ""TX"", ""original_zip"": ""78748"", ""council_district"": ""5"", ""jurisdiction"": ""AUSTIN FULL PURPOSE"", ""link"": {""url"": ""https://abc.austintexas.gov/web/permit/public-search-other?t_detail=1&t_selected_folderrsn=13694033""}, ""project_id"": ""13694033"", ""masterpermitnum"": ""13685200"", ""latitude"": ""30.16223556"", ""longitude"": ""-97.82471513"", ""location"": {""latitude"": ""30.16223556"", ""longitude"": ""-97.82471513"", ""human_address"": ""{\""address\"": \""\"", \""city\"": \""\"", \""state\"": \""\"", \""zip\"": \""\""}""}, ""contractor_trade"": ""General Contractor"", ""contractor_company_name"": ""A New Space Construction Remodeling"", ""contractor_full_name"": ""Kelli Roan"", ""contractor_phone"": ""5127798667"", ""contractor_address2"": ""209  Ash STR"", ""contractor_city"": ""Buda"", ""contractor_zip"": ""78610"", ""applicant_full_name"": ""Kelli Roan"", ""applicant_org"": ""A New Space Construction Remodeling"", ""applicant_phone"": ""5127798667"", ""applicant_address2"": ""209  Ash STR"", ""applicant_city"": ""Buda"", ""applicantzip"": ""78610"", ""certificate_of_occupancy"": ""No"", ""total_lot_sq_ft"": ""0""}",2026-05-03T10:54:27.260194+00:00
2026-053758 PP,Replacement of an existing water heater ** Bethany Frizzell - Replace existing natural gas 50-gallon water heater with new unit; no structural change.,2026-05-01T00:00:00+00:00,Change Out,Plumbing Permit,,Strand Brothers Service Experts,Active,9305 AXTELLON CT,78749,Residential,5123333000,https://abc.austintexas.gov/web/permit/public-search-other?t_detail=1&t_selected_folderrsn=13695950,2026-05-01T00:00:00+00:00,"{""permittype"": ""PP"", ""permit_type_desc"": ""Plumbing Permit"", ""permit_number"": ""2026-053758 PP"", ""permit_class_mapped"": ""Residential"", ""permit_class"": ""Residential"", ""work_class"": ""Change Out"", ""permit_location"": ""9305 AXTELLON CT"", ""description"": ""Replacement of an existing water heater ** Bethany Frizzell - Replace existing natural gas 50-gallon water heater with new unit; no structural change."", ""tcad_id"": ""0416440312"", ""legal_description"": ""LOT 17 BLK J CIRCLE C RANCH PHS A SEC 5"", ""applieddate"": ""2026-04-30T00:00:00.000"", ""issue_date"": ""2026-05-01T00:00:00.000"", ""day_issued"": ""FRIDAY"", ""calendar_year_issued"": ""2026"", ""fiscal_year_issued"": ""2026"", ""issued_in_last_30_days"": ""Yes"", ""issue_method"": ""Permit Center"", ""status_current"": ""Active"", ""statusdate"": ""2026-05-01T00:00:00.000"", ""expiresdate"": ""2026-10-28T00:00:00.000"", ""original_address1"": ""9305 AXTELLON CT"", ""original_city"": ""AUSTIN"", ""original_state"": ""TX"", ""original_zip"": ""78749"", ""council_district"": ""8"", ""jurisdiction"": ""AUSTIN FULL PURPOSE"", ""link"": {""url"": ""https://abc.austintexas.gov/web/permit/public-search-other?t_detail=1&t_selected_folderrsn=13695950""}, ""project_id"": ""13695950"", ""latitude"": ""30.21184517"", ""longitude"": ""-97.88972917"", ""location"": {""latitude"": ""30.21184517"", ""longitude"": ""-97.88972917"", ""human_address"": ""{\""address\"": \""\"", \""city\"": \""\"", \""state\"": \""\"", \""zip\"": \""\""}""}, ""contractor_trade"": ""Plumbing Contractor"", ""contractor_company_name"": ""Strand Brothers Service Experts"", ""contractor_full_name"": ""Doug Burris"", ""contractor_phone"": ""5123333000"", ""contractor_address2"": ""5811  TECHNI"", ""contractor_city"": ""AUSTIN"", ""contractor_zip"": ""78721-____""}",2026-05-03T10:54:27.260194+00:00
2026-050927 PP,7 DAY - Interior remodel of existing office space - OVA,2026-05-01T00:00:00+00:00,Remodel,Plumbing Permit,,NuFlo Plumbing,Active,5113 SOUTHWEST PKWY UNIT 175,78735,Commercial,5129700626,https://abc.austintexas.gov/web/permit/public-search-other?t_detail=1&t_selected_folderrsn=13692805,2026-05-01T00:00:00+00:00,"{""permittype"": ""PP"", ""permit_type_desc"": ""Plumbing Permit"", ""permit_number"": ""2026-050927 PP"", ""permit_class_mapped"": ""Commercial"", ""permit_class"": ""C-1000 Commercial Remodel"", ""work_class"": ""Remodel"", ""condominium"": ""No"", ""permit_location"": ""5113 SOUTHWEST PKWY UNIT 175"", ""description"": ""7 DAY - Interior remodel of existing office space - OVA"", ""tcad_id"": ""0407270213"", ""legal_description"": ""9.989 OF LOT 2 BUAAS & GAGE SUBD"", ""applieddate"": ""2026-03-27T00:00:00.000"", ""issue_date"": ""2026-05-01T00:00:00.000"", ""day_issued"": ""FRIDAY"", ""calendar_year_issued"": ""2026"", ""fiscal_year_issued"": ""2026"", ""issued_in_last_30_days"": ""Yes"", ""issue_method"": ""Permit Center"", ""status_current"": ""Active"", ""statusdate"": ""2026-05-01T00:00:00.000"", ""expiresdate"": ""2026-10-28T00:00:00.000"", ""remodel_repair_sqft"": ""4919"", ""number_of_floors"": ""4"", ""housing_units"": ""1"", ""original_address1"": ""5113 SOUTHWEST PKWY UNIT 175"", ""original_city"": ""AUSTIN"", ""original_state"": ""TX"", ""original_zip"": ""78735"", ""council_district"": ""8"", ""jurisdiction"": ""AUSTIN FULL PURPOSE"", ""link"": {""url"": ""https://abc.austintexas.gov/web/permit/public-search-other?t_detail=1&t_selected_folderrsn=13692805""}, ""project_id"": ""13692805"", ""masterpermitnum"": ""13692788"", ""latitude"": ""30.24209926"", ""longitude"": ""-97.84013202"", ""location"": {""latitude"": ""30.24209926"", ""longitude"": ""-97.84013202"", ""human_address"": ""{\""address\"": \""\"", \""city\"": \""\"", \""state\"": \""\"", \""zip\"": \""\""}""}, ""contractor_trade"": ""Plumbing Contractor"", ""contractor_company_name"": ""NuFlo Plumbing"", ""contractor_full_name"": ""Ismael Maldonado"", ""contractor_phone"": ""5129700626"", ""contractor_address1"": ""P.O Box 2109"", ""contractor_city"": ""Round Rock"", ""contractor_zip"": ""78680"", ""certificate_of_occupancy"": ""No""}",2026-05-03T10:54:27.260194+00:00
2026-049306 EP,ev install,2026-05-01T00:00:00+00:00,Special Inspections Program,Electrical Permit,,Industrial Elect,Active,7304 PURNIMA CV,78739,Residential,5127385900,https://abc.austintexas.gov/web/permit/public-search-other?t_detail=1&t_selected_folderrsn=13690789,2026-05-01T00:00:00+00:00,"{""permittype"": ""EP"", ""permit_type_desc"": ""Electrical Permit"", ""permit_number"": ""2026-049306 EP"", ""permit_class_mapped"": ""Residential"", ""permit_class"": ""Residential"", ""work_class"": ""Special Inspections Program"", ""condominium"": ""No"", ""permit_location"": ""7304 PURNIMA CV"", ""description"": ""ev install"", ""tcad_id"": ""0430550101"", ""legal_description"": ""LOT 128 BLK A MERIDIAN SEC D PHS 3"", ""applieddate"": ""2026-04-21T00:00:00.000"", ""issue_date"": ""2026-05-01T00:00:00.000"", ""day_issued"": ""FRIDAY"", ""calendar_year_issued"": ""2026"", ""fiscal_year_issued"": ""2026"", ""issued_in_last_30_days"": ""Yes"", ""issue_method"": ""Permit Center"", ""status_current"": ""Active"", ""statusdate"": ""2026-05-01T00:00:00.000"", ""expiresdate"": ""2026-10-28T00:00:00.000"", ""electrical_valuation_remodel"": ""2000"", ""original_address1"": ""7304 PURNIMA CV"", ""original_city"": ""AUSTIN"", ""original_state"": ""TX"", ""original_zip"": ""78739"", ""council_district"": ""8"", ""jurisdiction"": ""AUSTIN FULL PURPOSE"", ""link"": {""url"": ""https://abc.austintexas.gov/web/permit/public-search-other?t_detail=1&t_selected_folderrsn=13690789""}, ""project_id"": ""13690789"", ""latitude"": ""30.17640938"", ""longitude"": ""-97.91964574"", ""location"": {""latitude"": ""30.17640938"", ""longitude"": ""-97.91964574"", ""human_address"": ""{\""address\"": \""\"", \""city\"": \""\"", \""state\"": \""\"", \""zip\"": \""\""}""}, ""contractor_trade"": ""Electrical Contractor"", ""contractor_company_name"": ""Industrial Elect"", ""contractor_full_name"": ""Mark A Brendalen"", ""contractor_phone"": ""5127385900"", ""contractor_address1"": ""P.O.Box 1493"", ""contractor_address2"": ""908  Sycamor"", ""contractor_city"": ""San Marcos"", ""contractor_zip"": ""78666"", ""certificate_of_occupancy"": ""No""}",2026-05-03T10:54:27.260194+00:00
2026-052040 EP,"Interior Remodel

Remove wall paneling in master bedroom add R-15 insulation in exterior walls Install drywall Remove and replace tile in
master bathr",2026-05-01T00:00:00+00:00,Addition and Remodel,Electrical Permit,,ELECTRIC CONNECTION SERVICES,Active,5613 WESTVIEW RD,78749,Residential,5125969035,https://abc.austintexas.gov/web/permit/public-search-other?t_detail=1&t_selected_folderrsn=13694017,2026-05-01T00:00:00+00:00,"{""permittype"": ""EP"", ""permit_type_desc"": ""Electrical Permit"", ""permit_number"": ""2026-052040 EP"", ""permit_class_mapped"": ""Residential"", ""permit_class"": ""R- 434 Addition & Alterations"", ""work_class"": ""Addition and Remodel"", ""condominium"": ""No"", ""permit_location"": ""5613 WESTVIEW RD"", ""description"": ""Interior Remodel\n\nRemove wall paneling in master bedroom add R-15 insulation in exterior walls Install drywall Remove and replace tile in\nmaster bathr"", ""tcad_id"": ""0410300301"", ""legal_description"": ""LOT 2 * RESUB OF LOT 8 BECKETT G K ESTATE"", ""applieddate"": ""2026-02-09T00:00:00.000"", ""issue_date"": ""2026-05-01T00:00:00.000"", ""day_issued"": ""FRIDAY"", ""calendar_year_issued"": ""2026"", ""fiscal_year_issued"": ""2026"", ""issued_in_last_30_days"": ""Yes"", ""issue_method"": ""Permit Center"", ""status_current"": ""Active"", ""statusdate"": ""2026-05-01T00:00:00.000"", ""expiresdate"": ""2026-10-14T00:00:00.000"", ""total_existing_bldg_sqft"": ""1742"", ""remodel_repair_sqft"": ""252"", ""total_new_add_sqft"": ""220"", ""number_of_floors"": ""1"", ""housing_units"": ""1"", ""electrical_valuation_remodel"": ""1"", ""original_address1"": ""5613 WESTVIEW RD"", ""original_city"": ""AUSTIN"", ""original_state"": ""TX"", ""original_zip"": ""78749"", ""council_district"": ""8"", ""jurisdiction"": ""AUSTIN FULL PURPOSE"", ""link"": {""url"": ""https://abc.austintexas.gov/web/permit/public-search-other?t_detail=1&t_selected_folderrsn=13694017""}, ""project_id"": ""13694017"", ""masterpermitnum"": ""13682357"", ""latitude"": ""30.22874181"", ""longitude"": ""-97.85717729"", ""location"": {""latitude"": ""30.22874181"", ""longitude"": ""-97.85717729"", ""human_address"": ""{\""address\"": \""\"", \""city\"": \""\"", \""state\"": \""\"", \""zip\"": \""\""}""}, ""contractor_trade"": ""Electrical Contractor"", ""contractor_company_name"": ""ELECTRIC CONNECTION SERVICES"", ""contractor_full_name"": ""STEVEN OVERY"", ""contractor_phone"": ""5125969035"", ""contractor_address2"": ""7601  DAFFAN"", ""contractor_city"": ""AUSTIN"", ""contractor_zip"": ""78724"", ""certificate_of_occupancy"": ""No""}",2026-05-03T10:54:27.260194+00:00
2026-052471 PP,Replacement of an existing water heater Replace existing gas water heater,2026-05-01T00:00:00+00:00,Change Out,Plumbing Permit,,Flawless Fixers DBA Rooterman of Austin,Active,6400 CONVICT HILL RD,78749,Residential,5129007676,https://abc.austintexas.gov/web/permit/public-search-other?t_detail=1&t_selected_folderrsn=13694513,2026-05-01T00:00:00+00:00,"{""permittype"": ""PP"", ""permit_type_desc"": ""Plumbing Permit"", ""permit_number"": ""2026-052471 PP"", ""permit_class_mapped"": ""Residential"", ""permit_class"": ""Residential"", ""work_class"": ""Change Out"", ""permit_location"": ""6400 CONVICT HILL RD"", ""description"": ""Replacement of an existing water heater Replace existing gas water heater"", ""tcad_id"": ""0410360335"", ""legal_description"": ""LOT 11 BLK A LEGEND OAKS SEC 8"", ""applieddate"": ""2026-04-28T00:00:00.000"", ""issue_date"": ""2026-05-01T00:00:00.000"", ""day_issued"": ""FRIDAY"", ""calendar_year_issued"": ""2026"", ""fiscal_year_issued"": ""2026"", ""issued_in_last_30_days"": ""Yes"", ""issue_method"": ""Permit Center"", ""status_current"": ""Active"", ""statusdate"": ""2026-05-01T00:00:00.000"", ""expiresdate"": ""2026-10-28T00:00:00.000"", ""original_address1"": ""6400 CONVICT HILL RD"", ""original_city"": ""AUSTIN"", ""original_state"": ""TX"", ""original_zip"": ""78749"", ""council_district"": ""8"", ""jurisdiction"": ""AUSTIN FULL PURPOSE"", ""link"": {""url"": ""https://abc.austintexas.gov/web/permit/public-search-other?t_detail=1&t_selected_folderrsn=13694513""}, ""project_id"": ""13694513"", ""latitude"": ""30.22679288"", ""longitude"": ""-97.87020915"", ""location"": {""latitude"": ""30.22679288"", ""longitude"": ""-97.87020915"", ""human_address"": ""{\""address\"": \""\"", \""city\"": \""\"", \""state\"": \""\"", \""zip\"": \""\""}""}, ""contractor_trade"": ""Plumbing Contractor"", ""contractor_company_name"": ""Flawless Fixers DBA Rooterman of Austin"", ""contractor_full_name"": ""David Coucke"", ""contractor_phone"": ""5129007676"", ""contractor_address2"": ""15503  Patri"", ""contractor_city"": ""AUSTIN"", ""contractor_zip"": ""78728-____""}",2026-05-03T10:54:27.260194+00:00
2026-052282 PP,Replace broken kitchen sewer line under home emergency,2026-05-01T00:00:00+00:00,Repair,Plumbing Permit,,Spot-On Plumbing LLC,Active,816 W NORTH LOOP BLVD UNIT 123,78756,Commercial,5127771599,https://abc.austintexas.gov/web/permit/public-search-other?t_detail=1&t_selected_folderrsn=13694285,2026-05-01T00:00:00+00:00,"{""permittype"": ""PP"", ""permit_type_desc"": ""Plumbing Permit"", ""permit_number"": ""2026-052282 PP"", ""permit_class_mapped"": ""Commercial"", ""permit_class"": ""Commercial"", ""work_class"": ""Repair"", ""condominium"": ""No"", ""permit_location"": ""816 W NORTH LOOP BLVD UNIT 123"", ""description"": ""Replace broken kitchen sewer line under home emergency"", ""tcad_id"": ""0226070509"", ""legal_description"": ""282.2X74.6FT AV OF BLK 1 SKYLAND TERRACE"", ""applieddate"": ""2026-04-28T00:00:00.000"", ""issue_date"": ""2026-05-01T00:00:00.000"", ""day_issued"": ""FRIDAY"", ""calendar_year_issued"": ""2026"", ""fiscal_year_issued"": ""2026"", ""issued_in_last_30_days"": ""Yes"", ""issue_method"": ""Permit Center"", ""status_current"": ""Active"", ""statusdate"": ""2026-05-01T00:00:00.000"", ""expiresdate"": ""2026-10-28T00:00:00.000"", ""number_of_floors"": ""0"", ""plumbing_valuation"": ""0"", ""original_address1"": ""816 W NORTH LOOP BLVD UNIT 123"", ""original_city"": ""AUSTIN"", ""original_state"": ""TX"", ""original_zip"": ""78756"", ""council_district"": ""7"", ""jurisdiction"": ""AUSTIN FULL PURPOSE"", ""link"": {""url"": ""https://abc.austintexas.gov/web/permit/public-search-other?t_detail=1&t_selected_folderrsn=13694285""}, ""project_id"": ""13694285"", ""latitude"": ""30.32209675"", ""longitude"": ""-97.73039627"", ""location"": {""latitude"": ""30.32209675"", ""longitude"": ""-97.73039627"", ""human_address"": ""{\""address\"": \""\"", \""city\"": \""\"", \""state\"": \""\"", \""zip\"": \""\""}""}, ""contractor_trade"": ""Plumbing Contractor"", ""contractor_company_name"": ""Spot-On Plumbing LLC"", ""contractor_full_name"": ""James Butler"", ""contractor_phone"": ""5127771599"", ""contractor_address2"": ""1631  Baylan"", ""contractor_city"": ""ROUND ROCK"", ""contractor_zip"": ""78664-____"", ""certificate_of_occupancy"": ""No""}",2026-05-03T10:54:27.260194+00:00
2026-034073 PP,In ground pool and spa. Autofill/ gas heater,2026-05-01T00:00:00+00:00,New,Plumbing Permit,,Advantage Plumbing Contractors LLC,Active,7508 BOYD HAVEN DR,78744,Residential,5124609196,https://abc.austintexas.gov/web/permit/public-search-other?t_detail=1&t_selected_folderrsn=13673473,2026-05-01T00:00:00+00:00,"{""permittype"": ""PP"", ""permit_type_desc"": ""Plumbing Permit"", ""permit_number"": ""2026-034073 PP"", ""permit_class_mapped"": ""Residential"", ""permit_class"": ""R- 329 Res Structures Other Than Bldg"", ""work_class"": ""New"", ""condominium"": ""No"", ""permit_location"": ""7508 BOYD HAVEN DR"", ""description"": ""In ground pool and spa. Autofill/ gas heater"", ""tcad_id"": ""0336130723"", ""legal_description"": ""EASTON PARK SEC 3A PHS 2 BLK G LOT 12"", ""applieddate"": ""2026-03-03T00:00:00.000"", ""issue_date"": ""2026-05-01T00:00:00.000"", ""day_issued"": ""FRIDAY"", ""calendar_year_issued"": ""2026"", ""fiscal_year_issued"": ""2026"", ""issued_in_last_30_days"": ""Yes"", ""issue_method"": ""Permit Center"", ""status_current"": ""Active"", ""statusdate"": ""2026-05-01T00:00:00.000"", ""expiresdate"": ""2026-10-24T00:00:00.000"", ""total_new_add_sqft"": ""353"", ""number_of_floors"": ""1"", ""housing_units"": ""1"", ""original_address1"": ""7508 BOYD HAVEN DR"", ""original_city"": ""AUSTIN"", ""original_state"": ""TX"", ""original_zip"": ""78744"", ""council_district"": ""2"", ""jurisdiction"": ""AUSTIN LTD"", ""link"": {""url"": ""https://abc.austintexas.gov/web/permit/public-search-other?t_detail=1&t_selected_folderrsn=13673473""}, ""project_id"": ""13673473"", ""masterpermitnum"": ""13673455"", ""latitude"": ""30.1514192"", ""longitude"": ""-97.71059573"", ""location"": {""latitude"": ""30.1514192"", ""longitude"": ""-97.71059573"", ""human_address"": ""{\""address\"": \""\"", \""city\"": \""\"", \""state\"": \""\"", \""zip\"": \""\""}""}, ""contractor_trade"": ""Plumbing Contractor"", ""contractor_company_name"": ""Advantage Plumbing Contractors LLC"", ""contractor_full_name"": ""Mark Brown"", ""contractor_phone"": ""5124609196"", ""contractor_address2"": ""703  BLACKWE"", ""contractor_city"": ""MANCHACA"", ""contractor_zip"": ""78652"", ""certificate_of_occupancy"": ""No""}",2026-05-03T10:54:27.260194+00:00
2026-053549 EP,"Stand-alone permit. Wire a free-standing accessory structure less than 200 sq ft with a few light fixtures receptacles and a 120v mini split 
No Meter",2026-05-01T00:00:00+00:00,Repair,Electrical Permit,,Creative Electrical Solutions,Active,3812 TAMARACK TRL,78727,Residential,5124234794,https://abc.austintexas.gov/web/permit/public-search-other?t_detail=1&t_selected_folderrsn=13695677,2026-05-01T00:00:00+00:00,"{""permittype"": ""EP"", ""permit_type_desc"": ""Electrical Permit"", ""permit_number"": ""2026-053549 EP"", ""permit_class_mapped"": ""Residential"", ""permit_class"": ""Residential"", ""work_class"": ""Repair"", ""condominium"": ""No"", ""permit_location"": ""3812 TAMARACK TRL"", ""description"": ""Stand-alone permit. Wire a free-standing accessory structure less than 200 sq ft with a few light fixtures receptacles and a 120v mini split \nNo Meter"", ""tcad_id"": ""0266102146"", ""legal_description"": ""LOT 14 BLK E NORTHWOOD SEC 2"", ""applieddate"": ""2026-04-29T00:00:00.000"", ""issue_date"": ""2026-05-01T00:00:00.000"", ""day_issued"": ""FRIDAY"", ""calendar_year_issued"": ""2026"", ""fiscal_year_issued"": ""2026"", ""issued_in_last_30_days"": ""Yes"", ""issue_method"": ""Permit Center"", ""status_current"": ""Active"", ""statusdate"": ""2026-05-01T00:00:00.000"", ""expiresdate"": ""2026-10-28T00:00:00.000"", ""remodel_repair_sqft"": ""0"", ""number_of_floors"": ""1"", ""housing_units"": ""1"", ""electrical_valuation_remodel"": ""600"", ""original_address1"": ""3812 TAMARACK TRL"", ""original_city"": ""AUSTIN"", ""original_state"": ""TX"", ""original_zip"": ""78727"", ""council_district"": ""7"", ""jurisdiction"": ""AUSTIN FULL PURPOSE"", ""link"": {""url"": ""https://abc.austintexas.gov/web/permit/public-search-other?t_detail=1&t_selected_folderrsn=13695677""}, ""project_id"": ""13695677"", ""latitude"": ""30.42757102"", ""longitude"": ""-97.7108442"", ""location"": {""latitude"": ""30.42757102"", ""longitude"": ""-97.7108442"", ""human_address"": ""{\""address\"": \""\"", \""city\"": \""\"", \""state\"": \""\"", \""zip\"": \""\""}""}, ""contractor_trade"": ""Electrical Contractor"", ""contractor_company_name"": ""Creative Electrical Solutions"", ""contractor_full_name"": ""Jose Lucio"", ""contractor_phone"": ""5124234794"", ""contractor_address2"": ""198  Brentwo"", ""contractor_city"": ""CEDAR CREEK"", ""contractor_zip"": ""78612-____"", ""certificate_of_occupancy"": ""No""}",2026-05-03T10:54:27.260194+00:00
2026-050937 PP,Interior commercial kitchen remodel. Scope includes replacement of one 1 existing 4 foot Type I exhaust hood addition of two 2 new 10 foot Type I exha,2026-05-01T00:00:00+00:00,Remodel,Plumbing Permit,,DLR Plumbing LLC,Active,2007 KRAMER LN UNIT 105,78758,Commercial,5125086719,https://abc.austintexas.gov/web/permit/public-search-other?t_detail=1&t_selected_folderrsn=13692823,2026-05-01T00:00:00+00:00,"{""permittype"": ""PP"", ""permit_type_desc"": ""Plumbing Permit"", ""permit_number"": ""2026-050937 PP"", ""permit_class_mapped"": ""Commercial"", ""permit_class"": ""C-1000 Commercial Remodel"", ""work_class"": ""Remodel"", ""condominium"": ""No"", ""permit_location"": ""2007 KRAMER LN UNIT 105"", ""description"": ""Interior commercial kitchen remodel. Scope includes replacement of one 1 existing 4 foot Type I exhaust hood addition of two 2 new 10 foot Type I exha"", ""tcad_id"": ""0250130206"", ""legal_description"": ""LOT 34&35 KRAMER LANE INDUSTRIAL PARK I"", ""applieddate"": ""2026-02-06T00:00:00.000"", ""issue_date"": ""2026-05-01T00:00:00.000"", ""day_issued"": ""FRIDAY"", ""calendar_year_issued"": ""2026"", ""fiscal_year_issued"": ""2026"", ""issued_in_last_30_days"": ""Yes"", ""issue_method"": ""Permit Center"", ""status_current"": ""Active"", ""statusdate"": ""2026-05-01T00:00:00.000"", ""expiresdate"": ""2026-10-26T00:00:00.000"", ""remodel_repair_sqft"": ""1300"", ""number_of_floors"": ""1"", ""housing_units"": ""1"", ""original_address1"": ""2007 KRAMER LN UNIT 105"", ""original_city"": ""AUSTIN"", ""original_state"": ""TX"", ""original_zip"": ""78758"", ""council_district"": ""4"", ""jurisdiction"": ""AUSTIN FULL PURPOSE"", ""link"": {""url"": ""https://abc.austintexas.gov/web/permit/public-search-other?t_detail=1&t_selected_folderrsn=13692823""}, ""project_id"": ""13692823"", ""masterpermitnum"": ""13692819"", ""latitude"": ""30.38823566"", ""longitude"": ""-97.71019455"", ""location"": {""latitude"": ""30.38823566"", ""longitude"": ""-97.71019455"", ""human_address"": ""{\""address\"": \""\"", \""city\"": \""\"", \""state\"": \""\"", \""zip\"": \""\""}""}, ""contractor_trade"": ""Plumbing Contractor"", ""contractor_company_name"": ""DLR Plumbing LLC"", ""contractor_full_name"": ""John Daniele"", ""contractor_phone"": ""5125086719"", ""contractor_address2"": ""113  Phillip"", ""contractor_city"": ""Hutto"", ""contractor_zip"": ""78634-____"", ""certificate_of_occupancy"": ""No""}",2026-05-03T10:54:27.260194+00:00
2026-053485 PP,"tunnel underneath the downstairs bathroom to repair the tub drain and run new drain/vent line for washer

Per contractor Unit B (5/1/26)",2026-05-01T00:00:00+00:00,Repair,Plumbing Permit,,ABC Home & Commercial Service,Active,2008 MEADOWRIDGE DR,78704,Residential,5128379500,https://abc.austintexas.gov/web/permit/public-search-other?t_detail=1&t_selected_folderrsn=13695613,2026-05-01T00:00:00+00:00,"{""permittype"": ""PP"", ""permit_type_desc"": ""Plumbing Permit"", ""permit_number"": ""2026-053485 PP"", ""permit_class_mapped"": ""Residential"", ""permit_class"": ""Residential"", ""work_class"": ""Repair"", ""condominium"": ""No"", ""permit_location"": ""2008 MEADOWRIDGE DR"", ""description"": ""tunnel underneath the downstairs bathroom to repair the tub drain and run new drain/vent line for washer\n\nPer contractor Unit B (5/1/26)"", ""tcad_id"": ""0100082201"", ""applieddate"": ""2026-04-29T00:00:00.000"", ""issue_date"": ""2026-05-01T00:00:00.000"", ""day_issued"": ""FRIDAY"", ""calendar_year_issued"": ""2026"", ""fiscal_year_issued"": ""2026"", ""issued_in_last_30_days"": ""Yes"", ""issue_method"": ""Permit Center"", ""status_current"": ""Active"", ""statusdate"": ""2026-05-01T00:00:00.000"", ""expiresdate"": ""2026-10-28T00:00:00.000"", ""remodel_repair_sqft"": ""10"", ""number_of_floors"": ""0"", ""housing_units"": ""2"", ""original_address1"": ""2008 MEADOWRIDGE DR"", ""original_city"": ""AUSTIN"", ""original_state"": ""TX"", ""original_zip"": ""78704"", ""council_district"": ""5"", ""jurisdiction"": ""AUSTIN FULL PURPOSE"", ""link"": {""url"": ""https://abc.austintexas.gov/web/permit/public-search-other?t_detail=1&t_selected_folderrsn=13695613""}, ""project_id"": ""13695613"", ""contractor_trade"": ""Plumbing Contractor"", ""contractor_company_name"": ""ABC Home & Commercial Service"", ""contractor_full_name"": ""Mike Yazolino"", ""contractor_phone"": ""5128379500"", ""contractor_address2"": ""9475 E Highw"", ""contractor_city"": ""Austin"", ""contractor_zip"": ""78724"", ""certificate_of_occupancy"": ""No""}",2026-05-03T10:54:27.260194+00:00
2024-010986 EP,NEW PHOTOVOLTIAC (PV) SYSTEM: 85.85kW (DC)/67.30kW (AC),2026-05-01T00:00:00+00:00,Auxiliary Power,Electrical Permit,,Freedom Solar Power,Active,2121 S IH 35 SVRD NB UNIT 2,78741,Commercial,8005042337,https://abc.austintexas.gov/web/permit/public-search-other?t_detail=1&t_selected_folderrsn=13272694,2026-05-01T00:00:00+00:00,"{""permittype"": ""EP"", ""permit_type_desc"": ""Electrical Permit"", ""permit_number"": ""2024-010986 EP"", ""permit_class_mapped"": ""Commercial"", ""permit_class"": ""Commercial"", ""work_class"": ""Auxiliary Power"", ""condominium"": ""No"", ""permit_location"": ""2121 S IH 35 SVRD NB UNIT 2"", ""description"": ""NEW PHOTOVOLTIAC (PV) SYSTEM: 85.85kW (DC)/67.30kW (AC)"", ""tcad_id"": ""0305031102"", ""legal_description"": ""LOT 1 ANDREWARTHA JACK ADDN"", ""applieddate"": ""2024-01-26T00:00:00.000"", ""issue_date"": ""2026-05-01T00:00:00.000"", ""day_issued"": ""FRIDAY"", ""calendar_year_issued"": ""2026"", ""fiscal_year_issued"": ""2026"", ""issued_in_last_30_days"": ""Yes"", ""issue_method"": ""Permit Center"", ""status_current"": ""Active"", ""statusdate"": ""2026-05-01T00:00:00.000"", ""expiresdate"": ""2026-10-27T00:00:00.000"", ""total_existing_bldg_sqft"": ""0"", ""number_of_floors"": ""1"", ""housing_units"": ""1"", ""electrical_valuation_remodel"": ""0"", ""original_address1"": ""2121 S IH 35 SVRD NB UNIT 2"", ""original_city"": ""AUSTIN"", ""original_state"": ""TX"", ""original_zip"": ""78741"", ""council_district"": ""9"", ""jurisdiction"": ""AUSTIN FULL PURPOSE"", ""link"": {""url"": ""https://abc.austintexas.gov/web/permit/public-search-other?t_detail=1&t_selected_folderrsn=13272694""}, ""project_id"": ""13272694"", ""masterpermitnum"": ""13272691"", ""contractor_trade"": ""Electrical Contractor"", ""contractor_company_name"": ""Freedom Solar Power"", ""contractor_full_name"": ""Adrian Buck"", ""contractor_phone"": ""8005042337"", ""contractor_address2"": ""4801  Freidr"", ""contractor_city"": ""AUSTIN"", ""contractor_zip"": ""78744"", ""certificate_of_occupancy"": ""No""}",2026-05-03T10:54:27.260194+00:00
2026-026424 PP,Estonian 3316 A Left New - 2 Story SFR CONDOMINUM w/ 4 bedrooms 3 bathrooms attached 2 car garage covered entry porch and patio FFE: 691.88 Site Plan:,2026-05-01T00:00:00+00:00,New,Plumbing Permit,,IES Residential Inc,Active,13108 INCLINE DR,78652,Residential,5125615002,https://abc.austintexas.gov/web/permit/public-search-other?t_detail=1&t_selected_folderrsn=13664681,2026-05-01T00:00:00+00:00,"{""permittype"": ""PP"", ""permit_type_desc"": ""Plumbing Permit"", ""permit_number"": ""2026-026424 PP"", ""permit_class_mapped"": ""Residential"", ""permit_class"": ""R- 101 Single Family Houses"", ""work_class"": ""New"", ""condominium"": ""No"", ""permit_location"": ""13108 INCLINE DR"", ""description"": ""Estonian 3316 A Left New - 2 Story SFR CONDOMINUM w/ 4 bedrooms 3 bathrooms attached 2 car garage covered entry porch and patio FFE: 691.88 Site Plan:"", ""tcad_id"": ""0451150901"", ""applieddate"": ""2026-02-20T00:00:00.000"", ""issue_date"": ""2026-05-01T00:00:00.000"", ""day_issued"": ""FRIDAY"", ""calendar_year_issued"": ""2026"", ""fiscal_year_issued"": ""2026"", ""issued_in_last_30_days"": ""Yes"", ""issue_method"": ""Permit Center"", ""status_current"": ""Active"", ""statusdate"": ""2026-05-01T00:00:00.000"", ""expiresdate"": ""2026-09-03T00:00:00.000"", ""total_new_add_sqft"": ""2932"", ""number_of_floors"": ""2"", ""housing_units"": ""1"", ""original_address1"": ""13108 INCLINE DR"", ""original_city"": ""AUSTIN"", ""original_state"": ""TX"", ""original_zip"": ""78652"", ""council_district"": ""5"", ""jurisdiction"": ""AUSTIN LTD"", ""link"": {""url"": ""https://abc.austintexas.gov/web/permit/public-search-other?t_detail=1&t_selected_folderrsn=13664681""}, ""project_id"": ""13664681"", ""masterpermitnum"": ""13664673"", ""contractor_trade"": ""Plumbing Contractor"", ""contractor_company_name"": ""IES Residential Inc"", ""contractor_full_name"": ""Charles Faught"", ""contractor_phone"": ""5125615002"", ""contractor_address2"": ""13279  POND"", ""contractor_city"": ""AUSTIN"", ""contractor_zip"": ""78729-____"", ""certificate_of_occupancy"": ""No""}",2026-05-03T10:54:27.260194+00:00
2026-009911 MP,"Retail Shell with Interior Build Out and Remainder Cold Dark Shell

2024 084112 SP - Concurrent Revies",2026-05-01T00:00:00+00:00,New,Mechanical Permit,,Pruneda Construction Inc.,Active,525 W HOWARD LN,78753,Commercial,5124580776,https://abc.austintexas.gov/web/permit/public-search-other?t_detail=1&t_selected_folderrsn=13646009,2026-05-01T00:00:00+00:00,"{""permittype"": ""MP"", ""permit_type_desc"": ""Mechanical Permit"", ""permit_number"": ""2026-009911 MP"", ""permit_class_mapped"": ""Commercial"", ""permit_class"": ""C- 327 Stores & Customer Services"", ""work_class"": ""New"", ""condominium"": ""No"", ""permit_location"": ""525 W HOWARD LN"", ""description"": ""Retail Shell with Interior Build Out and Remainder Cold Dark Shell\n\n2024 084112 SP - Concurrent Revies"", ""tcad_id"": ""0264260110"", ""legal_description"": ""LOT 2 BLK A PARMER NORTH SEC 1 RESUB OF LOT 3"", ""applieddate"": ""2025-05-15T00:00:00.000"", ""issue_date"": ""2026-05-01T00:00:00.000"", ""day_issued"": ""FRIDAY"", ""calendar_year_issued"": ""2026"", ""fiscal_year_issued"": ""2026"", ""issued_in_last_30_days"": ""Yes"", ""issue_method"": ""Permit Center"", ""status_current"": ""Active"", ""statusdate"": ""2026-05-01T00:00:00.000"", ""expiresdate"": ""2026-10-06T00:00:00.000"", ""total_new_add_sqft"": ""9000"", ""number_of_floors"": ""1"", ""housing_units"": ""1"", ""mechanical_valuation"": ""0"", ""original_address1"": ""525 W HOWARD LN"", ""original_city"": ""AUSTIN"", ""original_state"": ""TX"", ""original_zip"": ""78753"", ""council_district"": ""7"", ""jurisdiction"": ""AUSTIN FULL PURPOSE"", ""link"": {""url"": ""https://abc.austintexas.gov/web/permit/public-search-other?t_detail=1&t_selected_folderrsn=13646009""}, ""project_id"": ""13646009"", ""masterpermitnum"": ""13646007"", ""latitude"": ""30.41952992"", ""longitude"": ""-97.66208576"", ""location"": {""latitude"": ""30.41952992"", ""longitude"": ""-97.66208576"", ""human_address"": ""{\""address\"": \""\"", \""city\"": \""\"", \""state\"": \""\"", \""zip\"": \""\""}""}, ""contractor_trade"": ""Mechanical Contractor"", ""contractor_company_name"": ""Pruneda Construction Inc."", ""contractor_full_name"": ""Homero Canet"", ""contractor_phone"": ""5124580776"", ""contractor_address2"": ""14905  DESSA"", ""contractor_city"": ""PFLUGERVILLE"", ""contractor_zip"": ""78660"", ""certificate_of_occupancy"": ""No""}",2026-05-03T10:54:27.260194+00:00
2026-045732 BP,Express: Replacing 5 windows (like for like),2026-05-01T00:00:00+00:00,Repair,Building Permit,1.0,Renewal by Andersen,Active,2607 PINEWOOD TER,78757,Residential,5128348383,https://abc.austintexas.gov/web/permit/public-search-other?t_detail=1&t_selected_folderrsn=13686637,2026-05-01T00:00:00+00:00,"{""permittype"": ""BP"", ""permit_type_desc"": ""Building Permit"", ""permit_number"": ""2026-045732 BP"", ""permit_class_mapped"": ""Residential"", ""permit_class"": ""R- 435 Renovations/Remodel"", ""work_class"": ""Repair"", ""condominium"": ""No"", ""permit_location"": ""2607 PINEWOOD TER"", ""description"": ""Express: Replacing 5 windows (like for like)"", ""tcad_id"": ""0235040802"", ""legal_description"": ""LOT 26 BLK K ALLANDALE PARK SEC 1"", ""applieddate"": ""2026-04-14T00:00:00.000"", ""issue_date"": ""2026-05-01T00:00:00.000"", ""day_issued"": ""FRIDAY"", ""calendar_year_issued"": ""2026"", ""fiscal_year_issued"": ""2026"", ""issued_in_last_30_days"": ""Yes"", ""issue_method"": ""Permit Center"", ""status_current"": ""Active"", ""statusdate"": ""2026-05-01T00:00:00.000"", ""expiresdate"": ""2026-10-29T00:00:00.000"", ""remodel_repair_sqft"": ""1"", ""total_valuation_remodel"": ""0"", ""total_job_valuation"": ""1"", ""number_of_floors"": ""1"", ""housing_units"": ""1"", ""building_valuation_remodel"": ""0"", ""electrical_valuation_remodel"": ""0"", ""mechanical_valuation_remodel"": ""0"", ""plumbing_valuation_remodel"": ""0"", ""original_address1"": ""2607 PINEWOOD TER"", ""original_city"": ""AUSTIN"", ""original_state"": ""TX"", ""original_zip"": ""78757"", ""council_district"": ""7"", ""jurisdiction"": ""AUSTIN FULL PURPOSE"", ""link"": {""url"": ""https://abc.austintexas.gov/web/permit/public-search-other?t_detail=1&t_selected_folderrsn=13686637""}, ""project_id"": ""13686637"", ""masterpermitnum"": ""13686634"", ""latitude"": ""30.35036525"", ""longitude"": ""-97.73842094"", ""location"": {""latitude"": ""30.35036525"", ""longitude"": ""-97.73842094"", ""human_address"": ""{\""address\"": \""\"", \""city\"": \""\"", \""state\"": \""\"", \""zip\"": \""\""}""}, ""contractor_trade"": ""General Contractor"", ""contractor_company_name"": ""Renewal by Andersen"", ""contractor_full_name"": ""Jamie Strain"", ""contractor_phone"": ""5128348383"", ""contractor_address2"": ""2100  KRAMER"", ""contractor_city"": ""AUSTIN"", ""contractor_zip"": ""78758"", ""applicant_full_name"": ""Jamie Strain"", ""applicant_org"": ""Renewal by Andersen"", ""applicant_phone"": ""5128348383"", ""applicant_address2"": ""2100  KRAMER"", ""applicant_city"": ""AUSTIN"", ""applicantzip"": ""78758"", ""certificate_of_occupancy"": ""No""}",2026-05-03T10:54:27.260194+00:00
2025-157303 MP,Unit 301 Bldg 3:  New 3-story townhome with 3 bedroom 3.5 bathroom balcony attached 2-car carport.  Part of 3-unit townhome building in 3-unit use.  (,2026-05-01T00:00:00+00:00,New,Mechanical Permit,,Airtron,Active,4413 BANISTER LN UNIT 301,78745,Residential,5128213163,https://abc.austintexas.gov/web/permit/public-search-other?t_detail=1&t_selected_folderrsn=13627296,2026-05-01T00:00:00+00:00,"{""permittype"": ""MP"", ""permit_type_desc"": ""Mechanical Permit"", ""permit_number"": ""2025-157303 MP"", ""permit_class_mapped"": ""Residential"", ""permit_class"": ""R- 101 Single Family Houses"", ""work_class"": ""New"", ""condominium"": ""No"", ""permit_location"": ""4413 BANISTER LN UNIT 301"", ""description"": ""Unit 301 Bldg 3:  New 3-story townhome with 3 bedroom 3.5 bathroom balcony attached 2-car carport.  Part of 3-unit townhome building in 3-unit use.  ("", ""tcad_id"": ""0410090541"", ""legal_description"": ""BANISTER ACRES RSB LOT 4 BLK 4 BLK 4 LOT 4A"", ""applieddate"": ""2025-06-03T00:00:00.000"", ""issue_date"": ""2026-05-01T00:00:00.000"", ""day_issued"": ""FRIDAY"", ""calendar_year_issued"": ""2026"", ""fiscal_year_issued"": ""2026"", ""issued_in_last_30_days"": ""Yes"", ""issue_method"": ""Permit Center"", ""status_current"": ""Active"", ""statusdate"": ""2026-05-01T00:00:00.000"", ""expiresdate"": ""2026-08-19T00:00:00.000"", ""total_new_add_sqft"": ""1770"", ""number_of_floors"": ""3"", ""housing_units"": ""1"", ""original_address1"": ""4413 BANISTER LN UNIT 301"", ""original_city"": ""AUSTIN"", ""original_state"": ""TX"", ""original_zip"": ""78745"", ""council_district"": ""5"", ""jurisdiction"": ""AUSTIN FULL PURPOSE"", ""link"": {""url"": ""https://abc.austintexas.gov/web/permit/public-search-other?t_detail=1&t_selected_folderrsn=13627296""}, ""project_id"": ""13627296"", ""masterpermitnum"": ""13627278"", ""contractor_trade"": ""Mechanical Contractor"", ""contractor_company_name"": ""Airtron"", ""contractor_full_name"": ""Tamara Enfield"", ""contractor_phone"": ""5128213163"", ""contractor_address2"": ""12112  BOARD"", ""contractor_city"": ""AUSTIN"", ""contractor_zip"": ""78729-____"", ""certificate_of_occupancy"": ""No""}",2026-05-03T10:54:27.275855+00:00
2026-054247 MP,Connect Mobile Home with Decks 6x8 Front and 4x4 Rear,2026-05-01T00:00:00+00:00,Addition and Remodel,Mechanical Permit,,"Air Pro, Inc.",Active,5701 JOHNNY MORRIS RD UNIT 365,78724,Residential,5123261511,https://abc.austintexas.gov/web/permit/public-search-other?t_detail=1&t_selected_folderrsn=13696512,2026-05-01T00:00:00+00:00,"{""permittype"": ""MP"", ""permit_type_desc"": ""Mechanical Permit"", ""permit_number"": ""2026-054247 MP"", ""permit_class_mapped"": ""Residential"", ""permit_class"": ""R- 439 Addition Mobile Home"", ""work_class"": ""Addition and Remodel"", ""condominium"": ""No"", ""permit_location"": ""5701 JOHNNY MORRIS RD UNIT 365"", ""description"": ""Connect Mobile Home with Decks 6x8 Front and 4x4 Rear"", ""tcad_id"": ""0217300201"", ""legal_description"": ""ABS 4 SUR 19 BURLESON J ACR 40.0000"", ""applieddate"": ""2026-05-01T00:00:00.000"", ""issue_date"": ""2026-05-01T00:00:00.000"", ""day_issued"": ""FRIDAY"", ""calendar_year_issued"": ""2026"", ""fiscal_year_issued"": ""2026"", ""issued_in_last_30_days"": ""Yes"", ""issue_method"": ""Permit Center"", ""status_current"": ""Active"", ""statusdate"": ""2026-05-01T00:00:00.000"", ""expiresdate"": ""2026-10-28T00:00:00.000"", ""remodel_repair_sqft"": ""64"", ""number_of_floors"": ""1"", ""housing_units"": ""2"", ""original_address1"": ""5701 JOHNNY MORRIS RD UNIT 365"", ""original_city"": ""AUSTIN"", ""original_state"": ""TX"", ""original_zip"": ""78724"", ""council_district"": ""1"", ""jurisdiction"": ""AUSTIN FULL PURPOSE"", ""link"": {""url"": ""https://abc.austintexas.gov/web/permit/public-search-other?t_detail=1&t_selected_folderrsn=13696512""}, ""project_id"": ""13696512"", ""masterpermitnum"": ""13696510"", ""latitude"": ""30.29222184"", ""longitude"": ""-97.65192067"", ""location"": {""latitude"": ""30.29222184"", ""longitude"": ""-97.65192067"", ""human_address"": ""{\""address\"": \""\"", \""city\"": \""\"", \""state\"": \""\"", \""zip\"": \""\""}""}, ""contractor_trade"": ""Mechanical Contractor"", ""contractor_company_name"": ""Air Pro, Inc."", ""contractor_full_name"": ""Eugene Mundahl"", ""contractor_phone"": ""5123261511"", ""contractor_address2"": ""4213  TODD L"", ""contractor_city"": ""AUSTIN"", ""contractor_zip"": ""78744"", ""certificate_of_occupancy"": ""No""}",2026-05-03T10:54:27.275855+00:00
2025-112577 PP,1 for 1 replacement of an existing pool - new construction of inground swimming pool. Rebuild,2026-05-01T00:00:00+00:00,New,Plumbing Permit,,Austin Metro Plumbing LLC,Active,2403 ROCKINGHAM CIR,78704,Residential,,https://abc.austintexas.gov/web/permit/public-search-other?t_detail=1&t_selected_folderrsn=13577223,2026-05-01T00:00:00+00:00,"{""permittype"": ""PP"", ""permit_type_desc"": ""Plumbing Permit"", ""permit_number"": ""2025-112577 PP"", ""permit_class_mapped"": ""Residential"", ""permit_class"": ""R- 329 Res Structures Other Than Bldg"", ""work_class"": ""New"", ""condominium"": ""No"", ""permit_location"": ""2403 ROCKINGHAM CIR"", ""description"": ""1 for 1 replacement of an existing pool - new construction of inground swimming pool. Rebuild"", ""tcad_id"": ""0101091306"", ""legal_description"": ""LOT 6 BLK K BARTON HILLS SEC 3A"", ""applieddate"": ""2025-06-24T00:00:00.000"", ""issue_date"": ""2026-05-01T00:00:00.000"", ""day_issued"": ""FRIDAY"", ""calendar_year_issued"": ""2026"", ""fiscal_year_issued"": ""2026"", ""issued_in_last_30_days"": ""Yes"", ""issue_method"": ""Permit Center"", ""status_current"": ""Active"", ""statusdate"": ""2026-05-01T00:00:00.000"", ""expiresdate"": ""2026-09-21T00:00:00.000"", ""total_new_add_sqft"": ""313"", ""number_of_floors"": ""1"", ""housing_units"": ""1"", ""original_address1"": ""2403 ROCKINGHAM CIR"", ""original_city"": ""AUSTIN"", ""original_state"": ""TX"", ""original_zip"": ""78704"", ""council_district"": ""5"", ""jurisdiction"": ""AUSTIN FULL PURPOSE"", ""link"": {""url"": ""https://abc.austintexas.gov/web/permit/public-search-other?t_detail=1&t_selected_folderrsn=13577223""}, ""project_id"": ""13577223"", ""masterpermitnum"": ""13577215"", ""latitude"": ""30.25101321"", ""longitude"": ""-97.78217289"", ""location"": {""latitude"": ""30.25101321"", ""longitude"": ""-97.78217289"", ""human_address"": ""{\""address\"": \""\"", \""city\"": \""\"", \""state\"": \""\"", \""zip\"": \""\""}""}, ""contractor_trade"": ""Plumbing Contractor"", ""contractor_company_name"": ""Austin Metro Plumbing LLC"", ""contractor_full_name"": ""Michaell See"", ""contractor_phone"": ""512"", ""contractor_address2"": ""1507  Rimsto"", ""contractor_city"": ""CEDAR PARK"", ""contractor_zip"": ""78613"", ""certificate_of_occupancy"": ""No""}",2026-05-03T10:54:27.275855+00:00
2026-048743 EP,2245BL NEW 4 BEDROOM 3 BATH SINGLE FAMILY RESIDENTIAL HOME WITH ATTACHED GARAGE COVERED FRONT PORCHA AND REAR PATIO,2026-05-01T00:00:00+00:00,New,Electrical Permit,,Landmark Electric,Active,7109 HUDKINS WAY,78617,Residential,5124917718,https://abc.austintexas.gov/web/permit/public-search-other?t_detail=1&t_selected_folderrsn=13690173,2026-05-01T00:00:00+00:00,"{""permittype"": ""EP"", ""permit_type_desc"": ""Electrical Permit"", ""permit_number"": ""2026-048743 EP"", ""permit_class_mapped"": ""Residential"", ""permit_class"": ""R- 101 Single Family Houses"", ""work_class"": ""New"", ""condominium"": ""No"", ""permit_location"": ""7109 HUDKINS WAY"", ""description"": ""2245BL NEW 4 BEDROOM 3 BATH SINGLE FAMILY RESIDENTIAL HOME WITH ATTACHED GARAGE COVERED FRONT PORCHA AND REAR PATIO"", ""tcad_id"": ""0336400951"", ""legal_description"": ""STONEY RIDGE HIGHLANDS PHS 1 A SMALL LOT SUBD BLK A LOT 3"", ""applieddate"": ""2026-04-08T00:00:00.000"", ""issue_date"": ""2026-05-01T00:00:00.000"", ""day_issued"": ""FRIDAY"", ""calendar_year_issued"": ""2026"", ""fiscal_year_issued"": ""2026"", ""issued_in_last_30_days"": ""Yes"", ""issue_method"": ""Permit Center"", ""status_current"": ""Active"", ""statusdate"": ""2026-05-01T00:00:00.000"", ""expiresdate"": ""2026-10-27T00:00:00.000"", ""total_new_add_sqft"": ""2761"", ""number_of_floors"": ""2"", ""housing_units"": ""1"", ""original_address1"": ""7109 HUDKINS WAY"", ""original_city"": ""AUSTIN"", ""original_state"": ""TX"", ""original_zip"": ""78617"", ""council_district"": ""2"", ""jurisdiction"": ""AUSTIN LTD"", ""link"": {""url"": ""https://abc.austintexas.gov/web/permit/public-search-other?t_detail=1&t_selected_folderrsn=13690173""}, ""project_id"": ""13690173"", ""masterpermitnum"": ""13690154"", ""contractor_trade"": ""Electrical Contractor"", ""contractor_company_name"": ""Landmark Electric"", ""contractor_full_name"": ""Robert W Brown"", ""contractor_phone"": ""5124917718"", ""contractor_address2"": ""2008  PICADI"", ""contractor_city"": ""ROUND ROCK"", ""contractor_zip"": ""78664"", ""certificate_of_occupancy"": ""No""}",2026-05-03T10:54:27.275855+00:00
2026-048485 EP,Interior remodel to create dance studio. Building was originally constructed as a single unit and is being returned to a single unit.,2026-05-01T00:00:00+00:00,Remodel,Electrical Permit,,TL Cook Electric,Active,7010 W SH 71 UNIT 360,78735,Commercial,2146071695,https://abc.austintexas.gov/web/permit/public-search-other?t_detail=1&t_selected_folderrsn=13689872,2026-05-01T00:00:00+00:00,"{""permittype"": ""EP"", ""permit_type_desc"": ""Electrical Permit"", ""permit_number"": ""2026-048485 EP"", ""permit_class_mapped"": ""Commercial"", ""permit_class"": ""C-1000 Commercial Remodel"", ""work_class"": ""Remodel"", ""condominium"": ""No"", ""permit_location"": ""7010 W SH 71 UNIT 360"", ""description"": ""Interior remodel to create dance studio. Building was originally constructed as a single unit and is being returned to a single unit."", ""tcad_id"": ""0408380202"", ""legal_description"": ""CENTER OF THE HILLS SUBDIVISION BLK A LOT 1"", ""applieddate"": ""2026-02-02T00:00:00.000"", ""issue_date"": ""2026-05-01T00:00:00.000"", ""day_issued"": ""FRIDAY"", ""calendar_year_issued"": ""2026"", ""fiscal_year_issued"": ""2026"", ""issued_in_last_30_days"": ""Yes"", ""issue_method"": ""Permit Center"", ""status_current"": ""Active"", ""statusdate"": ""2026-05-01T00:00:00.000"", ""expiresdate"": ""2026-10-20T00:00:00.000"", ""remodel_repair_sqft"": ""4200"", ""number_of_floors"": ""1"", ""housing_units"": ""1"", ""electrical_valuation_remodel"": ""50000"", ""original_address1"": ""7010 W SH 71 UNIT 360"", ""original_city"": ""AUSTIN"", ""original_state"": ""TX"", ""original_zip"": ""78735"", ""council_district"": ""8"", ""jurisdiction"": ""AUSTIN FULL PURPOSE"", ""link"": {""url"": ""https://abc.austintexas.gov/web/permit/public-search-other?t_detail=1&t_selected_folderrsn=13689872""}, ""project_id"": ""13689872"", ""masterpermitnum"": ""13689871"", ""contractor_trade"": ""Electrical Contractor"", ""contractor_company_name"": ""TL Cook Electric"", ""contractor_full_name"": ""Thomas Cook"", ""contractor_phone"": ""2146071695"", ""contractor_city"": ""Austin"", ""certificate_of_occupancy"": ""No""}",2026-05-03T10:54:27.275855+00:00
2026-054172 PP,New construction in the etj clubhouse 4755 sqft,2026-05-01T00:00:00+00:00,New,Plumbing Permit,,"Red Kings Plumbing Contractors LLC,",Active,5119 E HOWARD LN BLDG CLUB,78653,Commercial,2109862480,https://abc.austintexas.gov/web/permit/public-search-other?t_detail=1&t_selected_folderrsn=13696429,2026-05-01T00:00:00+00:00,"{""permittype"": ""PP"", ""permit_type_desc"": ""Plumbing Permit"", ""permit_number"": ""2026-054172 PP"", ""permit_class_mapped"": ""Commercial"", ""permit_class"": ""Commercial"", ""work_class"": ""New"", ""condominium"": ""No"", ""permit_location"": ""5119 E HOWARD LN BLDG CLUB"", ""description"": ""New construction in the etj clubhouse 4755 sqft"", ""tcad_id"": ""0251410337"", ""legal_description"": ""LOT 1 LESS .0900AC THOMISON SUBD & ABS 160 SUR 50 CASTRO M TOTAL 14.686AC"", ""applieddate"": ""2026-04-30T00:00:00.000"", ""issue_date"": ""2026-05-01T00:00:00.000"", ""day_issued"": ""FRIDAY"", ""calendar_year_issued"": ""2026"", ""fiscal_year_issued"": ""2026"", ""issued_in_last_30_days"": ""Yes"", ""issue_method"": ""Permit Center"", ""status_current"": ""Active"", ""statusdate"": ""2026-05-01T00:00:00.000"", ""expiresdate"": ""2026-10-28T00:00:00.000"", ""total_new_add_sqft"": ""4755"", ""number_of_floors"": ""1"", ""housing_units"": ""1"", ""original_address1"": ""5119 E HOWARD LN BLDG CLUB"", ""original_city"": ""AUSTIN"", ""original_state"": ""TX"", ""original_zip"": ""78653"", ""jurisdiction"": ""AUSTIN 2 MILE ETJ"", ""link"": {""url"": ""https://abc.austintexas.gov/web/permit/public-search-other?t_detail=1&t_selected_folderrsn=13696429""}, ""project_id"": ""13696429"", ""contractor_trade"": ""Plumbing Contractor"", ""contractor_company_name"": ""Red Kings Plumbing Contractors LLC,"", ""contractor_full_name"": ""Ubaldo De Santiago"", ""contractor_phone"": ""2109862480"", ""contractor_address1"": ""PO BOX 70170"", ""contractor_city"": ""San Antonio"", ""contractor_zip"": ""78270-____"", ""certificate_of_occupancy"": ""No""}",2026-05-03T10:54:27.275855+00:00
2026-035175 PP,New construction multi-family in the etj 33954 sqft,2026-05-01T00:00:00+00:00,New,Plumbing Permit,,"Red Kings Plumbing Contractors LLC,",Active,5121 E HOWARD LN BLDG 9,78653,Commercial,2109862480,https://abc.austintexas.gov/web/permit/public-search-other?t_detail=1&t_selected_folderrsn=13674693,2026-05-01T00:00:00+00:00,"{""permittype"": ""PP"", ""permit_type_desc"": ""Plumbing Permit"", ""permit_number"": ""2026-035175 PP"", ""permit_class_mapped"": ""Commercial"", ""permit_class"": ""Commercial"", ""work_class"": ""New"", ""condominium"": ""No"", ""permit_location"": ""5121 E HOWARD LN BLDG 9"", ""description"": ""New construction multi-family in the etj 33954 sqft"", ""tcad_id"": ""0251410311"", ""legal_description"": ""ABS 160 SUR 50 CASTRO M ACR 45.592"", ""applieddate"": ""2026-03-24T00:00:00.000"", ""issue_date"": ""2026-05-01T00:00:00.000"", ""day_issued"": ""FRIDAY"", ""calendar_year_issued"": ""2026"", ""fiscal_year_issued"": ""2026"", ""issued_in_last_30_days"": ""Yes"", ""issue_method"": ""Permit Center"", ""status_current"": ""Active"", ""statusdate"": ""2026-05-01T00:00:00.000"", ""expiresdate"": ""2026-10-28T00:00:00.000"", ""total_new_add_sqft"": ""33954"", ""number_of_floors"": ""3"", ""housing_units"": ""36"", ""original_address1"": ""5121 E HOWARD LN BLDG 9"", ""original_city"": ""AUSTIN"", ""original_state"": ""TX"", ""original_zip"": ""78653"", ""jurisdiction"": ""AUSTIN 2 MILE ETJ"", ""link"": {""url"": ""https://abc.austintexas.gov/web/permit/public-search-other?t_detail=1&t_selected_folderrsn=13674693""}, ""project_id"": ""13674693"", ""contractor_trade"": ""Plumbing Contractor"", ""contractor_company_name"": ""Red Kings Plumbing Contractors LLC,"", ""contractor_full_name"": ""Ubaldo De Santiago"", ""contractor_phone"": ""2109862480"", ""contractor_address1"": ""PO BOX 70170"", ""contractor_city"": ""San Antonio"", ""contractor_zip"": ""78270-____"", ""certificate_of_occupancy"": ""No""}",2026-05-03T10:54:27.275855+00:00
2026-052248 EP,"Add 60A 240V circuit for an EV charger
Add 20A 120V recep circuit for the garage
Add 2 #6 1#8gnd cable (no breaker) installed for future use to a Jbox",2026-05-01T00:00:00+00:00,Repair,Electrical Permit,,SMART CHARGE RESIDENTAL LLC,Active,6306 ARNOLD DR UNIT 2,78723,Residential,,https://abc.austintexas.gov/web/permit/public-search-other?t_detail=1&t_selected_folderrsn=13694249,2026-05-01T00:00:00+00:00,"{""permittype"": ""EP"", ""permit_type_desc"": ""Electrical Permit"", ""permit_number"": ""2026-052248 EP"", ""permit_class_mapped"": ""Residential"", ""permit_class"": ""Residential"", ""work_class"": ""Repair"", ""condominium"": ""No"", ""permit_location"": ""6306 ARNOLD DR UNIT 2"", ""description"": ""Add 60A 240V circuit for an EV charger\nAdd 20A 120V recep circuit for the garage\nAdd 2 #6 1#8gnd cable (no breaker) installed for future use to a Jbox"", ""tcad_id"": ""0221221601"", ""applieddate"": ""2026-04-28T00:00:00.000"", ""issue_date"": ""2026-05-01T00:00:00.000"", ""day_issued"": ""FRIDAY"", ""calendar_year_issued"": ""2026"", ""fiscal_year_issued"": ""2026"", ""issued_in_last_30_days"": ""Yes"", ""issue_method"": ""Permit Center"", ""status_current"": ""Active"", ""statusdate"": ""2026-05-01T00:00:00.000"", ""expiresdate"": ""2026-10-28T00:00:00.000"", ""remodel_repair_sqft"": ""0"", ""number_of_floors"": ""1"", ""housing_units"": ""1"", ""electrical_valuation_remodel"": ""3896"", ""original_address1"": ""6306 ARNOLD DR UNIT 2"", ""original_city"": ""AUSTIN"", ""original_state"": ""TX"", ""original_zip"": ""78723"", ""council_district"": ""4"", ""jurisdiction"": ""AUSTIN FULL PURPOSE"", ""link"": {""url"": ""https://abc.austintexas.gov/web/permit/public-search-other?t_detail=1&t_selected_folderrsn=13694249""}, ""project_id"": ""13694249"", ""latitude"": ""30.30980588"", ""longitude"": ""-97.67413839"", ""location"": {""latitude"": ""30.30980588"", ""longitude"": ""-97.67413839"", ""human_address"": ""{\""address\"": \""\"", \""city\"": \""\"", \""state\"": \""\"", \""zip\"": \""\""}""}, ""contractor_trade"": ""Electrical Contractor"", ""contractor_company_name"": ""SMART CHARGE RESIDENTAL LLC"", ""contractor_full_name"": ""Clifford A Black"", ""contractor_address2"": ""4616  Howard"", ""contractor_city"": ""Austin"", ""contractor_zip"": ""78728-____"", ""certificate_of_occupancy"": ""No""}",2026-05-03T10:54:27.275855+00:00
2026-052805 EP,Homebuilder Loop Austin 2 Mile ETJ Austin Energy,2026-05-01T00:00:00+00:00,Homebuilder Loop,Electrical Permit,,"IES Residential, Inc.",Active,2700 FOSS RD,78660,Residential,5122520040,https://abc.austintexas.gov/web/permit/public-search-other?t_detail=1&t_selected_folderrsn=13694868,2026-05-01T00:00:00+00:00,"{""permittype"": ""EP"", ""permit_type_desc"": ""Electrical Permit"", ""permit_number"": ""2026-052805 EP"", ""permit_class_mapped"": ""Residential"", ""permit_class"": ""Residential"", ""work_class"": ""Homebuilder Loop"", ""permit_location"": ""2700 FOSS RD"", ""description"": ""Homebuilder Loop Austin 2 Mile ETJ Austin Energy"", ""tcad_id"": ""0256401717"", ""legal_description"": ""HOWARD LANE PHS 3 BLK J LOT 10"", ""applieddate"": ""2026-04-28T00:00:00.000"", ""issue_date"": ""2026-05-01T00:00:00.000"", ""day_issued"": ""FRIDAY"", ""calendar_year_issued"": ""2026"", ""fiscal_year_issued"": ""2026"", ""issued_in_last_30_days"": ""Yes"", ""issue_method"": ""Permit Center"", ""status_current"": ""Active"", ""statusdate"": ""2026-05-01T00:00:00.000"", ""expiresdate"": ""2026-10-28T00:00:00.000"", ""original_address1"": ""2700 FOSS RD"", ""original_city"": ""AUSTIN"", ""original_state"": ""TX"", ""original_zip"": ""78660"", ""jurisdiction"": ""AUSTIN 2 MILE ETJ"", ""link"": {""url"": ""https://abc.austintexas.gov/web/permit/public-search-other?t_detail=1&t_selected_folderrsn=13694868""}, ""project_id"": ""13694868"", ""contractor_trade"": ""Electrical Contractor"", ""contractor_company_name"": ""IES Residential, Inc."", ""contractor_full_name"": ""William B. Crist Jr."", ""contractor_phone"": ""5122520040"", ""contractor_address2"": ""821  GRAND A"", ""contractor_city"": ""PFLUGERVILLE"", ""contractor_zip"": ""78660-____""}",2026-05-03T10:54:27.275855+00:00
2026-029356 MP,ePlan: Commercial Expedited Review - First Time Finish Out To Shell Building for Connivence Store with Kitchen (5000 SF).,2026-05-01T00:00:00+00:00,Remodel,Mechanical Permit,,Pruneda Construction Inc.,Active,525 W HOWARD LN UNIT 100,78753,Commercial,5124580776,https://abc.austintexas.gov/web/permit/public-search-other?t_detail=1&t_selected_folderrsn=13667978,2026-05-01T00:00:00+00:00,"{""permittype"": ""MP"", ""permit_type_desc"": ""Mechanical Permit"", ""permit_number"": ""2026-029356 MP"", ""permit_class_mapped"": ""Commercial"", ""permit_class"": ""C-1001 Commercial Finish Out"", ""work_class"": ""Remodel"", ""condominium"": ""No"", ""permit_location"": ""525 W HOWARD LN UNIT 100"", ""description"": ""ePlan: Commercial Expedited Review - First Time Finish Out To Shell Building for Connivence Store with Kitchen (5000 SF)."", ""tcad_id"": ""0264260110"", ""legal_description"": ""LOT 2 BLK A PARMER NORTH SEC 1 RESUB OF LOT 3"", ""applieddate"": ""2026-01-30T00:00:00.000"", ""issue_date"": ""2026-05-01T00:00:00.000"", ""day_issued"": ""FRIDAY"", ""calendar_year_issued"": ""2026"", ""fiscal_year_issued"": ""2026"", ""issued_in_last_30_days"": ""Yes"", ""issue_method"": ""Permit Center"", ""status_current"": ""Active"", ""statusdate"": ""2026-05-01T00:00:00.000"", ""expiresdate"": ""2026-09-26T00:00:00.000"", ""remodel_repair_sqft"": ""5000"", ""number_of_floors"": ""1"", ""housing_units"": ""1"", ""original_address1"": ""525 W HOWARD LN UNIT 100"", ""original_city"": ""AUSTIN"", ""original_state"": ""TX"", ""original_zip"": ""78753"", ""council_district"": ""7"", ""jurisdiction"": ""AUSTIN FULL PURPOSE"", ""link"": {""url"": ""https://abc.austintexas.gov/web/permit/public-search-other?t_detail=1&t_selected_folderrsn=13667978""}, ""project_id"": ""13667978"", ""masterpermitnum"": ""13667976"", ""latitude"": ""30.41952992"", ""longitude"": ""-97.66208576"", ""location"": {""latitude"": ""30.41952992"", ""longitude"": ""-97.66208576"", ""human_address"": ""{\""address\"": \""\"", \""city\"": \""\"", \""state\"": \""\"", \""zip\"": \""\""}""}, ""contractor_trade"": ""Mechanical Contractor"", ""contractor_company_name"": ""Pruneda Construction Inc."", ""contractor_full_name"": ""Homero Canet"", ""contractor_phone"": ""5124580776"", ""contractor_address2"": ""14905  DESSA"", ""contractor_city"": ""PFLUGERVILLE"", ""contractor_zip"": ""78660"", ""certificate_of_occupancy"": ""No""}",2026-05-03T10:54:27.275855+00:00
2026-053999 BP,Express: Foundation repair,2026-05-01T00:00:00+00:00,Repair,Building Permit,16660.0,Foundation Support Specialists,Active,6908 DOYAL DR,78747,Residential,,https://abc.austintexas.gov/web/permit/public-search-other?t_detail=1&t_selected_folderrsn=13696222,2026-05-01T00:00:00+00:00,"{""permittype"": ""BP"", ""permit_type_desc"": ""Building Permit"", ""permit_number"": ""2026-053999 BP"", ""permit_class_mapped"": ""Residential"", ""permit_class"": ""R- 435 Renovations/Remodel"", ""work_class"": ""Repair"", ""condominium"": ""No"", ""permit_location"": ""6908 DOYAL DR"", ""description"": ""Express: Foundation repair"", ""tcad_id"": ""0336031319"", ""legal_description"": ""LOT 3 BLK A MCKINNEY PARK EAST SEC 1"", ""applieddate"": ""2026-04-30T00:00:00.000"", ""issue_date"": ""2026-05-01T00:00:00.000"", ""day_issued"": ""FRIDAY"", ""calendar_year_issued"": ""2026"", ""fiscal_year_issued"": ""2026"", ""issued_in_last_30_days"": ""Yes"", ""issue_method"": ""Permit Center"", ""status_current"": ""Active"", ""statusdate"": ""2026-05-01T00:00:00.000"", ""expiresdate"": ""2026-10-29T00:00:00.000"", ""remodel_repair_sqft"": ""1"", ""total_valuation_remodel"": ""4"", ""total_job_valuation"": ""16660"", ""number_of_floors"": ""1"", ""housing_units"": ""1"", ""building_valuation_remodel"": ""1"", ""electrical_valuation_remodel"": ""1"", ""mechanical_valuation_remodel"": ""1"", ""plumbing_valuation_remodel"": ""1"", ""original_address1"": ""6908 DOYAL DR"", ""original_city"": ""AUSTIN"", ""original_state"": ""TX"", ""original_zip"": ""78747"", ""council_district"": ""2"", ""jurisdiction"": ""AUSTIN FULL PURPOSE"", ""link"": {""url"": ""https://abc.austintexas.gov/web/permit/public-search-other?t_detail=1&t_selected_folderrsn=13696222""}, ""project_id"": ""13696222"", ""masterpermitnum"": ""13696201"", ""latitude"": ""30.15223082"", ""longitude"": ""-97.73880949"", ""location"": {""latitude"": ""30.15223082"", ""longitude"": ""-97.73880949"", ""human_address"": ""{\""address\"": \""\"", \""city\"": \""\"", \""state\"": \""\"", \""zip\"": \""\""}""}, ""contractor_trade"": ""General Contractor"", ""contractor_company_name"": ""Foundation Support Specialists"", ""contractor_full_name"": ""Jessica Mitchell"", ""contractor_phone"": ""512"", ""contractor_city"": ""Austin"", ""applicant_full_name"": ""Jessica Mitchell"", ""applicant_org"": ""Foundation Support Specialists"", ""applicant_phone"": ""512"", ""applicant_city"": ""Austin"", ""certificate_of_occupancy"": ""No""}",2026-05-03T10:54:27.275855+00:00
2026-053079 MP,Replacement of complete existing central heat and air system with or without duct work Replacement of HVAC system for new without duct work for Unit 1,2026-05-01T00:00:00+00:00,Change Out,Mechanical Permit,,Cool Country Services LLC,Active,3101 S LAMAR BLVD UNIT 1517,78704,Commercial,5122126695,https://abc.austintexas.gov/web/permit/public-search-other?t_detail=1&t_selected_folderrsn=13695169,2026-05-01T00:00:00+00:00,"{""permittype"": ""MP"", ""permit_type_desc"": ""Mechanical Permit"", ""permit_number"": ""2026-053079 MP"", ""permit_class_mapped"": ""Commercial"", ""permit_class"": ""Commercial"", ""work_class"": ""Change Out"", ""permit_location"": ""3101 S LAMAR BLVD UNIT 1517"", ""description"": ""Replacement of complete existing central heat and air system with or without duct work Replacement of HVAC system for new without duct work for Unit 1"", ""tcad_id"": ""0403100129"", ""legal_description"": ""ABS 14 SUR 21 HILL H P ACR 6.1510"", ""applieddate"": ""2026-04-29T00:00:00.000"", ""issue_date"": ""2026-05-01T00:00:00.000"", ""day_issued"": ""FRIDAY"", ""calendar_year_issued"": ""2026"", ""fiscal_year_issued"": ""2026"", ""issued_in_last_30_days"": ""Yes"", ""issue_method"": ""Permit Center"", ""status_current"": ""Active"", ""statusdate"": ""2026-05-01T00:00:00.000"", ""expiresdate"": ""2026-10-28T00:00:00.000"", ""original_address1"": ""3101 S LAMAR BLVD UNIT 1517"", ""original_city"": ""AUSTIN"", ""original_state"": ""TX"", ""original_zip"": ""78704"", ""council_district"": ""5"", ""jurisdiction"": ""AUSTIN FULL PURPOSE"", ""link"": {""url"": ""https://abc.austintexas.gov/web/permit/public-search-other?t_detail=1&t_selected_folderrsn=13695169""}, ""project_id"": ""13695169"", ""contractor_trade"": ""Mechanical Contractor"", ""contractor_company_name"": ""Cool Country Services LLC"", ""contractor_full_name"": ""Glenn Broussard"", ""contractor_phone"": ""5122126695"", ""contractor_address2"": ""1425  Bodiam"", ""contractor_city"": ""Bulverde"", ""contractor_zip"": ""78163-____""}",2026-05-03T10:54:27.275855+00:00
2026-054066 BP,Express - Tile shower pan and valve replacement,2026-05-01T00:00:00+00:00,Repair,Building Permit,1.0,Statewide Remodeling of Austin *MAIN*,Active,9017 SAUTELLE LN,78749,Residential,5124535858,https://abc.austintexas.gov/web/permit/public-search-other?t_detail=1&t_selected_folderrsn=13696300,2026-05-01T00:00:00+00:00,"{""permittype"": ""BP"", ""permit_type_desc"": ""Building Permit"", ""permit_number"": ""2026-054066 BP"", ""permit_class_mapped"": ""Residential"", ""permit_class"": ""R- 435 Renovations/Remodel"", ""work_class"": ""Repair"", ""condominium"": ""No"", ""permit_location"": ""9017 SAUTELLE LN"", ""description"": ""Express - Tile shower pan and valve replacement"", ""tcad_id"": ""0418381705"", ""legal_description"": ""LOT 33 BLK A VILLAGE AT WESTERN OAKS SEC 29-A"", ""applieddate"": ""2026-04-30T00:00:00.000"", ""issue_date"": ""2026-05-01T00:00:00.000"", ""day_issued"": ""FRIDAY"", ""calendar_year_issued"": ""2026"", ""fiscal_year_issued"": ""2026"", ""issued_in_last_30_days"": ""Yes"", ""issue_method"": ""Permit Center"", ""status_current"": ""Active"", ""statusdate"": ""2026-05-01T00:00:00.000"", ""expiresdate"": ""2026-10-29T00:00:00.000"", ""remodel_repair_sqft"": ""1"", ""total_valuation_remodel"": ""0"", ""total_job_valuation"": ""1"", ""number_of_floors"": ""1"", ""housing_units"": ""1"", ""building_valuation_remodel"": ""0"", ""electrical_valuation_remodel"": ""0"", ""mechanical_valuation_remodel"": ""0"", ""plumbing_valuation_remodel"": ""0"", ""original_address1"": ""9017 SAUTELLE LN"", ""original_city"": ""AUSTIN"", ""original_state"": ""TX"", ""original_zip"": ""78749"", ""council_district"": ""8"", ""jurisdiction"": ""AUSTIN FULL PURPOSE"", ""link"": {""url"": ""https://abc.austintexas.gov/web/permit/public-search-other?t_detail=1&t_selected_folderrsn=13696300""}, ""project_id"": ""13696300"", ""masterpermitnum"": ""13696285"", ""latitude"": ""30.2084617"", ""longitude"": ""-97.87761748"", ""location"": {""latitude"": ""30.2084617"", ""longitude"": ""-97.87761748"", ""human_address"": ""{\""address\"": \""\"", \""city\"": \""\"", \""state\"": \""\"", \""zip\"": \""\""}""}, ""contractor_trade"": ""General Contractor"", ""contractor_company_name"": ""Statewide Remodeling of Austin *MAIN*"", ""contractor_full_name"": ""Billy Moss"", ""contractor_phone"": ""5124535858"", ""contractor_address2"": ""2209-A  RUTL"", ""contractor_city"": ""AUSTIN"", ""contractor_zip"": ""78758"", ""applicant_full_name"": ""Billy Moss"", ""applicant_org"": ""Statewide Remodeling of Austin *MAIN*"", ""applicant_phone"": ""5124535858"", ""applicant_address2"": ""2209-A  RUTL"", ""applicant_city"": ""AUSTIN"", ""applicantzip"": ""78758"", ""certificate_of_occupancy"": ""No""}",2026-05-03T10:54:27.275855+00:00
2026-034797 BP,New pool and spa (autofill/heated),2026-05-01T00:00:00+00:00,New,Building Permit,0.0,Co-Sci Construction LLC **MAIN**,Active,2806 S 4TH ST,78704,Residential,4693941563,https://abc.austintexas.gov/web/permit/public-search-other?t_detail=1&t_selected_folderrsn=13674269,2026-05-01T00:00:00+00:00,"{""permittype"": ""BP"", ""permit_type_desc"": ""Building Permit"", ""permit_number"": ""2026-034797 BP"", ""permit_class_mapped"": ""Residential"", ""permit_class"": ""R- 329 Res Structures Other Than Bldg"", ""work_class"": ""New"", ""condominium"": ""No"", ""permit_location"": ""2806 S 4TH ST"", ""description"": ""New pool and spa (autofill/heated)"", ""tcad_id"": ""0404040122"", ""legal_description"": ""LOT 12 BLK I OAK RIDGE HEIGHTS SEC 3"", ""applieddate"": ""2026-01-21T00:00:00.000"", ""issue_date"": ""2026-05-01T00:00:00.000"", ""day_issued"": ""FRIDAY"", ""calendar_year_issued"": ""2026"", ""fiscal_year_issued"": ""2026"", ""issued_in_last_30_days"": ""Yes"", ""issue_method"": ""Permit Center"", ""status_current"": ""Active"", ""statusdate"": ""2026-05-01T00:00:00.000"", ""expiresdate"": ""2026-10-29T00:00:00.000"", ""total_new_add_sqft"": ""301"", ""total_job_valuation"": ""0"", ""number_of_floors"": ""0"", ""housing_units"": ""0"", ""original_address1"": ""2806 S 4TH ST"", ""original_city"": ""AUSTIN"", ""original_state"": ""TX"", ""original_zip"": ""78704"", ""council_district"": ""3"", ""jurisdiction"": ""AUSTIN FULL PURPOSE"", ""link"": {""url"": ""https://abc.austintexas.gov/web/permit/public-search-other?t_detail=1&t_selected_folderrsn=13674269""}, ""project_id"": ""13674269"", ""masterpermitnum"": ""13643518"", ""latitude"": ""30.23801604"", ""longitude"": ""-97.76638091"", ""location"": {""latitude"": ""30.23801604"", ""longitude"": ""-97.76638091"", ""human_address"": ""{\""address\"": \""\"", \""city\"": \""\"", \""state\"": \""\"", \""zip\"": \""\""}""}, ""contractor_trade"": ""General Contractor"", ""contractor_company_name"": ""Co-Sci Construction LLC **MAIN**"", ""contractor_full_name"": ""Mark Roberts"", ""contractor_phone"": ""4693941563"", ""contractor_address2"": ""1504 S Walnu"", ""contractor_city"": ""Georgetown"", ""contractor_zip"": ""78626"", ""applicant_full_name"": ""Mark Roberts"", ""applicant_org"": ""Co-Sci Construction LLC **MAIN**"", ""applicant_phone"": ""4693941563"", ""applicant_address2"": ""1504 S Walnu"", ""applicant_city"": ""Georgetown"", ""applicantzip"": ""78626"", ""certificate_of_occupancy"": ""Yes"", ""total_lot_sq_ft"": ""7752""}",2026-05-03T10:54:27.275855+00:00
2026-054209 EP,New Construction of SFR in ETJ,2026-05-01T00:00:00+00:00,New,Electrical Permit,,"IES Residential, Inc.",Active,11925 ELLENA CV,78747,Residential,5122520040,https://abc.austintexas.gov/web/permit/public-search-other?t_detail=1&t_selected_folderrsn=13696472,2026-05-01T00:00:00+00:00,"{""permittype"": ""EP"", ""permit_type_desc"": ""Electrical Permit"", ""permit_number"": ""2026-054209 EP"", ""permit_class_mapped"": ""Residential"", ""permit_class"": ""Residential"", ""work_class"": ""New"", ""condominium"": ""No"", ""permit_location"": ""11925 ELLENA CV"", ""description"": ""New Construction of SFR in ETJ"", ""tcad_id"": ""0449070420"", ""legal_description"": ""WEST BELLA FORTUNA PHS 2 (A SMALL LT SUBD) BLK L LOT 124"", ""applieddate"": ""2026-04-30T00:00:00.000"", ""issue_date"": ""2026-05-01T00:00:00.000"", ""day_issued"": ""FRIDAY"", ""calendar_year_issued"": ""2026"", ""fiscal_year_issued"": ""2026"", ""issued_in_last_30_days"": ""Yes"", ""issue_method"": ""Permit Center"", ""status_current"": ""Active"", ""statusdate"": ""2026-05-01T00:00:00.000"", ""expiresdate"": ""2026-10-28T00:00:00.000"", ""total_new_add_sqft"": ""1306"", ""number_of_floors"": ""1"", ""housing_units"": ""1"", ""original_address1"": ""11925 ELLENA CV"", ""original_city"": ""AUSTIN"", ""original_state"": ""TX"", ""original_zip"": ""78747"", ""jurisdiction"": ""AUSTIN 2 MILE ETJ"", ""link"": {""url"": ""https://abc.austintexas.gov/web/permit/public-search-other?t_detail=1&t_selected_folderrsn=13696472""}, ""project_id"": ""13696472"", ""contractor_trade"": ""Electrical Contractor"", ""contractor_company_name"": ""IES Residential, Inc."", ""contractor_full_name"": ""William B. Crist Jr."", ""contractor_phone"": ""5122520040"", ""contractor_address2"": ""821  GRAND A"", ""contractor_city"": ""PFLUGERVILLE"", ""contractor_zip"": ""78660-____"", ""certificate_of_occupancy"": ""No""}",2026-05-03T10:54:27.275855+00:00
2026-043285 BP,EXPRESS: Replacing 9 windows like for like in existing residential home,2026-05-01T00:00:00+00:00,Repair,Building Permit,1.0,Renewal by Andersen,Active,2905 LAGERWAY CV,78748,Residential,5128348383,https://abc.austintexas.gov/web/permit/public-search-other?t_detail=1&t_selected_folderrsn=13683873,2026-05-01T00:00:00+00:00,"{""permittype"": ""BP"", ""permit_type_desc"": ""Building Permit"", ""permit_number"": ""2026-043285 BP"", ""permit_class_mapped"": ""Residential"", ""permit_class"": ""R- 435 Renovations/Remodel"", ""work_class"": ""Repair"", ""condominium"": ""No"", ""permit_location"": ""2905 LAGERWAY CV"", ""description"": ""EXPRESS: Replacing 9 windows like for like in existing residential home"", ""tcad_id"": ""0426250137"", ""legal_description"": ""LOT 19 BLK F CHERRY CREEK SEC 14"", ""applieddate"": ""2026-04-09T00:00:00.000"", ""issue_date"": ""2026-05-01T00:00:00.000"", ""day_issued"": ""FRIDAY"", ""calendar_year_issued"": ""2026"", ""fiscal_year_issued"": ""2026"", ""issued_in_last_30_days"": ""Yes"", ""issue_method"": ""Permit Center"", ""status_current"": ""Active"", ""statusdate"": ""2026-05-01T00:00:00.000"", ""expiresdate"": ""2026-10-29T00:00:00.000"", ""remodel_repair_sqft"": ""1"", ""total_valuation_remodel"": ""4"", ""total_job_valuation"": ""1"", ""number_of_floors"": ""1"", ""housing_units"": ""1"", ""building_valuation_remodel"": ""1"", ""electrical_valuation_remodel"": ""1"", ""mechanical_valuation_remodel"": ""1"", ""plumbing_valuation_remodel"": ""1"", ""original_address1"": ""2905 LAGERWAY CV"", ""original_city"": ""AUSTIN"", ""original_state"": ""TX"", ""original_zip"": ""78748"", ""council_district"": ""5"", ""jurisdiction"": ""AUSTIN FULL PURPOSE"", ""link"": {""url"": ""https://abc.austintexas.gov/web/permit/public-search-other?t_detail=1&t_selected_folderrsn=13683873""}, ""project_id"": ""13683873"", ""masterpermitnum"": ""13683868"", ""latitude"": ""30.18201195"", ""longitude"": ""-97.83663319"", ""location"": {""latitude"": ""30.18201195"", ""longitude"": ""-97.83663319"", ""human_address"": ""{\""address\"": \""\"", \""city\"": \""\"", \""state\"": \""\"", \""zip\"": \""\""}""}, ""contractor_trade"": ""General Contractor"", ""contractor_company_name"": ""Renewal by Andersen"", ""contractor_full_name"": ""Jamie Strain"", ""contractor_phone"": ""5128348383"", ""contractor_address2"": ""2100  KRAMER"", ""contractor_city"": ""AUSTIN"", ""contractor_zip"": ""78758"", ""applicant_full_name"": ""Jamie Strain"", ""applicant_org"": ""Renewal by Andersen"", ""applicant_phone"": ""5128348383"", ""applicant_address2"": ""2100  KRAMER"", ""applicant_city"": ""AUSTIN"", ""applicantzip"": ""78758"", ""certificate_of_occupancy"": ""No""}",2026-05-03T10:54:27.275855+00:00
2026-045747 BP,New 2-story 1 bedroom 1 bathroom dwelling unit with attached garage covered porch and covered 2nd floor balcony.,2026-05-01T00:00:00+00:00,New,Building Permit,0.0,Nygard & Company,Active,1902 EVA ST BLDG 2,78704,Residential,5128446871,https://abc.austintexas.gov/web/permit/public-search-other?t_detail=1&t_selected_folderrsn=13686653,2026-05-01T00:00:00+00:00,"{""permittype"": ""BP"", ""permit_type_desc"": ""Building Permit"", ""permit_number"": ""2026-045747 BP"", ""permit_class_mapped"": ""Residential"", ""permit_class"": ""R- 101 Single Family Houses"", ""work_class"": ""New"", ""condominium"": ""No"", ""permit_location"": ""1902 EVA ST BLDG 2"", ""description"": ""New 2-story 1 bedroom 1 bathroom dwelling unit with attached garage covered porch and covered 2nd floor balcony."", ""tcad_id"": ""0402010702"", ""legal_description"": ""LOT 2 BLK 36 SWEETMAN R L ADDN"", ""applieddate"": ""2026-01-16T00:00:00.000"", ""issue_date"": ""2026-05-01T00:00:00.000"", ""day_issued"": ""FRIDAY"", ""calendar_year_issued"": ""2026"", ""fiscal_year_issued"": ""2026"", ""issued_in_last_30_days"": ""Yes"", ""issue_method"": ""Permit Center"", ""status_current"": ""Active"", ""statusdate"": ""2026-05-01T00:00:00.000"", ""expiresdate"": ""2026-10-29T00:00:00.000"", ""total_new_add_sqft"": ""2160"", ""total_job_valuation"": ""0"", ""number_of_floors"": ""2"", ""housing_units"": ""1"", ""original_address1"": ""1902 EVA ST BLDG 2"", ""original_city"": ""AUSTIN"", ""original_state"": ""TX"", ""original_zip"": ""78704"", ""council_district"": ""3"", ""jurisdiction"": ""AUSTIN FULL PURPOSE"", ""link"": {""url"": ""https://abc.austintexas.gov/web/permit/public-search-other?t_detail=1&t_selected_folderrsn=13686653""}, ""project_id"": ""13686653"", ""masterpermitnum"": ""13641902"", ""contractor_trade"": ""General Contractor"", ""contractor_company_name"": ""Nygard & Company"", ""contractor_full_name"": ""Chris Nygard"", ""contractor_phone"": ""5128446871"", ""contractor_address2"": ""100 W COMMON"", ""contractor_city"": ""DRIPPING SPR"", ""contractor_zip"": ""78620"", ""applicant_full_name"": ""Chris Nygard"", ""applicant_org"": ""Nygard & Company"", ""applicant_phone"": ""5128446871"", ""applicant_address2"": ""100 W COMMON"", ""applicant_city"": ""DRIPPING SPR"", ""applicantzip"": ""78620"", ""certificate_of_occupancy"": ""Yes"", ""total_lot_sq_ft"": ""6919""}",2026-05-03T10:54:27.275855+00:00
2026-035147 PP,New construction multi-family in the etj 33953 sqft,2026-05-01T00:00:00+00:00,New,Plumbing Permit,,"Red Kings Plumbing Contractors LLC,",Active,5121 E HOWARD LN BLDG 8,78653,Commercial,2109862480,https://abc.austintexas.gov/web/permit/public-search-other?t_detail=1&t_selected_folderrsn=13674665,2026-05-01T00:00:00+00:00,"{""permittype"": ""PP"", ""permit_type_desc"": ""Plumbing Permit"", ""permit_number"": ""2026-035147 PP"", ""permit_class_mapped"": ""Commercial"", ""permit_class"": ""Commercial"", ""work_class"": ""New"", ""condominium"": ""No"", ""permit_location"": ""5121 E HOWARD LN BLDG 8"", ""description"": ""New construction multi-family in the etj 33953 sqft"", ""tcad_id"": ""0251410311"", ""legal_description"": ""ABS 160 SUR 50 CASTRO M ACR 45.592"", ""applieddate"": ""2026-03-24T00:00:00.000"", ""issue_date"": ""2026-05-01T00:00:00.000"", ""day_issued"": ""FRIDAY"", ""calendar_year_issued"": ""2026"", ""fiscal_year_issued"": ""2026"", ""issued_in_last_30_days"": ""Yes"", ""issue_method"": ""Permit Center"", ""status_current"": ""Active"", ""statusdate"": ""2026-05-01T00:00:00.000"", ""expiresdate"": ""2026-10-28T00:00:00.000"", ""total_new_add_sqft"": ""33953"", ""number_of_floors"": ""3"", ""housing_units"": ""36"", ""original_address1"": ""5121 E HOWARD LN BLDG 8"", ""original_city"": ""AUSTIN"", ""original_state"": ""TX"", ""original_zip"": ""78653"", ""jurisdiction"": ""AUSTIN 2 MILE ETJ"", ""link"": {""url"": ""https://abc.austintexas.gov/web/permit/public-search-other?t_detail=1&t_selected_folderrsn=13674665""}, ""project_id"": ""13674665"", ""contractor_trade"": ""Plumbing Contractor"", ""contractor_company_name"": ""Red Kings Plumbing Contractors LLC,"", ""contractor_full_name"": ""Ubaldo De Santiago"", ""contractor_phone"": ""2109862480"", ""contractor_address1"": ""PO BOX 70170"", ""contractor_city"": ""San Antonio"", ""contractor_zip"": ""78270-____"", ""certificate_of_occupancy"": ""No""}",2026-05-03T10:54:27.275855+00:00
2026-028719 PP,*S.M.A.R.T. HOUSING* *GREEN BUILDING* ePlan: Residential Expedited Review - New construction of a 3-Story Townhome [3bed 3.5bath] with Attached Garage,2026-05-01T00:00:00+00:00,New,Plumbing Permit,,Victory Plumbing Company,Active,4204 ENDURANCE WAY,78731,Residential,5129907200,https://abc.austintexas.gov/web/permit/public-search-other?t_detail=1&t_selected_folderrsn=13667476,2026-05-01T00:00:00+00:00,"{""permittype"": ""PP"", ""permit_type_desc"": ""Plumbing Permit"", ""permit_number"": ""2026-028719 PP"", ""permit_class_mapped"": ""Residential"", ""permit_class"": ""R- 101 Single Family Houses"", ""work_class"": ""New"", ""condominium"": ""No"", ""permit_location"": ""4204 ENDURANCE WAY"", ""description"": ""*S.M.A.R.T. HOUSING* *GREEN BUILDING* ePlan: Residential Expedited Review - New construction of a 3-Story Townhome [3bed 3.5bath] with Attached Garage"", ""tcad_id"": ""0124000601"", ""applieddate"": ""2026-02-04T00:00:00.000"", ""issue_date"": ""2026-05-01T00:00:00.000"", ""day_issued"": ""FRIDAY"", ""calendar_year_issued"": ""2026"", ""fiscal_year_issued"": ""2026"", ""issued_in_last_30_days"": ""Yes"", ""issue_method"": ""Permit Center"", ""status_current"": ""Active"", ""statusdate"": ""2026-05-01T00:00:00.000"", ""expiresdate"": ""2026-09-13T00:00:00.000"", ""total_new_add_sqft"": ""3270"", ""number_of_floors"": ""3"", ""housing_units"": ""1"", ""original_address1"": ""4204 ENDURANCE WAY"", ""original_city"": ""AUSTIN"", ""original_state"": ""TX"", ""original_zip"": ""78731"", ""council_district"": ""10"", ""jurisdiction"": ""AUSTIN FULL PURPOSE"", ""link"": {""url"": ""https://abc.austintexas.gov/web/permit/public-search-other?t_detail=1&t_selected_folderrsn=13667476""}, ""project_id"": ""13667476"", ""masterpermitnum"": ""13667216"", ""latitude"": ""30.3157914"", ""longitude"": ""-97.7541328"", ""location"": {""latitude"": ""30.3157914"", ""longitude"": ""-97.7541328"", ""human_address"": ""{\""address\"": \""\"", \""city\"": \""\"", \""state\"": \""\"", \""zip\"": \""\""}""}, ""contractor_trade"": ""Plumbing Contractor"", ""contractor_company_name"": ""Victory Plumbing Company"", ""contractor_full_name"": ""Randolph Taylor"", ""contractor_phone"": ""5129907200"", ""contractor_address2"": ""1175  Countr"", ""contractor_city"": ""HUTTO"", ""contractor_zip"": ""78634"", ""certificate_of_occupancy"": ""No""}",2026-05-03T10:54:27.275855+00:00
2026-007218 DS,Construct new driveway approach 20 FT.  Fee in lieu of sidewalk paid.,2026-05-01T00:00:00+00:00,New,Driveway / Sidewalks,,"Paradisa Homes, LLC***MAIN***",Active,2707 WHITE HORSE TRL,78757,Residential,5129104505,https://abc.austintexas.gov/web/permit/public-search-other?t_detail=1&t_selected_folderrsn=13643278,2026-05-01T00:00:00+00:00,"{""permittype"": ""DS"", ""permit_type_desc"": ""Driveway / Sidewalks"", ""permit_number"": ""2026-007218 DS"", ""permit_class_mapped"": ""Residential"", ""permit_class"": ""Res. Driveway"", ""work_class"": ""New"", ""permit_location"": ""2707 WHITE HORSE TRL"", ""description"": ""Construct new driveway approach 20 FT.  Fee in lieu of sidewalk paid."", ""tcad_id"": ""0233010309"", ""legal_description"": ""LOT 11 BLK E ALLANDALE OAKS"", ""applieddate"": ""2025-12-09T00:00:00.000"", ""issue_date"": ""2026-05-01T00:00:00.000"", ""day_issued"": ""FRIDAY"", ""calendar_year_issued"": ""2026"", ""fiscal_year_issued"": ""2026"", ""issued_in_last_30_days"": ""Yes"", ""issue_method"": ""Permit Center"", ""status_current"": ""Active"", ""statusdate"": ""2026-05-01T00:00:00.000"", ""expiresdate"": ""2026-10-20T00:00:00.000"", ""original_address1"": ""2707 WHITE HORSE TRL"", ""original_city"": ""AUSTIN"", ""original_state"": ""TX"", ""original_zip"": ""78757"", ""council_district"": ""7"", ""jurisdiction"": ""AUSTIN FULL PURPOSE"", ""link"": {""url"": ""https://abc.austintexas.gov/web/permit/public-search-other?t_detail=1&t_selected_folderrsn=13643278""}, ""project_id"": ""13643278"", ""masterpermitnum"": ""13642934"", ""latitude"": ""30.34078933"", ""longitude"": ""-97.74594624"", ""location"": {""latitude"": ""30.34078933"", ""longitude"": ""-97.74594624"", ""human_address"": ""{\""address\"": \""\"", \""city\"": \""\"", \""state\"": \""\"", \""zip\"": \""\""}""}, ""contractor_trade"": ""General Contractor"", ""contractor_company_name"": ""Paradisa Homes, LLC***MAIN***"", ""contractor_full_name"": ""Todd Bennett"", ""contractor_phone"": ""5129104505"", ""contractor_address2"": ""7427 N Lamar"", ""contractor_city"": ""Austin"", ""contractor_zip"": ""78752""}",2026-05-03T10:54:27.275855+00:00
2026-041822 EP,"Interior alteration of an existing office space including a new demising wall to create separate suites 260 & 265 - (2) applications

Suite 265",2026-05-01T00:00:00+00:00,Remodel,Electrical Permit,,T M Electric,Active,5000 PLAZA ON THE LAKE UNIT 265,78746,Commercial,5128348174,https://abc.austintexas.gov/web/permit/public-search-other?t_detail=1&t_selected_folderrsn=13682286,2026-05-01T00:00:00+00:00,"{""permittype"": ""EP"", ""permit_type_desc"": ""Electrical Permit"", ""permit_number"": ""2026-041822 EP"", ""permit_class_mapped"": ""Commercial"", ""permit_class"": ""C-1000 Commercial Remodel"", ""work_class"": ""Remodel"", ""condominium"": ""No"", ""permit_location"": ""5000 PLAZA ON THE LAKE UNIT 265"", ""description"": ""Interior alteration of an existing office space including a new demising wall to create separate suites 260 & 265 - (2) applications\n\nSuite 265"", ""tcad_id"": ""0135150328"", ""legal_description"": ""LOT 1 HERMOSA OFFICE PARK"", ""applieddate"": ""2026-03-27T00:00:00.000"", ""issue_date"": ""2026-05-01T00:00:00.000"", ""day_issued"": ""FRIDAY"", ""calendar_year_issued"": ""2026"", ""fiscal_year_issued"": ""2026"", ""issued_in_last_30_days"": ""Yes"", ""issue_method"": ""Permit Center"", ""status_current"": ""Active"", ""statusdate"": ""2026-05-01T00:00:00.000"", ""expiresdate"": ""2026-10-28T00:00:00.000"", ""remodel_repair_sqft"": ""1329"", ""number_of_floors"": ""3"", ""housing_units"": ""1"", ""electrical_valuation_remodel"": ""30000"", ""original_address1"": ""5000 PLAZA ON THE LAKE UNIT 265"", ""original_city"": ""AUSTIN"", ""original_state"": ""TX"", ""original_zip"": ""78746"", ""council_district"": ""10"", ""jurisdiction"": ""AUSTIN FULL PURPOSE"", ""link"": {""url"": ""https://abc.austintexas.gov/web/permit/public-search-other?t_detail=1&t_selected_folderrsn=13682286""}, ""project_id"": ""13682286"", ""masterpermitnum"": ""13682228"", ""latitude"": ""30.34910559"", ""longitude"": ""-97.80157688"", ""location"": {""latitude"": ""30.34910559"", ""longitude"": ""-97.80157688"", ""human_address"": ""{\""address\"": \""\"", \""city\"": \""\"", \""state\"": \""\"", \""zip\"": \""\""}""}, ""contractor_trade"": ""Electrical Contractor"", ""contractor_company_name"": ""T M Electric"", ""contractor_full_name"": ""Tim Moll"", ""contractor_phone"": ""5128348174"", ""contractor_address2"": ""9802  Gray B"", ""contractor_city"": ""Austin"", ""contractor_zip"": ""78758"", ""certificate_of_occupancy"": ""No""}",2026-05-03T10:54:27.275855+00:00
2026-054345 EP,New Service for SFR in ETJ.,2026-05-01T00:00:00+00:00,New,Electrical Permit,,AEI Electric LLC,Active,6304 FOREST HILLS DR,78746,Residential,5128392478,https://abc.austintexas.gov/web/permit/public-search-other?t_detail=1&t_selected_folderrsn=13696637,2026-05-01T00:00:00+00:00,"{""permittype"": ""EP"", ""permit_type_desc"": ""Electrical Permit"", ""permit_number"": ""2026-054345 EP"", ""permit_class_mapped"": ""Residential"", ""permit_class"": ""Residential"", ""work_class"": ""New"", ""condominium"": ""No"", ""permit_location"": ""6304 FOREST HILLS DR"", ""description"": ""New Service for SFR in ETJ."", ""tcad_id"": ""0115250203"", ""legal_description"": ""LOT 1A KNOLLWOOD RESUB OF LOTS 18-22"", ""applieddate"": ""2026-05-01T00:00:00.000"", ""issue_date"": ""2026-05-01T00:00:00.000"", ""day_issued"": ""FRIDAY"", ""calendar_year_issued"": ""2026"", ""fiscal_year_issued"": ""2026"", ""issued_in_last_30_days"": ""Yes"", ""issue_method"": ""Permit Center"", ""status_current"": ""Active"", ""statusdate"": ""2026-05-01T00:00:00.000"", ""expiresdate"": ""2026-10-28T00:00:00.000"", ""total_new_add_sqft"": ""4169"", ""number_of_floors"": ""1"", ""housing_units"": ""1"", ""original_address1"": ""6304 FOREST HILLS DR"", ""original_city"": ""AUSTIN"", ""original_state"": ""TX"", ""original_zip"": ""78746"", ""jurisdiction"": ""AUSTIN 2 MILE ETJ"", ""link"": {""url"": ""https://abc.austintexas.gov/web/permit/public-search-other?t_detail=1&t_selected_folderrsn=13696637""}, ""project_id"": ""13696637"", ""latitude"": ""30.29468308"", ""longitude"": ""-97.83327489"", ""location"": {""latitude"": ""30.29468308"", ""longitude"": ""-97.83327489"", ""human_address"": ""{\""address\"": \""\"", \""city\"": \""\"", \""state\"": \""\"", \""zip\"": \""\""}""}, ""contractor_trade"": ""Electrical Contractor"", ""contractor_company_name"": ""AEI Electric LLC"", ""contractor_full_name"": ""Terry Herrin"", ""contractor_phone"": ""5128392478"", ""contractor_address2"": ""7500  Inspir"", ""contractor_city"": ""Austin"", ""contractor_zip"": ""78724"", ""certificate_of_occupancy"": ""No""}",2026-05-03T10:54:27.275855+00:00
2026-054046 BP,Express: Foundation repair - install 13 push piers,2026-05-01T00:00:00+00:00,Repair,Building Permit,1.0,Foundation Support Specialists,Active,5716 MEADOW CREST,78744,Residential,7262242320,https://abc.austintexas.gov/web/permit/public-search-other?t_detail=1&t_selected_folderrsn=13696280,2026-05-01T00:00:00+00:00,"{""permittype"": ""BP"", ""permit_type_desc"": ""Building Permit"", ""permit_number"": ""2026-054046 BP"", ""permit_class_mapped"": ""Residential"", ""permit_class"": ""R- 435 Renovations/Remodel"", ""work_class"": ""Repair"", ""condominium"": ""No"", ""permit_location"": ""5716 MEADOW CREST"", ""description"": ""Express: Foundation repair - install 13 push piers"", ""tcad_id"": ""0322060810"", ""legal_description"": ""LOT 9 BLK S SECOND AMENDED PLAT OF WILLIAMSON CREEK SUBD SEC 2"", ""applieddate"": ""2026-04-30T00:00:00.000"", ""issue_date"": ""2026-05-01T00:00:00.000"", ""day_issued"": ""FRIDAY"", ""calendar_year_issued"": ""2026"", ""fiscal_year_issued"": ""2026"", ""issued_in_last_30_days"": ""Yes"", ""issue_method"": ""Permit Center"", ""status_current"": ""Active"", ""statusdate"": ""2026-05-01T00:00:00.000"", ""expiresdate"": ""2026-10-29T00:00:00.000"", ""remodel_repair_sqft"": ""1"", ""total_valuation_remodel"": ""0"", ""total_job_valuation"": ""1"", ""number_of_floors"": ""1"", ""housing_units"": ""1"", ""building_valuation_remodel"": ""0"", ""electrical_valuation_remodel"": ""0"", ""mechanical_valuation_remodel"": ""0"", ""plumbing_valuation_remodel"": ""0"", ""original_address1"": ""5716 MEADOW CREST"", ""original_city"": ""AUSTIN"", ""original_state"": ""TX"", ""original_zip"": ""78744"", ""council_district"": ""2"", ""jurisdiction"": ""AUSTIN FULL PURPOSE"", ""link"": {""url"": ""https://abc.austintexas.gov/web/permit/public-search-other?t_detail=1&t_selected_folderrsn=13696280""}, ""project_id"": ""13696280"", ""masterpermitnum"": ""13696269"", ""latitude"": ""30.19171956"", ""longitude"": ""-97.73242383"", ""location"": {""latitude"": ""30.19171956"", ""longitude"": ""-97.73242383"", ""human_address"": ""{\""address\"": \""\"", \""city\"": \""\"", \""state\"": \""\"", \""zip\"": \""\""}""}, ""contractor_trade"": ""General Contractor"", ""contractor_company_name"": ""Foundation Support Specialists"", ""contractor_full_name"": ""Gary Rodriguez"", ""contractor_phone"": ""7262242320"", ""contractor_address2"": ""18630  Goll"", ""contractor_city"": ""San Antonio"", ""contractor_zip"": ""78266-____"", ""applicant_full_name"": ""Gary Rodriguez"", ""applicant_org"": ""Foundation Support Specialists"", ""applicant_phone"": ""7262242320"", ""applicant_address2"": ""18630  Goll"", ""applicant_city"": ""San Antonio"", ""applicantzip"": ""78266-____"", ""certificate_of_occupancy"": ""No""}",2026-05-03T10:54:27.275855+00:00
2024-095278 PP,Replacement of an existing water heater,2026-05-01T00:00:00+00:00,Change Out,Plumbing Permit,,"NEW ABACUS, LLC",Active,5701 AVERY ISLAND AVE,78727,Residential,5125664182,https://abc.austintexas.gov/web/permit/public-search-other?t_detail=1&t_selected_folderrsn=13368141,2026-05-01T00:00:00+00:00,"{""permittype"": ""PP"", ""permit_type_desc"": ""Plumbing Permit"", ""permit_number"": ""2024-095278 PP"", ""permit_class_mapped"": ""Residential"", ""permit_class"": ""Residential"", ""work_class"": ""Change Out"", ""permit_location"": ""5701 AVERY ISLAND AVE"", ""description"": ""Replacement of an existing water heater"", ""tcad_id"": ""0268000216"", ""legal_description"": ""LOT 16 BLK M MILWOOD SEC 14-A"", ""applieddate"": ""2024-07-29T00:00:00.000"", ""issue_date"": ""2026-05-01T00:00:00.000"", ""day_issued"": ""FRIDAY"", ""calendar_year_issued"": ""2026"", ""fiscal_year_issued"": ""2026"", ""issued_in_last_30_days"": ""Yes"", ""issue_method"": ""Permit Center"", ""status_current"": ""Active"", ""statusdate"": ""2026-05-01T00:00:00.000"", ""expiresdate"": ""2026-10-28T00:00:00.000"", ""original_address1"": ""5701 AVERY ISLAND AVE"", ""original_city"": ""AUSTIN"", ""original_state"": ""TX"", ""original_zip"": ""78727"", ""council_district"": ""6"", ""jurisdiction"": ""AUSTIN FULL PURPOSE"", ""link"": {""url"": ""https://abc.austintexas.gov/web/permit/public-search-other?t_detail=1&t_selected_folderrsn=13368141""}, ""project_id"": ""13368141"", ""latitude"": ""30.43304845"", ""longitude"": ""-97.74206019"", ""location"": {""latitude"": ""30.43304845"", ""longitude"": ""-97.74206019"", ""human_address"": ""{\""address\"": \""\"", \""city\"": \""\"", \""state\"": \""\"", \""zip\"": \""\""}""}, ""contractor_trade"": ""Plumbing Contractor"", ""contractor_company_name"": ""NEW ABACUS, LLC"", ""contractor_full_name"": ""ALAN O'NEILL"", ""contractor_phone"": ""5125664182"", ""contractor_address1"": ""2105  DENTON"", ""contractor_city"": ""Austin"", ""contractor_zip"": ""78758""}",2026-05-03T10:54:27.275855+00:00
2026-003193 EP,Addition/remodel to existing 2-story residence 5 bed/6 bath,2026-05-01T00:00:00+00:00,Addition and Remodel,Electrical Permit,,Silver's Electric,Active,2410 BRIDLE PATH,78703,Residential,5124609167,https://abc.austintexas.gov/web/permit/public-search-other?t_detail=1&t_selected_folderrsn=13638457,2026-05-01T00:00:00+00:00,"{""permittype"": ""EP"", ""permit_type_desc"": ""Electrical Permit"", ""permit_number"": ""2026-003193 EP"", ""permit_class_mapped"": ""Residential"", ""permit_class"": ""R- 434 Addition & Alterations"", ""work_class"": ""Addition and Remodel"", ""condominium"": ""No"", ""permit_location"": ""2410 BRIDLE PATH"", ""description"": ""Addition/remodel to existing 2-story residence 5 bed/6 bath"", ""tcad_id"": ""0114050628"", ""legal_description"": ""W 75FT LOT 6 BLK 15 WESTFIELD A"", ""applieddate"": ""2025-11-07T00:00:00.000"", ""issue_date"": ""2026-05-01T00:00:00.000"", ""day_issued"": ""FRIDAY"", ""calendar_year_issued"": ""2026"", ""fiscal_year_issued"": ""2026"", ""issued_in_last_30_days"": ""Yes"", ""issue_method"": ""Permit Center"", ""status_current"": ""Active"", ""statusdate"": ""2026-05-01T00:00:00.000"", ""expiresdate"": ""2026-08-16T00:00:00.000"", ""total_existing_bldg_sqft"": ""4836"", ""remodel_repair_sqft"": ""4836"", ""total_new_add_sqft"": ""1715"", ""number_of_floors"": ""2"", ""housing_units"": ""1"", ""electrical_valuation_remodel"": ""5000"", ""original_address1"": ""2410 BRIDLE PATH"", ""original_city"": ""AUSTIN"", ""original_state"": ""TX"", ""original_zip"": ""78703"", ""council_district"": ""10"", ""jurisdiction"": ""AUSTIN FULL PURPOSE"", ""link"": {""url"": ""https://abc.austintexas.gov/web/permit/public-search-other?t_detail=1&t_selected_folderrsn=13638457""}, ""project_id"": ""13638457"", ""masterpermitnum"": ""13638455"", ""latitude"": ""30.29052209"", ""longitude"": ""-97.76869886"", ""location"": {""latitude"": ""30.29052209"", ""longitude"": ""-97.76869886"", ""human_address"": ""{\""address\"": \""\"", \""city\"": \""\"", \""state\"": \""\"", \""zip\"": \""\""}""}, ""contractor_trade"": ""Electrical Contractor"", ""contractor_company_name"": ""Silver's Electric"", ""contractor_full_name"": ""Silvestre Serna"", ""contractor_phone"": ""5124609167"", ""contractor_address1"": ""P.O. BOX 996"", ""certificate_of_occupancy"": ""No""}",2026-05-03T10:54:27.275855+00:00
2026-034796 BP,ePlan: Residential Expedited Review - New construction of a 2-Story Single Family Res. [5bed 4.5bath] with Habitable Attic Attached Garage/Carport,2026-05-01T00:00:00+00:00,New,Building Permit,0.0,Co-Sci Construction LLC **MAIN**,Active,2806 S 4TH ST,78704,Residential,4693941563,https://abc.austintexas.gov/web/permit/public-search-other?t_detail=1&t_selected_folderrsn=13674268,2026-05-01T00:00:00+00:00,"{""permittype"": ""BP"", ""permit_type_desc"": ""Building Permit"", ""permit_number"": ""2026-034796 BP"", ""permit_class_mapped"": ""Residential"", ""permit_class"": ""R- 101 Single Family Houses"", ""work_class"": ""New"", ""condominium"": ""No"", ""permit_location"": ""2806 S 4TH ST"", ""description"": ""ePlan: Residential Expedited Review - New construction of a 2-Story Single Family Res. [5bed 4.5bath] with Habitable Attic Attached Garage/Carport"", ""tcad_id"": ""0404040122"", ""legal_description"": ""LOT 12 BLK I OAK RIDGE HEIGHTS SEC 3"", ""applieddate"": ""2026-01-21T00:00:00.000"", ""issue_date"": ""2026-05-01T00:00:00.000"", ""day_issued"": ""FRIDAY"", ""calendar_year_issued"": ""2026"", ""fiscal_year_issued"": ""2026"", ""issued_in_last_30_days"": ""Yes"", ""issue_method"": ""Permit Center"", ""status_current"": ""Active"", ""statusdate"": ""2026-05-01T00:00:00.000"", ""expiresdate"": ""2026-10-29T00:00:00.000"", ""total_new_add_sqft"": ""4438"", ""total_job_valuation"": ""0"", ""number_of_floors"": ""2"", ""housing_units"": ""1"", ""original_address1"": ""2806 S 4TH ST"", ""original_city"": ""AUSTIN"", ""original_state"": ""TX"", ""original_zip"": ""78704"", ""council_district"": ""3"", ""jurisdiction"": ""AUSTIN FULL PURPOSE"", ""link"": {""url"": ""https://abc.austintexas.gov/web/permit/public-search-other?t_detail=1&t_selected_folderrsn=13674268""}, ""project_id"": ""13674268"", ""masterpermitnum"": ""13643518"", ""latitude"": ""30.23801604"", ""longitude"": ""-97.76638091"", ""location"": {""latitude"": ""30.23801604"", ""longitude"": ""-97.76638091"", ""human_address"": ""{\""address\"": \""\"", \""city\"": \""\"", \""state\"": \""\"", \""zip\"": \""\""}""}, ""contractor_trade"": ""General Contractor"", ""contractor_company_name"": ""Co-Sci Construction LLC **MAIN**"", ""contractor_full_name"": ""Mark Roberts"", ""contractor_phone"": ""4693941563"", ""contractor_address2"": ""1504 S Walnu"", ""contractor_city"": ""Georgetown"", ""contractor_zip"": ""78626"", ""applicant_full_name"": ""Mark Roberts"", ""applicant_org"": ""Co-Sci Construction LLC **MAIN**"", ""applicant_phone"": ""4693941563"", ""applicant_address2"": ""1504 S Walnu"", ""applicant_city"": ""Georgetown"", ""applicantzip"": ""78626"", ""certificate_of_occupancy"": ""Yes"", ""total_lot_sq_ft"": ""7752""}",2026-05-03T10:54:27.275855+00:00
2026-053064 BP,Galloway 3312 A Right New - 1 Story SFR CONDOMINUM w/ 3 bedrooms 2 bathrooms attached 2 car garage covered entry porch and patio FFE: 681.62 Site Plan,2026-05-01T00:00:00+00:00,New,Building Permit,0.0,Eva Mata,Active,13206 KEEFER DR,78652,Residential,,https://abc.austintexas.gov/web/permit/public-search-other?t_detail=1&t_selected_folderrsn=13695148,2026-05-01T00:00:00+00:00,"{""permittype"": ""BP"", ""permit_type_desc"": ""Building Permit"", ""permit_number"": ""2026-053064 BP"", ""permit_class_mapped"": ""Residential"", ""permit_class"": ""R- 101 Single Family Houses"", ""work_class"": ""New"", ""condominium"": ""Yes"", ""permit_location"": ""13206 KEEFER DR"", ""description"": ""Galloway 3312 A Right New - 1 Story SFR CONDOMINUM w/ 3 bedrooms 2 bathrooms attached 2 car garage covered entry porch and patio FFE: 681.62 Site Plan"", ""tcad_id"": ""0451150901"", ""applieddate"": ""2026-04-15T00:00:00.000"", ""issue_date"": ""2026-05-01T00:00:00.000"", ""day_issued"": ""FRIDAY"", ""calendar_year_issued"": ""2026"", ""fiscal_year_issued"": ""2026"", ""issued_in_last_30_days"": ""Yes"", ""issue_method"": ""Permit Center"", ""status_current"": ""Active"", ""statusdate"": ""2026-05-01T00:00:00.000"", ""expiresdate"": ""2026-10-29T00:00:00.000"", ""total_new_add_sqft"": ""2270"", ""total_job_valuation"": ""0"", ""number_of_floors"": ""1"", ""housing_units"": ""1"", ""original_address1"": ""13206 KEEFER DR"", ""original_city"": ""AUSTIN"", ""original_state"": ""TX"", ""original_zip"": ""78652"", ""council_district"": ""5"", ""jurisdiction"": ""AUSTIN LTD"", ""link"": {""url"": ""https://abc.austintexas.gov/web/permit/public-search-other?t_detail=1&t_selected_folderrsn=13695148""}, ""project_id"": ""13695148"", ""masterpermitnum"": ""13687515"", ""contractor_trade"": ""General Contractor"", ""contractor_full_name"": ""Eva Mata"", ""contractor_phone"": ""512"", ""contractor_city"": ""Austin"", ""applicant_full_name"": ""Eva Mata"", ""applicant_phone"": ""512"", ""applicant_city"": ""Austin"", ""certificate_of_occupancy"": ""Yes"", ""total_lot_sq_ft"": ""0""}",2026-05-03T10:54:27.275855+00:00
2025-157305 MP,Unit 303 Bldg 3: New 3-story townhome with 3 bedroom 3.5 bathroom balcony attached 2-car carport.  Part of 3-unit townhome building in 3-unit use.  (9,2026-05-01T00:00:00+00:00,New,Mechanical Permit,,Airtron,Active,4413 BANISTER LN UNIT 303,78745,Residential,5128213163,https://abc.austintexas.gov/web/permit/public-search-other?t_detail=1&t_selected_folderrsn=13627302,2026-05-01T00:00:00+00:00,"{""permittype"": ""MP"", ""permit_type_desc"": ""Mechanical Permit"", ""permit_number"": ""2025-157305 MP"", ""permit_class_mapped"": ""Residential"", ""permit_class"": ""R- 101 Single Family Houses"", ""work_class"": ""New"", ""condominium"": ""No"", ""permit_location"": ""4413 BANISTER LN UNIT 303"", ""description"": ""Unit 303 Bldg 3: New 3-story townhome with 3 bedroom 3.5 bathroom balcony attached 2-car carport.  Part of 3-unit townhome building in 3-unit use.  (9"", ""tcad_id"": ""0410090541"", ""legal_description"": ""BANISTER ACRES RSB LOT 4 BLK 4 BLK 4 LOT 4A"", ""applieddate"": ""2025-06-03T00:00:00.000"", ""issue_date"": ""2026-05-01T00:00:00.000"", ""day_issued"": ""FRIDAY"", ""calendar_year_issued"": ""2026"", ""fiscal_year_issued"": ""2026"", ""issued_in_last_30_days"": ""Yes"", ""issue_method"": ""Permit Center"", ""status_current"": ""Active"", ""statusdate"": ""2026-05-01T00:00:00.000"", ""expiresdate"": ""2026-08-19T00:00:00.000"", ""total_new_add_sqft"": ""1770"", ""number_of_floors"": ""3"", ""housing_units"": ""1"", ""original_address1"": ""4413 BANISTER LN UNIT 303"", ""original_city"": ""AUSTIN"", ""original_state"": ""TX"", ""original_zip"": ""78745"", ""council_district"": ""5"", ""jurisdiction"": ""AUSTIN FULL PURPOSE"", ""link"": {""url"": ""https://abc.austintexas.gov/web/permit/public-search-other?t_detail=1&t_selected_folderrsn=13627302""}, ""project_id"": ""13627302"", ""masterpermitnum"": ""13627280"", ""contractor_trade"": ""Mechanical Contractor"", ""contractor_company_name"": ""Airtron"", ""contractor_full_name"": ""Tamara Enfield"", ""contractor_phone"": ""5128213163"", ""contractor_address2"": ""12112  BOARD"", ""contractor_city"": ""AUSTIN"", ""contractor_zip"": ""78729-____"", ""certificate_of_occupancy"": ""No""}",2026-05-03T10:54:27.275855+00:00
2026-044943 EP,ePlan: Commercial Expedited Review -[APPROVED] Interior Remodel to Convert Building into a Commercial Production Kitchen and Warehousing Facility Phas,2026-05-01T00:00:00+00:00,Remodel,Electrical Permit,,T M Electric,Active,7050 BURLESON RD,78744,Commercial,5128348174,https://abc.austintexas.gov/web/permit/public-search-other?t_detail=1&t_selected_folderrsn=13686048,2026-05-01T00:00:00+00:00,"{""permittype"": ""EP"", ""permit_type_desc"": ""Electrical Permit"", ""permit_number"": ""2026-044943 EP"", ""permit_class_mapped"": ""Commercial"", ""permit_class"": ""C-1000 Commercial Remodel"", ""work_class"": ""Remodel"", ""condominium"": ""No"", ""permit_location"": ""7050 BURLESON RD"", ""description"": ""ePlan: Commercial Expedited Review -[APPROVED] Interior Remodel to Convert Building into a Commercial Production Kitchen and Warehousing Facility Phas"", ""tcad_id"": ""0318130701"", ""applieddate"": ""2026-03-05T00:00:00.000"", ""issue_date"": ""2026-05-01T00:00:00.000"", ""day_issued"": ""FRIDAY"", ""calendar_year_issued"": ""2026"", ""fiscal_year_issued"": ""2026"", ""issued_in_last_30_days"": ""Yes"", ""issue_method"": ""Permit Center"", ""status_current"": ""Active"", ""statusdate"": ""2026-05-01T00:00:00.000"", ""expiresdate"": ""2026-10-14T00:00:00.000"", ""remodel_repair_sqft"": ""31986"", ""number_of_floors"": ""1"", ""housing_units"": ""1"", ""electrical_valuation_remodel"": ""1"", ""original_address1"": ""7050 BURLESON RD"", ""original_city"": ""AUSTIN"", ""original_state"": ""TX"", ""original_zip"": ""78744"", ""council_district"": ""2"", ""jurisdiction"": ""AUSTIN FULL PURPOSE"", ""link"": {""url"": ""https://abc.austintexas.gov/web/permit/public-search-other?t_detail=1&t_selected_folderrsn=13686048""}, ""project_id"": ""13686048"", ""masterpermitnum"": ""13685728"", ""contractor_trade"": ""Electrical Contractor"", ""contractor_company_name"": ""T M Electric"", ""contractor_full_name"": ""Tim Moll"", ""contractor_phone"": ""5128348174"", ""contractor_address2"": ""9802  Gray B"", ""contractor_city"": ""Austin"", ""contractor_zip"": ""78758"", ""certificate_of_occupancy"": ""No""}",2026-05-03T10:54:27.275855+00:00
2026-052252 PP,Express- Replace tub to shower 1-piece prefabricated acrylic no electrical work needed replace valve with new shower valve only working in wet space.,2026-05-01T00:00:00+00:00,Repair,Plumbing Permit,,West Shore Home LLC,Active,5900 WAGON BND,78744,Residential,7177759506,https://abc.austintexas.gov/web/permit/public-search-other?t_detail=1&t_selected_folderrsn=13694254,2026-05-01T00:00:00+00:00,"{""permittype"": ""PP"", ""permit_type_desc"": ""Plumbing Permit"", ""permit_number"": ""2026-052252 PP"", ""permit_class_mapped"": ""Residential"", ""permit_class"": ""R- 435 Renovations/Remodel"", ""work_class"": ""Repair"", ""condominium"": ""No"", ""permit_location"": ""5900 WAGON BND"", ""description"": ""Express- Replace tub to shower 1-piece prefabricated acrylic no electrical work needed replace valve with new shower valve only working in wet space."", ""tcad_id"": ""0421020218"", ""legal_description"": ""LOT 35 BLK A WAGON CROSSING SEC 1"", ""applieddate"": ""2026-04-22T00:00:00.000"", ""issue_date"": ""2026-05-01T00:00:00.000"", ""day_issued"": ""FRIDAY"", ""calendar_year_issued"": ""2026"", ""fiscal_year_issued"": ""2026"", ""issued_in_last_30_days"": ""Yes"", ""issue_method"": ""Permit Center"", ""status_current"": ""Active"", ""statusdate"": ""2026-05-01T00:00:00.000"", ""expiresdate"": ""2026-10-29T00:00:00.000"", ""remodel_repair_sqft"": ""1"", ""number_of_floors"": ""1"", ""housing_units"": ""1"", ""original_address1"": ""5900 WAGON BND"", ""original_city"": ""AUSTIN"", ""original_state"": ""TX"", ""original_zip"": ""78744"", ""council_district"": ""2"", ""jurisdiction"": ""AUSTIN FULL PURPOSE"", ""link"": {""url"": ""https://abc.austintexas.gov/web/permit/public-search-other?t_detail=1&t_selected_folderrsn=13694254""}, ""project_id"": ""13694254"", ""masterpermitnum"": ""13694253"", ""latitude"": ""30.19548476"", ""longitude"": ""-97.75991854"", ""location"": {""latitude"": ""30.19548476"", ""longitude"": ""-97.75991854"", ""human_address"": ""{\""address\"": \""\"", \""city\"": \""\"", \""state\"": \""\"", \""zip\"": \""\""}""}, ""contractor_trade"": ""Plumbing Contractor"", ""contractor_company_name"": ""West Shore Home LLC"", ""contractor_full_name"": ""Eric Jackson"", ""contractor_phone"": ""7177759506"", ""contractor_address2"": ""3  CROSSGATE"", ""contractor_city"": ""MECHANICSBUR"", ""contractor_zip"": ""17050-____"", ""certificate_of_occupancy"": ""No""}",2026-05-03T10:54:27.275855+00:00
2026-052237 PP,Digging 18-foot tunnel and repairing broken drain underneath master bathroom of home.,2026-05-01T00:00:00+00:00,Repair,Plumbing Permit,,Infinity Plumbing Solutions LLC,Active,5501 COVENTRY LN,78723,Residential,5127918988,https://abc.austintexas.gov/web/permit/public-search-other?t_detail=1&t_selected_folderrsn=13694238,2026-05-01T00:00:00+00:00,"{""permittype"": ""PP"", ""permit_type_desc"": ""Plumbing Permit"", ""permit_number"": ""2026-052237 PP"", ""permit_class_mapped"": ""Residential"", ""permit_class"": ""Residential"", ""work_class"": ""Repair"", ""condominium"": ""No"", ""permit_location"": ""5501 COVENTRY LN"", ""description"": ""Digging 18-foot tunnel and repairing broken drain underneath master bathroom of home."", ""tcad_id"": ""0220200601"", ""legal_description"": ""LOT 16 BLK M ROYAL OAK ESTATES SEC 1"", ""applieddate"": ""2026-04-28T00:00:00.000"", ""issue_date"": ""2026-05-01T00:00:00.000"", ""day_issued"": ""FRIDAY"", ""calendar_year_issued"": ""2026"", ""fiscal_year_issued"": ""2026"", ""issued_in_last_30_days"": ""Yes"", ""issue_method"": ""Permit Center"", ""status_current"": ""Active"", ""statusdate"": ""2026-05-01T00:00:00.000"", ""expiresdate"": ""2026-10-28T00:00:00.000"", ""remodel_repair_sqft"": ""2070"", ""number_of_floors"": ""0"", ""housing_units"": ""1"", ""original_address1"": ""5501 COVENTRY LN"", ""original_city"": ""AUSTIN"", ""original_state"": ""TX"", ""original_zip"": ""78723"", ""council_district"": ""4"", ""jurisdiction"": ""AUSTIN FULL PURPOSE"", ""link"": {""url"": ""https://abc.austintexas.gov/web/permit/public-search-other?t_detail=1&t_selected_folderrsn=13694238""}, ""project_id"": ""13694238"", ""latitude"": ""30.30372623"", ""longitude"": ""-97.68430326"", ""location"": {""latitude"": ""30.30372623"", ""longitude"": ""-97.68430326"", ""human_address"": ""{\""address\"": \""\"", \""city\"": \""\"", \""state\"": \""\"", \""zip\"": \""\""}""}, ""contractor_trade"": ""Plumbing Contractor"", ""contractor_company_name"": ""Infinity Plumbing Solutions LLC"", ""contractor_full_name"": ""Jaime Hernandez"", ""contractor_phone"": ""5127918988"", ""contractor_address2"": ""100 E Whites"", ""contractor_city"": ""CEDAR PARK"", ""contractor_zip"": ""78613-____"", ""certificate_of_occupancy"": ""No""}",2026-05-03T10:54:27.275855+00:00
2025-140727 MP,Building 2 3 Story SFR with attached garage and covered paito,2026-04-30T00:00:00+00:00,New,Mechanical Permit,,Air Temp Solutions,Active,1603 VALERIA ST,78704,Residential,5126323722,https://abc.austintexas.gov/web/permit/public-search-other?t_detail=1&t_selected_folderrsn=13608589,2026-04-30T00:00:00+00:00,"{""permittype"": ""MP"", ""permit_type_desc"": ""Mechanical Permit"", ""permit_number"": ""2025-140727 MP"", ""permit_class_mapped"": ""Residential"", ""permit_class"": ""R- 101 Single Family Houses"", ""work_class"": ""New"", ""condominium"": ""No"", ""permit_location"": ""1603 VALERIA ST"", ""description"": ""Building 2 3 Story SFR with attached garage and covered paito"", ""tcad_id"": ""0100061205"", ""legal_description"": ""LOT 1-2 BLK C OAK HILL ADDN"", ""applieddate"": ""2025-07-24T00:00:00.000"", ""issue_date"": ""2026-04-30T00:00:00.000"", ""day_issued"": ""THURSDAY"", ""calendar_year_issued"": ""2026"", ""fiscal_year_issued"": ""2026"", ""issued_in_last_30_days"": ""Yes"", ""issue_method"": ""Permit Center"", ""status_current"": ""Active"", ""statusdate"": ""2026-04-30T00:00:00.000"", ""expiresdate"": ""2026-08-29T00:00:00.000"", ""total_new_add_sqft"": ""1775"", ""number_of_floors"": ""3"", ""housing_units"": ""1"", ""original_address1"": ""1603 VALERIA ST"", ""original_city"": ""AUSTIN"", ""original_state"": ""TX"", ""original_zip"": ""78704"", ""council_district"": ""5"", ""jurisdiction"": ""AUSTIN FULL PURPOSE"", ""link"": {""url"": ""https://abc.austintexas.gov/web/permit/public-search-other?t_detail=1&t_selected_folderrsn=13608589""}, ""project_id"": ""13608589"", ""masterpermitnum"": ""13608438"", ""contractor_trade"": ""Mechanical Contractor"", ""contractor_company_name"": ""Air Temp Solutions"", ""contractor_full_name"": ""Whalon Patterson"", ""contractor_phone"": ""5126323722"", ""contractor_address2"": ""279  Artesia"", ""contractor_city"": ""CEDAR CREEK"", ""contractor_zip"": ""78612"", ""certificate_of_occupancy"": ""No""}",2026-05-03T10:54:27.275855+00:00
2026-039875 MP,Install new 20 seer 2 ton system,2026-04-30T00:00:00+00:00,Repair,Mechanical Permit,,Chuck's Air Conditioning LLC DBA Check's A/C,Active,406 HEARTWOOD DR,78745,Residential,5124009807,https://abc.austintexas.gov/web/permit/public-search-other?t_detail=1&t_selected_folderrsn=13680065,2026-04-30T00:00:00+00:00,"{""permittype"": ""MP"", ""permit_type_desc"": ""Mechanical Permit"", ""permit_number"": ""2026-039875 MP"", ""permit_class_mapped"": ""Residential"", ""permit_class"": ""Residential"", ""work_class"": ""Repair"", ""condominium"": ""No"", ""permit_location"": ""406 HEARTWOOD DR"", ""description"": ""Install new 20 seer 2 ton system"", ""tcad_id"": ""0413070419"", ""legal_description"": ""LOT 8 BLK A COMMUNITY OF FAIRVIEW SEC 4"", ""applieddate"": ""2026-04-02T00:00:00.000"", ""issue_date"": ""2026-04-30T00:00:00.000"", ""day_issued"": ""THURSDAY"", ""calendar_year_issued"": ""2026"", ""fiscal_year_issued"": ""2026"", ""issued_in_last_30_days"": ""Yes"", ""issue_method"": ""Permit Center"", ""status_current"": ""Active"", ""statusdate"": ""2026-04-30T00:00:00.000"", ""expiresdate"": ""2026-10-27T00:00:00.000"", ""remodel_repair_sqft"": ""0"", ""number_of_floors"": ""1"", ""housing_units"": ""1"", ""original_address1"": ""406 HEARTWOOD DR"", ""original_city"": ""AUSTIN"", ""original_state"": ""TX"", ""original_zip"": ""78745"", ""council_district"": ""3"", ""jurisdiction"": ""AUSTIN FULL PURPOSE"", ""link"": {""url"": ""https://abc.austintexas.gov/web/permit/public-search-other?t_detail=1&t_selected_folderrsn=13680065""}, ""project_id"": ""13680065"", ""latitude"": ""30.21497393"", ""longitude"": ""-97.77407728"", ""location"": {""latitude"": ""30.21497393"", ""longitude"": ""-97.77407728"", ""human_address"": ""{\""address\"": \""\"", \""city\"": \""\"", \""state\"": \""\"", \""zip\"": \""\""}""}, ""contractor_trade"": ""Mechanical Contractor"", ""contractor_company_name"": ""Chuck's Air Conditioning LLC DBA Check's A/C"", ""contractor_full_name"": ""Matthew Wilks"", ""contractor_phone"": ""5124009807"", ""contractor_address2"": ""55  Country"", ""contractor_city"": ""Buda"", ""contractor_zip"": ""78610-____"", ""certificate_of_occupancy"": ""No""}",2026-05-03T10:54:27.275855+00:00
2026-051231 MP,Replacement of complete existing central heat and air system with or without duct work LIKE FOR LIKE: 2.5 Ton Gas Vertical (Upstairs System),2026-04-30T00:00:00+00:00,Change Out,Mechanical Permit,,"Stan's Heating, Air, Plumbing, & Electrical",Active,9320 LIGHTWOOD LOOP,78748,Residential,5129299393,https://abc.austintexas.gov/web/permit/public-search-other?t_detail=1&t_selected_folderrsn=13693163,2026-04-30T00:00:00+00:00,"{""permittype"": ""MP"", ""permit_type_desc"": ""Mechanical Permit"", ""permit_number"": ""2026-051231 MP"", ""permit_class_mapped"": ""Residential"", ""permit_class"": ""Residential"", ""work_class"": ""Change Out"", ""permit_location"": ""9320 LIGHTWOOD LOOP"", ""description"": ""Replacement of complete existing central heat and air system with or without duct work LIKE FOR LIKE: 2.5 Ton Gas Vertical (Upstairs System)"", ""tcad_id"": ""0424251259"", ""legal_description"": ""LOT 18 BLK B CHERRY CREEK SEC 11"", ""applieddate"": ""2026-04-24T00:00:00.000"", ""issue_date"": ""2026-04-30T00:00:00.000"", ""day_issued"": ""THURSDAY"", ""calendar_year_issued"": ""2026"", ""fiscal_year_issued"": ""2026"", ""issued_in_last_30_days"": ""Yes"", ""issue_method"": ""Permit Center"", ""status_current"": ""Active"", ""statusdate"": ""2026-04-30T00:00:00.000"", ""expiresdate"": ""2026-10-27T00:00:00.000"", ""original_address1"": ""9320 LIGHTWOOD LOOP"", ""original_city"": ""AUSTIN"", ""original_state"": ""TX"", ""original_zip"": ""78748"", ""council_district"": ""5"", ""jurisdiction"": ""AUSTIN FULL PURPOSE"", ""link"": {""url"": ""https://abc.austintexas.gov/web/permit/public-search-other?t_detail=1&t_selected_folderrsn=13693163""}, ""project_id"": ""13693163"", ""latitude"": ""30.18963313"", ""longitude"": ""-97.840878"", ""location"": {""latitude"": ""30.18963313"", ""longitude"": ""-97.840878"", ""human_address"": ""{\""address\"": \""\"", \""city\"": \""\"", \""state\"": \""\"", \""zip\"": \""\""}""}, ""contractor_trade"": ""Mechanical Contractor"", ""contractor_company_name"": ""Stan's Heating, Air, Plumbing, & Electrical"", ""contractor_full_name"": ""Roland Arrisola"", ""contractor_phone"": ""5129299393"", ""contractor_address2"": ""6016  DILLAR"", ""contractor_city"": ""AUSTIN"", ""contractor_zip"": ""78752""}",2026-05-03T10:54:27.275855+00:00
2026-054091 BP,Interior Non-Structural Demolition,2026-04-30T00:00:00+00:00,Interior Demo Non-Structural,Building Permit,1.0,Wahlers Construction LLC,Active,901 S MOPAC EXPY SVRD NB BLDG 1 UNIT 550,78746,Commercial,2103898590,https://abc.austintexas.gov/web/permit/public-search-other?t_detail=1&t_selected_folderrsn=13696343,2026-04-30T00:00:00+00:00,"{""permittype"": ""BP"", ""permit_type_desc"": ""Building Permit"", ""permit_number"": ""2026-054091 BP"", ""permit_class_mapped"": ""Commercial"", ""permit_class"": ""C-1000 Commercial Remodel"", ""work_class"": ""Interior Demo Non-Structural"", ""condominium"": ""No"", ""permit_location"": ""901 S MOPAC EXPY SVRD NB BLDG 1 UNIT 550"", ""description"": ""Interior Non-Structural Demolition"", ""tcad_id"": ""0104090513"", ""applieddate"": ""2026-04-30T00:00:00.000"", ""issue_date"": ""2026-04-30T00:00:00.000"", ""day_issued"": ""THURSDAY"", ""calendar_year_issued"": ""2026"", ""fiscal_year_issued"": ""2026"", ""issued_in_last_30_days"": ""Yes"", ""issue_method"": ""Permit Center"", ""status_current"": ""Active"", ""statusdate"": ""2026-04-30T00:00:00.000"", ""expiresdate"": ""2026-10-27T00:00:00.000"", ""remodel_repair_sqft"": ""3700"", ""total_job_valuation"": ""1"", ""number_of_floors"": ""1"", ""housing_units"": ""2"", ""building_valuation_remodel"": ""1"", ""original_address1"": ""901 S MOPAC EXPY SVRD NB BLDG 1 UNIT 550"", ""original_city"": ""AUSTIN"", ""original_state"": ""TX"", ""original_zip"": ""78746"", ""council_district"": ""8"", ""jurisdiction"": ""AUSTIN FULL PURPOSE"", ""link"": {""url"": ""https://abc.austintexas.gov/web/permit/public-search-other?t_detail=1&t_selected_folderrsn=13696343""}, ""project_id"": ""13696343"", ""contractor_trade"": ""General Contractor"", ""contractor_company_name"": ""Wahlers Construction LLC"", ""contractor_full_name"": ""Hal Wahlers"", ""contractor_phone"": ""2103898590"", ""contractor_address2"": ""5293  FM 306"", ""contractor_city"": ""New Braunfel"", ""contractor_zip"": ""78132"", ""applicant_full_name"": ""Hal Wahlers"", ""applicant_org"": ""Wahlers Construction LLC"", ""applicant_phone"": ""2103898590"", ""applicant_address2"": ""5293  FM 306"", ""applicant_city"": ""New Braunfel"", ""applicantzip"": ""78132"", ""certificate_of_occupancy"": ""No""}",2026-05-03T10:54:27.275855+00:00
2026-049374 MP,Addition to existing 1-story single-family residential to include: new covered rear patio; leveling out roof.,2026-04-30T00:00:00+00:00,Addition and Remodel,Mechanical Permit,,Not Provided,Active,2306 WILLOW ST,78702,Residential,5126982793,https://abc.austintexas.gov/web/permit/public-search-other?t_detail=1&t_selected_folderrsn=13690865,2026-04-30T00:00:00+00:00,"{""permittype"": ""MP"", ""permit_type_desc"": ""Mechanical Permit"", ""permit_number"": ""2026-049374 MP"", ""permit_class_mapped"": ""Residential"", ""permit_class"": ""R- 434 Addition & Alterations"", ""work_class"": ""Addition and Remodel"", ""condominium"": ""No"", ""permit_location"": ""2306 WILLOW ST"", ""description"": ""Addition to existing 1-story single-family residential to include: new covered rear patio; leveling out roof."", ""tcad_id"": ""0201091007"", ""legal_description"": ""LOT 12 BLK B OLT 39 DIV O DRIVING PARK ADDN"", ""applieddate"": ""2025-09-25T00:00:00.000"", ""issue_date"": ""2026-04-30T00:00:00.000"", ""day_issued"": ""THURSDAY"", ""calendar_year_issued"": ""2026"", ""fiscal_year_issued"": ""2026"", ""issued_in_last_30_days"": ""Yes"", ""issue_method"": ""Permit Center"", ""status_current"": ""Active"", ""statusdate"": ""2026-04-30T00:00:00.000"", ""expiresdate"": ""2026-10-12T00:00:00.000"", ""total_existing_bldg_sqft"": ""1386"", ""remodel_repair_sqft"": ""1"", ""total_new_add_sqft"": ""104"", ""number_of_floors"": ""1"", ""housing_units"": ""1"", ""original_address1"": ""2306 WILLOW ST"", ""original_city"": ""AUSTIN"", ""original_state"": ""TX"", ""original_zip"": ""78702"", ""council_district"": ""3"", ""jurisdiction"": ""AUSTIN FULL PURPOSE"", ""link"": {""url"": ""https://abc.austintexas.gov/web/permit/public-search-other?t_detail=1&t_selected_folderrsn=13690865""}, ""project_id"": ""13690865"", ""masterpermitnum"": ""13680537"", ""latitude"": ""30.25437617"", ""longitude"": ""-97.71910917"", ""location"": {""latitude"": ""30.25437617"", ""longitude"": ""-97.71910917"", ""human_address"": ""{\""address\"": \""\"", \""city\"": \""\"", \""state\"": \""\"", \""zip\"": \""\""}""}, ""contractor_trade"": ""General Contractor"", ""contractor_full_name"": ""Martin Medina"", ""contractor_phone"": ""5126982793"", ""contractor_address2"": ""503 E FAWNRI"", ""contractor_city"": ""AUSTIN"", ""contractor_zip"": ""78753-____"", ""certificate_of_occupancy"": ""No""}",2026-05-03T10:54:27.275855+00:00
2025-155730 MP,New 2-story single family residence 5 bed/4.5 bath with habitable attic attached garage covered porch covered porch and balcony,2026-04-30T00:00:00+00:00,New,Mechanical Permit,,HTP Mechanical,Active,3105 MC ELROY DR,78757,Residential,5127918744,https://abc.austintexas.gov/web/permit/public-search-other?t_detail=1&t_selected_folderrsn=13625425,2026-04-30T00:00:00+00:00,"{""permittype"": ""MP"", ""permit_type_desc"": ""Mechanical Permit"", ""permit_number"": ""2025-155730 MP"", ""permit_class_mapped"": ""Residential"", ""permit_class"": ""R- 101 Single Family Houses"", ""work_class"": ""New"", ""condominium"": ""No"", ""permit_location"": ""3105 MC ELROY DR"", ""description"": ""New 2-story single family residence 5 bed/4.5 bath with habitable attic attached garage covered porch covered porch and balcony"", ""tcad_id"": ""0238020328"", ""legal_description"": ""LOT 11 BLK C ALLANDALE PARK SEC 9"", ""applieddate"": ""2025-09-30T00:00:00.000"", ""issue_date"": ""2026-04-30T00:00:00.000"", ""day_issued"": ""THURSDAY"", ""calendar_year_issued"": ""2026"", ""fiscal_year_issued"": ""2026"", ""issued_in_last_30_days"": ""Yes"", ""issue_method"": ""Permit Center"", ""status_current"": ""Active"", ""statusdate"": ""2026-04-30T00:00:00.000"", ""expiresdate"": ""2026-09-27T00:00:00.000"", ""total_new_add_sqft"": ""4989"", ""number_of_floors"": ""2"", ""housing_units"": ""1"", ""original_address1"": ""3105 MC ELROY DR"", ""original_city"": ""AUSTIN"", ""original_state"": ""TX"", ""original_zip"": ""78757"", ""council_district"": ""7"", ""jurisdiction"": ""AUSTIN FULL PURPOSE"", ""link"": {""url"": ""https://abc.austintexas.gov/web/permit/public-search-other?t_detail=1&t_selected_folderrsn=13625425""}, ""project_id"": ""13625425"", ""masterpermitnum"": ""13625414"", ""latitude"": ""30.35701667"", ""longitude"": ""-97.74241879"", ""location"": {""latitude"": ""30.35701667"", ""longitude"": ""-97.74241879"", ""human_address"": ""{\""address\"": \""\"", \""city\"": \""\"", \""state\"": \""\"", \""zip\"": \""\""}""}, ""contractor_trade"": ""Mechanical Contractor"", ""contractor_company_name"": ""HTP Mechanical"", ""contractor_full_name"": ""Hieu T Pham"", ""contractor_phone"": ""5127918744"", ""contractor_address2"": ""19104  Penci"", ""contractor_city"": ""PFLUGERVILLE"", ""contractor_zip"": ""78660"", ""certificate_of_occupancy"": ""No""}",2026-05-03T10:54:27.275855+00:00
2026-051044 MP,Replacement of complete existing central heat and air system with or without duct work,2026-04-30T00:00:00+00:00,Change Out,Mechanical Permit,,McCullough Heating & Air,Active,1504 WEYFORD DR,78757,Residential,5122800011,https://abc.austintexas.gov/web/permit/public-search-other?t_detail=1&t_selected_folderrsn=13692943,2026-04-30T00:00:00+00:00,"{""permittype"": ""MP"", ""permit_type_desc"": ""Mechanical Permit"", ""permit_number"": ""2026-051044 MP"", ""permit_class_mapped"": ""Residential"", ""permit_class"": ""Residential"", ""work_class"": ""Change Out"", ""permit_location"": ""1504 WEYFORD DR"", ""description"": ""Replacement of complete existing central heat and air system with or without duct work"", ""tcad_id"": ""0240080715"", ""legal_description"": ""LOT 21 WOOTEN PARK SEC 4"", ""applieddate"": ""2026-04-24T00:00:00.000"", ""issue_date"": ""2026-04-30T00:00:00.000"", ""day_issued"": ""THURSDAY"", ""calendar_year_issued"": ""2026"", ""fiscal_year_issued"": ""2026"", ""issued_in_last_30_days"": ""Yes"", ""issue_method"": ""Permit Center"", ""status_current"": ""Active"", ""statusdate"": ""2026-04-30T00:00:00.000"", ""expiresdate"": ""2026-10-27T00:00:00.000"", ""original_address1"": ""1504 WEYFORD DR"", ""original_city"": ""AUSTIN"", ""original_state"": ""TX"", ""original_zip"": ""78757"", ""council_district"": ""4"", ""jurisdiction"": ""AUSTIN FULL PURPOSE"", ""link"": {""url"": ""https://abc.austintexas.gov/web/permit/public-search-other?t_detail=1&t_selected_folderrsn=13692943""}, ""project_id"": ""13692943"", ""latitude"": ""30.36006492"", ""longitude"": ""-97.71847414"", ""location"": {""latitude"": ""30.36006492"", ""longitude"": ""-97.71847414"", ""human_address"": ""{\""address\"": \""\"", \""city\"": \""\"", \""state\"": \""\"", \""zip\"": \""\""}""}, ""contractor_trade"": ""Mechanical Contractor"", ""contractor_company_name"": ""McCullough Heating & Air"", ""contractor_full_name"": ""Albert D'Andrea"", ""contractor_phone"": ""5122800011"", ""contractor_address2"": ""2620  BUELL"", ""contractor_city"": ""AUSTIN"", ""contractor_zip"": ""78757""}",2026-05-03T10:54:27.275855+00:00
2026-053333 EP,"Cell Tower
200 Amps
120/240 V",2026-04-30T00:00:00+00:00,Upgrade,Electrical Permit,,D.P. Electric Inc.,Active,9201 1/2 CIRCUIT OF THE AMERICAS BLVD UNIT A,78617,Commercial,4808589070,https://abc.austintexas.gov/web/permit/public-search-other?t_detail=1&t_selected_folderrsn=13695442,2026-05-01T00:00:00+00:00,"{""permittype"": ""EP"", ""permit_type_desc"": ""Electrical Permit"", ""permit_number"": ""2026-053333 EP"", ""permit_class_mapped"": ""Commercial"", ""permit_class"": ""Commercial"", ""work_class"": ""Upgrade"", ""condominium"": ""No"", ""permit_location"": ""9201 1/2 CIRCUIT OF THE AMERICAS BLVD UNIT A"", ""description"": ""Cell Tower\n200 Amps\n120/240 V"", ""tcad_id"": ""0348310226"", ""legal_description"": ""W. H. TOBINS SUBDIVISION  1890"", ""applieddate"": ""2026-04-29T00:00:00.000"", ""issue_date"": ""2026-04-30T00:00:00.000"", ""day_issued"": ""THURSDAY"", ""calendar_year_issued"": ""2026"", ""fiscal_year_issued"": ""2026"", ""issued_in_last_30_days"": ""Yes"", ""issue_method"": ""Permit Center"", ""status_current"": ""Active"", ""statusdate"": ""2026-05-01T00:00:00.000"", ""expiresdate"": ""2026-10-27T00:00:00.000"", ""remodel_repair_sqft"": ""0"", ""number_of_floors"": ""1"", ""housing_units"": ""1"", ""electrical_valuation_remodel"": ""40000"", ""original_address1"": ""9201 1/2 CIRCUIT OF THE AMERICAS BLVD UNIT A"", ""original_city"": ""DEL VALLE"", ""original_state"": ""TX"", ""original_zip"": ""78617"", ""council_district"": ""2"", ""jurisdiction"": ""AUSTIN FULL PURPOSE"", ""link"": {""url"": ""https://abc.austintexas.gov/web/permit/public-search-other?t_detail=1&t_selected_folderrsn=13695442""}, ""project_id"": ""13695442"", ""contractor_trade"": ""Electrical Contractor"", ""contractor_company_name"": ""D.P. Electric Inc."", ""contractor_full_name"": ""William Vass"", ""contractor_phone"": ""4808589070"", ""contractor_address2"": ""2210  S. Roo"", ""contractor_city"": ""Tempe"", ""contractor_zip"": ""85282-____"", ""certificate_of_occupancy"": ""No""}",2026-05-03T10:54:27.275855+00:00
2026-050439 BP,"Interior alteration of approx. 8212 SF of existing interior office space. Re uploaded unit suite request ticket.

[Suite 375]",2026-04-30T00:00:00+00:00,Remodel,Building Permit,,"Sabre Commercial, Inc.**MAIN**",Active,4516 SETON CENTER PKWY UNIT 375,78759,Commercial,5127677400,https://abc.austintexas.gov/web/permit/public-search-other?t_detail=1&t_selected_folderrsn=13692226,2026-04-30T00:00:00+00:00,"{""permittype"": ""BP"", ""permit_type_desc"": ""Building Permit"", ""permit_number"": ""2026-050439 BP"", ""permit_class_mapped"": ""Commercial"", ""permit_class"": ""C-1000 Commercial Remodel"", ""work_class"": ""Remodel"", ""condominium"": ""No"", ""permit_location"": ""4516 SETON CENTER PKWY UNIT 375"", ""description"": ""Interior alteration of approx. 8212 SF of existing interior office space. Re uploaded unit suite request ticket.\n\n[Suite 375]"", ""tcad_id"": ""0256000708"", ""legal_description"": ""LOT 1 BLK A QUARRY SUBD SEC 4-A"", ""applieddate"": ""2026-03-05T00:00:00.000"", ""issue_date"": ""2026-04-30T00:00:00.000"", ""day_issued"": ""THURSDAY"", ""calendar_year_issued"": ""2026"", ""fiscal_year_issued"": ""2026"", ""issued_in_last_30_days"": ""Yes"", ""issue_method"": ""Permit Center"", ""status_current"": ""Active"", ""statusdate"": ""2026-04-30T00:00:00.000"", ""expiresdate"": ""2026-10-28T00:00:00.000"", ""remodel_repair_sqft"": ""8212"", ""total_valuation_remodel"": ""0"", ""number_of_floors"": ""3"", ""housing_units"": ""1"", ""building_valuation_remodel"": ""0"", ""electrical_valuation_remodel"": ""0"", ""mechanical_valuation_remodel"": ""0"", ""plumbing_valuation_remodel"": ""0"", ""medgas_valuation_remodel"": ""0"", ""original_address1"": ""4516 SETON CENTER PKWY UNIT 375"", ""original_city"": ""AUSTIN"", ""original_state"": ""TX"", ""original_zip"": ""78759"", ""council_district"": ""7"", ""jurisdiction"": ""AUSTIN FULL PURPOSE"", ""link"": {""url"": ""https://abc.austintexas.gov/web/permit/public-search-other?t_detail=1&t_selected_folderrsn=13692226""}, ""project_id"": ""13692226"", ""masterpermitnum"": ""13665094"", ""contractor_trade"": ""General Contractor"", ""contractor_company_name"": ""Sabre Commercial, Inc.**MAIN**"", ""contractor_full_name"": ""Matthew Lutz"", ""contractor_phone"": ""5127677400"", ""contractor_address2"": ""2001  Chicon"", ""contractor_city"": ""AUSTIN"", ""contractor_zip"": ""78722"", ""applicant_full_name"": ""Matthew Lutz"", ""applicant_org"": ""Sabre Commercial, Inc.**MAIN**"", ""applicant_phone"": ""5127677400"", ""applicant_address2"": ""2001  Chicon"", ""applicant_city"": ""AUSTIN"", ""applicantzip"": ""78722"", ""certificate_of_occupancy"": ""Yes""}",2026-05-03T10:54:27.275855+00:00
2026-045921 BP,"New construction of SFR Condo with 3 beds 2.5 baths and attached 2 car garage

PUD",2026-04-30T00:00:00+00:00,New,Building Permit,0.0,David Weekley Homes (MAIN),Active,6402 LAUTNER LN,78747,Residential,5128218885,https://abc.austintexas.gov/web/permit/public-search-other?t_detail=1&t_selected_folderrsn=13686851,2026-04-30T00:00:00+00:00,"{""permittype"": ""BP"", ""permit_type_desc"": ""Building Permit"", ""permit_number"": ""2026-045921 BP"", ""permit_class_mapped"": ""Residential"", ""permit_class"": ""R- 101 Single Family Houses"", ""work_class"": ""New"", ""condominium"": ""Yes"", ""permit_location"": ""6402 LAUTNER LN"", ""description"": ""New construction of SFR Condo with 3 beds 2.5 baths and attached 2 car garage\n\nPUD"", ""tcad_id"": ""0438011501"", ""applieddate"": ""2026-03-31T00:00:00.000"", ""issue_date"": ""2026-04-30T00:00:00.000"", ""day_issued"": ""THURSDAY"", ""calendar_year_issued"": ""2026"", ""fiscal_year_issued"": ""2026"", ""issued_in_last_30_days"": ""Yes"", ""issue_method"": ""Permit Center"", ""status_current"": ""Active"", ""statusdate"": ""2026-04-30T00:00:00.000"", ""expiresdate"": ""2026-10-28T00:00:00.000"", ""total_new_add_sqft"": ""2561"", ""total_job_valuation"": ""0"", ""number_of_floors"": ""2"", ""housing_units"": ""1"", ""original_address1"": ""6402 LAUTNER LN"", ""original_city"": ""AUSTIN"", ""original_state"": ""TX"", ""original_zip"": ""78747"", ""council_district"": ""2"", ""jurisdiction"": ""AUSTIN FULL PURPOSE"", ""link"": {""url"": ""https://abc.austintexas.gov/web/permit/public-search-other?t_detail=1&t_selected_folderrsn=13686851""}, ""project_id"": ""13686851"", ""masterpermitnum"": ""13678668"", ""contractor_trade"": ""General Contractor"", ""contractor_company_name"": ""David Weekley Homes (MAIN)"", ""contractor_full_name"": ""Robin Campbell"", ""contractor_phone"": ""5128218885"", ""contractor_address2"": ""9000  Waterf"", ""contractor_city"": ""AUSTIN"", ""contractor_zip"": ""78758"", ""applicant_full_name"": ""Robin Campbell"", ""applicant_org"": ""David Weekley Homes (MAIN)"", ""applicant_phone"": ""5128218885"", ""applicant_address2"": ""9000  Waterf"", ""applicant_city"": ""AUSTIN"", ""applicantzip"": ""78758"", ""certificate_of_occupancy"": ""Yes"", ""total_lot_sq_ft"": ""2561""}",2026-05-03T10:54:27.275855+00:00
2025-039867 PP,100 E Caddo st - Addition and remodel of existing dwelling unit. Conversion of garage to conditions space. Addition of wood deck.,2026-04-30T00:00:00+00:00,Addition and Remodel,Plumbing Permit,,Bruce David Johnson Jr,Active,100 E CADDO ST,78753,Residential,5124432691,https://abc.austintexas.gov/web/permit/public-search-other?t_detail=1&t_selected_folderrsn=13494851,2026-04-30T00:00:00+00:00,"{""permittype"": ""PP"", ""permit_type_desc"": ""Plumbing Permit"", ""permit_number"": ""2025-039867 PP"", ""permit_class_mapped"": ""Residential"", ""permit_class"": ""R- 434 Addition & Alterations"", ""work_class"": ""Addition and Remodel"", ""condominium"": ""No"", ""permit_location"": ""100 E CADDO ST"", ""description"": ""100 E Caddo st - Addition and remodel of existing dwelling unit. Conversion of garage to conditions space. Addition of wood deck."", ""tcad_id"": ""0250200701"", ""legal_description"": ""LOT A * RESUB OF A PORTION OF LOT 1&2 BLK B EUBANK ACRES SEC 2"", ""applieddate"": ""2025-02-11T00:00:00.000"", ""issue_date"": ""2026-04-30T00:00:00.000"", ""day_issued"": ""THURSDAY"", ""calendar_year_issued"": ""2026"", ""fiscal_year_issued"": ""2026"", ""issued_in_last_30_days"": ""Yes"", ""issue_method"": ""Permit Center"", ""status_current"": ""Active"", ""statusdate"": ""2026-04-30T00:00:00.000"", ""expiresdate"": ""2026-08-01T00:00:00.000"", ""total_existing_bldg_sqft"": ""1828"", ""remodel_repair_sqft"": ""334"", ""total_new_add_sqft"": ""0"", ""number_of_floors"": ""1"", ""housing_units"": ""1"", ""original_address1"": ""100 E CADDO ST"", ""original_city"": ""AUSTIN"", ""original_state"": ""TX"", ""original_zip"": ""78753"", ""council_district"": ""7"", ""jurisdiction"": ""AUSTIN FULL PURPOSE"", ""link"": {""url"": ""https://abc.austintexas.gov/web/permit/public-search-other?t_detail=1&t_selected_folderrsn=13494851""}, ""project_id"": ""13494851"", ""masterpermitnum"": ""13494811"", ""latitude"": ""30.38396027"", ""longitude"": ""-97.67831124"", ""location"": {""latitude"": ""30.38396027"", ""longitude"": ""-97.67831124"", ""human_address"": ""{\""address\"": \""\"", \""city\"": \""\"", \""state\"": \""\"", \""zip\"": \""\""}""}, ""contractor_trade"": ""Plumbing Contractor"", ""contractor_company_name"": ""Bruce David Johnson Jr"", ""contractor_full_name"": ""Bruce David Johnson"", ""contractor_phone"": ""5124432691"", ""contractor_address1"": ""1904 EVA ST"", ""contractor_address2"": ""AUSTIN TX  7"", ""contractor_city"": ""Austin"", ""contractor_zip"": ""78704"", ""certificate_of_occupancy"": ""No""}",2026-05-03T10:54:27.275855+00:00
2022-132338 MP,ePlan: Expedited Review - Finish Out of  Level 4 of a 6-Story Mixed Use Multi-Family Bldgs. (21356 SF),2026-04-30T00:00:00+00:00,Remodel,Mechanical Permit,,"Truform Metalservice, Inc.",Active,301 PRESSLER ST,78703,Commercial,5122581675,https://abc.austintexas.gov/web/permit/public-search-other?t_detail=1&t_selected_folderrsn=13009082,2026-04-30T00:00:00+00:00,"{""permittype"": ""MP"", ""permit_type_desc"": ""Mechanical Permit"", ""permit_number"": ""2022-132338 MP"", ""permit_class_mapped"": ""Commercial"", ""permit_class"": ""C-1001 Commercial Finish Out"", ""work_class"": ""Remodel"", ""condominium"": ""No"", ""permit_location"": ""301 PRESSLER ST"", ""description"": ""ePlan: Expedited Review - Finish Out of  Level 4 of a 6-Story Mixed Use Multi-Family Bldgs. (21356 SF)"", ""tcad_id"": ""0107030201"", ""legal_description"": ""1.0960AC OF OLT 1 DIVISION Z"", ""applieddate"": ""2022-06-01T00:00:00.000"", ""issue_date"": ""2026-04-30T00:00:00.000"", ""day_issued"": ""THURSDAY"", ""calendar_year_issued"": ""2026"", ""fiscal_year_issued"": ""2026"", ""issued_in_last_30_days"": ""Yes"", ""issue_method"": ""Permit Center"", ""status_current"": ""Active"", ""statusdate"": ""2026-04-30T00:00:00.000"", ""expiresdate"": ""2026-10-27T00:00:00.000"", ""remodel_repair_sqft"": ""21356"", ""number_of_floors"": ""1"", ""housing_units"": ""20"", ""original_address1"": ""301 PRESSLER ST"", ""original_city"": ""AUSTIN"", ""original_state"": ""TX"", ""original_zip"": ""78703"", ""council_district"": ""9"", ""jurisdiction"": ""AUSTIN FULL PURPOSE"", ""link"": {""url"": ""https://abc.austintexas.gov/web/permit/public-search-other?t_detail=1&t_selected_folderrsn=13009082""}, ""project_id"": ""13009082"", ""masterpermitnum"": ""13008505"", ""latitude"": ""30.27135577"", ""longitude"": ""-97.76091259"", ""location"": {""latitude"": ""30.27135577"", ""longitude"": ""-97.76091259"", ""human_address"": ""{\""address\"": \""\"", \""city\"": \""\"", \""state\"": \""\"", \""zip\"": \""\""}""}, ""contractor_trade"": ""Mechanical Contractor"", ""contractor_company_name"": ""Truform Metalservice, Inc."", ""contractor_full_name"": ""Steven Allen Lane"", ""contractor_phone"": ""5122581675"", ""contractor_address1"": ""P. O. BOX 20"", ""contractor_address2"": ""AUSTIN TX  7"", ""contractor_city"": ""Austin"", ""contractor_zip"": ""78729"", ""certificate_of_occupancy"": ""No""}",2026-05-03T10:54:27.275855+00:00
2026-048880 BP,interior nonstructural demolition,2026-04-30T00:00:00+00:00,Interior Demo Non-Structural,Building Permit,0.0,"IE2 CONSTRUCTION, INC",Active,301 CONGRESS AVE UNIT 1000,78701,Commercial,5129733930,https://abc.austintexas.gov/web/permit/public-search-other?t_detail=1&t_selected_folderrsn=13690317,2026-05-01T00:00:00+00:00,"{""permittype"": ""BP"", ""permit_type_desc"": ""Building Permit"", ""permit_number"": ""2026-048880 BP"", ""permit_class_mapped"": ""Commercial"", ""permit_class"": ""C-1000 Commercial Remodel"", ""work_class"": ""Interior Demo Non-Structural"", ""condominium"": ""No"", ""permit_location"": ""301 CONGRESS AVE UNIT 1000"", ""description"": ""interior nonstructural demolition"", ""tcad_id"": ""0205020601"", ""legal_description"": ""LOT 1-2&7-12 & W18OF LT 3 BLOCK 030 ORIGINAL CITY PLUS VAC 20 FT ALLEY & .059 AC OF VAC ST (TOTAL SQ FT 69943)"", ""applieddate"": ""2026-04-21T00:00:00.000"", ""issue_date"": ""2026-04-30T00:00:00.000"", ""day_issued"": ""THURSDAY"", ""calendar_year_issued"": ""2026"", ""fiscal_year_issued"": ""2026"", ""issued_in_last_30_days"": ""Yes"", ""issue_method"": ""Permit Center"", ""status_current"": ""Active"", ""statusdate"": ""2026-05-01T00:00:00.000"", ""expiresdate"": ""2026-10-28T00:00:00.000"", ""remodel_repair_sqft"": ""20892"", ""total_job_valuation"": ""0"", ""number_of_floors"": ""1"", ""housing_units"": ""2"", ""building_valuation_remodel"": ""0"", ""original_address1"": ""301 CONGRESS AVE UNIT 1000"", ""original_city"": ""AUSTIN"", ""original_state"": ""TX"", ""original_zip"": ""78701"", ""council_district"": ""9"", ""jurisdiction"": ""AUSTIN FULL PURPOSE"", ""link"": {""url"": ""https://abc.austintexas.gov/web/permit/public-search-other?t_detail=1&t_selected_folderrsn=13690317""}, ""project_id"": ""13690317"", ""contractor_trade"": ""General Contractor"", ""contractor_company_name"": ""IE2 CONSTRUCTION, INC"", ""contractor_full_name"": ""Mike Neif"", ""contractor_phone"": ""5129733930"", ""contractor_address2"": ""2205 W Brake"", ""contractor_city"": ""Austin"", ""contractor_zip"": ""78758"", ""applicant_full_name"": ""Mike Neif"", ""applicant_org"": ""IE2 CONSTRUCTION, INC"", ""applicant_phone"": ""5129733930"", ""applicant_address2"": ""2205 W Brake"", ""applicant_city"": ""Austin"", ""applicantzip"": ""78758"", ""certificate_of_occupancy"": ""No""}",2026-05-03T10:54:27.275855+00:00
2026-042599 EP,INTERIOR REMODEL - OFFICE SPACE,2026-04-30T00:00:00+00:00,Remodel,Electrical Permit,,T M Electric,Active,3815 S CAPITAL OF TEXAS HWY NB BLDG 3 UNIT 350,78704,Commercial,5128348174,https://abc.austintexas.gov/web/permit/public-search-other?t_detail=1&t_selected_folderrsn=13683089,2026-04-30T00:00:00+00:00,"{""permittype"": ""EP"", ""permit_type_desc"": ""Electrical Permit"", ""permit_number"": ""2026-042599 EP"", ""permit_class_mapped"": ""Commercial"", ""permit_class"": ""C-1000 Commercial Remodel"", ""work_class"": ""Remodel"", ""condominium"": ""No"", ""permit_location"": ""3815 S CAPITAL OF TEXAS HWY NB BLDG 3 UNIT 350"", ""description"": ""INTERIOR REMODEL - OFFICE SPACE"", ""tcad_id"": ""0407180121"", ""legal_description"": ""LOT 3 BARTON CREEK PLAZA TRACT D"", ""applieddate"": ""2026-03-18T00:00:00.000"", ""issue_date"": ""2026-04-30T00:00:00.000"", ""day_issued"": ""THURSDAY"", ""calendar_year_issued"": ""2026"", ""fiscal_year_issued"": ""2026"", ""issued_in_last_30_days"": ""Yes"", ""issue_method"": ""Permit Center"", ""status_current"": ""Active"", ""statusdate"": ""2026-04-30T00:00:00.000"", ""expiresdate"": ""2026-10-27T00:00:00.000"", ""remodel_repair_sqft"": ""4665"", ""number_of_floors"": ""3"", ""housing_units"": ""1"", ""electrical_valuation_remodel"": ""30000"", ""original_address1"": ""3815 S CAPITAL OF TEXAS HWY NB BLDG 3 UNIT 350"", ""original_city"": ""AUSTIN"", ""original_state"": ""TX"", ""original_zip"": ""78704"", ""council_district"": ""5"", ""jurisdiction"": ""AUSTIN FULL PURPOSE"", ""link"": {""url"": ""https://abc.austintexas.gov/web/permit/public-search-other?t_detail=1&t_selected_folderrsn=13683089""}, ""project_id"": ""13683089"", ""masterpermitnum"": ""13683088"", ""latitude"": ""30.24207342"", ""longitude"": ""-97.79956815"", ""location"": {""latitude"": ""30.24207342"", ""longitude"": ""-97.79956815"", ""human_address"": ""{\""address\"": \""\"", \""city\"": \""\"", \""state\"": \""\"", \""zip\"": \""\""}""}, ""contractor_trade"": ""Electrical Contractor"", ""contractor_company_name"": ""T M Electric"", ""contractor_full_name"": ""Tim Moll"", ""contractor_phone"": ""5128348174"", ""contractor_address2"": ""9802  Gray B"", ""contractor_city"": ""Austin"", ""contractor_zip"": ""78758"", ""certificate_of_occupancy"": ""No""}",2026-05-03T10:54:27.275855+00:00
2026-051433 EP,Replacing panel and riser,2026-04-30T00:00:00+00:00,Repair,Electrical Permit,,Jared Schwartze,Active,4504 BILBOA DR,78759,Residential,8176944982,https://abc.austintexas.gov/web/permit/public-search-other?t_detail=1&t_selected_folderrsn=13693377,2026-05-01T00:00:00+00:00,"{""permittype"": ""EP"", ""permit_type_desc"": ""Electrical Permit"", ""permit_number"": ""2026-051433 EP"", ""permit_class_mapped"": ""Residential"", ""permit_class"": ""Residential"", ""work_class"": ""Repair"", ""condominium"": ""No"", ""permit_location"": ""4504 BILBOA DR"", ""description"": ""Replacing panel and riser"", ""tcad_id"": ""0257030611"", ""legal_description"": ""LOT 11 BLK 14 BALCONES WOODS SEC NO 1"", ""applieddate"": ""2026-04-26T00:00:00.000"", ""issue_date"": ""2026-04-30T00:00:00.000"", ""day_issued"": ""THURSDAY"", ""calendar_year_issued"": ""2026"", ""fiscal_year_issued"": ""2026"", ""issued_in_last_30_days"": ""Yes"", ""issue_method"": ""Permit Center"", ""status_current"": ""Active"", ""statusdate"": ""2026-05-01T00:00:00.000"", ""expiresdate"": ""2026-10-27T00:00:00.000"", ""remodel_repair_sqft"": ""0"", ""number_of_floors"": ""1"", ""housing_units"": ""1"", ""electrical_valuation_remodel"": ""3000"", ""original_address1"": ""4504 BILBOA DR"", ""original_city"": ""AUSTIN"", ""original_state"": ""TX"", ""original_zip"": ""78759"", ""council_district"": ""7"", ""jurisdiction"": ""AUSTIN FULL PURPOSE"", ""link"": {""url"": ""https://abc.austintexas.gov/web/permit/public-search-other?t_detail=1&t_selected_folderrsn=13693377""}, ""project_id"": ""13693377"", ""latitude"": ""30.40562945"", ""longitude"": ""-97.74025558"", ""location"": {""latitude"": ""30.40562945"", ""longitude"": ""-97.74025558"", ""human_address"": ""{\""address\"": \""\"", \""city\"": \""\"", \""state\"": \""\"", \""zip\"": \""\""}""}, ""contractor_trade"": ""Electrical Contractor"", ""contractor_company_name"": ""Jared Schwartze"", ""contractor_full_name"": ""Jared Schwartze"", ""contractor_phone"": ""8176944982"", ""contractor_address2"": ""709   PARKWA"", ""contractor_city"": ""Azle"", ""contractor_zip"": ""76020"", ""certificate_of_occupancy"": ""No""}",2026-05-03T10:54:27.275855+00:00
2026-051772 BP,New uncovered composite deck.,2026-04-30T00:00:00+00:00,Addition and Remodel,Building Permit,0.0,Scott Cummings,Active,6804 LADERA NORTE,78731,Residential,5129140388,https://abc.austintexas.gov/web/permit/public-search-other?t_detail=1&t_selected_folderrsn=13693736,2026-05-01T00:00:00+00:00,"{""permittype"": ""BP"", ""permit_type_desc"": ""Building Permit"", ""permit_number"": ""2026-051772 BP"", ""permit_class_mapped"": ""Residential"", ""permit_class"": ""R- 434 Addition & Alterations"", ""work_class"": ""Addition and Remodel"", ""condominium"": ""No"", ""permit_location"": ""6804 LADERA NORTE"", ""description"": ""New uncovered composite deck."", ""tcad_id"": ""0142110910"", ""legal_description"": ""LOT 5 BLK E NORTH CAT MOUNTAIN SEC II"", ""applieddate"": ""2026-01-11T00:00:00.000"", ""issue_date"": ""2026-04-30T00:00:00.000"", ""day_issued"": ""THURSDAY"", ""calendar_year_issued"": ""2026"", ""fiscal_year_issued"": ""2026"", ""issued_in_last_30_days"": ""Yes"", ""issue_method"": ""Permit Center"", ""status_current"": ""Active"", ""statusdate"": ""2026-05-01T00:00:00.000"", ""expiresdate"": ""2026-10-28T00:00:00.000"", ""remodel_repair_sqft"": ""0"", ""total_new_add_sqft"": ""351"", ""total_valuation_remodel"": ""0"", ""total_job_valuation"": ""0"", ""number_of_floors"": ""1"", ""housing_units"": ""0"", ""building_valuation_remodel"": ""0"", ""electrical_valuation_remodel"": ""0"", ""mechanical_valuation_remodel"": ""0"", ""plumbing_valuation_remodel"": ""0"", ""original_address1"": ""6804 LADERA NORTE"", ""original_city"": ""AUSTIN"", ""original_state"": ""TX"", ""original_zip"": ""78731"", ""council_district"": ""10"", ""jurisdiction"": ""AUSTIN FULL PURPOSE"", ""link"": {""url"": ""https://abc.austintexas.gov/web/permit/public-search-other?t_detail=1&t_selected_folderrsn=13693736""}, ""project_id"": ""13693736"", ""masterpermitnum"": ""13638793"", ""latitude"": ""30.3654108"", ""longitude"": ""-97.78165884"", ""location"": {""latitude"": ""30.3654108"", ""longitude"": ""-97.78165884"", ""human_address"": ""{\""address\"": \""\"", \""city\"": \""\"", \""state\"": \""\"", \""zip\"": \""\""}""}, ""contractor_trade"": ""General Contractor"", ""contractor_company_name"": ""Scott Cummings"", ""contractor_full_name"": ""Design Ecology"", ""contractor_phone"": ""5129140388"", ""contractor_address2"": ""3714   MANCH"", ""contractor_city"": ""AUSTIN"", ""contractor_zip"": ""78704"", ""applicant_full_name"": ""Design Ecology"", ""applicant_org"": ""Scott Cummings"", ""applicant_phone"": ""5129140388"", ""applicant_address2"": ""3714   MANCH"", ""applicant_city"": ""AUSTIN"", ""applicantzip"": ""78704"", ""certificate_of_occupancy"": ""No"", ""total_lot_sq_ft"": ""21550""}",2026-05-03T10:54:27.275855+00:00
2026-051660 BP,Replacement of roof.,2026-04-30T00:00:00+00:00,Remodel,Building Permit,,"Foundation Specialists, Inc",Active,8527 N CAPITAL OF TEXAS HWY NB BLDG 8521,78759,Commercial,7137695994,https://abc.austintexas.gov/web/permit/public-search-other?t_detail=1&t_selected_folderrsn=13693613,2026-04-30T00:00:00+00:00,"{""permittype"": ""BP"", ""permit_type_desc"": ""Building Permit"", ""permit_number"": ""2026-051660 BP"", ""permit_class_mapped"": ""Commercial"", ""permit_class"": ""C-1000 Commercial Remodel"", ""work_class"": ""Remodel"", ""condominium"": ""No"", ""permit_location"": ""8527 N CAPITAL OF TEXAS HWY NB BLDG 8521"", ""description"": ""Replacement of roof."", ""tcad_id"": ""0150050125"", ""legal_description"": ""LOT 1 SPICE FOREST"", ""applieddate"": ""2026-04-27T00:00:00.000"", ""issue_date"": ""2026-04-30T00:00:00.000"", ""day_issued"": ""THURSDAY"", ""calendar_year_issued"": ""2026"", ""fiscal_year_issued"": ""2026"", ""issued_in_last_30_days"": ""Yes"", ""issue_method"": ""Permit Center"", ""status_current"": ""Active"", ""statusdate"": ""2026-04-30T00:00:00.000"", ""expiresdate"": ""2026-10-28T00:00:00.000"", ""remodel_repair_sqft"": ""4616"", ""total_valuation_remodel"": ""0"", ""number_of_floors"": ""1"", ""housing_units"": ""1"", ""building_valuation_remodel"": ""0"", ""electrical_valuation_remodel"": ""0"", ""mechanical_valuation_remodel"": ""0"", ""plumbing_valuation_remodel"": ""0"", ""medgas_valuation_remodel"": ""0"", ""original_address1"": ""8527 N CAPITAL OF TEXAS HWY NB BLDG 8521"", ""original_city"": ""AUSTIN"", ""original_state"": ""TX"", ""original_zip"": ""78759"", ""council_district"": ""10"", ""jurisdiction"": ""AUSTIN FULL PURPOSE"", ""link"": {""url"": ""https://abc.austintexas.gov/web/permit/public-search-other?t_detail=1&t_selected_folderrsn=13693613""}, ""project_id"": ""13693613"", ""masterpermitnum"": ""13693599"", ""latitude"": ""30.38609729"", ""longitude"": ""-97.76435808"", ""location"": {""latitude"": ""30.38609729"", ""longitude"": ""-97.76435808"", ""human_address"": ""{\""address\"": \""\"", \""city\"": \""\"", \""state\"": \""\"", \""zip\"": \""\""}""}, ""contractor_trade"": ""General Contractor"", ""contractor_company_name"": ""Foundation Specialists, Inc"", ""contractor_full_name"": ""Amber Whitaker"", ""contractor_phone"": ""7137695994"", ""contractor_address2"": ""4224 W Sam H"", ""contractor_city"": ""Houston"", ""contractor_zip"": ""77041-____"", ""applicant_full_name"": ""Amber Whitaker"", ""applicant_org"": ""Foundation Specialists, Inc"", ""applicant_phone"": ""7137695994"", ""applicant_address2"": ""4224 W Sam H"", ""applicant_city"": ""Houston"", ""applicantzip"": ""77041-____"", ""certificate_of_occupancy"": ""No""}",2026-05-03T10:54:27.275855+00:00
2026-052077 BP,Replacement of roof. Existing multifamily.,2026-04-30T00:00:00+00:00,Remodel,Building Permit,,"Foundation Specialists, Inc",Active,8527 N CAPITAL OF TEXAS HWY NB BLDG 8547,78759,Commercial,7137695994,https://abc.austintexas.gov/web/permit/public-search-other?t_detail=1&t_selected_folderrsn=13694058,2026-04-30T00:00:00+00:00,"{""permittype"": ""BP"", ""permit_type_desc"": ""Building Permit"", ""permit_number"": ""2026-052077 BP"", ""permit_class_mapped"": ""Commercial"", ""permit_class"": ""C-1000 Commercial Remodel"", ""work_class"": ""Remodel"", ""condominium"": ""No"", ""permit_location"": ""8527 N CAPITAL OF TEXAS HWY NB BLDG 8547"", ""description"": ""Replacement of roof. Existing multifamily."", ""tcad_id"": ""0150050125"", ""legal_description"": ""LOT 1 SPICE FOREST"", ""applieddate"": ""2026-04-27T00:00:00.000"", ""issue_date"": ""2026-04-30T00:00:00.000"", ""day_issued"": ""THURSDAY"", ""calendar_year_issued"": ""2026"", ""fiscal_year_issued"": ""2026"", ""issued_in_last_30_days"": ""Yes"", ""issue_method"": ""Permit Center"", ""status_current"": ""Active"", ""statusdate"": ""2026-04-30T00:00:00.000"", ""expiresdate"": ""2026-10-28T00:00:00.000"", ""remodel_repair_sqft"": ""4616"", ""total_valuation_remodel"": ""23008"", ""number_of_floors"": ""3"", ""housing_units"": ""1"", ""building_valuation_remodel"": ""23008"", ""electrical_valuation_remodel"": ""0"", ""mechanical_valuation_remodel"": ""0"", ""plumbing_valuation_remodel"": ""0"", ""medgas_valuation_remodel"": ""0"", ""original_address1"": ""8527 N CAPITAL OF TEXAS HWY NB BLDG 8547"", ""original_city"": ""AUSTIN"", ""original_state"": ""TX"", ""original_zip"": ""78759"", ""council_district"": ""10"", ""jurisdiction"": ""AUSTIN FULL PURPOSE"", ""link"": {""url"": ""https://abc.austintexas.gov/web/permit/public-search-other?t_detail=1&t_selected_folderrsn=13694058""}, ""project_id"": ""13694058"", ""masterpermitnum"": ""13694055"", ""latitude"": ""30.38609729"", ""longitude"": ""-97.76435808"", ""location"": {""latitude"": ""30.38609729"", ""longitude"": ""-97.76435808"", ""human_address"": ""{\""address\"": \""\"", \""city\"": \""\"", \""state\"": \""\"", \""zip\"": \""\""}""}, ""contractor_trade"": ""General Contractor"", ""contractor_company_name"": ""Foundation Specialists, Inc"", ""contractor_full_name"": ""Amber Whitaker"", ""contractor_phone"": ""7137695994"", ""contractor_address2"": ""4224 W Sam H"", ""contractor_city"": ""Houston"", ""contractor_zip"": ""77041-____"", ""applicant_full_name"": ""Amber Whitaker"", ""applicant_org"": ""Foundation Specialists, Inc"", ""applicant_phone"": ""7137695994"", ""applicant_address2"": ""4224 W Sam H"", ""applicant_city"": ""Houston"", ""applicantzip"": ""77041-____"", ""certificate_of_occupancy"": ""No""}",2026-05-03T10:54:27.275855+00:00
2026-050916 PP,Install 32 of  1.25 Polly gas line in trench from gas meter to generator location.,2026-04-30T00:00:00+00:00,Repair,Plumbing Permit,,JB Services Unlimited,Active,7316 TURNBUOY DR,78730,Residential,5128982700,https://abc.austintexas.gov/web/permit/public-search-other?t_detail=1&t_selected_folderrsn=13692777,2026-04-30T00:00:00+00:00,"{""permittype"": ""PP"", ""permit_type_desc"": ""Plumbing Permit"", ""permit_number"": ""2026-050916 PP"", ""permit_class_mapped"": ""Residential"", ""permit_class"": ""Residential"", ""work_class"": ""Repair"", ""condominium"": ""No"", ""permit_location"": ""7316 TURNBUOY DR"", ""description"": ""Install 32 of  1.25 Polly gas line in trench from gas meter to generator location."", ""tcad_id"": ""0133210506"", ""legal_description"": ""LOT 5 BLK 4 GREENSHORES ON LAKE AUSTIN PHS 3"", ""applieddate"": ""2026-04-24T00:00:00.000"", ""issue_date"": ""2026-04-30T00:00:00.000"", ""day_issued"": ""THURSDAY"", ""calendar_year_issued"": ""2026"", ""fiscal_year_issued"": ""2026"", ""issued_in_last_30_days"": ""Yes"", ""issue_method"": ""Permit Center"", ""status_current"": ""Active"", ""statusdate"": ""2026-04-30T00:00:00.000"", ""expiresdate"": ""2026-10-27T00:00:00.000"", ""remodel_repair_sqft"": ""1432"", ""number_of_floors"": ""0"", ""housing_units"": ""1"", ""original_address1"": ""7316 TURNBUOY DR"", ""original_city"": ""AUSTIN"", ""original_state"": ""TX"", ""original_zip"": ""78730"", ""council_district"": ""10"", ""jurisdiction"": ""AUSTIN LTD"", ""link"": {""url"": ""https://abc.austintexas.gov/web/permit/public-search-other?t_detail=1&t_selected_folderrsn=13692777""}, ""project_id"": ""13692777"", ""latitude"": ""30.3448733"", ""longitude"": ""-97.82244215"", ""location"": {""latitude"": ""30.3448733"", ""longitude"": ""-97.82244215"", ""human_address"": ""{\""address\"": \""\"", \""city\"": \""\"", \""state\"": \""\"", \""zip\"": \""\""}""}, ""contractor_trade"": ""Plumbing Contractor"", ""contractor_company_name"": ""JB Services Unlimited"", ""contractor_full_name"": ""Dylan Konarsky"", ""contractor_phone"": ""5128982700"", ""contractor_address2"": ""406 S BOUNDS"", ""contractor_city"": ""THRALL"", ""contractor_zip"": ""76578-____"", ""certificate_of_occupancy"": ""No""}",2026-05-03T10:54:27.275855+00:00
2026-053131 BP,QT - FOUNDATION REPAIR INSTALLING 36 EXTERIOR AND 12 INTERIOR PILINGS AT EXISTING MULTIFAMILY - OVA,2026-04-30T00:00:00+00:00,Remodel,Building Permit,,Church Foundation Repair,Active,1212 WESTHEIMER DR UNIT 1,78752,Commercial,7134688400,https://abc.austintexas.gov/web/permit/public-search-other?t_detail=1&t_selected_folderrsn=13695222,2026-04-30T00:00:00+00:00,"{""permittype"": ""BP"", ""permit_type_desc"": ""Building Permit"", ""permit_number"": ""2026-053131 BP"", ""permit_class_mapped"": ""Commercial"", ""permit_class"": ""C-1000 Commercial Remodel"", ""work_class"": ""Remodel"", ""condominium"": ""No"", ""permit_location"": ""1212 WESTHEIMER DR UNIT 1"", ""description"": ""QT - FOUNDATION REPAIR INSTALLING 36 EXTERIOR AND 12 INTERIOR PILINGS AT EXISTING MULTIFAMILY - OVA"", ""tcad_id"": ""0228171510"", ""legal_description"": ""LOT 2-3 BLK C CAMERON PARK SEC 1 & LOT 13-16 LESS W 10FT BLK C CAMERON PARK SEC 2 & LOT 16A 17A 18A GRAND CANYON DRIVE SUBD"", ""applieddate"": ""2026-04-28T00:00:00.000"", ""issue_date"": ""2026-04-30T00:00:00.000"", ""day_issued"": ""THURSDAY"", ""calendar_year_issued"": ""2026"", ""fiscal_year_issued"": ""2026"", ""issued_in_last_30_days"": ""Yes"", ""issue_method"": ""Permit Center"", ""status_current"": ""Active"", ""statusdate"": ""2026-04-30T00:00:00.000"", ""expiresdate"": ""2026-10-28T00:00:00.000"", ""remodel_repair_sqft"": ""1500"", ""total_valuation_remodel"": ""0"", ""number_of_floors"": ""2"", ""housing_units"": ""1"", ""building_valuation_remodel"": ""0"", ""electrical_valuation_remodel"": ""0"", ""mechanical_valuation_remodel"": ""0"", ""plumbing_valuation_remodel"": ""0"", ""medgas_valuation_remodel"": ""0"", ""original_address1"": ""1212 WESTHEIMER DR UNIT 1"", ""original_city"": ""AUSTIN"", ""original_state"": ""TX"", ""original_zip"": ""78752"", ""council_district"": ""4"", ""jurisdiction"": ""AUSTIN FULL PURPOSE"", ""link"": {""url"": ""https://abc.austintexas.gov/web/permit/public-search-other?t_detail=1&t_selected_folderrsn=13695222""}, ""project_id"": ""13695222"", ""masterpermitnum"": ""13694668"", ""latitude"": ""30.32578983"", ""longitude"": ""-97.69444216"", ""location"": {""latitude"": ""30.32578983"", ""longitude"": ""-97.69444216"", ""human_address"": ""{\""address\"": \""\"", \""city\"": \""\"", \""state\"": \""\"", \""zip\"": \""\""}""}, ""contractor_trade"": ""General Contractor"", ""contractor_company_name"": ""Church Foundation Repair"", ""contractor_full_name"": ""David Chenault"", ""contractor_phone"": ""7134688400"", ""contractor_address2"": ""2121  Brittm"", ""contractor_city"": ""Houston"", ""contractor_zip"": ""77043"", ""applicant_full_name"": ""David Chenault"", ""applicant_org"": ""Church Foundation Repair"", ""applicant_phone"": ""7134688400"", ""applicant_address2"": ""2121  Brittm"", ""applicant_city"": ""Houston"", ""applicantzip"": ""77043"", ""certificate_of_occupancy"": ""No""}",2026-05-03T10:54:27.275855+00:00
2026-028760 PP,Falcon S404 A Left New - 2 Story SFR w/ 4 bedrooms 2.5 bathrooms attached 2 car garage covered entry porch and patio required parking: 2.,2026-04-30T00:00:00+00:00,New,Plumbing Permit,,Christianson Plumbing,Active,4512 LAVA ISLAND DR,78747,Residential,5122465400,https://abc.austintexas.gov/web/permit/public-search-other?t_detail=1&t_selected_folderrsn=13667279,2026-05-01T00:00:00+00:00,"{""permittype"": ""PP"", ""permit_type_desc"": ""Plumbing Permit"", ""permit_number"": ""2026-028760 PP"", ""permit_class_mapped"": ""Residential"", ""permit_class"": ""R- 101 Single Family Houses"", ""work_class"": ""New"", ""condominium"": ""No"", ""permit_location"": ""4512 LAVA ISLAND DR"", ""description"": ""Falcon S404 A Left New - 2 Story SFR w/ 4 bedrooms 2.5 bathrooms attached 2 car garage covered entry porch and patio required parking: 2."", ""tcad_id"": ""0447110903"", ""legal_description"": ""CASCADES AT ONION CREEK EAST PHS 3 BLK I LOT 43"", ""applieddate"": ""2026-02-26T00:00:00.000"", ""issue_date"": ""2026-04-30T00:00:00.000"", ""day_issued"": ""THURSDAY"", ""calendar_year_issued"": ""2026"", ""fiscal_year_issued"": ""2026"", ""issued_in_last_30_days"": ""Yes"", ""issue_method"": ""Permit Center"", ""status_current"": ""Active"", ""statusdate"": ""2026-05-01T00:00:00.000"", ""expiresdate"": ""2026-10-28T00:00:00.000"", ""total_new_add_sqft"": ""2848"", ""number_of_floors"": ""2"", ""housing_units"": ""1"", ""original_address1"": ""4512 LAVA ISLAND DR"", ""original_city"": ""AUSTIN"", ""original_state"": ""TX"", ""original_zip"": ""78747"", ""council_district"": ""5"", ""jurisdiction"": ""AUSTIN FULL PURPOSE"", ""link"": {""url"": ""https://abc.austintexas.gov/web/permit/public-search-other?t_detail=1&t_selected_folderrsn=13667279""}, ""project_id"": ""13667279"", ""masterpermitnum"": ""13667272"", ""contractor_trade"": ""Plumbing Contractor"", ""contractor_company_name"": ""Christianson Plumbing"", ""contractor_full_name"": ""Brian Trent Christianson"", ""contractor_phone"": ""5122465400"", ""contractor_address2"": ""1950  LOUIS"", ""contractor_city"": ""ROUND ROCK"", ""contractor_zip"": ""78664"", ""certificate_of_occupancy"": ""No""}",2026-05-03T10:54:27.275855+00:00
2023-144342 PP,Expedited Review - New Construction of a 1-Story Accessory structure. [1bath].,2026-04-30T00:00:00+00:00,New,Plumbing Permit,,"TEXAS GRAND PLUMBING, LLC",Active,1809 MARGARET ST,78704,Residential,5129924724,https://abc.austintexas.gov/web/permit/public-search-other?t_detail=1&t_selected_folderrsn=13237424,2026-04-30T00:00:00+00:00,"{""permittype"": ""PP"", ""permit_type_desc"": ""Plumbing Permit"", ""permit_number"": ""2023-144342 PP"", ""permit_class_mapped"": ""Residential"", ""permit_class"": ""R- 330  Accessory Use to Primary"", ""work_class"": ""New"", ""condominium"": ""No"", ""permit_location"": ""1809 MARGARET ST"", ""description"": ""Expedited Review - New Construction of a 1-Story Accessory structure. [1bath]."", ""tcad_id"": ""0102051507"", ""legal_description"": ""LOT 15 BLK B SOUTH LUND SOUTH"", ""applieddate"": ""2022-11-23T00:00:00.000"", ""issue_date"": ""2026-04-30T00:00:00.000"", ""day_issued"": ""THURSDAY"", ""calendar_year_issued"": ""2026"", ""fiscal_year_issued"": ""2026"", ""issued_in_last_30_days"": ""Yes"", ""issue_method"": ""Permit Center"", ""status_current"": ""Active"", ""statusdate"": ""2026-04-30T00:00:00.000"", ""expiresdate"": ""2026-10-05T00:00:00.000"", ""total_new_add_sqft"": ""479"", ""number_of_floors"": ""1"", ""housing_units"": ""0"", ""original_address1"": ""1809 MARGARET ST"", ""original_city"": ""AUSTIN"", ""original_state"": ""TX"", ""original_zip"": ""78704"", ""council_district"": ""5"", ""jurisdiction"": ""AUSTIN FULL PURPOSE"", ""link"": {""url"": ""https://abc.austintexas.gov/web/permit/public-search-other?t_detail=1&t_selected_folderrsn=13237424""}, ""project_id"": ""13237424"", ""masterpermitnum"": ""13237388"", ""latitude"": ""30.25739074"", ""longitude"": ""-97.76823876"", ""location"": {""latitude"": ""30.25739074"", ""longitude"": ""-97.76823876"", ""human_address"": ""{\""address\"": \""\"", \""city\"": \""\"", \""state\"": \""\"", \""zip\"": \""\""}""}, ""contractor_trade"": ""Plumbing Contractor"", ""contractor_company_name"": ""TEXAS GRAND PLUMBING, LLC"", ""contractor_full_name"": ""Raymond Munoz"", ""contractor_phone"": ""5129924724"", ""contractor_address2"": ""2010  CONEST"", ""contractor_city"": ""AUSTIN"", ""contractor_zip"": ""78744"", ""certificate_of_occupancy"": ""No""}",2026-05-03T10:54:27.275855+00:00
2026-049373 EP,Addition to existing 1-story single-family residential to include: new covered rear patio; leveling out roof.,2026-04-30T00:00:00+00:00,Addition and Remodel,Electrical Permit,,Not Provided,Active,2306 WILLOW ST,78702,Residential,5126982793,https://abc.austintexas.gov/web/permit/public-search-other?t_detail=1&t_selected_folderrsn=13690864,2026-04-30T00:00:00+00:00,"{""permittype"": ""EP"", ""permit_type_desc"": ""Electrical Permit"", ""permit_number"": ""2026-049373 EP"", ""permit_class_mapped"": ""Residential"", ""permit_class"": ""R- 434 Addition & Alterations"", ""work_class"": ""Addition and Remodel"", ""condominium"": ""No"", ""permit_location"": ""2306 WILLOW ST"", ""description"": ""Addition to existing 1-story single-family residential to include: new covered rear patio; leveling out roof."", ""tcad_id"": ""0201091007"", ""legal_description"": ""LOT 12 BLK B OLT 39 DIV O DRIVING PARK ADDN"", ""applieddate"": ""2025-09-25T00:00:00.000"", ""issue_date"": ""2026-04-30T00:00:00.000"", ""day_issued"": ""THURSDAY"", ""calendar_year_issued"": ""2026"", ""fiscal_year_issued"": ""2026"", ""issued_in_last_30_days"": ""Yes"", ""issue_method"": ""Permit Center"", ""status_current"": ""Active"", ""statusdate"": ""2026-04-30T00:00:00.000"", ""expiresdate"": ""2026-10-12T00:00:00.000"", ""total_existing_bldg_sqft"": ""1386"", ""remodel_repair_sqft"": ""1"", ""total_new_add_sqft"": ""104"", ""number_of_floors"": ""1"", ""housing_units"": ""1"", ""electrical_valuation_remodel"": ""1"", ""original_address1"": ""2306 WILLOW ST"", ""original_city"": ""AUSTIN"", ""original_state"": ""TX"", ""original_zip"": ""78702"", ""council_district"": ""3"", ""jurisdiction"": ""AUSTIN FULL PURPOSE"", ""link"": {""url"": ""https://abc.austintexas.gov/web/permit/public-search-other?t_detail=1&t_selected_folderrsn=13690864""}, ""project_id"": ""13690864"", ""masterpermitnum"": ""13680537"", ""latitude"": ""30.25437617"", ""longitude"": ""-97.71910917"", ""location"": {""latitude"": ""30.25437617"", ""longitude"": ""-97.71910917"", ""human_address"": ""{\""address\"": \""\"", \""city\"": \""\"", \""state\"": \""\"", \""zip\"": \""\""}""}, ""contractor_trade"": ""General Contractor"", ""contractor_full_name"": ""Martin Medina"", ""contractor_phone"": ""5126982793"", ""contractor_address2"": ""503 E FAWNRI"", ""contractor_city"": ""AUSTIN"", ""contractor_zip"": ""78753-____"", ""certificate_of_occupancy"": ""No""}",2026-05-03T10:54:27.275855+00:00
2026-051715 BP,Replacement of roof.,2026-04-30T00:00:00+00:00,Remodel,Building Permit,,"Foundation Specialists, Inc",Active,8527 N CAPITAL OF TEXAS HWY NB BLDG 8513,78759,Commercial,7137695994,https://abc.austintexas.gov/web/permit/public-search-other?t_detail=1&t_selected_folderrsn=13693675,2026-04-30T00:00:00+00:00,"{""permittype"": ""BP"", ""permit_type_desc"": ""Building Permit"", ""permit_number"": ""2026-051715 BP"", ""permit_class_mapped"": ""Commercial"", ""permit_class"": ""C-1000 Commercial Remodel"", ""work_class"": ""Remodel"", ""condominium"": ""No"", ""permit_location"": ""8527 N CAPITAL OF TEXAS HWY NB BLDG 8513"", ""description"": ""Replacement of roof."", ""tcad_id"": ""0150050125"", ""legal_description"": ""LOT 1 SPICE FOREST"", ""applieddate"": ""2026-04-27T00:00:00.000"", ""issue_date"": ""2026-04-30T00:00:00.000"", ""day_issued"": ""THURSDAY"", ""calendar_year_issued"": ""2026"", ""fiscal_year_issued"": ""2026"", ""issued_in_last_30_days"": ""Yes"", ""issue_method"": ""Permit Center"", ""status_current"": ""Active"", ""statusdate"": ""2026-04-30T00:00:00.000"", ""expiresdate"": ""2026-10-28T00:00:00.000"", ""remodel_repair_sqft"": ""4616"", ""total_valuation_remodel"": ""0"", ""number_of_floors"": ""1"", ""housing_units"": ""1"", ""building_valuation_remodel"": ""0"", ""electrical_valuation_remodel"": ""0"", ""mechanical_valuation_remodel"": ""0"", ""plumbing_valuation_remodel"": ""0"", ""medgas_valuation_remodel"": ""0"", ""original_address1"": ""8527 N CAPITAL OF TEXAS HWY NB BLDG 8513"", ""original_city"": ""AUSTIN"", ""original_state"": ""TX"", ""original_zip"": ""78759"", ""council_district"": ""10"", ""jurisdiction"": ""AUSTIN FULL PURPOSE"", ""link"": {""url"": ""https://abc.austintexas.gov/web/permit/public-search-other?t_detail=1&t_selected_folderrsn=13693675""}, ""project_id"": ""13693675"", ""masterpermitnum"": ""13693661"", ""latitude"": ""30.38609729"", ""longitude"": ""-97.76435808"", ""location"": {""latitude"": ""30.38609729"", ""longitude"": ""-97.76435808"", ""human_address"": ""{\""address\"": \""\"", \""city\"": \""\"", \""state\"": \""\"", \""zip\"": \""\""}""}, ""contractor_trade"": ""General Contractor"", ""contractor_company_name"": ""Foundation Specialists, Inc"", ""contractor_full_name"": ""Amber Whitaker"", ""contractor_phone"": ""7137695994"", ""contractor_address2"": ""4224 W Sam H"", ""contractor_city"": ""Houston"", ""contractor_zip"": ""77041-____"", ""applicant_full_name"": ""Amber Whitaker"", ""applicant_org"": ""Foundation Specialists, Inc"", ""applicant_phone"": ""7137695994"", ""applicant_address2"": ""4224 W Sam H"", ""applicant_city"": ""Houston"", ""applicantzip"": ""77041-____"", ""certificate_of_occupancy"": ""No""}",2026-05-03T10:54:27.275855+00:00
2026-052464 MP,Replacement of complete existing central heat and air system with or without duct work,2026-04-30T00:00:00+00:00,Change Out,Mechanical Permit,,McCullough Heating & Air,Active,4713 AVENUE G,78751,Residential,5122800011,https://abc.austintexas.gov/web/permit/public-search-other?t_detail=1&t_selected_folderrsn=13694506,2026-04-30T00:00:00+00:00,"{""permittype"": ""MP"", ""permit_type_desc"": ""Mechanical Permit"", ""permit_number"": ""2026-052464 MP"", ""permit_class_mapped"": ""Residential"", ""permit_class"": ""Residential"", ""work_class"": ""Change Out"", ""permit_location"": ""4713 AVENUE G"", ""description"": ""Replacement of complete existing central heat and air system with or without duct work"", ""tcad_id"": ""0221080707"", ""legal_description"": ""LOT 22-23 BLK 57 HIGHLANDS THE"", ""applieddate"": ""2026-04-28T00:00:00.000"", ""issue_date"": ""2026-04-30T00:00:00.000"", ""day_issued"": ""THURSDAY"", ""calendar_year_issued"": ""2026"", ""fiscal_year_issued"": ""2026"", ""issued_in_last_30_days"": ""Yes"", ""issue_method"": ""Permit Center"", ""status_current"": ""Active"", ""statusdate"": ""2026-04-30T00:00:00.000"", ""expiresdate"": ""2026-10-27T00:00:00.000"", ""original_address1"": ""4713 AVENUE G"", ""original_city"": ""AUSTIN"", ""original_state"": ""TX"", ""original_zip"": ""78751"", ""council_district"": ""9"", ""jurisdiction"": ""AUSTIN FULL PURPOSE"", ""link"": {""url"": ""https://abc.austintexas.gov/web/permit/public-search-other?t_detail=1&t_selected_folderrsn=13694506""}, ""project_id"": ""13694506"", ""latitude"": ""30.31132651"", ""longitude"": ""-97.72390943"", ""location"": {""latitude"": ""30.31132651"", ""longitude"": ""-97.72390943"", ""human_address"": ""{\""address\"": \""\"", \""city\"": \""\"", \""state\"": \""\"", \""zip\"": \""\""}""}, ""contractor_trade"": ""Mechanical Contractor"", ""contractor_company_name"": ""McCullough Heating & Air"", ""contractor_full_name"": ""Albert D'Andrea"", ""contractor_phone"": ""5122800011"", ""contractor_address2"": ""2620  BUELL"", ""contractor_city"": ""AUSTIN"", ""contractor_zip"": ""78757""}",2026-05-03T10:54:27.275855+00:00
2026-050487 EP,Emergency repair of the reception area which includes drywall and electrical from damage from a car.,2026-04-30T00:00:00+00:00,Remodel,Electrical Permit,,Savelectric,Active,2727 EXPOSITION BLVD UNIT 119,78703,Commercial,5128446384,https://abc.austintexas.gov/web/permit/public-search-other?t_detail=1&t_selected_folderrsn=13692282,2026-04-30T00:00:00+00:00,"{""permittype"": ""EP"", ""permit_type_desc"": ""Electrical Permit"", ""permit_number"": ""2026-050487 EP"", ""permit_class_mapped"": ""Commercial"", ""permit_class"": ""Commercial"", ""work_class"": ""Remodel"", ""condominium"": ""No"", ""permit_location"": ""2727 EXPOSITION BLVD UNIT 119"", ""description"": ""Emergency repair of the reception area which includes drywall and electrical from damage from a car."", ""tcad_id"": ""0119050302"", ""legal_description"": ""LOT 36-43 & PT OF LOTS 34-35 & 44 BLK 4 BROWN HERMAN ADDN"", ""applieddate"": ""2026-04-23T00:00:00.000"", ""issue_date"": ""2026-04-30T00:00:00.000"", ""day_issued"": ""THURSDAY"", ""calendar_year_issued"": ""2026"", ""fiscal_year_issued"": ""2026"", ""issued_in_last_30_days"": ""Yes"", ""issue_method"": ""Permit Center"", ""status_current"": ""Active"", ""statusdate"": ""2026-04-30T00:00:00.000"", ""expiresdate"": ""2026-10-26T00:00:00.000"", ""remodel_repair_sqft"": ""400"", ""number_of_floors"": ""1"", ""housing_units"": ""2"", ""electrical_valuation_remodel"": ""1"", ""original_address1"": ""2727 EXPOSITION BLVD UNIT 119"", ""original_city"": ""AUSTIN"", ""original_state"": ""TX"", ""original_zip"": ""78703"", ""council_district"": ""10"", ""jurisdiction"": ""AUSTIN FULL PURPOSE"", ""link"": {""url"": ""https://abc.austintexas.gov/web/permit/public-search-other?t_detail=1&t_selected_folderrsn=13692282""}, ""project_id"": ""13692282"", ""masterpermitnum"": ""13692268"", ""latitude"": ""30.30435394"", ""longitude"": ""-97.76446425"", ""location"": {""latitude"": ""30.30435394"", ""longitude"": ""-97.76446425"", ""human_address"": ""{\""address\"": \""\"", \""city\"": \""\"", \""state\"": \""\"", \""zip\"": \""\""}""}, ""contractor_trade"": ""Electrical Contractor"", ""contractor_company_name"": ""Savelectric"", ""contractor_full_name"": ""Steven Van De Hoef"", ""contractor_phone"": ""5128446384"", ""contractor_address1"": ""P.O. BOX 126"", ""contractor_address2"": ""DALE TX  786"", ""contractor_city"": ""Dale"", ""contractor_zip"": ""78616"", ""certificate_of_occupancy"": ""No""}",2026-05-03T10:54:27.275855+00:00
2026-047075 PP,Change of use from retail to personal improvement services. Minor interior remodel.,2026-04-30T00:00:00+00:00,Remodel,Plumbing Permit,,Magnolia Plumbing,Active,6001 W PARMER LN UNIT 230,78727,Commercial,9368705783,https://abc.austintexas.gov/web/permit/public-search-other?t_detail=1&t_selected_folderrsn=13688236,2026-04-30T00:00:00+00:00,"{""permittype"": ""PP"", ""permit_type_desc"": ""Plumbing Permit"", ""permit_number"": ""2026-047075 PP"", ""permit_class_mapped"": ""Commercial"", ""permit_class"": ""C-1000 Commercial Remodel"", ""work_class"": ""Remodel"", ""condominium"": ""No"", ""permit_location"": ""6001 W PARMER LN UNIT 230"", ""description"": ""Change of use from retail to personal improvement services. Minor interior remodel."", ""tcad_id"": ""0270001703"", ""legal_description"": ""LOT 3 BLK A HEB/PARMER RESUB"", ""applieddate"": ""2026-02-18T00:00:00.000"", ""issue_date"": ""2026-04-30T00:00:00.000"", ""day_issued"": ""THURSDAY"", ""calendar_year_issued"": ""2026"", ""fiscal_year_issued"": ""2026"", ""issued_in_last_30_days"": ""Yes"", ""issue_method"": ""Permit Center"", ""status_current"": ""Active"", ""statusdate"": ""2026-04-30T00:00:00.000"", ""expiresdate"": ""2026-10-18T00:00:00.000"", ""remodel_repair_sqft"": ""3812"", ""number_of_floors"": ""1"", ""housing_units"": ""1"", ""original_address1"": ""6001 W PARMER LN UNIT 230"", ""original_city"": ""AUSTIN"", ""original_state"": ""TX"", ""original_zip"": ""78727"", ""council_district"": ""6"", ""jurisdiction"": ""AUSTIN FULL PURPOSE"", ""link"": {""url"": ""https://abc.austintexas.gov/web/permit/public-search-other?t_detail=1&t_selected_folderrsn=13688236""}, ""project_id"": ""13688236"", ""masterpermitnum"": ""13688224"", ""contractor_trade"": ""Plumbing Contractor"", ""contractor_company_name"": ""Magnolia Plumbing"", ""contractor_full_name"": ""Jimmy Secrest"", ""contractor_phone"": ""9368705783"", ""contractor_address2"": ""10989  Count"", ""contractor_city"": ""Plantersvill"", ""contractor_zip"": ""77363-____"", ""certificate_of_occupancy"": ""No""}",2026-05-03T10:54:27.275855+00:00
2026-053618 BP,EXPRESS: Foundation repair,2026-04-30T00:00:00+00:00,Repair,Building Permit,1.0,We Level It    {formally Centex House Leveling***MAIN****},Active,3110 DARNELL DR,78745,Residential,5124445438,https://abc.austintexas.gov/web/permit/public-search-other?t_detail=1&t_selected_folderrsn=13695769,2026-04-30T00:00:00+00:00,"{""permittype"": ""BP"", ""permit_type_desc"": ""Building Permit"", ""permit_number"": ""2026-053618 BP"", ""permit_class_mapped"": ""Residential"", ""permit_class"": ""R- 435 Renovations/Remodel"", ""work_class"": ""Repair"", ""condominium"": ""No"", ""permit_location"": ""3110 DARNELL DR"", ""description"": ""EXPRESS: Foundation repair"", ""tcad_id"": ""0418271414"", ""legal_description"": ""LOT 7 BLK A SOUTHAMPTON HILLS II"", ""applieddate"": ""2026-04-30T00:00:00.000"", ""issue_date"": ""2026-04-30T00:00:00.000"", ""day_issued"": ""THURSDAY"", ""calendar_year_issued"": ""2026"", ""fiscal_year_issued"": ""2026"", ""issued_in_last_30_days"": ""Yes"", ""issue_method"": ""Permit Center"", ""status_current"": ""Active"", ""statusdate"": ""2026-04-30T00:00:00.000"", ""expiresdate"": ""2026-10-28T00:00:00.000"", ""remodel_repair_sqft"": ""1"", ""total_valuation_remodel"": ""4"", ""total_job_valuation"": ""1"", ""number_of_floors"": ""1"", ""housing_units"": ""1"", ""building_valuation_remodel"": ""1"", ""electrical_valuation_remodel"": ""1"", ""mechanical_valuation_remodel"": ""1"", ""plumbing_valuation_remodel"": ""1"", ""original_address1"": ""3110 DARNELL DR"", ""original_city"": ""AUSTIN"", ""original_state"": ""TX"", ""original_zip"": ""78745"", ""council_district"": ""5"", ""jurisdiction"": ""AUSTIN FULL PURPOSE"", ""link"": {""url"": ""https://abc.austintexas.gov/web/permit/public-search-other?t_detail=1&t_selected_folderrsn=13695769""}, ""project_id"": ""13695769"", ""masterpermitnum"": ""13695763"", ""latitude"": ""30.19984802"", ""longitude"": ""-97.83060603"", ""location"": {""latitude"": ""30.19984802"", ""longitude"": ""-97.83060603"", ""human_address"": ""{\""address\"": \""\"", \""city\"": \""\"", \""state\"": \""\"", \""zip\"": \""\""}""}, ""contractor_trade"": ""General Contractor"", ""contractor_company_name"": ""We Level It    {formally Centex House Leveling***MAIN****}"", ""contractor_phone"": ""5124445438"", ""contractor_address2"": ""1120 E 52ND"", ""contractor_city"": ""AUSTIN"", ""contractor_zip"": ""78723"", ""applicant_org"": ""We Level It    {formally Centex House Leveling***MAIN****}"", ""applicant_phone"": ""5124445438"", ""applicant_address2"": ""1120 E 52ND"", ""applicant_city"": ""AUSTIN"", ""applicantzip"": ""78723"", ""certificate_of_occupancy"": ""No""}",2026-05-03T10:54:27.275855+00:00
2026-026244 PP,New construction single-family residential 1-story 4 bedroom 3 bath with attached 3-car garage covered front porch and covered rear patio.,2026-04-30T00:00:00+00:00,New,Plumbing Permit,,Victory Plumbing Company,Active,9109 THE RAVINE WAY,78744,Residential,5129907200,https://abc.austintexas.gov/web/permit/public-search-other?t_detail=1&t_selected_folderrsn=13664476,2026-04-30T00:00:00+00:00,"{""permittype"": ""PP"", ""permit_type_desc"": ""Plumbing Permit"", ""permit_number"": ""2026-026244 PP"", ""permit_class_mapped"": ""Residential"", ""permit_class"": ""R- 101 Single Family Houses"", ""work_class"": ""New"", ""condominium"": ""No"", ""permit_location"": ""9109 THE RAVINE WAY"", ""description"": ""New construction single-family residential 1-story 4 bedroom 3 bath with attached 3-car garage covered front porch and covered rear patio."", ""tcad_id"": ""0338131413"", ""legal_description"": ""PROSPECT PARK PHS 1 BLK F LOT 16"", ""applieddate"": ""2026-01-13T00:00:00.000"", ""issue_date"": ""2026-04-30T00:00:00.000"", ""day_issued"": ""THURSDAY"", ""calendar_year_issued"": ""2026"", ""fiscal_year_issued"": ""2026"", ""issued_in_last_30_days"": ""Yes"", ""issue_method"": ""Permit Center"", ""status_current"": ""Active"", ""statusdate"": ""2026-04-30T00:00:00.000"", ""expiresdate"": ""2026-09-02T00:00:00.000"", ""total_new_add_sqft"": ""3639"", ""number_of_floors"": ""1"", ""housing_units"": ""1"", ""original_address1"": ""9109 THE RAVINE WAY"", ""original_city"": ""AUSTIN"", ""original_state"": ""TX"", ""original_zip"": ""78744"", ""council_district"": ""2"", ""jurisdiction"": ""AUSTIN LTD"", ""link"": {""url"": ""https://abc.austintexas.gov/web/permit/public-search-other?t_detail=1&t_selected_folderrsn=13664476""}, ""project_id"": ""13664476"", ""masterpermitnum"": ""13664468"", ""contractor_trade"": ""Plumbing Contractor"", ""contractor_company_name"": ""Victory Plumbing Company"", ""contractor_full_name"": ""Randolph Taylor"", ""contractor_phone"": ""5129907200"", ""contractor_address2"": ""1175  Countr"", ""contractor_city"": ""HUTTO"", ""contractor_zip"": ""78634"", ""certificate_of_occupancy"": ""No""}",2026-05-03T10:54:27.275855+00:00
2026-051839 BP,RE ROOF BLDG 8557 EXISTING APARTMENT COMPLEX - OVA,2026-04-30T00:00:00+00:00,Remodel,Building Permit,,"Foundation Specialists, Inc",Active,8527 N CAPITAL OF TEXAS HWY NB BLDG 8557,78759,Commercial,7137695994,https://abc.austintexas.gov/web/permit/public-search-other?t_detail=1&t_selected_folderrsn=13693810,2026-04-30T00:00:00+00:00,"{""permittype"": ""BP"", ""permit_type_desc"": ""Building Permit"", ""permit_number"": ""2026-051839 BP"", ""permit_class_mapped"": ""Commercial"", ""permit_class"": ""C-1000 Commercial Remodel"", ""work_class"": ""Remodel"", ""condominium"": ""No"", ""permit_location"": ""8527 N CAPITAL OF TEXAS HWY NB BLDG 8557"", ""description"": ""RE ROOF BLDG 8557 EXISTING APARTMENT COMPLEX - OVA"", ""tcad_id"": ""0150050125"", ""legal_description"": ""LOT 1 SPICE FOREST"", ""applieddate"": ""2026-04-27T00:00:00.000"", ""issue_date"": ""2026-04-30T00:00:00.000"", ""day_issued"": ""THURSDAY"", ""calendar_year_issued"": ""2026"", ""fiscal_year_issued"": ""2026"", ""issued_in_last_30_days"": ""Yes"", ""issue_method"": ""Permit Center"", ""status_current"": ""Active"", ""statusdate"": ""2026-04-30T00:00:00.000"", ""expiresdate"": ""2026-10-28T00:00:00.000"", ""remodel_repair_sqft"": ""3634"", ""total_valuation_remodel"": ""23008"", ""number_of_floors"": ""3"", ""housing_units"": ""1"", ""building_valuation_remodel"": ""23008"", ""electrical_valuation_remodel"": ""0"", ""mechanical_valuation_remodel"": ""0"", ""plumbing_valuation_remodel"": ""0"", ""medgas_valuation_remodel"": ""0"", ""original_address1"": ""8527 N CAPITAL OF TEXAS HWY NB BLDG 8557"", ""original_city"": ""AUSTIN"", ""original_state"": ""TX"", ""original_zip"": ""78759"", ""council_district"": ""10"", ""jurisdiction"": ""AUSTIN FULL PURPOSE"", ""link"": {""url"": ""https://abc.austintexas.gov/web/permit/public-search-other?t_detail=1&t_selected_folderrsn=13693810""}, ""project_id"": ""13693810"", ""masterpermitnum"": ""13693800"", ""latitude"": ""30.38609729"", ""longitude"": ""-97.76435808"", ""location"": {""latitude"": ""30.38609729"", ""longitude"": ""-97.76435808"", ""human_address"": ""{\""address\"": \""\"", \""city\"": \""\"", \""state\"": \""\"", \""zip\"": \""\""}""}, ""contractor_trade"": ""General Contractor"", ""contractor_company_name"": ""Foundation Specialists, Inc"", ""contractor_full_name"": ""Amber Whitaker"", ""contractor_phone"": ""7137695994"", ""contractor_address2"": ""4224 W Sam H"", ""contractor_city"": ""Houston"", ""contractor_zip"": ""77041-____"", ""applicant_full_name"": ""Amber Whitaker"", ""applicant_org"": ""Foundation Specialists, Inc"", ""applicant_phone"": ""7137695994"", ""applicant_address2"": ""4224 W Sam H"", ""applicant_city"": ""Houston"", ""applicantzip"": ""77041-____"", ""certificate_of_occupancy"": ""No""}",2026-05-03T10:54:27.275855+00:00
2022-132335 MP,ePlan: Expedited Review - Finish Out of  Level 6 of a 6-Story Mixed Use Multi-Family Bldgs. (25399 SF),2026-04-30T00:00:00+00:00,Remodel,Mechanical Permit,,"Truform Metalservice, Inc.",Active,300 PRESSLER ST,78703,Commercial,5122581675,https://abc.austintexas.gov/web/permit/public-search-other?t_detail=1&t_selected_folderrsn=13009073,2026-04-30T00:00:00+00:00,"{""permittype"": ""MP"", ""permit_type_desc"": ""Mechanical Permit"", ""permit_number"": ""2022-132335 MP"", ""permit_class_mapped"": ""Commercial"", ""permit_class"": ""C-1001 Commercial Finish Out"", ""work_class"": ""Remodel"", ""condominium"": ""No"", ""permit_location"": ""300 PRESSLER ST"", ""description"": ""ePlan: Expedited Review - Finish Out of  Level 6 of a 6-Story Mixed Use Multi-Family Bldgs. (25399 SF)"", ""tcad_id"": ""0107030108"", ""legal_description"": "".309 AC OF OLT 11 DIVISION Z"", ""applieddate"": ""2022-06-01T00:00:00.000"", ""issue_date"": ""2026-04-30T00:00:00.000"", ""day_issued"": ""THURSDAY"", ""calendar_year_issued"": ""2026"", ""fiscal_year_issued"": ""2026"", ""issued_in_last_30_days"": ""Yes"", ""issue_method"": ""Permit Center"", ""status_current"": ""Active"", ""statusdate"": ""2026-04-30T00:00:00.000"", ""expiresdate"": ""2026-10-27T00:00:00.000"", ""remodel_repair_sqft"": ""25399"", ""number_of_floors"": ""1"", ""housing_units"": ""24"", ""original_address1"": ""300 PRESSLER ST"", ""original_city"": ""AUSTIN"", ""original_state"": ""TX"", ""original_zip"": ""78703"", ""council_district"": ""9"", ""jurisdiction"": ""AUSTIN FULL PURPOSE"", ""link"": {""url"": ""https://abc.austintexas.gov/web/permit/public-search-other?t_detail=1&t_selected_folderrsn=13009073""}, ""project_id"": ""13009073"", ""masterpermitnum"": ""13008502"", ""latitude"": ""30.27166234"", ""longitude"": ""-97.76166172"", ""location"": {""latitude"": ""30.27166234"", ""longitude"": ""-97.76166172"", ""human_address"": ""{\""address\"": \""\"", \""city\"": \""\"", \""state\"": \""\"", \""zip\"": \""\""}""}, ""contractor_trade"": ""Mechanical Contractor"", ""contractor_company_name"": ""Truform Metalservice, Inc."", ""contractor_full_name"": ""Steven Allen Lane"", ""contractor_phone"": ""5122581675"", ""contractor_address1"": ""P. O. BOX 20"", ""contractor_address2"": ""AUSTIN TX  7"", ""contractor_city"": ""Austin"", ""contractor_zip"": ""78729"", ""certificate_of_occupancy"": ""No""}",2026-05-03T10:54:27.275855+00:00
2022-132333 MP,ePlan: Expedited Review - Finish Out of  Level 4 of a 6-Story Mixed Use Multi-Family Bldgs. (25399 SF),2026-04-30T00:00:00+00:00,Remodel,Mechanical Permit,,"Truform Metalservice, Inc.",Active,300 PRESSLER ST,78703,Commercial,5122581675,https://abc.austintexas.gov/web/permit/public-search-other?t_detail=1&t_selected_folderrsn=13009067,2026-04-30T00:00:00+00:00,"{""permittype"": ""MP"", ""permit_type_desc"": ""Mechanical Permit"", ""permit_number"": ""2022-132333 MP"", ""permit_class_mapped"": ""Commercial"", ""permit_class"": ""C-1001 Commercial Finish Out"", ""work_class"": ""Remodel"", ""condominium"": ""No"", ""permit_location"": ""300 PRESSLER ST"", ""description"": ""ePlan: Expedited Review - Finish Out of  Level 4 of a 6-Story Mixed Use Multi-Family Bldgs. (25399 SF)"", ""tcad_id"": ""0107030108"", ""legal_description"": "".309 AC OF OLT 11 DIVISION Z"", ""applieddate"": ""2022-06-01T00:00:00.000"", ""issue_date"": ""2026-04-30T00:00:00.000"", ""day_issued"": ""THURSDAY"", ""calendar_year_issued"": ""2026"", ""fiscal_year_issued"": ""2026"", ""issued_in_last_30_days"": ""Yes"", ""issue_method"": ""Permit Center"", ""status_current"": ""Active"", ""statusdate"": ""2026-04-30T00:00:00.000"", ""expiresdate"": ""2026-10-27T00:00:00.000"", ""remodel_repair_sqft"": ""25399"", ""number_of_floors"": ""1"", ""housing_units"": ""24"", ""original_address1"": ""300 PRESSLER ST"", ""original_city"": ""AUSTIN"", ""original_state"": ""TX"", ""original_zip"": ""78703"", ""council_district"": ""9"", ""jurisdiction"": ""AUSTIN FULL PURPOSE"", ""link"": {""url"": ""https://abc.austintexas.gov/web/permit/public-search-other?t_detail=1&t_selected_folderrsn=13009067""}, ""project_id"": ""13009067"", ""masterpermitnum"": ""13008500"", ""latitude"": ""30.27166234"", ""longitude"": ""-97.76166172"", ""location"": {""latitude"": ""30.27166234"", ""longitude"": ""-97.76166172"", ""human_address"": ""{\""address\"": \""\"", \""city\"": \""\"", \""state\"": \""\"", \""zip\"": \""\""}""}, ""contractor_trade"": ""Mechanical Contractor"", ""contractor_company_name"": ""Truform Metalservice, Inc."", ""contractor_full_name"": ""Steven Allen Lane"", ""contractor_phone"": ""5122581675"", ""contractor_address1"": ""P. O. BOX 20"", ""contractor_address2"": ""AUSTIN TX  7"", ""contractor_city"": ""Austin"", ""contractor_zip"": ""78729"", ""certificate_of_occupancy"": ""No""}",2026-05-03T10:54:27.275855+00:00
2026-049707 EP,Smith - 39-61032 Install new 5.76kW rooftop solar system to existing residential only using backfed breaker only.,2026-04-30T00:00:00+00:00,Auxiliary Power,Electrical Permit,,Power Home Remodeling,Active,9516 HUNTER LN,78748,Residential,6108745000,https://abc.austintexas.gov/web/permit/public-search-other?t_detail=1&t_selected_folderrsn=13691258,2026-04-30T00:00:00+00:00,"{""permittype"": ""EP"", ""permit_type_desc"": ""Electrical Permit"", ""permit_number"": ""2026-049707 EP"", ""permit_class_mapped"": ""Residential"", ""permit_class"": ""Residential"", ""work_class"": ""Auxiliary Power"", ""condominium"": ""No"", ""permit_location"": ""9516 HUNTER LN"", ""description"": ""Smith - 39-61032 Install new 5.76kW rooftop solar system to existing residential only using backfed breaker only."", ""tcad_id"": ""0432130727"", ""legal_description"": ""LOT 73 BLK A RESERVE AT SOUTHPARK MEADOWS II PHS 2A/3A THE"", ""applieddate"": ""2026-04-22T00:00:00.000"", ""issue_date"": ""2026-04-30T00:00:00.000"", ""day_issued"": ""THURSDAY"", ""calendar_year_issued"": ""2026"", ""fiscal_year_issued"": ""2026"", ""issued_in_last_30_days"": ""Yes"", ""issue_method"": ""Permit Center"", ""status_current"": ""Active"", ""statusdate"": ""2026-04-30T00:00:00.000"", ""expiresdate"": ""2026-10-27T00:00:00.000"", ""number_of_floors"": ""1"", ""housing_units"": ""1"", ""electrical_valuation_remodel"": ""16514"", ""original_address1"": ""9516 HUNTER LN"", ""original_city"": ""AUSTIN"", ""original_state"": ""TX"", ""original_zip"": ""78748"", ""council_district"": ""5"", ""jurisdiction"": ""AUSTIN FULL PURPOSE"", ""link"": {""url"": ""https://abc.austintexas.gov/web/permit/public-search-other?t_detail=1&t_selected_folderrsn=13691258""}, ""project_id"": ""13691258"", ""latitude"": ""30.16614422"", ""longitude"": ""-97.80072006"", ""location"": {""latitude"": ""30.16614422"", ""longitude"": ""-97.80072006"", ""human_address"": ""{\""address\"": \""\"", \""city\"": \""\"", \""state\"": \""\"", \""zip\"": \""\""}""}, ""contractor_trade"": ""Electrical Contractor"", ""contractor_company_name"": ""Power Home Remodeling"", ""contractor_full_name"": ""Mark Bedell"", ""contractor_phone"": ""6108745000"", ""contractor_address2"": ""7701  Metrop"", ""contractor_city"": ""Austin"", ""contractor_zip"": ""78744-____"", ""certificate_of_occupancy"": ""No""}",2026-05-03T10:54:27.275855+00:00
2025-133139 MP,Replacement of 2 complete existing central heat and air system with or without duct work,2026-04-30T00:00:00+00:00,Change Out,Mechanical Permit,,SERVICE WIZARD LLC,Active,5925 TAYLOR DRAPER CV,78759,Residential,5128737333,https://abc.austintexas.gov/web/permit/public-search-other?t_detail=1&t_selected_folderrsn=13599822,2026-04-30T00:00:00+00:00,"{""permittype"": ""MP"", ""permit_type_desc"": ""Mechanical Permit"", ""permit_number"": ""2025-133139 MP"", ""permit_class_mapped"": ""Residential"", ""permit_class"": ""Residential"", ""work_class"": ""Change Out"", ""permit_location"": ""5925 TAYLOR DRAPER CV"", ""description"": ""Replacement of 2 complete existing central heat and air system with or without duct work"", ""tcad_id"": ""0162030741"", ""legal_description"": ""LOT 1 BLK A SIERRA VISTA III PHS III"", ""applieddate"": ""2025-10-14T00:00:00.000"", ""issue_date"": ""2026-04-30T00:00:00.000"", ""day_issued"": ""THURSDAY"", ""calendar_year_issued"": ""2026"", ""fiscal_year_issued"": ""2026"", ""issued_in_last_30_days"": ""Yes"", ""issue_method"": ""Permit Center"", ""status_current"": ""Active"", ""statusdate"": ""2026-04-30T00:00:00.000"", ""expiresdate"": ""2026-10-27T00:00:00.000"", ""original_address1"": ""5925 TAYLOR DRAPER CV"", ""original_city"": ""AUSTIN"", ""original_state"": ""TX"", ""original_zip"": ""78759"", ""council_district"": ""10"", ""jurisdiction"": ""AUSTIN FULL PURPOSE"", ""link"": {""url"": ""https://abc.austintexas.gov/web/permit/public-search-other?t_detail=1&t_selected_folderrsn=13599822""}, ""project_id"": ""13599822"", ""latitude"": ""30.41705964"", ""longitude"": ""-97.7577224"", ""location"": {""latitude"": ""30.41705964"", ""longitude"": ""-97.7577224"", ""human_address"": ""{\""address\"": \""\"", \""city\"": \""\"", \""state\"": \""\"", \""zip\"": \""\""}""}, ""contractor_trade"": ""Mechanical Contractor"", ""contractor_company_name"": ""SERVICE WIZARD LLC"", ""contractor_full_name"": ""James Bagby"", ""contractor_phone"": ""5128737333"", ""contractor_address2"": ""132  TK Indu"", ""contractor_city"": ""Hutto"", ""contractor_zip"": ""78634-____""}",2026-05-03T10:54:27.275855+00:00
2026-020663 BP,Shingle Replacement,2026-04-30T00:00:00+00:00,Remodel,Building Permit,,Hentana Construction LLC,Active,4424 GAINES RANCH LOOP BLDG 10,78735,Commercial,2105200066,https://abc.austintexas.gov/web/permit/public-search-other?t_detail=1&t_selected_folderrsn=13658279,2026-04-30T00:00:00+00:00,"{""permittype"": ""BP"", ""permit_type_desc"": ""Building Permit"", ""permit_number"": ""2026-020663 BP"", ""permit_class_mapped"": ""Commercial"", ""permit_class"": ""C-1000 Commercial Remodel"", ""work_class"": ""Remodel"", ""condominium"": ""No"", ""permit_location"": ""4424 GAINES RANCH LOOP BLDG 10"", ""description"": ""Shingle Replacement"", ""tcad_id"": ""0407270127"", ""legal_description"": ""LOT 2 BLK B GAINES RANCH SEC 1"", ""applieddate"": ""2026-02-20T00:00:00.000"", ""issue_date"": ""2026-04-30T00:00:00.000"", ""day_issued"": ""THURSDAY"", ""calendar_year_issued"": ""2026"", ""fiscal_year_issued"": ""2026"", ""issued_in_last_30_days"": ""Yes"", ""issue_method"": ""Permit Center"", ""status_current"": ""Active"", ""statusdate"": ""2026-04-30T00:00:00.000"", ""expiresdate"": ""2026-10-28T00:00:00.000"", ""remodel_repair_sqft"": ""12450"", ""total_valuation_remodel"": ""50000"", ""number_of_floors"": ""1"", ""housing_units"": ""1"", ""building_valuation_remodel"": ""50000"", ""electrical_valuation_remodel"": ""0"", ""mechanical_valuation_remodel"": ""0"", ""plumbing_valuation_remodel"": ""0"", ""medgas_valuation_remodel"": ""0"", ""original_address1"": ""4424 GAINES RANCH LOOP BLDG 10"", ""original_city"": ""AUSTIN"", ""original_state"": ""TX"", ""original_zip"": ""78735"", ""council_district"": ""8"", ""jurisdiction"": ""AUSTIN FULL PURPOSE"", ""link"": {""url"": ""https://abc.austintexas.gov/web/permit/public-search-other?t_detail=1&t_selected_folderrsn=13658279""}, ""project_id"": ""13658279"", ""masterpermitnum"": ""13658208"", ""contractor_trade"": ""General Contractor"", ""contractor_company_name"": ""Hentana Construction LLC"", ""contractor_full_name"": ""Brad Davis"", ""contractor_phone"": ""2105200066"", ""contractor_address2"": ""11222  Disco"", ""contractor_city"": ""San Antonio"", ""contractor_zip"": ""78216-____"", ""applicant_full_name"": ""Brad Davis"", ""applicant_org"": ""Hentana Construction LLC"", ""applicant_phone"": ""2105200066"", ""applicant_address2"": ""11222  Disco"", ""applicant_city"": ""San Antonio"", ""applicantzip"": ""78216-____"", ""certificate_of_occupancy"": ""No""}",2026-05-03T10:54:27.275855+00:00
2025-152496 BP,AISD Zavala Elementary School in Austin Texas installation of new doors and window shades in certain classrooms as well as upgrades to certain electri,2026-04-30T00:00:00+00:00,Remodel,Building Permit,,Novium Group LLC,Active,310 ROBERT T MARTINEZ JR ST,78702,Commercial,5127672478,https://abc.austintexas.gov/web/permit/public-search-other?t_detail=1&t_selected_folderrsn=13621664,2026-04-30T00:00:00+00:00,"{""permittype"": ""BP"", ""permit_type_desc"": ""Building Permit"", ""permit_number"": ""2025-152496 BP"", ""permit_class_mapped"": ""Commercial"", ""permit_class"": ""C-1000 Commercial Remodel"", ""work_class"": ""Remodel"", ""condominium"": ""No"", ""permit_location"": ""310 ROBERT T MARTINEZ JR ST"", ""description"": ""AISD Zavala Elementary School in Austin Texas installation of new doors and window shades in certain classrooms as well as upgrades to certain electri"", ""tcad_id"": ""0203090203"", ""legal_description"": ""LOT 5-7 * N 149  OF PICKLE RESUB LT 7-8N 149 LT 9 N1/2 OF L10 MUSGROVE SUBD &.44 ACR OF OLT 7 DIV O"", ""applieddate"": ""2025-11-18T00:00:00.000"", ""issue_date"": ""2026-04-30T00:00:00.000"", ""day_issued"": ""THURSDAY"", ""calendar_year_issued"": ""2026"", ""fiscal_year_issued"": ""2026"", ""issued_in_last_30_days"": ""Yes"", ""issue_method"": ""Permit Center"", ""status_current"": ""Active"", ""statusdate"": ""2026-04-30T00:00:00.000"", ""expiresdate"": ""2026-10-28T00:00:00.000"", ""remodel_repair_sqft"": ""5000"", ""total_valuation_remodel"": ""0"", ""number_of_floors"": ""2"", ""housing_units"": ""1"", ""building_valuation_remodel"": ""0"", ""electrical_valuation_remodel"": ""0"", ""mechanical_valuation_remodel"": ""0"", ""plumbing_valuation_remodel"": ""0"", ""medgas_valuation_remodel"": ""0"", ""original_address1"": ""310 ROBERT T MARTINEZ JR ST"", ""original_city"": ""AUSTIN"", ""original_state"": ""TX"", ""original_zip"": ""78702"", ""council_district"": ""3"", ""jurisdiction"": ""AUSTIN FULL PURPOSE"", ""link"": {""url"": ""https://abc.austintexas.gov/web/permit/public-search-other?t_detail=1&t_selected_folderrsn=13621664""}, ""project_id"": ""13621664"", ""masterpermitnum"": ""13616929"", ""contractor_trade"": ""General Contractor"", ""contractor_company_name"": ""Novium Group LLC"", ""contractor_full_name"": ""Tyler Walbridge"", ""contractor_phone"": ""5127672478"", ""contractor_address2"": ""1011  Meredi"", ""contractor_city"": ""AUSTIN"", ""contractor_zip"": ""78748"", ""applicant_full_name"": ""Tyler Walbridge"", ""applicant_org"": ""Novium Group LLC"", ""applicant_phone"": ""5127672478"", ""applicant_address2"": ""1011  Meredi"", ""applicant_city"": ""AUSTIN"", ""applicantzip"": ""78748"", ""certificate_of_occupancy"": ""Yes""}",2026-05-03T10:54:27.275855+00:00
2026-030093 MP,ePlan: Commercial Expedited Review- Interior Remodel to Existing Office Work to Included Remodel of Open Office Spaces and support Spaces - 2nd Floor,2026-04-30T00:00:00+00:00,Remodel,Mechanical Permit,,KILGORE MECHANICAL LLC,Active,712 E HUNTLAND DR,78752,Commercial,7139244900,https://abc.austintexas.gov/web/permit/public-search-other?t_detail=1&t_selected_folderrsn=13668874,2026-04-30T00:00:00+00:00,"{""permittype"": ""MP"", ""permit_type_desc"": ""Mechanical Permit"", ""permit_number"": ""2026-030093 MP"", ""permit_class_mapped"": ""Commercial"", ""permit_class"": ""C-1000 Commercial Remodel"", ""work_class"": ""Remodel"", ""condominium"": ""No"", ""permit_location"": ""712 E HUNTLAND DR"", ""description"": ""ePlan: Commercial Expedited Review- Interior Remodel to Existing Office Work to Included Remodel of Open Office Spaces and support Spaces - 2nd Floor"", ""tcad_id"": ""0230130105"", ""legal_description"": ""5.8210 AC OF LOT 3A-3B FIVE POINT NINE TWO LTD SUBD (PRORATE 01/01/2024 - 08/15/2024)"", ""applieddate"": ""2025-12-05T00:00:00.000"", ""issue_date"": ""2026-04-30T00:00:00.000"", ""day_issued"": ""THURSDAY"", ""calendar_year_issued"": ""2026"", ""fiscal_year_issued"": ""2026"", ""issued_in_last_30_days"": ""Yes"", ""issue_method"": ""Permit Center"", ""status_current"": ""Active"", ""statusdate"": ""2026-04-30T00:00:00.000"", ""expiresdate"": ""2026-09-13T00:00:00.000"", ""remodel_repair_sqft"": ""24852"", ""number_of_floors"": ""4"", ""housing_units"": ""1"", ""original_address1"": ""712 E HUNTLAND DR"", ""original_city"": ""AUSTIN"", ""original_state"": ""TX"", ""original_zip"": ""78752"", ""council_district"": ""4"", ""jurisdiction"": ""AUSTIN FULL PURPOSE"", ""link"": {""url"": ""https://abc.austintexas.gov/web/permit/public-search-other?t_detail=1&t_selected_folderrsn=13668874""}, ""project_id"": ""13668874"", ""masterpermitnum"": ""13668836"", ""latitude"": ""30.33071542"", ""longitude"": ""-97.70634623"", ""location"": {""latitude"": ""30.33071542"", ""longitude"": ""-97.70634623"", ""human_address"": ""{\""address\"": \""\"", \""city\"": \""\"", \""state\"": \""\"", \""zip\"": \""\""}""}, ""contractor_trade"": ""Mechanical Contractor"", ""contractor_company_name"": ""KILGORE MECHANICAL LLC"", ""contractor_full_name"": ""Jeffery Scott Kilgore"", ""contractor_phone"": ""7139244900"", ""contractor_address2"": ""10050  Houst"", ""contractor_city"": ""Houston"", ""contractor_zip"": ""77064"", ""certificate_of_occupancy"": ""No""}",2026-05-03T10:54:27.275855+00:00
2026-052121 BP,Express- Existing foundation repair as per scope of work attached,2026-04-30T00:00:00+00:00,Repair,Building Permit,1.0,We Level It    {formally Centex House Leveling***MAIN****},Active,7100 ONDANTRA BND,78744,Residential,5124445438,https://abc.austintexas.gov/web/permit/public-search-other?t_detail=1&t_selected_folderrsn=13694111,2026-04-30T00:00:00+00:00,"{""permittype"": ""BP"", ""permit_type_desc"": ""Building Permit"", ""permit_number"": ""2026-052121 BP"", ""permit_class_mapped"": ""Residential"", ""permit_class"": ""R- 435 Renovations/Remodel"", ""work_class"": ""Repair"", ""condominium"": ""No"", ""permit_location"": ""7100 ONDANTRA BND"", ""description"": ""Express- Existing foundation repair as per scope of work attached"", ""tcad_id"": ""0332080306"", ""legal_description"": ""LOT 19 BLK N SPRINGFIELD SEC 2"", ""applieddate"": ""2026-04-27T00:00:00.000"", ""issue_date"": ""2026-04-30T00:00:00.000"", ""day_issued"": ""THURSDAY"", ""calendar_year_issued"": ""2026"", ""fiscal_year_issued"": ""2026"", ""issued_in_last_30_days"": ""Yes"", ""issue_method"": ""Permit Center"", ""status_current"": ""Active"", ""statusdate"": ""2026-04-30T00:00:00.000"", ""expiresdate"": ""2026-10-28T00:00:00.000"", ""remodel_repair_sqft"": ""1"", ""total_valuation_remodel"": ""4"", ""total_job_valuation"": ""1"", ""number_of_floors"": ""1"", ""housing_units"": ""1"", ""building_valuation_remodel"": ""1"", ""electrical_valuation_remodel"": ""1"", ""mechanical_valuation_remodel"": ""1"", ""plumbing_valuation_remodel"": ""1"", ""original_address1"": ""7100 ONDANTRA BND"", ""original_city"": ""AUSTIN"", ""original_state"": ""TX"", ""original_zip"": ""78744"", ""council_district"": ""2"", ""jurisdiction"": ""AUSTIN FULL PURPOSE"", ""link"": {""url"": ""https://abc.austintexas.gov/web/permit/public-search-other?t_detail=1&t_selected_folderrsn=13694111""}, ""project_id"": ""13694111"", ""masterpermitnum"": ""13694106"", ""latitude"": ""30.16295134"", ""longitude"": ""-97.7291847"", ""location"": {""latitude"": ""30.16295134"", ""longitude"": ""-97.7291847"", ""human_address"": ""{\""address\"": \""\"", \""city\"": \""\"", \""state\"": \""\"", \""zip\"": \""\""}""}, ""contractor_trade"": ""General Contractor"", ""contractor_company_name"": ""We Level It    {formally Centex House Leveling***MAIN****}"", ""contractor_phone"": ""5124445438"", ""contractor_address2"": ""1120 E 52ND"", ""contractor_city"": ""AUSTIN"", ""contractor_zip"": ""78723"", ""applicant_org"": ""We Level It    {formally Centex House Leveling***MAIN****}"", ""applicant_phone"": ""5124445438"", ""applicant_address2"": ""1120 E 52ND"", ""applicant_city"": ""AUSTIN"", ""applicantzip"": ""78723"", ""certificate_of_occupancy"": ""No""}",2026-05-03T10:54:27.275855+00:00
2026-040483 BP,Express: Replace 5 windows (like for like),2026-04-30T00:00:00+00:00,Repair,Building Permit,1.0,Renewal by Andersen,Active,3712 SAWMILL DR,78749,Residential,5128348383,https://abc.austintexas.gov/web/permit/public-search-other?t_detail=1&t_selected_folderrsn=13680760,2026-04-30T00:00:00+00:00,"{""permittype"": ""BP"", ""permit_type_desc"": ""Building Permit"", ""permit_number"": ""2026-040483 BP"", ""permit_class_mapped"": ""Residential"", ""permit_class"": ""R- 435 Renovations/Remodel"", ""work_class"": ""Repair"", ""condominium"": ""No"", ""permit_location"": ""3712 SAWMILL DR"", ""description"": ""Express: Replace 5 windows (like for like)"", ""tcad_id"": ""0426300918"", ""legal_description"": ""LOT 7 BLK A OAK CREEK PARKE SEC 5"", ""applieddate"": ""2026-04-03T00:00:00.000"", ""issue_date"": ""2026-04-30T00:00:00.000"", ""day_issued"": ""THURSDAY"", ""calendar_year_issued"": ""2026"", ""fiscal_year_issued"": ""2026"", ""issued_in_last_30_days"": ""Yes"", ""issue_method"": ""Permit Center"", ""status_current"": ""Active"", ""statusdate"": ""2026-04-30T00:00:00.000"", ""expiresdate"": ""2026-10-28T00:00:00.000"", ""remodel_repair_sqft"": ""1"", ""total_valuation_remodel"": ""0"", ""total_job_valuation"": ""1"", ""number_of_floors"": ""1"", ""housing_units"": ""1"", ""building_valuation_remodel"": ""0"", ""electrical_valuation_remodel"": ""0"", ""mechanical_valuation_remodel"": ""0"", ""plumbing_valuation_remodel"": ""0"", ""original_address1"": ""3712 SAWMILL DR"", ""original_city"": ""AUSTIN"", ""original_state"": ""TX"", ""original_zip"": ""78749"", ""council_district"": ""8"", ""jurisdiction"": ""AUSTIN FULL PURPOSE"", ""link"": {""url"": ""https://abc.austintexas.gov/web/permit/public-search-other?t_detail=1&t_selected_folderrsn=13680760""}, ""project_id"": ""13680760"", ""masterpermitnum"": ""13680751"", ""latitude"": ""30.18323463"", ""longitude"": ""-97.85525691"", ""location"": {""latitude"": ""30.18323463"", ""longitude"": ""-97.85525691"", ""human_address"": ""{\""address\"": \""\"", \""city\"": \""\"", \""state\"": \""\"", \""zip\"": \""\""}""}, ""contractor_trade"": ""General Contractor"", ""contractor_company_name"": ""Renewal by Andersen"", ""contractor_full_name"": ""Jamie Strain"", ""contractor_phone"": ""5128348383"", ""contractor_address2"": ""2100  KRAMER"", ""contractor_city"": ""AUSTIN"", ""contractor_zip"": ""78758"", ""applicant_full_name"": ""Jamie Strain"", ""applicant_org"": ""Renewal by Andersen"", ""applicant_phone"": ""5128348383"", ""applicant_address2"": ""2100  KRAMER"", ""applicant_city"": ""AUSTIN"", ""applicantzip"": ""78758"", ""certificate_of_occupancy"": ""No""}",2026-05-03T10:54:27.275855+00:00
2026-053886 PP,"***EMERGENCY*** Tenants have no gas or hot water.

I found a large section of galvanized pipe used as gas that had been abandoned and was leaking. We",2026-04-30T00:00:00+00:00,Repair,Plumbing Permit,,Beyond Wow Plumbing,Final,502 ACADEMY DR,78704,Residential,5123658866,https://abc.austintexas.gov/web/permit/public-search-other?t_detail=1&t_selected_folderrsn=13696091,2026-04-30T00:00:00+00:00,"{""permittype"": ""PP"", ""permit_type_desc"": ""Plumbing Permit"", ""permit_number"": ""2026-053886 PP"", ""permit_class_mapped"": ""Residential"", ""permit_class"": ""Residential"", ""work_class"": ""Repair"", ""condominium"": ""No"", ""permit_location"": ""502 ACADEMY DR"", ""description"": ""***EMERGENCY*** Tenants have no gas or hot water.\n\nI found a large section of galvanized pipe used as gas that had been abandoned and was leaking. We"", ""tcad_id"": ""0201030127"", ""legal_description"": ""LOT 2 WOODLAWN ADDN"", ""applieddate"": ""2026-04-30T00:00:00.000"", ""issue_date"": ""2026-04-30T00:00:00.000"", ""day_issued"": ""THURSDAY"", ""calendar_year_issued"": ""2026"", ""fiscal_year_issued"": ""2026"", ""issued_in_last_30_days"": ""Yes"", ""issue_method"": ""Permit Center"", ""status_current"": ""Final"", ""statusdate"": ""2026-04-30T00:00:00.000"", ""expiresdate"": ""2026-04-30T00:00:00.000"", ""completed_date"": ""2026-04-30T00:00:00.000"", ""remodel_repair_sqft"": ""1200"", ""number_of_floors"": ""0"", ""housing_units"": ""1"", ""original_address1"": ""502 ACADEMY DR"", ""original_city"": ""AUSTIN"", ""original_state"": ""TX"", ""original_zip"": ""78704"", ""council_district"": ""9"", ""jurisdiction"": ""AUSTIN FULL PURPOSE"", ""link"": {""url"": ""https://abc.austintexas.gov/web/permit/public-search-other?t_detail=1&t_selected_folderrsn=13696091""}, ""project_id"": ""13696091"", ""latitude"": ""30.2519026"", ""longitude"": ""-97.74329729"", ""location"": {""latitude"": ""30.2519026"", ""longitude"": ""-97.74329729"", ""human_address"": ""{\""address\"": \""\"", \""city\"": \""\"", \""state\"": \""\"", \""zip\"": \""\""}""}, ""contractor_trade"": ""Plumbing Contractor"", ""contractor_company_name"": ""Beyond Wow Plumbing"", ""contractor_full_name"": ""Samuel D Dowdy"", ""contractor_phone"": ""5123658866"", ""contractor_address1"": ""P O  BOX 137"", ""contractor_city"": ""Taylor"", ""contractor_zip"": ""76574"", ""certificate_of_occupancy"": ""No""}",2026-05-03T10:54:27.275855+00:00
2026-053288 BP,Addition to existing 1-story single-family residential to include: new covered front porch.,2026-04-30T00:00:00+00:00,Addition and Remodel,Building Permit,1.0,"CG&S Construction, Inc. dba: CG&S Design-Build",Active,1510 VILLANOVA DR,78757,Residential,5124441580,https://abc.austintexas.gov/web/permit/public-search-other?t_detail=1&t_selected_folderrsn=13695387,2026-04-30T00:00:00+00:00,"{""permittype"": ""BP"", ""permit_type_desc"": ""Building Permit"", ""permit_number"": ""2026-053288 BP"", ""permit_class_mapped"": ""Residential"", ""permit_class"": ""R- 434 Addition & Alterations"", ""work_class"": ""Addition and Remodel"", ""condominium"": ""No"", ""permit_location"": ""1510 VILLANOVA DR"", ""description"": ""Addition to existing 1-story single-family residential to include: new covered front porch."", ""tcad_id"": ""0240080506"", ""legal_description"": ""LOT 100 WOOTEN PARK SEC 2"", ""applieddate"": ""2026-04-09T00:00:00.000"", ""issue_date"": ""2026-04-30T00:00:00.000"", ""day_issued"": ""THURSDAY"", ""calendar_year_issued"": ""2026"", ""fiscal_year_issued"": ""2026"", ""issued_in_last_30_days"": ""Yes"", ""issue_method"": ""Permit Center"", ""status_current"": ""Active"", ""statusdate"": ""2026-04-30T00:00:00.000"", ""expiresdate"": ""2026-10-28T00:00:00.000"", ""remodel_repair_sqft"": ""0"", ""total_new_add_sqft"": ""118"", ""total_valuation_remodel"": ""0"", ""total_job_valuation"": ""1"", ""number_of_floors"": ""1"", ""housing_units"": ""1"", ""building_valuation_remodel"": ""0"", ""electrical_valuation_remodel"": ""0"", ""mechanical_valuation_remodel"": ""0"", ""plumbing_valuation_remodel"": ""0"", ""original_address1"": ""1510 VILLANOVA DR"", ""original_city"": ""AUSTIN"", ""original_state"": ""TX"", ""original_zip"": ""78757"", ""council_district"": ""4"", ""jurisdiction"": ""AUSTIN FULL PURPOSE"", ""link"": {""url"": ""https://abc.austintexas.gov/web/permit/public-search-other?t_detail=1&t_selected_folderrsn=13695387""}, ""project_id"": ""13695387"", ""masterpermitnum"": ""13683623"", ""latitude"": ""30.35950267"", ""longitude"": ""-97.71963114"", ""location"": {""latitude"": ""30.35950267"", ""longitude"": ""-97.71963114"", ""human_address"": ""{\""address\"": \""\"", \""city\"": \""\"", \""state\"": \""\"", \""zip\"": \""\""}""}, ""contractor_trade"": ""General Contractor"", ""contractor_company_name"": ""CG&S Construction, Inc. dba: CG&S Design-Build"", ""contractor_full_name"": ""Dolores Davis"", ""contractor_phone"": ""5124441580"", ""contractor_address2"": ""402  Corral"", ""contractor_city"": ""Austin"", ""contractor_zip"": ""78745"", ""applicant_full_name"": ""Dolores Davis"", ""applicant_org"": ""CG&S Construction, Inc. dba: CG&S Design-Build"", ""applicant_phone"": ""5124441580"", ""applicant_address2"": ""402  Corral"", ""applicant_city"": ""Austin"", ""applicantzip"": ""78745"", ""certificate_of_occupancy"": ""Yes"", ""total_lot_sq_ft"": ""9976""}",2026-05-03T10:54:27.275855+00:00
2026-050440 BP,"New D wall to create approx. 1030 SF corridor from existing interior space. 

[Corridor]",2026-04-30T00:00:00+00:00,Remodel,Building Permit,,"Sabre Commercial, Inc.**MAIN**",Active,4516 SETON CENTER PKWY UNIT FLR3,78759,Commercial,5127677400,https://abc.austintexas.gov/web/permit/public-search-other?t_detail=1&t_selected_folderrsn=13692227,2026-04-30T00:00:00+00:00,"{""permittype"": ""BP"", ""permit_type_desc"": ""Building Permit"", ""permit_number"": ""2026-050440 BP"", ""permit_class_mapped"": ""Commercial"", ""permit_class"": ""C-1000 Commercial Remodel"", ""work_class"": ""Remodel"", ""condominium"": ""No"", ""permit_location"": ""4516 SETON CENTER PKWY UNIT FLR3"", ""description"": ""New D wall to create approx. 1030 SF corridor from existing interior space. \n\n[Corridor]"", ""tcad_id"": ""0256000708"", ""legal_description"": ""LOT 1 BLK A QUARRY SUBD SEC 4-A"", ""applieddate"": ""2026-03-05T00:00:00.000"", ""issue_date"": ""2026-04-30T00:00:00.000"", ""day_issued"": ""THURSDAY"", ""calendar_year_issued"": ""2026"", ""fiscal_year_issued"": ""2026"", ""issued_in_last_30_days"": ""Yes"", ""issue_method"": ""Permit Center"", ""status_current"": ""Active"", ""statusdate"": ""2026-04-30T00:00:00.000"", ""expiresdate"": ""2026-10-28T00:00:00.000"", ""remodel_repair_sqft"": ""1030"", ""total_valuation_remodel"": ""0"", ""number_of_floors"": ""3"", ""housing_units"": ""1"", ""building_valuation_remodel"": ""0"", ""electrical_valuation_remodel"": ""0"", ""mechanical_valuation_remodel"": ""0"", ""plumbing_valuation_remodel"": ""0"", ""medgas_valuation_remodel"": ""0"", ""original_address1"": ""4516 SETON CENTER PKWY UNIT FLR3"", ""original_city"": ""AUSTIN"", ""original_state"": ""TX"", ""original_zip"": ""78759"", ""council_district"": ""7"", ""jurisdiction"": ""AUSTIN FULL PURPOSE"", ""link"": {""url"": ""https://abc.austintexas.gov/web/permit/public-search-other?t_detail=1&t_selected_folderrsn=13692227""}, ""project_id"": ""13692227"", ""masterpermitnum"": ""13665094"", ""contractor_trade"": ""General Contractor"", ""contractor_company_name"": ""Sabre Commercial, Inc.**MAIN**"", ""contractor_full_name"": ""Matthew Lutz"", ""contractor_phone"": ""5127677400"", ""contractor_address2"": ""2001  Chicon"", ""contractor_city"": ""AUSTIN"", ""contractor_zip"": ""78722"", ""applicant_full_name"": ""Matthew Lutz"", ""applicant_org"": ""Sabre Commercial, Inc.**MAIN**"", ""applicant_phone"": ""5127677400"", ""applicant_address2"": ""2001  Chicon"", ""applicant_city"": ""AUSTIN"", ""applicantzip"": ""78722"", ""certificate_of_occupancy"": ""Yes""}",2026-05-03T10:54:27.275855+00:00
2026-030097 EP,ePlan: Commercial Expedited Review - New Construction of Outdoor Safety Locker Enclosure Fence.,2026-04-30T00:00:00+00:00,New,Electrical Permit,,Exceed Electrical Contracting LLC,Active,712 E HUNTLAND DR,78752,Commercial,3037203678,https://abc.austintexas.gov/web/permit/public-search-other?t_detail=1&t_selected_folderrsn=13668876,2026-04-30T00:00:00+00:00,"{""permittype"": ""EP"", ""permit_type_desc"": ""Electrical Permit"", ""permit_number"": ""2026-030097 EP"", ""permit_class_mapped"": ""Commercial"", ""permit_class"": ""C- 329 Com Structures Other Than Bldg"", ""work_class"": ""New"", ""condominium"": ""No"", ""permit_location"": ""712 E HUNTLAND DR"", ""description"": ""ePlan: Commercial Expedited Review - New Construction of Outdoor Safety Locker Enclosure Fence."", ""tcad_id"": ""0230130105"", ""legal_description"": ""5.8210 AC OF LOT 3A-3B FIVE POINT NINE TWO LTD SUBD (PRORATE 01/01/2024 - 08/15/2024)"", ""applieddate"": ""2025-12-05T00:00:00.000"", ""issue_date"": ""2026-04-30T00:00:00.000"", ""day_issued"": ""THURSDAY"", ""calendar_year_issued"": ""2026"", ""fiscal_year_issued"": ""2026"", ""issued_in_last_30_days"": ""Yes"", ""issue_method"": ""Permit Center"", ""status_current"": ""Active"", ""statusdate"": ""2026-04-30T00:00:00.000"", ""expiresdate"": ""2026-09-13T00:00:00.000"", ""total_new_add_sqft"": ""310"", ""number_of_floors"": ""1"", ""housing_units"": ""1"", ""electrical_valuation"": ""1"", ""original_address1"": ""712 E HUNTLAND DR"", ""original_city"": ""AUSTIN"", ""original_state"": ""TX"", ""original_zip"": ""78752"", ""council_district"": ""4"", ""jurisdiction"": ""AUSTIN FULL PURPOSE"", ""link"": {""url"": ""https://abc.austintexas.gov/web/permit/public-search-other?t_detail=1&t_selected_folderrsn=13668876""}, ""project_id"": ""13668876"", ""masterpermitnum"": ""13668840"", ""latitude"": ""30.33071542"", ""longitude"": ""-97.70634623"", ""location"": {""latitude"": ""30.33071542"", ""longitude"": ""-97.70634623"", ""human_address"": ""{\""address\"": \""\"", \""city\"": \""\"", \""state\"": \""\"", \""zip\"": \""\""}""}, ""contractor_trade"": ""Electrical Contractor"", ""contractor_company_name"": ""Exceed Electrical Contracting LLC"", ""contractor_full_name"": ""Aaron Nunez"", ""contractor_phone"": ""3037203678"", ""contractor_address2"": ""7827  W 108t"", ""contractor_city"": ""Westiminster"", ""contractor_zip"": ""80021-____"", ""certificate_of_occupancy"": ""No""}",2026-05-03T10:54:27.275855+00:00
2026-047307 PP,Minor Remodel for Tenant CapMetro,2026-04-30T00:00:00+00:00,Remodel,Plumbing Permit,,C & K PLUMBING,Active,817 W HOWARD LN BLDG A,78753,Commercial,5129632004,https://abc.austintexas.gov/web/permit/public-search-other?t_detail=1&t_selected_folderrsn=13688510,2026-04-30T00:00:00+00:00,"{""permittype"": ""PP"", ""permit_type_desc"": ""Plumbing Permit"", ""permit_number"": ""2026-047307 PP"", ""permit_class_mapped"": ""Commercial"", ""permit_class"": ""C-1000 Commercial Remodel"", ""work_class"": ""Remodel"", ""condominium"": ""No"", ""permit_location"": ""817 W HOWARD LN BLDG A"", ""description"": ""Minor Remodel for Tenant CapMetro"", ""tcad_id"": ""0264260105"", ""legal_description"": ""2.251 ACR OF TRT A TIMS ADDN A"", ""applieddate"": ""2025-09-04T00:00:00.000"", ""issue_date"": ""2026-04-30T00:00:00.000"", ""day_issued"": ""THURSDAY"", ""calendar_year_issued"": ""2026"", ""fiscal_year_issued"": ""2026"", ""issued_in_last_30_days"": ""Yes"", ""issue_method"": ""Permit Center"", ""status_current"": ""Active"", ""statusdate"": ""2026-04-30T00:00:00.000"", ""expiresdate"": ""2026-10-13T00:00:00.000"", ""remodel_repair_sqft"": ""800"", ""number_of_floors"": ""1"", ""housing_units"": ""1"", ""original_address1"": ""817 W HOWARD LN BLDG A"", ""original_city"": ""AUSTIN"", ""original_state"": ""TX"", ""original_zip"": ""78753"", ""council_district"": ""7"", ""jurisdiction"": ""AUSTIN FULL PURPOSE"", ""link"": {""url"": ""https://abc.austintexas.gov/web/permit/public-search-other?t_detail=1&t_selected_folderrsn=13688510""}, ""project_id"": ""13688510"", ""masterpermitnum"": ""13626754"", ""latitude"": ""30.42069815"", ""longitude"": ""-97.66509369"", ""location"": {""latitude"": ""30.42069815"", ""longitude"": ""-97.66509369"", ""human_address"": ""{\""address\"": \""\"", \""city\"": \""\"", \""state\"": \""\"", \""zip\"": \""\""}""}, ""contractor_trade"": ""Plumbing Contractor"", ""contractor_company_name"": ""C & K PLUMBING"", ""contractor_full_name"": ""Claude W. Edwards"", ""contractor_phone"": ""5129632004"", ""contractor_address2"": ""PO Box 249"", ""contractor_city"": ""Weir"", ""contractor_zip"": ""78674-____"", ""certificate_of_occupancy"": ""No""}",2026-05-03T10:54:27.275855+00:00
2026-048985 MP,Replacement of any self-contained packaged units RTU 4/5 Swap out on Precinct 2 Justice of the Peace - 10409 burnet rd Austin,2026-04-30T00:00:00+00:00,Change Out,Mechanical Permit,,Dynamic Systems Inc,Active,10409 BURNET RD,78758,Commercial,5127863776,https://abc.austintexas.gov/web/permit/public-search-other?t_detail=1&t_selected_folderrsn=13690425,2026-04-30T00:00:00+00:00,"{""permittype"": ""MP"", ""permit_type_desc"": ""Mechanical Permit"", ""permit_number"": ""2026-048985 MP"", ""permit_class_mapped"": ""Commercial"", ""permit_class"": ""Commercial"", ""work_class"": ""Change Out"", ""permit_location"": ""10409 BURNET RD"", ""description"": ""Replacement of any self-contained packaged units RTU 4/5 Swap out on Precinct 2 Justice of the Peace - 10409 burnet rd Austin"", ""tcad_id"": ""0252080801"", ""legal_description"": ""LOT A HELGE BUSINESS PARK RESUB OF LOT 2"", ""applieddate"": ""2026-04-21T00:00:00.000"", ""issue_date"": ""2026-04-30T00:00:00.000"", ""day_issued"": ""THURSDAY"", ""calendar_year_issued"": ""2026"", ""fiscal_year_issued"": ""2026"", ""issued_in_last_30_days"": ""Yes"", ""issue_method"": ""Permit Center"", ""status_current"": ""Active"", ""statusdate"": ""2026-04-30T00:00:00.000"", ""expiresdate"": ""2026-10-27T00:00:00.000"", ""original_address1"": ""10409 BURNET RD"", ""original_city"": ""AUSTIN"", ""original_state"": ""TX"", ""original_zip"": ""78758"", ""council_district"": ""7"", ""jurisdiction"": ""AUSTIN FULL PURPOSE"", ""link"": {""url"": ""https://abc.austintexas.gov/web/permit/public-search-other?t_detail=1&t_selected_folderrsn=13690425""}, ""project_id"": ""13690425"", ""contractor_trade"": ""Mechanical Contractor"", ""contractor_company_name"": ""Dynamic Systems Inc"", ""contractor_full_name"": ""Travis Everett"", ""contractor_phone"": ""5127863776"", ""contractor_address2"": ""3901 S Lamar"", ""contractor_city"": ""Austin"", ""contractor_zip"": ""78704""}",2026-05-03T10:54:27.275855+00:00
2026-053371 BP,Express: Foundation repair (install 20 piers),2026-04-30T00:00:00+00:00,Repair,Building Permit,1.0,"Next Level Foundation and Driveway Solutions, LLC",Active,12817 SKY HARBOR DR,78617,Residential,5129627695,https://abc.austintexas.gov/web/permit/public-search-other?t_detail=1&t_selected_folderrsn=13695483,2026-04-30T00:00:00+00:00,"{""permittype"": ""BP"", ""permit_type_desc"": ""Building Permit"", ""permit_number"": ""2026-053371 BP"", ""permit_class_mapped"": ""Residential"", ""permit_class"": ""R- 435 Renovations/Remodel"", ""work_class"": ""Repair"", ""condominium"": ""No"", ""permit_location"": ""12817 SKY HARBOR DR"", ""description"": ""Express: Foundation repair (install 20 piers)"", ""tcad_id"": ""0330400716"", ""legal_description"": ""LOT 16 BLK L LOS CIELOS SEC 2"", ""applieddate"": ""2026-04-29T00:00:00.000"", ""issue_date"": ""2026-04-30T00:00:00.000"", ""day_issued"": ""THURSDAY"", ""calendar_year_issued"": ""2026"", ""fiscal_year_issued"": ""2026"", ""issued_in_last_30_days"": ""Yes"", ""issue_method"": ""Permit Center"", ""status_current"": ""Active"", ""statusdate"": ""2026-04-30T00:00:00.000"", ""expiresdate"": ""2026-10-28T00:00:00.000"", ""remodel_repair_sqft"": ""1"", ""total_valuation_remodel"": ""4"", ""total_job_valuation"": ""1"", ""number_of_floors"": ""1"", ""housing_units"": ""1"", ""building_valuation_remodel"": ""1"", ""electrical_valuation_remodel"": ""1"", ""mechanical_valuation_remodel"": ""1"", ""plumbing_valuation_remodel"": ""1"", ""original_address1"": ""12817 SKY HARBOR DR"", ""original_city"": ""AUSTIN"", ""original_state"": ""TX"", ""original_zip"": ""78617"", ""council_district"": ""2"", ""jurisdiction"": ""AUSTIN FULL PURPOSE"", ""link"": {""url"": ""https://abc.austintexas.gov/web/permit/public-search-other?t_detail=1&t_selected_folderrsn=13695483""}, ""project_id"": ""13695483"", ""masterpermitnum"": ""13695479"", ""latitude"": ""30.16677137"", ""longitude"": ""-97.62487553"", ""location"": {""latitude"": ""30.16677137"", ""longitude"": ""-97.62487553"", ""human_address"": ""{\""address\"": \""\"", \""city\"": \""\"", \""state\"": \""\"", \""zip\"": \""\""}""}, ""contractor_trade"": ""General Contractor"", ""contractor_company_name"": ""Next Level Foundation and Driveway Solutions, LLC"", ""contractor_full_name"": ""Jose De Jesus Acosta Nejera"", ""contractor_phone"": ""5129627695"", ""contractor_address2"": ""2843  Old Co"", ""contractor_city"": ""Lockhart"", ""contractor_zip"": ""78644-____"", ""applicant_full_name"": ""Jose De Jesus Acosta Nejera"", ""applicant_org"": ""Next Level Foundation and Driveway Solutions, LLC"", ""applicant_phone"": ""5129627695"", ""applicant_address2"": ""2843  Old Co"", ""applicant_city"": ""Lockhart"", ""applicantzip"": ""78644-____"", ""certificate_of_occupancy"": ""No""}",2026-05-03T10:54:27.275855+00:00
2025-151394 PP,ePlan: Residential Expedited Review - New construction of a 2-Story Single Family Res. [3bed 5bath] with Habitable attic and basement Attached Carport,2026-04-30T00:00:00+00:00,New,Plumbing Permit,,"TEXAS GRAND PLUMBING, LLC",Active,1100 S 5TH ST,78704,Residential,5129924724,https://abc.austintexas.gov/web/permit/public-search-other?t_detail=1&t_selected_folderrsn=13620459,2026-04-30T00:00:00+00:00,"{""permittype"": ""PP"", ""permit_type_desc"": ""Plumbing Permit"", ""permit_number"": ""2025-151394 PP"", ""permit_class_mapped"": ""Residential"", ""permit_class"": ""R- 101 Single Family Houses"", ""work_class"": ""New"", ""condominium"": ""No"", ""permit_location"": ""1100 S 5TH ST"", ""description"": ""ePlan: Residential Expedited Review - New construction of a 2-Story Single Family Res. [3bed 5bath] with Habitable attic and basement Attached Carport"", ""tcad_id"": ""0102020322"", ""legal_description"": ""LOT 2 *& S 12 OF LOT 3 BLK 4 CAPITAL HEIGHTS"", ""applieddate"": ""2025-09-19T00:00:00.000"", ""issue_date"": ""2026-04-30T00:00:00.000"", ""day_issued"": ""THURSDAY"", ""calendar_year_issued"": ""2026"", ""fiscal_year_issued"": ""2026"", ""issued_in_last_30_days"": ""Yes"", ""issue_method"": ""Permit Center"", ""status_current"": ""Active"", ""statusdate"": ""2026-04-30T00:00:00.000"", ""expiresdate"": ""2026-09-14T00:00:00.000"", ""total_new_add_sqft"": ""9144"", ""number_of_floors"": ""2"", ""housing_units"": ""1"", ""original_address1"": ""1100 S 5TH ST"", ""original_city"": ""AUSTIN"", ""original_state"": ""TX"", ""original_zip"": ""78704"", ""council_district"": ""9"", ""jurisdiction"": ""AUSTIN FULL PURPOSE"", ""link"": {""url"": ""https://abc.austintexas.gov/web/permit/public-search-other?t_detail=1&t_selected_folderrsn=13620459""}, ""project_id"": ""13620459"", ""masterpermitnum"": ""13620448"", ""latitude"": ""30.25517348"", ""longitude"": ""-97.75793169"", ""location"": {""latitude"": ""30.25517348"", ""longitude"": ""-97.75793169"", ""human_address"": ""{\""address\"": \""\"", \""city\"": \""\"", \""state\"": \""\"", \""zip\"": \""\""}""}, ""contractor_trade"": ""Plumbing Contractor"", ""contractor_company_name"": ""TEXAS GRAND PLUMBING, LLC"", ""contractor_full_name"": ""Raymond Munoz"", ""contractor_phone"": ""5129924724"", ""contractor_address2"": ""2010  CONEST"", ""contractor_city"": ""AUSTIN"", ""contractor_zip"": ""78744"", ""certificate_of_occupancy"": ""No""}",2026-05-03T10:54:27.275855+00:00
2026-051875 BP,RE ROOF AT EXISTING APARTMENT COMPLEX. BLDG 8559 - OVA,2026-04-30T00:00:00+00:00,Remodel,Building Permit,,"Foundation Specialists, Inc",Active,8527 N CAPITAL OF TEXAS HWY NB BLDG 8559,78759,Commercial,7137695994,https://abc.austintexas.gov/web/permit/public-search-other?t_detail=1&t_selected_folderrsn=13693851,2026-04-30T00:00:00+00:00,"{""permittype"": ""BP"", ""permit_type_desc"": ""Building Permit"", ""permit_number"": ""2026-051875 BP"", ""permit_class_mapped"": ""Commercial"", ""permit_class"": ""C-1000 Commercial Remodel"", ""work_class"": ""Remodel"", ""condominium"": ""No"", ""permit_location"": ""8527 N CAPITAL OF TEXAS HWY NB BLDG 8559"", ""description"": ""RE ROOF AT EXISTING APARTMENT COMPLEX. BLDG 8559 - OVA"", ""tcad_id"": ""0150050125"", ""legal_description"": ""LOT 1 SPICE FOREST"", ""applieddate"": ""2026-04-27T00:00:00.000"", ""issue_date"": ""2026-04-30T00:00:00.000"", ""day_issued"": ""THURSDAY"", ""calendar_year_issued"": ""2026"", ""fiscal_year_issued"": ""2026"", ""issued_in_last_30_days"": ""Yes"", ""issue_method"": ""Permit Center"", ""status_current"": ""Active"", ""statusdate"": ""2026-04-30T00:00:00.000"", ""expiresdate"": ""2026-10-28T00:00:00.000"", ""remodel_repair_sqft"": ""3634"", ""total_valuation_remodel"": ""23008"", ""number_of_floors"": ""3"", ""housing_units"": ""1"", ""building_valuation_remodel"": ""23008"", ""electrical_valuation_remodel"": ""0"", ""mechanical_valuation_remodel"": ""0"", ""plumbing_valuation_remodel"": ""0"", ""medgas_valuation_remodel"": ""0"", ""original_address1"": ""8527 N CAPITAL OF TEXAS HWY NB BLDG 8559"", ""original_city"": ""AUSTIN"", ""original_state"": ""TX"", ""original_zip"": ""78759"", ""council_district"": ""10"", ""jurisdiction"": ""AUSTIN FULL PURPOSE"", ""link"": {""url"": ""https://abc.austintexas.gov/web/permit/public-search-other?t_detail=1&t_selected_folderrsn=13693851""}, ""project_id"": ""13693851"", ""masterpermitnum"": ""13693841"", ""latitude"": ""30.38609729"", ""longitude"": ""-97.76435808"", ""location"": {""latitude"": ""30.38609729"", ""longitude"": ""-97.76435808"", ""human_address"": ""{\""address\"": \""\"", \""city\"": \""\"", \""state\"": \""\"", \""zip\"": \""\""}""}, ""contractor_trade"": ""General Contractor"", ""contractor_company_name"": ""Foundation Specialists, Inc"", ""contractor_full_name"": ""Amber Whitaker"", ""contractor_phone"": ""7137695994"", ""contractor_address2"": ""4224 W Sam H"", ""contractor_city"": ""Houston"", ""contractor_zip"": ""77041-____"", ""applicant_full_name"": ""Amber Whitaker"", ""applicant_org"": ""Foundation Specialists, Inc"", ""applicant_phone"": ""7137695994"", ""applicant_address2"": ""4224 W Sam H"", ""applicant_city"": ""Houston"", ""applicantzip"": ""77041-____"", ""certificate_of_occupancy"": ""No""}",2026-05-03T10:54:27.275855+00:00
2026-051277 PP,New single family residence with 4 bedrooms 3 bathrooms and attached garage and covered patio,2026-04-30T00:00:00+00:00,New,Plumbing Permit,,Victory Plumbing Company,Active,4812 BRIDWELL LN,78754,Residential,5129907200,https://abc.austintexas.gov/web/permit/public-search-other?t_detail=1&t_selected_folderrsn=13693221,2026-04-30T00:00:00+00:00,"{""permittype"": ""PP"", ""permit_type_desc"": ""Plumbing Permit"", ""permit_number"": ""2026-051277 PP"", ""permit_class_mapped"": ""Residential"", ""permit_class"": ""R- 101 Single Family Houses"", ""work_class"": ""New"", ""condominium"": ""No"", ""permit_location"": ""4812 BRIDWELL LN"", ""description"": ""New single family residence with 4 bedrooms 3 bathrooms and attached garage and covered patio"", ""tcad_id"": ""0239360803"", ""applieddate"": ""2026-03-06T00:00:00.000"", ""issue_date"": ""2026-04-30T00:00:00.000"", ""day_issued"": ""THURSDAY"", ""calendar_year_issued"": ""2026"", ""fiscal_year_issued"": ""2026"", ""issued_in_last_30_days"": ""Yes"", ""issue_method"": ""Permit Center"", ""status_current"": ""Active"", ""statusdate"": ""2026-04-30T00:00:00.000"", ""expiresdate"": ""2026-10-27T00:00:00.000"", ""total_new_add_sqft"": ""2624"", ""number_of_floors"": ""1"", ""housing_units"": ""1"", ""original_address1"": ""4812 BRIDWELL LN"", ""original_city"": ""AUSTIN"", ""original_state"": ""TX"", ""original_zip"": ""78754"", ""council_district"": ""1"", ""jurisdiction"": ""AUSTIN FULL PURPOSE"", ""link"": {""url"": ""https://abc.austintexas.gov/web/permit/public-search-other?t_detail=1&t_selected_folderrsn=13693221""}, ""project_id"": ""13693221"", ""masterpermitnum"": ""13693217"", ""contractor_trade"": ""Plumbing Contractor"", ""contractor_company_name"": ""Victory Plumbing Company"", ""contractor_full_name"": ""Randolph Taylor"", ""contractor_phone"": ""5129907200"", ""contractor_address2"": ""1175  Countr"", ""contractor_city"": ""HUTTO"", ""contractor_zip"": ""78634"", ""certificate_of_occupancy"": ""No""}",2026-05-03T10:54:27.275855+00:00
2026-051947 BP,RE ROOF AT EXISTING APARTMENT COMPLE. BLDG 8535 - OVA,2026-04-30T00:00:00+00:00,Remodel,Building Permit,,"Foundation Specialists, Inc",Active,8527 N CAPITAL OF TEXAS HWY NB BLDG 8535,78759,Commercial,7137695994,https://abc.austintexas.gov/web/permit/public-search-other?t_detail=1&t_selected_folderrsn=13693924,2026-04-30T00:00:00+00:00,"{""permittype"": ""BP"", ""permit_type_desc"": ""Building Permit"", ""permit_number"": ""2026-051947 BP"", ""permit_class_mapped"": ""Commercial"", ""permit_class"": ""C-1000 Commercial Remodel"", ""work_class"": ""Remodel"", ""condominium"": ""No"", ""permit_location"": ""8527 N CAPITAL OF TEXAS HWY NB BLDG 8535"", ""description"": ""RE ROOF AT EXISTING APARTMENT COMPLE. BLDG 8535 - OVA"", ""tcad_id"": ""0150050125"", ""legal_description"": ""LOT 1 SPICE FOREST"", ""applieddate"": ""2026-04-27T00:00:00.000"", ""issue_date"": ""2026-04-30T00:00:00.000"", ""day_issued"": ""THURSDAY"", ""calendar_year_issued"": ""2026"", ""fiscal_year_issued"": ""2026"", ""issued_in_last_30_days"": ""Yes"", ""issue_method"": ""Permit Center"", ""status_current"": ""Active"", ""statusdate"": ""2026-04-30T00:00:00.000"", ""expiresdate"": ""2026-10-28T00:00:00.000"", ""remodel_repair_sqft"": ""4616"", ""total_valuation_remodel"": ""23008"", ""number_of_floors"": ""3"", ""housing_units"": ""1"", ""building_valuation_remodel"": ""23008"", ""electrical_valuation_remodel"": ""0"", ""mechanical_valuation_remodel"": ""0"", ""plumbing_valuation_remodel"": ""0"", ""medgas_valuation_remodel"": ""0"", ""original_address1"": ""8527 N CAPITAL OF TEXAS HWY NB BLDG 8535"", ""original_city"": ""AUSTIN"", ""original_state"": ""TX"", ""original_zip"": ""78759"", ""council_district"": ""10"", ""jurisdiction"": ""AUSTIN FULL PURPOSE"", ""link"": {""url"": ""https://abc.austintexas.gov/web/permit/public-search-other?t_detail=1&t_selected_folderrsn=13693924""}, ""project_id"": ""13693924"", ""masterpermitnum"": ""13693916"", ""latitude"": ""30.38609729"", ""longitude"": ""-97.76435808"", ""location"": {""latitude"": ""30.38609729"", ""longitude"": ""-97.76435808"", ""human_address"": ""{\""address\"": \""\"", \""city\"": \""\"", \""state\"": \""\"", \""zip\"": \""\""}""}, ""contractor_trade"": ""General Contractor"", ""contractor_company_name"": ""Foundation Specialists, Inc"", ""contractor_full_name"": ""Amber Whitaker"", ""contractor_phone"": ""7137695994"", ""contractor_address2"": ""4224 W Sam H"", ""contractor_city"": ""Houston"", ""contractor_zip"": ""77041-____"", ""applicant_full_name"": ""Amber Whitaker"", ""applicant_org"": ""Foundation Specialists, Inc"", ""applicant_phone"": ""7137695994"", ""applicant_address2"": ""4224 W Sam H"", ""applicant_city"": ""Houston"", ""applicantzip"": ""77041-____"", ""certificate_of_occupancy"": ""No""}",2026-05-03T10:54:27.275855+00:00
2026-051950 BP,Replacement of roof. Existing multifamily.,2026-04-30T00:00:00+00:00,Remodel,Building Permit,,"Foundation Specialists, Inc",Active,8527 N CAPITAL OF TEXAS HWY NB BLDG 8501,78759,Commercial,7137695994,https://abc.austintexas.gov/web/permit/public-search-other?t_detail=1&t_selected_folderrsn=13693927,2026-04-30T00:00:00+00:00,"{""permittype"": ""BP"", ""permit_type_desc"": ""Building Permit"", ""permit_number"": ""2026-051950 BP"", ""permit_class_mapped"": ""Commercial"", ""permit_class"": ""C-1000 Commercial Remodel"", ""work_class"": ""Remodel"", ""condominium"": ""No"", ""permit_location"": ""8527 N CAPITAL OF TEXAS HWY NB BLDG 8501"", ""description"": ""Replacement of roof. Existing multifamily."", ""tcad_id"": ""0150050125"", ""legal_description"": ""LOT 1 SPICE FOREST"", ""applieddate"": ""2026-04-27T00:00:00.000"", ""issue_date"": ""2026-04-30T00:00:00.000"", ""day_issued"": ""THURSDAY"", ""calendar_year_issued"": ""2026"", ""fiscal_year_issued"": ""2026"", ""issued_in_last_30_days"": ""Yes"", ""issue_method"": ""Permit Center"", ""status_current"": ""Active"", ""statusdate"": ""2026-04-30T00:00:00.000"", ""expiresdate"": ""2026-10-28T00:00:00.000"", ""remodel_repair_sqft"": ""3634"", ""total_valuation_remodel"": ""23008"", ""number_of_floors"": ""3"", ""housing_units"": ""1"", ""building_valuation_remodel"": ""23008"", ""electrical_valuation_remodel"": ""0"", ""mechanical_valuation_remodel"": ""0"", ""plumbing_valuation_remodel"": ""0"", ""medgas_valuation_remodel"": ""0"", ""original_address1"": ""8527 N CAPITAL OF TEXAS HWY NB BLDG 8501"", ""original_city"": ""AUSTIN"", ""original_state"": ""TX"", ""original_zip"": ""78759"", ""council_district"": ""10"", ""jurisdiction"": ""AUSTIN FULL PURPOSE"", ""link"": {""url"": ""https://abc.austintexas.gov/web/permit/public-search-other?t_detail=1&t_selected_folderrsn=13693927""}, ""project_id"": ""13693927"", ""masterpermitnum"": ""13693845"", ""latitude"": ""30.38609729"", ""longitude"": ""-97.76435808"", ""location"": {""latitude"": ""30.38609729"", ""longitude"": ""-97.76435808"", ""human_address"": ""{\""address\"": \""\"", \""city\"": \""\"", \""state\"": \""\"", \""zip\"": \""\""}""}, ""contractor_trade"": ""General Contractor"", ""contractor_company_name"": ""Foundation Specialists, Inc"", ""contractor_full_name"": ""Amber Whitaker"", ""contractor_phone"": ""7137695994"", ""contractor_address2"": ""4224 W Sam H"", ""contractor_city"": ""Houston"", ""contractor_zip"": ""77041-____"", ""applicant_full_name"": ""Amber Whitaker"", ""applicant_org"": ""Foundation Specialists, Inc"", ""applicant_phone"": ""7137695994"", ""applicant_address2"": ""4224 W Sam H"", ""applicant_city"": ""Houston"", ""applicantzip"": ""77041-____"", ""certificate_of_occupancy"": ""No""}",2026-05-03T10:54:27.275855+00:00
2026-052011 BP,Replacement of roof. Existing multifamily.,2026-04-30T00:00:00+00:00,Remodel,Building Permit,,"Foundation Specialists, Inc",Active,8527 N CAPITAL OF TEXAS HWY NB BLDG 8511,78759,Commercial,7137695994,https://abc.austintexas.gov/web/permit/public-search-other?t_detail=1&t_selected_folderrsn=13693988,2026-04-30T00:00:00+00:00,"{""permittype"": ""BP"", ""permit_type_desc"": ""Building Permit"", ""permit_number"": ""2026-052011 BP"", ""permit_class_mapped"": ""Commercial"", ""permit_class"": ""C-1000 Commercial Remodel"", ""work_class"": ""Remodel"", ""condominium"": ""No"", ""permit_location"": ""8527 N CAPITAL OF TEXAS HWY NB BLDG 8511"", ""description"": ""Replacement of roof. Existing multifamily."", ""tcad_id"": ""0150050125"", ""legal_description"": ""LOT 1 SPICE FOREST"", ""applieddate"": ""2026-04-27T00:00:00.000"", ""issue_date"": ""2026-04-30T00:00:00.000"", ""day_issued"": ""THURSDAY"", ""calendar_year_issued"": ""2026"", ""fiscal_year_issued"": ""2026"", ""issued_in_last_30_days"": ""Yes"", ""issue_method"": ""Permit Center"", ""status_current"": ""Active"", ""statusdate"": ""2026-04-30T00:00:00.000"", ""expiresdate"": ""2026-10-28T00:00:00.000"", ""remodel_repair_sqft"": ""3634"", ""total_valuation_remodel"": ""23008"", ""number_of_floors"": ""3"", ""housing_units"": ""1"", ""building_valuation_remodel"": ""23008"", ""electrical_valuation_remodel"": ""0"", ""mechanical_valuation_remodel"": ""0"", ""plumbing_valuation_remodel"": ""0"", ""medgas_valuation_remodel"": ""0"", ""original_address1"": ""8527 N CAPITAL OF TEXAS HWY NB BLDG 8511"", ""original_city"": ""AUSTIN"", ""original_state"": ""TX"", ""original_zip"": ""78759"", ""council_district"": ""10"", ""jurisdiction"": ""AUSTIN FULL PURPOSE"", ""link"": {""url"": ""https://abc.austintexas.gov/web/permit/public-search-other?t_detail=1&t_selected_folderrsn=13693988""}, ""project_id"": ""13693988"", ""masterpermitnum"": ""13693969"", ""latitude"": ""30.38609729"", ""longitude"": ""-97.76435808"", ""location"": {""latitude"": ""30.38609729"", ""longitude"": ""-97.76435808"", ""human_address"": ""{\""address\"": \""\"", \""city\"": \""\"", \""state\"": \""\"", \""zip\"": \""\""}""}, ""contractor_trade"": ""General Contractor"", ""contractor_company_name"": ""Foundation Specialists, Inc"", ""contractor_full_name"": ""Amber Whitaker"", ""contractor_phone"": ""7137695994"", ""contractor_address2"": ""4224 W Sam H"", ""contractor_city"": ""Houston"", ""contractor_zip"": ""77041-____"", ""applicant_full_name"": ""Amber Whitaker"", ""applicant_org"": ""Foundation Specialists, Inc"", ""applicant_phone"": ""7137695994"", ""applicant_address2"": ""4224 W Sam H"", ""applicant_city"": ""Houston"", ""applicantzip"": ""77041-____"", ""certificate_of_occupancy"": ""No""}",2026-05-03T10:54:27.275855+00:00
2026-050803 PP,Express: Tub to shower conversion in master bathroom. Replace exhaust fan in master bathroom.,2026-04-30T00:00:00+00:00,Repair,Plumbing Permit,,Lugo's Plumbing Service,Active,713 DECKER PRAIRIE DR,78748,Residential,5125074677,https://abc.austintexas.gov/web/permit/public-search-other?t_detail=1&t_selected_folderrsn=13692657,2026-05-01T00:00:00+00:00,"{""permittype"": ""PP"", ""permit_type_desc"": ""Plumbing Permit"", ""permit_number"": ""2026-050803 PP"", ""permit_class_mapped"": ""Residential"", ""permit_class"": ""R- 435 Renovations/Remodel"", ""work_class"": ""Repair"", ""condominium"": ""No"", ""permit_location"": ""713 DECKER PRAIRIE DR"", ""description"": ""Express: Tub to shower conversion in master bathroom. Replace exhaust fan in master bathroom."", ""tcad_id"": ""0436191115"", ""legal_description"": ""LOT 31 BLK V TEXAS OAKS SEC 8-A"", ""applieddate"": ""2026-04-24T00:00:00.000"", ""issue_date"": ""2026-04-30T00:00:00.000"", ""day_issued"": ""THURSDAY"", ""calendar_year_issued"": ""2026"", ""fiscal_year_issued"": ""2026"", ""issued_in_last_30_days"": ""Yes"", ""issue_method"": ""Permit Center"", ""status_current"": ""Active"", ""statusdate"": ""2026-05-01T00:00:00.000"", ""expiresdate"": ""2026-10-28T00:00:00.000"", ""remodel_repair_sqft"": ""1"", ""number_of_floors"": ""1"", ""housing_units"": ""1"", ""original_address1"": ""713 DECKER PRAIRIE DR"", ""original_city"": ""AUSTIN"", ""original_state"": ""TX"", ""original_zip"": ""78748"", ""council_district"": ""5"", ""jurisdiction"": ""AUSTIN FULL PURPOSE"", ""link"": {""url"": ""https://abc.austintexas.gov/web/permit/public-search-other?t_detail=1&t_selected_folderrsn=13692657""}, ""project_id"": ""13692657"", ""masterpermitnum"": ""13692652"", ""latitude"": ""30.15582197"", ""longitude"": ""-97.81365607"", ""location"": {""latitude"": ""30.15582197"", ""longitude"": ""-97.81365607"", ""human_address"": ""{\""address\"": \""\"", \""city\"": \""\"", \""state\"": \""\"", \""zip\"": \""\""}""}, ""contractor_trade"": ""Plumbing Contractor"", ""contractor_company_name"": ""Lugo's Plumbing Service"", ""contractor_full_name"": ""Salvador Lugo"", ""contractor_phone"": ""5125074677"", ""contractor_address2"": ""500 N Avenue"", ""contractor_city"": ""Elgin"", ""contractor_zip"": ""78621"", ""certificate_of_occupancy"": ""No""}",2026-05-03T10:54:27.275855+00:00
2026-052453 MP,Replacement of complete existing central heat and air system with or without duct work Install replacement of 4 Ton Heat Pump System,2026-04-30T00:00:00+00:00,Change Out,Mechanical Permit,,Radiant Plumbing and Air Conditioning,Active,9000 JOLLY HOLLOW DR,78750,Residential,5126904935,https://abc.austintexas.gov/web/permit/public-search-other?t_detail=1&t_selected_folderrsn=13694495,2026-04-30T00:00:00+00:00,"{""permittype"": ""MP"", ""permit_type_desc"": ""Mechanical Permit"", ""permit_number"": ""2026-052453 MP"", ""permit_class_mapped"": ""Residential"", ""permit_class"": ""Residential"", ""work_class"": ""Change Out"", ""permit_location"": ""9000 JOLLY HOLLOW DR"", ""description"": ""Replacement of complete existing central heat and air system with or without duct work Install replacement of 4 Ton Heat Pump System"", ""tcad_id"": ""0168130414"", ""legal_description"": ""LOT 5 *LESS NW 15 FT TRI BLK K BALCONES VILLAGE SEC 10"", ""applieddate"": ""2026-04-28T00:00:00.000"", ""issue_date"": ""2026-04-30T00:00:00.000"", ""day_issued"": ""THURSDAY"", ""calendar_year_issued"": ""2026"", ""fiscal_year_issued"": ""2026"", ""issued_in_last_30_days"": ""Yes"", ""issue_method"": ""Permit Center"", ""status_current"": ""Active"", ""statusdate"": ""2026-04-30T00:00:00.000"", ""expiresdate"": ""2026-10-27T00:00:00.000"", ""original_address1"": ""9000 JOLLY HOLLOW DR"", ""original_city"": ""AUSTIN"", ""original_state"": ""TX"", ""original_zip"": ""78750"", ""council_district"": ""6"", ""jurisdiction"": ""AUSTIN FULL PURPOSE"", ""link"": {""url"": ""https://abc.austintexas.gov/web/permit/public-search-other?t_detail=1&t_selected_folderrsn=13694495""}, ""project_id"": ""13694495"", ""latitude"": ""30.43733851"", ""longitude"": ""-97.79294263"", ""location"": {""latitude"": ""30.43733851"", ""longitude"": ""-97.79294263"", ""human_address"": ""{\""address\"": \""\"", \""city\"": \""\"", \""state\"": \""\"", \""zip\"": \""\""}""}, ""contractor_trade"": ""Mechanical Contractor"", ""contractor_company_name"": ""Radiant Plumbing and Air Conditioning"", ""contractor_full_name"": ""James Price"", ""contractor_phone"": ""5126904935"", ""contractor_address2"": ""901  REINLI"", ""contractor_city"": ""AUSTIN"", ""contractor_zip"": ""78751-____""}",2026-05-03T10:54:27.275855+00:00
2026-051773 BP,New swimming pool and spa w/ reqd enclosure device for existing 1-story single family residence.,2026-04-30T00:00:00+00:00,New,Building Permit,0.0,Scott Cummings,Active,6804 LADERA NORTE,78731,Residential,5129140388,https://abc.austintexas.gov/web/permit/public-search-other?t_detail=1&t_selected_folderrsn=13693737,2026-05-01T00:00:00+00:00,"{""permittype"": ""BP"", ""permit_type_desc"": ""Building Permit"", ""permit_number"": ""2026-051773 BP"", ""permit_class_mapped"": ""Residential"", ""permit_class"": ""R- 329 Res Structures Other Than Bldg"", ""work_class"": ""New"", ""condominium"": ""No"", ""permit_location"": ""6804 LADERA NORTE"", ""description"": ""New swimming pool and spa w/ reqd enclosure device for existing 1-story single family residence."", ""tcad_id"": ""0142110910"", ""legal_description"": ""LOT 5 BLK E NORTH CAT MOUNTAIN SEC II"", ""applieddate"": ""2026-01-11T00:00:00.000"", ""issue_date"": ""2026-04-30T00:00:00.000"", ""day_issued"": ""THURSDAY"", ""calendar_year_issued"": ""2026"", ""fiscal_year_issued"": ""2026"", ""issued_in_last_30_days"": ""Yes"", ""issue_method"": ""Permit Center"", ""status_current"": ""Active"", ""statusdate"": ""2026-05-01T00:00:00.000"", ""expiresdate"": ""2026-10-28T00:00:00.000"", ""total_new_add_sqft"": ""444"", ""total_job_valuation"": ""0"", ""number_of_floors"": ""0"", ""housing_units"": ""0"", ""original_address1"": ""6804 LADERA NORTE"", ""original_city"": ""AUSTIN"", ""original_state"": ""TX"", ""original_zip"": ""78731"", ""council_district"": ""10"", ""jurisdiction"": ""AUSTIN FULL PURPOSE"", ""link"": {""url"": ""https://abc.austintexas.gov/web/permit/public-search-other?t_detail=1&t_selected_folderrsn=13693737""}, ""project_id"": ""13693737"", ""masterpermitnum"": ""13638793"", ""latitude"": ""30.3654108"", ""longitude"": ""-97.78165884"", ""location"": {""latitude"": ""30.3654108"", ""longitude"": ""-97.78165884"", ""human_address"": ""{\""address\"": \""\"", \""city\"": \""\"", \""state\"": \""\"", \""zip\"": \""\""}""}, ""contractor_trade"": ""General Contractor"", ""contractor_company_name"": ""Scott Cummings"", ""contractor_full_name"": ""Design Ecology"", ""contractor_phone"": ""5129140388"", ""contractor_address2"": ""3714   MANCH"", ""contractor_city"": ""AUSTIN"", ""contractor_zip"": ""78704"", ""applicant_full_name"": ""Design Ecology"", ""applicant_org"": ""Scott Cummings"", ""applicant_phone"": ""5129140388"", ""applicant_address2"": ""3714   MANCH"", ""applicant_city"": ""AUSTIN"", ""applicantzip"": ""78704"", ""certificate_of_occupancy"": ""No"", ""total_lot_sq_ft"": ""21550""}",2026-05-03T10:54:27.275855+00:00
2026-052718 MP,Replacement of complete existing central heat and air system with or without duct work *KEN WHELAN: Remove existing system and install new 2-ton Lenno,2026-04-30T00:00:00+00:00,Change Out,Mechanical Permit,,Strand Brothers Service Experts,Active,1615 SPYGLASS DR UNIT 10,78746,Commercial,3462663635,https://abc.austintexas.gov/web/permit/public-search-other?t_detail=1&t_selected_folderrsn=13694771,2026-04-30T00:00:00+00:00,"{""permittype"": ""MP"", ""permit_type_desc"": ""Mechanical Permit"", ""permit_number"": ""2026-052718 MP"", ""permit_class_mapped"": ""Commercial"", ""permit_class"": ""Commercial"", ""work_class"": ""Change Out"", ""permit_location"": ""1615 SPYGLASS DR UNIT 10"", ""description"": ""Replacement of complete existing central heat and air system with or without duct work *KEN WHELAN: Remove existing system and install new 2-ton Lenno"", ""tcad_id"": ""0101111301"", ""applieddate"": ""2026-04-28T00:00:00.000"", ""issue_date"": ""2026-04-30T00:00:00.000"", ""day_issued"": ""THURSDAY"", ""calendar_year_issued"": ""2026"", ""fiscal_year_issued"": ""2026"", ""issued_in_last_30_days"": ""Yes"", ""issue_method"": ""Permit Center"", ""status_current"": ""Active"", ""statusdate"": ""2026-04-30T00:00:00.000"", ""expiresdate"": ""2026-10-27T00:00:00.000"", ""original_address1"": ""1615 SPYGLASS DR UNIT 10"", ""original_city"": ""AUSTIN"", ""original_state"": ""TX"", ""original_zip"": ""78746"", ""council_district"": ""8"", ""jurisdiction"": ""AUSTIN FULL PURPOSE"", ""link"": {""url"": ""https://abc.austintexas.gov/web/permit/public-search-other?t_detail=1&t_selected_folderrsn=13694771""}, ""project_id"": ""13694771"", ""latitude"": ""30.25724547"", ""longitude"": ""-97.78798333"", ""location"": {""latitude"": ""30.25724547"", ""longitude"": ""-97.78798333"", ""human_address"": ""{\""address\"": \""\"", \""city\"": \""\"", \""state\"": \""\"", \""zip\"": \""\""}""}, ""contractor_trade"": ""Mechanical Contractor"", ""contractor_company_name"": ""Strand Brothers Service Experts"", ""contractor_full_name"": ""Michael McCoy"", ""contractor_phone"": ""3462663635"", ""contractor_address2"": ""5811  TECHNI"", ""contractor_city"": ""AUSTIN"", ""contractor_zip"": ""78721-____""}",2026-05-03T10:54:27.275855+00:00
2026-052679 MP,Replacement of complete existing central heat and air system with or without duct work * PATRICIA REICHARD: Replace two existing 2-ton vertical gas sp,2026-04-30T00:00:00+00:00,Change Out,Mechanical Permit,,Strand Brothers Service Experts,Active,6504 TWIN CREEK HOLW,78750,Residential,3462663635,https://abc.austintexas.gov/web/permit/public-search-other?t_detail=1&t_selected_folderrsn=13694732,2026-04-30T00:00:00+00:00,"{""permittype"": ""MP"", ""permit_type_desc"": ""Mechanical Permit"", ""permit_number"": ""2026-052679 MP"", ""permit_class_mapped"": ""Residential"", ""permit_class"": ""Residential"", ""work_class"": ""Change Out"", ""permit_location"": ""6504 TWIN CREEK HOLW"", ""description"": ""Replacement of complete existing central heat and air system with or without duct work * PATRICIA REICHARD: Replace two existing 2-ton vertical gas sp"", ""tcad_id"": ""0145110848"", ""legal_description"": ""LOT 10 LAKEWOOD SEC III PLUS .271% INT IN COMMON AREA"", ""applieddate"": ""2026-04-28T00:00:00.000"", ""issue_date"": ""2026-04-30T00:00:00.000"", ""day_issued"": ""THURSDAY"", ""calendar_year_issued"": ""2026"", ""fiscal_year_issued"": ""2026"", ""issued_in_last_30_days"": ""Yes"", ""issue_method"": ""Permit Center"", ""status_current"": ""Active"", ""statusdate"": ""2026-04-30T00:00:00.000"", ""expiresdate"": ""2026-10-27T00:00:00.000"", ""original_address1"": ""6504 TWIN CREEK HOLW"", ""original_city"": ""AUSTIN"", ""original_state"": ""TX"", ""original_zip"": ""78750"", ""council_district"": ""10"", ""jurisdiction"": ""AUSTIN FULL PURPOSE"", ""link"": {""url"": ""https://abc.austintexas.gov/web/permit/public-search-other?t_detail=1&t_selected_folderrsn=13694732""}, ""project_id"": ""13694732"", ""latitude"": ""30.3734192"", ""longitude"": ""-97.79188267"", ""location"": {""latitude"": ""30.3734192"", ""longitude"": ""-97.79188267"", ""human_address"": ""{\""address\"": \""\"", \""city\"": \""\"", \""state\"": \""\"", \""zip\"": \""\""}""}, ""contractor_trade"": ""Mechanical Contractor"", ""contractor_company_name"": ""Strand Brothers Service Experts"", ""contractor_full_name"": ""Michael McCoy"", ""contractor_phone"": ""3462663635"", ""contractor_address2"": ""5811  TECHNI"", ""contractor_city"": ""AUSTIN"", ""contractor_zip"": ""78721-____""}",2026-05-03T10:54:27.275855+00:00
2026-052066 BP,Replacement of roof. Existing multifamily.,2026-04-30T00:00:00+00:00,Remodel,Building Permit,,"Foundation Specialists, Inc",Active,8527 N CAPITAL OF TEXAS HWY NB BLDG 8539,78759,Commercial,7137695994,https://abc.austintexas.gov/web/permit/public-search-other?t_detail=1&t_selected_folderrsn=13694047,2026-04-30T00:00:00+00:00,"{""permittype"": ""BP"", ""permit_type_desc"": ""Building Permit"", ""permit_number"": ""2026-052066 BP"", ""permit_class_mapped"": ""Commercial"", ""permit_class"": ""C-1000 Commercial Remodel"", ""work_class"": ""Remodel"", ""condominium"": ""No"", ""permit_location"": ""8527 N CAPITAL OF TEXAS HWY NB BLDG 8539"", ""description"": ""Replacement of roof. Existing multifamily."", ""tcad_id"": ""0150050125"", ""legal_description"": ""LOT 1 SPICE FOREST"", ""applieddate"": ""2026-04-27T00:00:00.000"", ""issue_date"": ""2026-04-30T00:00:00.000"", ""day_issued"": ""THURSDAY"", ""calendar_year_issued"": ""2026"", ""fiscal_year_issued"": ""2026"", ""issued_in_last_30_days"": ""Yes"", ""issue_method"": ""Permit Center"", ""status_current"": ""Active"", ""statusdate"": ""2026-04-30T00:00:00.000"", ""expiresdate"": ""2026-10-28T00:00:00.000"", ""remodel_repair_sqft"": ""3634"", ""total_valuation_remodel"": ""23008"", ""number_of_floors"": ""3"", ""housing_units"": ""1"", ""building_valuation_remodel"": ""23008"", ""electrical_valuation_remodel"": ""0"", ""mechanical_valuation_remodel"": ""0"", ""plumbing_valuation_remodel"": ""0"", ""medgas_valuation_remodel"": ""0"", ""original_address1"": ""8527 N CAPITAL OF TEXAS HWY NB BLDG 8539"", ""original_city"": ""AUSTIN"", ""original_state"": ""TX"", ""original_zip"": ""78759"", ""council_district"": ""10"", ""jurisdiction"": ""AUSTIN FULL PURPOSE"", ""link"": {""url"": ""https://abc.austintexas.gov/web/permit/public-search-other?t_detail=1&t_selected_folderrsn=13694047""}, ""project_id"": ""13694047"", ""masterpermitnum"": ""13694040"", ""latitude"": ""30.38609729"", ""longitude"": ""-97.76435808"", ""location"": {""latitude"": ""30.38609729"", ""longitude"": ""-97.76435808"", ""human_address"": ""{\""address\"": \""\"", \""city\"": \""\"", \""state\"": \""\"", \""zip\"": \""\""}""}, ""contractor_trade"": ""General Contractor"", ""contractor_company_name"": ""Foundation Specialists, Inc"", ""contractor_full_name"": ""Amber Whitaker"", ""contractor_phone"": ""7137695994"", ""contractor_address2"": ""4224 W Sam H"", ""contractor_city"": ""Houston"", ""contractor_zip"": ""77041-____"", ""applicant_full_name"": ""Amber Whitaker"", ""applicant_org"": ""Foundation Specialists, Inc"", ""applicant_phone"": ""7137695994"", ""applicant_address2"": ""4224 W Sam H"", ""applicant_city"": ""Houston"", ""applicantzip"": ""77041-____"", ""certificate_of_occupancy"": ""No""}",2026-05-03T10:54:27.275855+00:00
2022-132320 MP,ePlan: Expedited Review - New Construction of a 6-Story Mixed Use Multi-Family Bldgs. with Grade level amenities and vertical circulation on Level 1 (,2026-04-30T00:00:00+00:00,Shell,Mechanical Permit,,"Truform Metalservice, Inc.",Active,300 PRESSLER ST,78703,Commercial,5122581675,https://abc.austintexas.gov/web/permit/public-search-other?t_detail=1&t_selected_folderrsn=13009031,2026-04-30T00:00:00+00:00,"{""permittype"": ""MP"", ""permit_type_desc"": ""Mechanical Permit"", ""permit_number"": ""2022-132320 MP"", ""permit_class_mapped"": ""Commercial"", ""permit_class"": ""C- 105 Five or More Family Bldgs"", ""work_class"": ""Shell"", ""condominium"": ""No"", ""permit_location"": ""300 PRESSLER ST"", ""description"": ""ePlan: Expedited Review - New Construction of a 6-Story Mixed Use Multi-Family Bldgs. with Grade level amenities and vertical circulation on Level 1 ("", ""tcad_id"": ""0107030108"", ""legal_description"": "".309 AC OF OLT 11 DIVISION Z"", ""applieddate"": ""2022-06-01T00:00:00.000"", ""issue_date"": ""2026-04-30T00:00:00.000"", ""day_issued"": ""THURSDAY"", ""calendar_year_issued"": ""2026"", ""fiscal_year_issued"": ""2026"", ""issued_in_last_30_days"": ""Yes"", ""issue_method"": ""Permit Center"", ""status_current"": ""Active"", ""statusdate"": ""2026-04-30T00:00:00.000"", ""expiresdate"": ""2026-10-27T00:00:00.000"", ""total_new_add_sqft"": ""12463"", ""number_of_floors"": ""6"", ""housing_units"": ""116"", ""mechanical_valuation"": ""0"", ""original_address1"": ""300 PRESSLER ST"", ""original_city"": ""AUSTIN"", ""original_state"": ""TX"", ""original_zip"": ""78703"", ""council_district"": ""9"", ""jurisdiction"": ""AUSTIN FULL PURPOSE"", ""link"": {""url"": ""https://abc.austintexas.gov/web/permit/public-search-other?t_detail=1&t_selected_folderrsn=13009031""}, ""project_id"": ""13009031"", ""masterpermitnum"": ""13008487"", ""latitude"": ""30.27166234"", ""longitude"": ""-97.76166172"", ""location"": {""latitude"": ""30.27166234"", ""longitude"": ""-97.76166172"", ""human_address"": ""{\""address\"": \""\"", \""city\"": \""\"", \""state\"": \""\"", \""zip\"": \""\""}""}, ""contractor_trade"": ""Mechanical Contractor"", ""contractor_company_name"": ""Truform Metalservice, Inc."", ""contractor_full_name"": ""Steven Allen Lane"", ""contractor_phone"": ""5122581675"", ""contractor_address1"": ""P. O. BOX 20"", ""contractor_address2"": ""AUSTIN TX  7"", ""contractor_city"": ""Austin"", ""contractor_zip"": ""78729"", ""certificate_of_occupancy"": ""No""}",2026-05-03T10:54:27.275855+00:00
2026-049262 PP,Tunnel under foundation at the front left of home near the stairs. Replace approximately 15ft of the main sewer line. Will not be breaking into the fo,2026-04-30T00:00:00+00:00,Repair,Plumbing Permit,,Flawless Fixers DBA Rooterman of Austin,Active,1900 WOODLAND AVE UNIT 2,78741,Residential,5129007676,https://abc.austintexas.gov/web/permit/public-search-other?t_detail=1&t_selected_folderrsn=13690742,2026-05-01T00:00:00+00:00,"{""permittype"": ""PP"", ""permit_type_desc"": ""Plumbing Permit"", ""permit_number"": ""2026-049262 PP"", ""permit_class_mapped"": ""Residential"", ""permit_class"": ""Residential"", ""work_class"": ""Repair"", ""condominium"": ""No"", ""permit_location"": ""1900 WOODLAND AVE UNIT 2"", ""description"": ""Tunnel under foundation at the front left of home near the stairs. Replace approximately 15ft of the main sewer line. Will not be breaking into the fo"", ""tcad_id"": ""0305060206"", ""legal_description"": ""LOT 7 BLK A COLORADO HILLS ESTATES SEC 2"", ""applieddate"": ""2026-04-21T00:00:00.000"", ""issue_date"": ""2026-04-30T00:00:00.000"", ""day_issued"": ""THURSDAY"", ""calendar_year_issued"": ""2026"", ""fiscal_year_issued"": ""2026"", ""issued_in_last_30_days"": ""Yes"", ""issue_method"": ""Permit Center"", ""status_current"": ""Active"", ""statusdate"": ""2026-05-01T00:00:00.000"", ""expiresdate"": ""2026-10-28T00:00:00.000"", ""remodel_repair_sqft"": ""100"", ""number_of_floors"": ""0"", ""housing_units"": ""2"", ""original_address1"": ""1900 WOODLAND AVE UNIT 2"", ""original_city"": ""AUSTIN"", ""original_state"": ""TX"", ""original_zip"": ""78741"", ""council_district"": ""3"", ""jurisdiction"": ""AUSTIN FULL PURPOSE"", ""link"": {""url"": ""https://abc.austintexas.gov/web/permit/public-search-other?t_detail=1&t_selected_folderrsn=13690742""}, ""project_id"": ""13690742"", ""contractor_trade"": ""Plumbing Contractor"", ""contractor_company_name"": ""Flawless Fixers DBA Rooterman of Austin"", ""contractor_full_name"": ""David Coucke"", ""contractor_phone"": ""5129007676"", ""contractor_address2"": ""15503  Patri"", ""contractor_city"": ""AUSTIN"", ""contractor_zip"": ""78728-____"", ""certificate_of_occupancy"": ""No""}",2026-05-03T10:54:27.275855+00:00
2026-032984 PP,Repair and Restoration of a Two-Story Multi-Family Condominium Building Damaged by Fire. Work Includes Reconstruction of Units 157 & 257 including Roo,2026-04-30T00:00:00+00:00,Remodel,Plumbing Permit,,RD Plumbing LLC,Active,6001 SHEPHERD MOUNTAIN CV UNIT 157,78730,Commercial,8324251559,https://abc.austintexas.gov/web/permit/public-search-other?t_detail=1&t_selected_folderrsn=13672200,2026-04-30T00:00:00+00:00,"{""permittype"": ""PP"", ""permit_type_desc"": ""Plumbing Permit"", ""permit_number"": ""2026-032984 PP"", ""permit_class_mapped"": ""Commercial"", ""permit_class"": ""C-1000 Commercial Remodel"", ""work_class"": ""Remodel"", ""condominium"": ""No"", ""permit_location"": ""6001 SHEPHERD MOUNTAIN CV UNIT 157"", ""description"": ""Repair and Restoration of a Two-Story Multi-Family Condominium Building Damaged by Fire. Work Includes Reconstruction of Units 157 & 257 including Roo"", ""tcad_id"": ""0139130116"", ""legal_description"": ""LOT 3 SHEPHERD MOUNTAIN PHS 1"", ""applieddate"": ""2025-11-24T00:00:00.000"", ""issue_date"": ""2026-04-30T00:00:00.000"", ""day_issued"": ""THURSDAY"", ""calendar_year_issued"": ""2026"", ""fiscal_year_issued"": ""2026"", ""issued_in_last_30_days"": ""Yes"", ""issue_method"": ""Permit Center"", ""status_current"": ""Active"", ""statusdate"": ""2026-04-30T00:00:00.000"", ""expiresdate"": ""2026-09-19T00:00:00.000"", ""remodel_repair_sqft"": ""2400"", ""number_of_floors"": ""2"", ""housing_units"": ""3"", ""original_address1"": ""6001 SHEPHERD MOUNTAIN CV UNIT 157"", ""original_city"": ""AUSTIN"", ""original_state"": ""TX"", ""original_zip"": ""78730"", ""council_district"": ""10"", ""jurisdiction"": ""AUSTIN FULL PURPOSE"", ""link"": {""url"": ""https://abc.austintexas.gov/web/permit/public-search-other?t_detail=1&t_selected_folderrsn=13672200""}, ""project_id"": ""13672200"", ""masterpermitnum"": ""13672197"", ""contractor_trade"": ""Plumbing Contractor"", ""contractor_company_name"": ""RD Plumbing LLC"", ""contractor_full_name"": ""Roy Buxton"", ""contractor_phone"": ""8324251559"", ""contractor_address2"": ""6520  Dream"", ""contractor_city"": ""Dickinson"", ""contractor_zip"": ""77539-____"", ""certificate_of_occupancy"": ""No""}",2026-05-03T10:54:27.275855+00:00
2026-053940 BP,Callahan 830-P-L Is a New one-story single family residence with (4) bedrooms (2) bathrooms an attached two-car garage and a covered entry porch and p,2026-04-30T00:00:00+00:00,New,Building Permit,0.0,Meritage Homes Corp,Active,12421 SAINT THOMAS DR,78617,Residential,5126104868,https://abc.austintexas.gov/web/permit/public-search-other?t_detail=1&t_selected_folderrsn=13696150,2026-04-30T00:00:00+00:00,"{""permittype"": ""BP"", ""permit_type_desc"": ""Building Permit"", ""permit_number"": ""2026-053940 BP"", ""permit_class_mapped"": ""Residential"", ""permit_class"": ""R- 101 Single Family Houses"", ""work_class"": ""New"", ""condominium"": ""No"", ""permit_location"": ""12421 SAINT THOMAS DR"", ""description"": ""Callahan 830-P-L Is a New one-story single family residence with (4) bedrooms (2) bathrooms an attached two-car garage and a covered entry porch and p"", ""tcad_id"": ""0326430617"", ""legal_description"": ""LOT 17 BLK E LEXINGTON PARKE SEC 1"", ""applieddate"": ""2026-04-07T00:00:00.000"", ""issue_date"": ""2026-04-30T00:00:00.000"", ""day_issued"": ""THURSDAY"", ""calendar_year_issued"": ""2026"", ""fiscal_year_issued"": ""2026"", ""issued_in_last_30_days"": ""Yes"", ""issue_method"": ""Permit Center"", ""status_current"": ""Active"", ""statusdate"": ""2026-04-30T00:00:00.000"", ""expiresdate"": ""2026-10-28T00:00:00.000"", ""total_new_add_sqft"": ""2269"", ""total_job_valuation"": ""0"", ""number_of_floors"": ""1"", ""housing_units"": ""1"", ""original_address1"": ""12421 SAINT THOMAS DR"", ""original_city"": ""AUSTIN"", ""original_state"": ""TX"", ""original_zip"": ""78617"", ""council_district"": ""2"", ""jurisdiction"": ""AUSTIN FULL PURPOSE"", ""link"": {""url"": ""https://abc.austintexas.gov/web/permit/public-search-other?t_detail=1&t_selected_folderrsn=13696150""}, ""project_id"": ""13696150"", ""masterpermitnum"": ""13682424"", ""contractor_trade"": ""General Contractor"", ""contractor_company_name"": ""Meritage Homes Corp"", ""contractor_full_name"": ""Kim Kidd"", ""contractor_phone"": ""5126104868"", ""contractor_address2"": ""12301  RESEA"", ""contractor_city"": ""AUSTIN"", ""contractor_zip"": ""78759"", ""applicant_full_name"": ""Kim Kidd"", ""applicant_org"": ""Meritage Homes Corp"", ""applicant_phone"": ""5126104868"", ""applicant_address2"": ""12301  RESEA"", ""applicant_city"": ""AUSTIN"", ""applicantzip"": ""78759"", ""certificate_of_occupancy"": ""Yes"", ""total_lot_sq_ft"": ""5640""}",2026-05-03T10:54:27.275855+00:00
2022-132332 MP,ePlan: Expedited Review - Finish Out of  Level 3 of a 6-Story Mixed Use Multi-Family Bldgs. (25399 SF),2026-04-30T00:00:00+00:00,Remodel,Mechanical Permit,,"Truform Metalservice, Inc.",Active,300 PRESSLER ST,78703,Commercial,5122581675,https://abc.austintexas.gov/web/permit/public-search-other?t_detail=1&t_selected_folderrsn=13009064,2026-04-30T00:00:00+00:00,"{""permittype"": ""MP"", ""permit_type_desc"": ""Mechanical Permit"", ""permit_number"": ""2022-132332 MP"", ""permit_class_mapped"": ""Commercial"", ""permit_class"": ""C-1001 Commercial Finish Out"", ""work_class"": ""Remodel"", ""condominium"": ""No"", ""permit_location"": ""300 PRESSLER ST"", ""description"": ""ePlan: Expedited Review - Finish Out of  Level 3 of a 6-Story Mixed Use Multi-Family Bldgs. (25399 SF)"", ""tcad_id"": ""0107030108"", ""legal_description"": "".309 AC OF OLT 11 DIVISION Z"", ""applieddate"": ""2022-06-01T00:00:00.000"", ""issue_date"": ""2026-04-30T00:00:00.000"", ""day_issued"": ""THURSDAY"", ""calendar_year_issued"": ""2026"", ""fiscal_year_issued"": ""2026"", ""issued_in_last_30_days"": ""Yes"", ""issue_method"": ""Permit Center"", ""status_current"": ""Active"", ""statusdate"": ""2026-04-30T00:00:00.000"", ""expiresdate"": ""2026-10-27T00:00:00.000"", ""remodel_repair_sqft"": ""25399"", ""number_of_floors"": ""1"", ""housing_units"": ""24"", ""original_address1"": ""300 PRESSLER ST"", ""original_city"": ""AUSTIN"", ""original_state"": ""TX"", ""original_zip"": ""78703"", ""council_district"": ""9"", ""jurisdiction"": ""AUSTIN FULL PURPOSE"", ""link"": {""url"": ""https://abc.austintexas.gov/web/permit/public-search-other?t_detail=1&t_selected_folderrsn=13009064""}, ""project_id"": ""13009064"", ""masterpermitnum"": ""13008499"", ""latitude"": ""30.27166234"", ""longitude"": ""-97.76166172"", ""location"": {""latitude"": ""30.27166234"", ""longitude"": ""-97.76166172"", ""human_address"": ""{\""address\"": \""\"", \""city\"": \""\"", \""state\"": \""\"", \""zip\"": \""\""}""}, ""contractor_trade"": ""Mechanical Contractor"", ""contractor_company_name"": ""Truform Metalservice, Inc."", ""contractor_full_name"": ""Steven Allen Lane"", ""contractor_phone"": ""5122581675"", ""contractor_address1"": ""P. O. BOX 20"", ""contractor_address2"": ""AUSTIN TX  7"", ""contractor_city"": ""Austin"", ""contractor_zip"": ""78729"", ""certificate_of_occupancy"": ""No""}",2026-05-03T10:54:27.275855+00:00
2026-050632 PP,Express - Replaces windows doors flooring cabinets replace electric plugs switches outfits replace plumbing fixtures (faucets shower & bath valves) re,2026-04-30T00:00:00+00:00,Repair,Plumbing Permit,,Logic Plumbing,Active,8307 COPANO DR,78749,Residential,2819891220,https://abc.austintexas.gov/web/permit/public-search-other?t_detail=1&t_selected_folderrsn=13692466,2026-04-30T00:00:00+00:00,"{""permittype"": ""PP"", ""permit_type_desc"": ""Plumbing Permit"", ""permit_number"": ""2026-050632 PP"", ""permit_class_mapped"": ""Residential"", ""permit_class"": ""R- 435 Renovations/Remodel"", ""work_class"": ""Repair"", ""condominium"": ""No"", ""permit_location"": ""8307 COPANO DR"", ""description"": ""Express - Replaces windows doors flooring cabinets replace electric plugs switches outfits replace plumbing fixtures (faucets shower & bath valves) re"", ""tcad_id"": ""0418300907"", ""legal_description"": ""LOT 24 BLK Z MAPLE RUN SEC 6"", ""applieddate"": ""2026-04-23T00:00:00.000"", ""issue_date"": ""2026-04-30T00:00:00.000"", ""day_issued"": ""THURSDAY"", ""calendar_year_issued"": ""2026"", ""fiscal_year_issued"": ""2026"", ""issued_in_last_30_days"": ""Yes"", ""issue_method"": ""Permit Center"", ""status_current"": ""Active"", ""statusdate"": ""2026-04-30T00:00:00.000"", ""expiresdate"": ""2026-10-25T00:00:00.000"", ""remodel_repair_sqft"": ""1"", ""number_of_floors"": ""1"", ""housing_units"": ""1"", ""original_address1"": ""8307 COPANO DR"", ""original_city"": ""AUSTIN"", ""original_state"": ""TX"", ""original_zip"": ""78749"", ""council_district"": ""8"", ""jurisdiction"": ""AUSTIN FULL PURPOSE"", ""link"": {""url"": ""https://abc.austintexas.gov/web/permit/public-search-other?t_detail=1&t_selected_folderrsn=13692466""}, ""project_id"": ""13692466"", ""masterpermitnum"": ""13692463"", ""latitude"": ""30.20655099"", ""longitude"": ""-97.85055511"", ""location"": {""latitude"": ""30.20655099"", ""longitude"": ""-97.85055511"", ""human_address"": ""{\""address\"": \""\"", \""city\"": \""\"", \""state\"": \""\"", \""zip\"": \""\""}""}, ""contractor_trade"": ""Plumbing Contractor"", ""contractor_company_name"": ""Logic Plumbing"", ""contractor_full_name"": ""Juan Pineda"", ""contractor_phone"": ""2819891220"", ""contractor_address2"": ""311  Fig DRI"", ""contractor_city"": ""Fresno"", ""contractor_zip"": ""77545"", ""certificate_of_occupancy"": ""No""}",2026-05-03T10:54:27.275855+00:00
2026-047459 PP,New construction single-family residential 4 bedroom 4.5 bath with attached 2-car garage covered porch and covered patio.,2026-04-30T00:00:00+00:00,New,Plumbing Permit,,Victory Plumbing Company,Active,8825 BREEZE HILL DR,78744,Residential,5129907200,https://abc.austintexas.gov/web/permit/public-search-other?t_detail=1&t_selected_folderrsn=13688683,2026-04-30T00:00:00+00:00,"{""permittype"": ""PP"", ""permit_type_desc"": ""Plumbing Permit"", ""permit_number"": ""2026-047459 PP"", ""permit_class_mapped"": ""Residential"", ""permit_class"": ""R- 101 Single Family Houses"", ""work_class"": ""New"", ""condominium"": ""No"", ""permit_location"": ""8825 BREEZE HILL DR"", ""description"": ""New construction single-family residential 4 bedroom 4.5 bath with attached 2-car garage covered porch and covered patio."", ""tcad_id"": ""0340130201"", ""legal_description"": ""PROSPECT PARK PHS 1 BLK BB LOT 4"", ""applieddate"": ""2026-03-12T00:00:00.000"", ""issue_date"": ""2026-04-30T00:00:00.000"", ""day_issued"": ""THURSDAY"", ""calendar_year_issued"": ""2026"", ""fiscal_year_issued"": ""2026"", ""issued_in_last_30_days"": ""Yes"", ""issue_method"": ""Permit Center"", ""status_current"": ""Active"", ""statusdate"": ""2026-04-30T00:00:00.000"", ""expiresdate"": ""2026-10-16T00:00:00.000"", ""total_new_add_sqft"": ""3843"", ""number_of_floors"": ""2"", ""housing_units"": ""1"", ""original_address1"": ""8825 BREEZE HILL DR"", ""original_city"": ""AUSTIN"", ""original_state"": ""TX"", ""original_zip"": ""78744"", ""council_district"": ""2"", ""jurisdiction"": ""AUSTIN LTD"", ""link"": {""url"": ""https://abc.austintexas.gov/web/permit/public-search-other?t_detail=1&t_selected_folderrsn=13688683""}, ""project_id"": ""13688683"", ""masterpermitnum"": ""13688679"", ""contractor_trade"": ""Plumbing Contractor"", ""contractor_company_name"": ""Victory Plumbing Company"", ""contractor_full_name"": ""Randolph Taylor"", ""contractor_phone"": ""5129907200"", ""contractor_address2"": ""1175  Countr"", ""contractor_city"": ""HUTTO"", ""contractor_zip"": ""78634"", ""certificate_of_occupancy"": ""No""}",2026-05-03T10:54:27.275855+00:00
2022-132339 MP,ePlan: Expedited Review - Finish Out of  Level 5 of a 6-Story Mixed Use Multi-Family Bldgs. (21356 SF),2026-04-30T00:00:00+00:00,Remodel,Mechanical Permit,,"Truform Metalservice, Inc.",Active,301 PRESSLER ST,78703,Commercial,5122581675,https://abc.austintexas.gov/web/permit/public-search-other?t_detail=1&t_selected_folderrsn=13009085,2026-04-30T00:00:00+00:00,"{""permittype"": ""MP"", ""permit_type_desc"": ""Mechanical Permit"", ""permit_number"": ""2022-132339 MP"", ""permit_class_mapped"": ""Commercial"", ""permit_class"": ""C-1001 Commercial Finish Out"", ""work_class"": ""Remodel"", ""condominium"": ""No"", ""permit_location"": ""301 PRESSLER ST"", ""description"": ""ePlan: Expedited Review - Finish Out of  Level 5 of a 6-Story Mixed Use Multi-Family Bldgs. (21356 SF)"", ""tcad_id"": ""0107030201"", ""legal_description"": ""1.0960AC OF OLT 1 DIVISION Z"", ""applieddate"": ""2022-06-01T00:00:00.000"", ""issue_date"": ""2026-04-30T00:00:00.000"", ""day_issued"": ""THURSDAY"", ""calendar_year_issued"": ""2026"", ""fiscal_year_issued"": ""2026"", ""issued_in_last_30_days"": ""Yes"", ""issue_method"": ""Permit Center"", ""status_current"": ""Active"", ""statusdate"": ""2026-04-30T00:00:00.000"", ""expiresdate"": ""2026-10-27T00:00:00.000"", ""remodel_repair_sqft"": ""21356"", ""number_of_floors"": ""1"", ""housing_units"": ""20"", ""original_address1"": ""301 PRESSLER ST"", ""original_city"": ""AUSTIN"", ""original_state"": ""TX"", ""original_zip"": ""78703"", ""council_district"": ""9"", ""jurisdiction"": ""AUSTIN FULL PURPOSE"", ""link"": {""url"": ""https://abc.austintexas.gov/web/permit/public-search-other?t_detail=1&t_selected_folderrsn=13009085""}, ""project_id"": ""13009085"", ""masterpermitnum"": ""13008506"", ""latitude"": ""30.27135577"", ""longitude"": ""-97.76091259"", ""location"": {""latitude"": ""30.27135577"", ""longitude"": ""-97.76091259"", ""human_address"": ""{\""address\"": \""\"", \""city\"": \""\"", \""state\"": \""\"", \""zip\"": \""\""}""}, ""contractor_trade"": ""Mechanical Contractor"", ""contractor_company_name"": ""Truform Metalservice, Inc."", ""contractor_full_name"": ""Steven Allen Lane"", ""contractor_phone"": ""5122581675"", ""contractor_address1"": ""P. O. BOX 20"", ""contractor_address2"": ""AUSTIN TX  7"", ""contractor_city"": ""Austin"", ""contractor_zip"": ""78729"", ""certificate_of_occupancy"": ""No""}",2026-05-03T10:54:27.275855+00:00
2026-045506 PP,"New construction of 1 story sfr with 4 beds 3 baths attached 2 car garage covered entry porch and patio

PUD",2026-04-30T00:00:00+00:00,New,Plumbing Permit,,Victory Plumbing Company,Active,9600 GOLDEN LION DR,78744,Residential,5129907200,https://abc.austintexas.gov/web/permit/public-search-other?t_detail=1&t_selected_folderrsn=13686391,2026-04-30T00:00:00+00:00,"{""permittype"": ""PP"", ""permit_type_desc"": ""Plumbing Permit"", ""permit_number"": ""2026-045506 PP"", ""permit_class_mapped"": ""Residential"", ""permit_class"": ""R- 101 Single Family Houses"", ""work_class"": ""New"", ""condominium"": ""No"", ""permit_location"": ""9600 GOLDEN LION DR"", ""description"": ""New construction of 1 story sfr with 4 beds 3 baths attached 2 car garage covered entry porch and patio\n\nPUD"", ""tcad_id"": ""0340150821"", ""legal_description"": ""PROSPECT PARK PHS 1 BLK P LOT 20"", ""applieddate"": ""2026-03-25T00:00:00.000"", ""issue_date"": ""2026-04-30T00:00:00.000"", ""day_issued"": ""THURSDAY"", ""calendar_year_issued"": ""2026"", ""fiscal_year_issued"": ""2026"", ""issued_in_last_30_days"": ""Yes"", ""issue_method"": ""Permit Center"", ""status_current"": ""Active"", ""statusdate"": ""2026-04-30T00:00:00.000"", ""expiresdate"": ""2026-10-13T00:00:00.000"", ""total_new_add_sqft"": ""3069"", ""number_of_floors"": ""1"", ""housing_units"": ""1"", ""original_address1"": ""9600 GOLDEN LION DR"", ""original_city"": ""AUSTIN"", ""original_state"": ""TX"", ""original_zip"": ""78744"", ""council_district"": ""2"", ""jurisdiction"": ""AUSTIN LTD"", ""link"": {""url"": ""https://abc.austintexas.gov/web/permit/public-search-other?t_detail=1&t_selected_folderrsn=13686391""}, ""project_id"": ""13686391"", ""masterpermitnum"": ""13686387"", ""contractor_trade"": ""Plumbing Contractor"", ""contractor_company_name"": ""Victory Plumbing Company"", ""contractor_full_name"": ""Randolph Taylor"", ""contractor_phone"": ""5129907200"", ""contractor_address2"": ""1175  Countr"", ""contractor_city"": ""HUTTO"", ""contractor_zip"": ""78634"", ""certificate_of_occupancy"": ""No""}",2026-05-03T10:54:27.275855+00:00
2026-040405 BP,"New pre fabricated concrete pool and spa
Removing 121 sqft of existing Impervious cover from concrete walkway",2026-04-30T00:00:00+00:00,New,Building Permit,0.0,Elevation Custom Homes LLC,Active,12715 RIVER BND,78732,Residential,9703096797,https://abc.austintexas.gov/web/permit/public-search-other?t_detail=1&t_selected_folderrsn=13680667,2026-04-30T00:00:00+00:00,"{""permittype"": ""BP"", ""permit_type_desc"": ""Building Permit"", ""permit_number"": ""2026-040405 BP"", ""permit_class_mapped"": ""Residential"", ""permit_class"": ""R- 329 Res Structures Other Than Bldg"", ""work_class"": ""New"", ""condominium"": ""No"", ""permit_location"": ""12715 RIVER BND"", ""description"": ""New pre fabricated concrete pool and spa\nRemoving 121 sqft of existing Impervious cover from concrete walkway"", ""tcad_id"": ""0127580602"", ""legal_description"": ""LOT 38 LAKE AUSTIN VILLAGE"", ""applieddate"": ""2026-01-20T00:00:00.000"", ""issue_date"": ""2026-04-30T00:00:00.000"", ""day_issued"": ""THURSDAY"", ""calendar_year_issued"": ""2026"", ""fiscal_year_issued"": ""2026"", ""issued_in_last_30_days"": ""Yes"", ""issue_method"": ""Permit Center"", ""status_current"": ""Active"", ""statusdate"": ""2026-04-30T00:00:00.000"", ""expiresdate"": ""2026-10-28T00:00:00.000"", ""total_new_add_sqft"": ""219"", ""total_job_valuation"": ""0"", ""number_of_floors"": ""1"", ""housing_units"": ""1"", ""original_address1"": ""12715 RIVER BND"", ""original_city"": ""AUSTIN"", ""original_state"": ""TX"", ""original_zip"": ""78732"", ""council_district"": ""10"", ""jurisdiction"": ""AUSTIN LTD"", ""link"": {""url"": ""https://abc.austintexas.gov/web/permit/public-search-other?t_detail=1&t_selected_folderrsn=13680667""}, ""project_id"": ""13680667"", ""masterpermitnum"": ""13643000"", ""latitude"": ""30.32910027"", ""longitude"": ""-97.92611708"", ""location"": {""latitude"": ""30.32910027"", ""longitude"": ""-97.92611708"", ""human_address"": ""{\""address\"": \""\"", \""city\"": \""\"", \""state\"": \""\"", \""zip\"": \""\""}""}, ""contractor_trade"": ""General Contractor"", ""contractor_company_name"": ""Elevation Custom Homes LLC"", ""contractor_full_name"": ""Lindsay Forster"", ""contractor_phone"": ""9703096797"", ""contractor_address2"": ""12715  RIVER"", ""contractor_city"": ""AUSTIN"", ""contractor_zip"": ""78732"", ""applicant_full_name"": ""Lindsay Forster"", ""applicant_org"": ""Elevation Custom Homes LLC"", ""applicant_phone"": ""9703096797"", ""applicant_address2"": ""12715  RIVER"", ""applicant_city"": ""AUSTIN"", ""applicantzip"": ""78732"", ""certificate_of_occupancy"": ""Yes"", ""total_lot_sq_ft"": ""10233""}",2026-05-03T10:54:27.275855+00:00
2026-052459 MP,Replacement of complete existing central heat and air system with or without duct work,2026-04-30T00:00:00+00:00,Change Out,Mechanical Permit,,McCullough Heating & Air,Active,2110 FORT VIEW RD BLDG C,78704,Residential,5122800011,https://abc.austintexas.gov/web/permit/public-search-other?t_detail=1&t_selected_folderrsn=13694501,2026-04-30T00:00:00+00:00,"{""permittype"": ""MP"", ""permit_type_desc"": ""Mechanical Permit"", ""permit_number"": ""2026-052459 MP"", ""permit_class_mapped"": ""Residential"", ""permit_class"": ""Residential"", ""work_class"": ""Change Out"", ""permit_location"": ""2110 FORT VIEW RD BLDG C"", ""description"": ""Replacement of complete existing central heat and air system with or without duct work"", ""tcad_id"": ""0408111802"", ""legal_description"": ""LOT 14B SIMS SUBD RESUB OF LOT 14"", ""applieddate"": ""2026-04-28T00:00:00.000"", ""issue_date"": ""2026-04-30T00:00:00.000"", ""day_issued"": ""THURSDAY"", ""calendar_year_issued"": ""2026"", ""fiscal_year_issued"": ""2026"", ""issued_in_last_30_days"": ""Yes"", ""issue_method"": ""Permit Center"", ""status_current"": ""Active"", ""statusdate"": ""2026-04-30T00:00:00.000"", ""expiresdate"": ""2026-10-27T00:00:00.000"", ""original_address1"": ""2110 FORT VIEW RD BLDG C"", ""original_city"": ""AUSTIN"", ""original_state"": ""TX"", ""original_zip"": ""78704"", ""council_district"": ""5"", ""jurisdiction"": ""AUSTIN FULL PURPOSE"", ""link"": {""url"": ""https://abc.austintexas.gov/web/permit/public-search-other?t_detail=1&t_selected_folderrsn=13694501""}, ""project_id"": ""13694501"", ""latitude"": ""30.23230773"", ""longitude"": ""-97.78988532"", ""location"": {""latitude"": ""30.23230773"", ""longitude"": ""-97.78988532"", ""human_address"": ""{\""address\"": \""\"", \""city\"": \""\"", \""state\"": \""\"", \""zip\"": \""\""}""}, ""contractor_trade"": ""Mechanical Contractor"", ""contractor_company_name"": ""McCullough Heating & Air"", ""contractor_full_name"": ""Albert D'Andrea"", ""contractor_phone"": ""5122800011"", ""contractor_address2"": ""2620  BUELL"", ""contractor_city"": ""AUSTIN"", ""contractor_zip"": ""78757""}",2026-05-03T10:54:27.275855+00:00
2026-051770 EP,"Rack permit

Install rack with 3 Meters to service 4415 Gillis ST - Units 1 2 & 3",2026-04-30T00:00:00+00:00,Upgrade,Electrical Permit,,AEI Electric LLC,Final,4415 GILLIS ST,78745,Residential,5128392478,https://abc.austintexas.gov/web/permit/public-search-other?t_detail=1&t_selected_folderrsn=13693734,2026-05-01T00:00:00+00:00,"{""permittype"": ""EP"", ""permit_type_desc"": ""Electrical Permit"", ""permit_number"": ""2026-051770 EP"", ""permit_class_mapped"": ""Residential"", ""permit_class"": ""Residential"", ""work_class"": ""Upgrade"", ""condominium"": ""No"", ""permit_location"": ""4415 GILLIS ST"", ""description"": ""Rack permit\n\nInstall rack with 3 Meters to service 4415 Gillis ST - Units 1 2 & 3"", ""tcad_id"": ""0409100323"", ""legal_description"": ""S 1/2 OF LOT 4 BLK 5 BANISTER ACRES"", ""applieddate"": ""2026-04-27T00:00:00.000"", ""issue_date"": ""2026-04-30T00:00:00.000"", ""day_issued"": ""THURSDAY"", ""calendar_year_issued"": ""2026"", ""fiscal_year_issued"": ""2026"", ""issued_in_last_30_days"": ""Yes"", ""issue_method"": ""Permit Center"", ""status_current"": ""Final"", ""statusdate"": ""2026-05-01T00:00:00.000"", ""expiresdate"": ""2026-05-01T00:00:00.000"", ""completed_date"": ""2026-05-01T00:00:00.000"", ""remodel_repair_sqft"": ""5832"", ""number_of_floors"": ""1"", ""housing_units"": ""1"", ""electrical_valuation_remodel"": ""10"", ""original_address1"": ""4415 GILLIS ST"", ""original_city"": ""AUSTIN"", ""original_state"": ""TX"", ""original_zip"": ""78745"", ""council_district"": ""5"", ""jurisdiction"": ""AUSTIN FULL PURPOSE"", ""link"": {""url"": ""https://abc.austintexas.gov/web/permit/public-search-other?t_detail=1&t_selected_folderrsn=13693734""}, ""project_id"": ""13693734"", ""latitude"": ""30.22508403"", ""longitude"": ""-97.7826234"", ""location"": {""latitude"": ""30.22508403"", ""longitude"": ""-97.7826234"", ""human_address"": ""{\""address\"": \""\"", \""city\"": \""\"", \""state\"": \""\"", \""zip\"": \""\""}""}, ""contractor_trade"": ""Electrical Contractor"", ""contractor_company_name"": ""AEI Electric LLC"", ""contractor_full_name"": ""Terry Herrin"", ""contractor_phone"": ""5128392478"", ""contractor_address2"": ""7500  Inspir"", ""contractor_city"": ""Austin"", ""contractor_zip"": ""78724"", ""certificate_of_occupancy"": ""No""}",2026-05-03T10:54:27.275855+00:00
2026-052029 EP,Finish the house by replacing the plumbing for all fixtures in the house then filling in/fixing the slab foundation that was trenched for plumbing rep,2026-04-30T00:00:00+00:00,Addition and Remodel,Electrical Permit,,All Days Electric,Active,1400 GLENCREST DR,78723,Residential,5126985552,https://abc.austintexas.gov/web/permit/public-search-other?t_detail=1&t_selected_folderrsn=13694006,2026-04-30T00:00:00+00:00,"{""permittype"": ""EP"", ""permit_type_desc"": ""Electrical Permit"", ""permit_number"": ""2026-052029 EP"", ""permit_class_mapped"": ""Residential"", ""permit_class"": ""R- 434 Addition & Alterations"", ""work_class"": ""Addition and Remodel"", ""condominium"": ""No"", ""permit_location"": ""1400 GLENCREST DR"", ""description"": ""Finish the house by replacing the plumbing for all fixtures in the house then filling in/fixing the slab foundation that was trenched for plumbing rep"", ""tcad_id"": ""0225170416"", ""legal_description"": ""LOT 16 BLK C MEADOWBROOK SEC 1"", ""applieddate"": ""2026-03-06T00:00:00.000"", ""issue_date"": ""2026-04-30T00:00:00.000"", ""day_issued"": ""THURSDAY"", ""calendar_year_issued"": ""2026"", ""fiscal_year_issued"": ""2026"", ""issued_in_last_30_days"": ""Yes"", ""issue_method"": ""Permit Center"", ""status_current"": ""Active"", ""statusdate"": ""2026-04-30T00:00:00.000"", ""expiresdate"": ""2026-10-27T00:00:00.000"", ""total_existing_bldg_sqft"": ""1"", ""remodel_repair_sqft"": ""1438"", ""total_new_add_sqft"": ""0"", ""number_of_floors"": ""1"", ""housing_units"": ""1"", ""electrical_valuation_remodel"": ""1000"", ""original_address1"": ""1400 GLENCREST DR"", ""original_city"": ""AUSTIN"", ""original_state"": ""TX"", ""original_zip"": ""78723"", ""council_district"": ""4"", ""jurisdiction"": ""AUSTIN FULL PURPOSE"", ""link"": {""url"": ""https://abc.austintexas.gov/web/permit/public-search-other?t_detail=1&t_selected_folderrsn=13694006""}, ""project_id"": ""13694006"", ""masterpermitnum"": ""13681784"", ""latitude"": ""30.31888917"", ""longitude"": ""-97.69618112"", ""location"": {""latitude"": ""30.31888917"", ""longitude"": ""-97.69618112"", ""human_address"": ""{\""address\"": \""\"", \""city\"": \""\"", \""state\"": \""\"", \""zip\"": \""\""}""}, ""contractor_trade"": ""Electrical Contractor"", ""contractor_company_name"": ""All Days Electric"", ""contractor_full_name"": ""Francisco Rascon"", ""contractor_phone"": ""5126985552"", ""contractor_address1"": ""103 CREEK DR"", ""contractor_address2"": ""GEORGETOWN T"", ""contractor_city"": ""Georgetown"", ""contractor_zip"": ""78628"", ""certificate_of_occupancy"": ""No""}",2026-05-03T10:54:27.275855+00:00
2026-047015 BP,Replacement of roof.,2026-04-30T00:00:00+00:00,Remodel,Building Permit,,"Foundation Specialists, Inc",Active,8527 N CAPITAL OF TEXAS HWY NB BLDG 8503,78759,Commercial,7137695994,https://abc.austintexas.gov/web/permit/public-search-other?t_detail=1&t_selected_folderrsn=13688158,2026-04-30T00:00:00+00:00,"{""permittype"": ""BP"", ""permit_type_desc"": ""Building Permit"", ""permit_number"": ""2026-047015 BP"", ""permit_class_mapped"": ""Commercial"", ""permit_class"": ""C-1000 Commercial Remodel"", ""work_class"": ""Remodel"", ""condominium"": ""No"", ""permit_location"": ""8527 N CAPITAL OF TEXAS HWY NB BLDG 8503"", ""description"": ""Replacement of roof."", ""tcad_id"": ""0150050125"", ""legal_description"": ""LOT 1 SPICE FOREST"", ""applieddate"": ""2026-04-16T00:00:00.000"", ""issue_date"": ""2026-04-30T00:00:00.000"", ""day_issued"": ""THURSDAY"", ""calendar_year_issued"": ""2026"", ""fiscal_year_issued"": ""2026"", ""issued_in_last_30_days"": ""Yes"", ""issue_method"": ""Permit Center"", ""status_current"": ""Active"", ""statusdate"": ""2026-04-30T00:00:00.000"", ""expiresdate"": ""2026-10-28T00:00:00.000"", ""remodel_repair_sqft"": ""4616"", ""total_valuation_remodel"": ""0"", ""number_of_floors"": ""1"", ""housing_units"": ""1"", ""building_valuation_remodel"": ""0"", ""electrical_valuation_remodel"": ""0"", ""mechanical_valuation_remodel"": ""0"", ""plumbing_valuation_remodel"": ""0"", ""medgas_valuation_remodel"": ""0"", ""original_address1"": ""8527 N CAPITAL OF TEXAS HWY NB BLDG 8503"", ""original_city"": ""AUSTIN"", ""original_state"": ""TX"", ""original_zip"": ""78759"", ""council_district"": ""10"", ""jurisdiction"": ""AUSTIN FULL PURPOSE"", ""link"": {""url"": ""https://abc.austintexas.gov/web/permit/public-search-other?t_detail=1&t_selected_folderrsn=13688158""}, ""project_id"": ""13688158"", ""masterpermitnum"": ""13688141"", ""latitude"": ""30.38609729"", ""longitude"": ""-97.76435808"", ""location"": {""latitude"": ""30.38609729"", ""longitude"": ""-97.76435808"", ""human_address"": ""{\""address\"": \""\"", \""city\"": \""\"", \""state\"": \""\"", \""zip\"": \""\""}""}, ""contractor_trade"": ""General Contractor"", ""contractor_company_name"": ""Foundation Specialists, Inc"", ""contractor_full_name"": ""Amber Whitaker"", ""contractor_phone"": ""7137695994"", ""contractor_address2"": ""4224 W Sam H"", ""contractor_city"": ""Houston"", ""contractor_zip"": ""77041-____"", ""applicant_full_name"": ""Amber Whitaker"", ""applicant_org"": ""Foundation Specialists, Inc"", ""applicant_phone"": ""7137695994"", ""applicant_address2"": ""4224 W Sam H"", ""applicant_city"": ""Houston"", ""applicantzip"": ""77041-____"", ""certificate_of_occupancy"": ""No""}",2026-05-03T10:54:27.275855+00:00
2026-051723 EP,"Installing 9.68 kW DC solar with ESS
PEC",2026-04-30T00:00:00+00:00,Repair,Electrical Permit,,Horus Partners,Active,11308 MONET DR,78726,Residential,5124765555,https://abc.austintexas.gov/web/permit/public-search-other?t_detail=1&t_selected_folderrsn=13693684,2026-04-30T00:00:00+00:00,"{""permittype"": ""EP"", ""permit_type_desc"": ""Electrical Permit"", ""permit_number"": ""2026-051723 EP"", ""permit_class_mapped"": ""Residential"", ""permit_class"": ""Residential"", ""work_class"": ""Repair"", ""condominium"": ""No"", ""permit_location"": ""11308 MONET DR"", ""description"": ""Installing 9.68 kW DC solar with ESS\nPEC"", ""tcad_id"": ""0172230121"", ""legal_description"": ""LOT 14 BLK A ESTATES OF BRENTWOOD THE"", ""applieddate"": ""2026-04-27T00:00:00.000"", ""issue_date"": ""2026-04-30T00:00:00.000"", ""day_issued"": ""THURSDAY"", ""calendar_year_issued"": ""2026"", ""fiscal_year_issued"": ""2026"", ""issued_in_last_30_days"": ""Yes"", ""issue_method"": ""Permit Center"", ""status_current"": ""Active"", ""statusdate"": ""2026-04-30T00:00:00.000"", ""expiresdate"": ""2026-10-27T00:00:00.000"", ""remodel_repair_sqft"": ""0"", ""number_of_floors"": ""1"", ""housing_units"": ""1"", ""electrical_valuation_remodel"": ""50174"", ""original_address1"": ""11308 MONET DR"", ""original_city"": ""AUSTIN"", ""original_state"": ""TX"", ""original_zip"": ""78726"", ""council_district"": ""6"", ""jurisdiction"": ""AUSTIN FULL PURPOSE"", ""link"": {""url"": ""https://abc.austintexas.gov/web/permit/public-search-other?t_detail=1&t_selected_folderrsn=13693684""}, ""project_id"": ""13693684"", ""latitude"": ""30.44861141"", ""longitude"": ""-97.82226274"", ""location"": {""latitude"": ""30.44861141"", ""longitude"": ""-97.82226274"", ""human_address"": ""{\""address\"": \""\"", \""city\"": \""\"", \""state\"": \""\"", \""zip\"": \""\""}""}, ""contractor_trade"": ""Electrical Contractor"", ""contractor_company_name"": ""Horus Partners"", ""contractor_full_name"": ""Mark Pride"", ""contractor_phone"": ""5124765555"", ""contractor_address2"": ""2000 S 7th S"", ""contractor_city"": ""Austin"", ""contractor_zip"": ""78704"", ""certificate_of_occupancy"": ""No""}",2026-05-03T10:54:27.275855+00:00
2026-045394 PP,Customer had low hot water pressure and clogs in the hot water line. Partial repair on the hot water line took place included but not limited to repla,2026-04-30T00:00:00+00:00,Repair,Plumbing Permit,,GardenHouse Plumbing Co,Active,3404 BARRANCA CIR,78731,Residential,5129099442,https://abc.austintexas.gov/web/permit/public-search-other?t_detail=1&t_selected_folderrsn=13686266,2026-05-01T00:00:00+00:00,"{""permittype"": ""PP"", ""permit_type_desc"": ""Plumbing Permit"", ""permit_number"": ""2026-045394 PP"", ""permit_class_mapped"": ""Residential"", ""permit_class"": ""Residential"", ""work_class"": ""Repair"", ""condominium"": ""No"", ""permit_location"": ""3404 BARRANCA CIR"", ""description"": ""Customer had low hot water pressure and clogs in the hot water line. Partial repair on the hot water line took place included but not limited to repla"", ""tcad_id"": ""0126060721"", ""legal_description"": ""LOT 26 BLK Y BALCONES PARK SEC 8"", ""applieddate"": ""2026-04-14T00:00:00.000"", ""issue_date"": ""2026-04-30T00:00:00.000"", ""day_issued"": ""THURSDAY"", ""calendar_year_issued"": ""2026"", ""fiscal_year_issued"": ""2026"", ""issued_in_last_30_days"": ""Yes"", ""issue_method"": ""Permit Center"", ""status_current"": ""Active"", ""statusdate"": ""2026-05-01T00:00:00.000"", ""expiresdate"": ""2026-10-28T00:00:00.000"", ""remodel_repair_sqft"": ""2314"", ""number_of_floors"": ""0"", ""housing_units"": ""1"", ""original_address1"": ""3404 BARRANCA CIR"", ""original_city"": ""AUSTIN"", ""original_state"": ""TX"", ""original_zip"": ""78731"", ""council_district"": ""10"", ""jurisdiction"": ""AUSTIN FULL PURPOSE"", ""link"": {""url"": ""https://abc.austintexas.gov/web/permit/public-search-other?t_detail=1&t_selected_folderrsn=13686266""}, ""project_id"": ""13686266"", ""latitude"": ""30.3240833"", ""longitude"": ""-97.77043501"", ""location"": {""latitude"": ""30.3240833"", ""longitude"": ""-97.77043501"", ""human_address"": ""{\""address\"": \""\"", \""city\"": \""\"", \""state\"": \""\"", \""zip\"": \""\""}""}, ""contractor_trade"": ""Plumbing Contractor"", ""contractor_company_name"": ""GardenHouse Plumbing Co"", ""contractor_full_name"": ""James M Walker"", ""contractor_phone"": ""5129099442"", ""contractor_address2"": ""6604  Antelo"", ""contractor_city"": ""Austin"", ""contractor_zip"": ""78745"", ""certificate_of_occupancy"": ""No""}",2026-05-03T10:54:27.275855+00:00
2025-140728 MP,Building 3 3 Story SFR with attached garage and covered patio,2026-04-30T00:00:00+00:00,New,Mechanical Permit,,Air Temp Solutions,Active,1605 VALERIA ST,78704,Residential,5126323722,https://abc.austintexas.gov/web/permit/public-search-other?t_detail=1&t_selected_folderrsn=13608592,2026-04-30T00:00:00+00:00,"{""permittype"": ""MP"", ""permit_type_desc"": ""Mechanical Permit"", ""permit_number"": ""2025-140728 MP"", ""permit_class_mapped"": ""Residential"", ""permit_class"": ""R- 101 Single Family Houses"", ""work_class"": ""New"", ""condominium"": ""No"", ""permit_location"": ""1605 VALERIA ST"", ""description"": ""Building 3 3 Story SFR with attached garage and covered patio"", ""tcad_id"": ""0100061205"", ""legal_description"": ""LOT 1-2 BLK C OAK HILL ADDN"", ""applieddate"": ""2025-07-24T00:00:00.000"", ""issue_date"": ""2026-04-30T00:00:00.000"", ""day_issued"": ""THURSDAY"", ""calendar_year_issued"": ""2026"", ""fiscal_year_issued"": ""2026"", ""issued_in_last_30_days"": ""Yes"", ""issue_method"": ""Permit Center"", ""status_current"": ""Active"", ""statusdate"": ""2026-04-30T00:00:00.000"", ""expiresdate"": ""2026-08-29T00:00:00.000"", ""total_new_add_sqft"": ""1772"", ""number_of_floors"": ""3"", ""housing_units"": ""1"", ""original_address1"": ""1605 VALERIA ST"", ""original_city"": ""AUSTIN"", ""original_state"": ""TX"", ""original_zip"": ""78704"", ""council_district"": ""5"", ""jurisdiction"": ""AUSTIN FULL PURPOSE"", ""link"": {""url"": ""https://abc.austintexas.gov/web/permit/public-search-other?t_detail=1&t_selected_folderrsn=13608592""}, ""project_id"": ""13608592"", ""masterpermitnum"": ""13608439"", ""contractor_trade"": ""Mechanical Contractor"", ""contractor_company_name"": ""Air Temp Solutions"", ""contractor_full_name"": ""Whalon Patterson"", ""contractor_phone"": ""5126323722"", ""contractor_address2"": ""279  Artesia"", ""contractor_city"": ""CEDAR CREEK"", ""contractor_zip"": ""78612"", ""certificate_of_occupancy"": ""No""}",2026-05-03T10:54:27.275855+00:00
2026-051850 BP,Replacement of roof. Existing multifamily.,2026-04-30T00:00:00+00:00,Remodel,Building Permit,,"Foundation Specialists, Inc",Active,8527 N CAPITAL OF TEXAS HWY NB BLDG 8505,78759,Commercial,7137695994,https://abc.austintexas.gov/web/permit/public-search-other?t_detail=1&t_selected_folderrsn=13693824,2026-04-30T00:00:00+00:00,"{""permittype"": ""BP"", ""permit_type_desc"": ""Building Permit"", ""permit_number"": ""2026-051850 BP"", ""permit_class_mapped"": ""Commercial"", ""permit_class"": ""C-1000 Commercial Remodel"", ""work_class"": ""Remodel"", ""condominium"": ""No"", ""permit_location"": ""8527 N CAPITAL OF TEXAS HWY NB BLDG 8505"", ""description"": ""Replacement of roof. Existing multifamily."", ""tcad_id"": ""0150050125"", ""legal_description"": ""LOT 1 SPICE FOREST"", ""applieddate"": ""2026-04-27T00:00:00.000"", ""issue_date"": ""2026-04-30T00:00:00.000"", ""day_issued"": ""THURSDAY"", ""calendar_year_issued"": ""2026"", ""fiscal_year_issued"": ""2026"", ""issued_in_last_30_days"": ""Yes"", ""issue_method"": ""Permit Center"", ""status_current"": ""Active"", ""statusdate"": ""2026-04-30T00:00:00.000"", ""expiresdate"": ""2026-10-28T00:00:00.000"", ""remodel_repair_sqft"": ""3684"", ""total_valuation_remodel"": ""23008"", ""number_of_floors"": ""3"", ""housing_units"": ""1"", ""building_valuation_remodel"": ""23008"", ""electrical_valuation_remodel"": ""0"", ""mechanical_valuation_remodel"": ""0"", ""plumbing_valuation_remodel"": ""0"", ""medgas_valuation_remodel"": ""0"", ""original_address1"": ""8527 N CAPITAL OF TEXAS HWY NB BLDG 8505"", ""original_city"": ""AUSTIN"", ""original_state"": ""TX"", ""original_zip"": ""78759"", ""council_district"": ""10"", ""jurisdiction"": ""AUSTIN FULL PURPOSE"", ""link"": {""url"": ""https://abc.austintexas.gov/web/permit/public-search-other?t_detail=1&t_selected_folderrsn=13693824""}, ""project_id"": ""13693824"", ""masterpermitnum"": ""13693808"", ""latitude"": ""30.38609729"", ""longitude"": ""-97.76435808"", ""location"": {""latitude"": ""30.38609729"", ""longitude"": ""-97.76435808"", ""human_address"": ""{\""address\"": \""\"", \""city\"": \""\"", \""state\"": \""\"", \""zip\"": \""\""}""}, ""contractor_trade"": ""General Contractor"", ""contractor_company_name"": ""Foundation Specialists, Inc"", ""contractor_full_name"": ""Amber Whitaker"", ""contractor_phone"": ""7137695994"", ""contractor_address2"": ""4224 W Sam H"", ""contractor_city"": ""Houston"", ""contractor_zip"": ""77041-____"", ""applicant_full_name"": ""Amber Whitaker"", ""applicant_org"": ""Foundation Specialists, Inc"", ""applicant_phone"": ""7137695994"", ""applicant_address2"": ""4224 W Sam H"", ""applicant_city"": ""Houston"", ""applicantzip"": ""77041-____"", ""certificate_of_occupancy"": ""No""}",2026-05-03T10:54:27.275855+00:00
2026-052232 EP,"temporary tpole for new construction in Wildhorse
2026 048374 000 00 BP",2026-04-30T00:00:00+00:00,Homebuilder Loop,Electrical Permit,,Landmark Electric,Active,11005 ZIP COCHISE WAY,78653,Residential,5124917718,https://abc.austintexas.gov/web/permit/public-search-other?t_detail=1&t_selected_folderrsn=13694233,2026-05-01T00:00:00+00:00,"{""permittype"": ""EP"", ""permit_type_desc"": ""Electrical Permit"", ""permit_number"": ""2026-052232 EP"", ""permit_class_mapped"": ""Residential"", ""permit_class"": ""Residential"", ""work_class"": ""Homebuilder Loop"", ""permit_location"": ""11005 ZIP COCHISE WAY"", ""description"": ""temporary tpole for new construction in Wildhorse\n2026 048374 000 00 BP"", ""tcad_id"": ""0226500602"", ""legal_description"": ""ABS 528 SUR 39 MANOR J VAR SUR ACR 629.097 [1-D-1]"", ""applieddate"": ""2026-04-28T00:00:00.000"", ""issue_date"": ""2026-04-30T00:00:00.000"", ""day_issued"": ""THURSDAY"", ""calendar_year_issued"": ""2026"", ""fiscal_year_issued"": ""2026"", ""issued_in_last_30_days"": ""Yes"", ""issue_method"": ""Permit Center"", ""status_current"": ""Active"", ""statusdate"": ""2026-05-01T00:00:00.000"", ""expiresdate"": ""2026-10-27T00:00:00.000"", ""original_address1"": ""11005 ZIP COCHISE WAY"", ""original_city"": ""AUSTIN"", ""original_state"": ""TX"", ""original_zip"": ""78653"", ""council_district"": ""1"", ""jurisdiction"": ""AUSTIN FULL PURPOSE"", ""link"": {""url"": ""https://abc.austintexas.gov/web/permit/public-search-other?t_detail=1&t_selected_folderrsn=13694233""}, ""project_id"": ""13694233"", ""contractor_trade"": ""Electrical Contractor"", ""contractor_company_name"": ""Landmark Electric"", ""contractor_full_name"": ""Robert W Brown"", ""contractor_phone"": ""5124917718"", ""contractor_address2"": ""2008  PICADI"", ""contractor_city"": ""ROUND ROCK"", ""contractor_zip"": ""78664""}",2026-05-03T10:54:27.275855+00:00
2026-050764 EP,Install Level 2 EV Charger,2026-04-30T00:00:00+00:00,Special Inspections Program,Electrical Permit,,Charge Pro LLC,Active,6905 LADERA NORTE,78731,Residential,5128256800,https://abc.austintexas.gov/web/permit/public-search-other?t_detail=1&t_selected_folderrsn=13692611,2026-04-30T00:00:00+00:00,"{""permittype"": ""EP"", ""permit_type_desc"": ""Electrical Permit"", ""permit_number"": ""2026-050764 EP"", ""permit_class_mapped"": ""Residential"", ""permit_class"": ""Residential"", ""work_class"": ""Special Inspections Program"", ""condominium"": ""No"", ""permit_location"": ""6905 LADERA NORTE"", ""description"": ""Install Level 2 EV Charger"", ""tcad_id"": ""0142111001"", ""legal_description"": ""LOT 34 BLK H NORTH CAT MOUNTAIN SEC II"", ""applieddate"": ""2026-04-24T00:00:00.000"", ""issue_date"": ""2026-04-30T00:00:00.000"", ""day_issued"": ""THURSDAY"", ""calendar_year_issued"": ""2026"", ""fiscal_year_issued"": ""2026"", ""issued_in_last_30_days"": ""Yes"", ""issue_method"": ""Permit Center"", ""status_current"": ""Active"", ""statusdate"": ""2026-04-30T00:00:00.000"", ""expiresdate"": ""2026-10-27T00:00:00.000"", ""electrical_valuation_remodel"": ""750"", ""original_address1"": ""6905 LADERA NORTE"", ""original_city"": ""AUSTIN"", ""original_state"": ""TX"", ""original_zip"": ""78731"", ""council_district"": ""10"", ""jurisdiction"": ""AUSTIN FULL PURPOSE"", ""link"": {""url"": ""https://abc.austintexas.gov/web/permit/public-search-other?t_detail=1&t_selected_folderrsn=13692611""}, ""project_id"": ""13692611"", ""latitude"": ""30.36605562"", ""longitude"": ""-97.7807537"", ""location"": {""latitude"": ""30.36605562"", ""longitude"": ""-97.7807537"", ""human_address"": ""{\""address\"": \""\"", \""city\"": \""\"", \""state\"": \""\"", \""zip\"": \""\""}""}, ""contractor_trade"": ""Electrical Contractor"", ""contractor_company_name"": ""Charge Pro LLC"", ""contractor_full_name"": ""Ben Flynn"", ""contractor_phone"": ""5128256800"", ""contractor_address2"": ""11248  LOST"", ""contractor_city"": ""AUSTIN"", ""contractor_zip"": ""78748-____"", ""certificate_of_occupancy"": ""No""}",2026-05-03T10:54:27.275855+00:00
2025-160192 EP,Addition to the primary SFR to include a sunroom addition of 182 sq.ft,2026-04-30T00:00:00+00:00,Addition and Remodel,Electrical Permit,,HD Electric LLC,Active,1716 W 10TH ST,78703,Residential,5126898755,https://abc.austintexas.gov/web/permit/public-search-other?t_detail=1&t_selected_folderrsn=13630596,2026-04-30T00:00:00+00:00,"{""permittype"": ""EP"", ""permit_type_desc"": ""Electrical Permit"", ""permit_number"": ""2025-160192 EP"", ""permit_class_mapped"": ""Residential"", ""permit_class"": ""R- 434 Addition & Alterations"", ""work_class"": ""Addition and Remodel"", ""condominium"": ""No"", ""permit_location"": ""1716 W 10TH ST"", ""description"": ""Addition to the primary SFR to include a sunroom addition of 182 sq.ft"", ""tcad_id"": ""0111030122"", ""legal_description"": "".217A OF LOT 2 BLK 14 MAAS ADDN"", ""applieddate"": ""2025-11-26T00:00:00.000"", ""issue_date"": ""2026-04-30T00:00:00.000"", ""day_issued"": ""THURSDAY"", ""calendar_year_issued"": ""2026"", ""fiscal_year_issued"": ""2026"", ""issued_in_last_30_days"": ""Yes"", ""issue_method"": ""Permit Center"", ""status_current"": ""Active"", ""statusdate"": ""2026-04-30T00:00:00.000"", ""expiresdate"": ""2026-10-20T00:00:00.000"", ""total_existing_bldg_sqft"": ""3344"", ""remodel_repair_sqft"": ""0"", ""total_new_add_sqft"": ""182"", ""number_of_floors"": ""2"", ""housing_units"": ""1"", ""electrical_valuation_remodel"": ""1"", ""original_address1"": ""1716 W 10TH ST"", ""original_city"": ""AUSTIN"", ""original_state"": ""TX"", ""original_zip"": ""78703"", ""council_district"": ""9"", ""jurisdiction"": ""AUSTIN FULL PURPOSE"", ""link"": {""url"": ""https://abc.austintexas.gov/web/permit/public-search-other?t_detail=1&t_selected_folderrsn=13630596""}, ""project_id"": ""13630596"", ""masterpermitnum"": ""13630587"", ""latitude"": ""30.28076701"", ""longitude"": ""-97.76294975"", ""location"": {""latitude"": ""30.28076701"", ""longitude"": ""-97.76294975"", ""human_address"": ""{\""address\"": \""\"", \""city\"": \""\"", \""state\"": \""\"", \""zip\"": \""\""}""}, ""contractor_trade"": ""Electrical Contractor"", ""contractor_company_name"": ""HD Electric LLC"", ""contractor_full_name"": ""Michael E Hollaway"", ""contractor_phone"": ""5126898755"", ""contractor_address2"": ""1309  LEANDE"", ""contractor_city"": ""LEANDER"", ""contractor_zip"": ""78641"", ""certificate_of_occupancy"": ""No""}",2026-05-03T10:54:27.275855+00:00
2026-052624 EP,LED light retrofit,2026-04-30T00:00:00+00:00,Repair,Electrical Permit,,Reese Electric,Active,4321 EMMA BROWNING AVE,78719,Commercial,5128448111,https://abc.austintexas.gov/web/permit/public-search-other?t_detail=1&t_selected_folderrsn=13694677,2026-04-30T00:00:00+00:00,"{""permittype"": ""EP"", ""permit_type_desc"": ""Electrical Permit"", ""permit_number"": ""2026-052624 EP"", ""permit_class_mapped"": ""Commercial"", ""permit_class"": ""Commercial"", ""work_class"": ""Repair"", ""condominium"": ""No"", ""permit_location"": ""4321 EMMA BROWNING AVE"", ""description"": ""LED light retrofit"", ""tcad_id"": ""0323310116"", ""legal_description"": ""ABS 24 DELVALLE S ACR 116.4000"", ""applieddate"": ""2026-04-28T00:00:00.000"", ""issue_date"": ""2026-04-30T00:00:00.000"", ""day_issued"": ""THURSDAY"", ""calendar_year_issued"": ""2026"", ""fiscal_year_issued"": ""2026"", ""issued_in_last_30_days"": ""Yes"", ""issue_method"": ""Permit Center"", ""status_current"": ""Active"", ""statusdate"": ""2026-04-30T00:00:00.000"", ""expiresdate"": ""2026-10-27T00:00:00.000"", ""remodel_repair_sqft"": ""0"", ""number_of_floors"": ""1"", ""housing_units"": ""1"", ""electrical_valuation_remodel"": ""6000"", ""original_address1"": ""4321 EMMA BROWNING AVE"", ""original_city"": ""AUSTIN"", ""original_state"": ""TX"", ""original_zip"": ""78719"", ""council_district"": ""2"", ""jurisdiction"": ""AUSTIN FULL PURPOSE"", ""link"": {""url"": ""https://abc.austintexas.gov/web/permit/public-search-other?t_detail=1&t_selected_folderrsn=13694677""}, ""project_id"": ""13694677"", ""latitude"": ""30.18632695"", ""longitude"": ""-97.66325537"", ""location"": {""latitude"": ""30.18632695"", ""longitude"": ""-97.66325537"", ""human_address"": ""{\""address\"": \""\"", \""city\"": \""\"", \""state\"": \""\"", \""zip\"": \""\""}""}, ""contractor_trade"": ""Electrical Contractor"", ""contractor_company_name"": ""Reese Electric"", ""contractor_full_name"": ""James Reese"", ""contractor_phone"": ""5128448111"", ""contractor_address2"": ""2214 N CANNE"", ""contractor_city"": ""CEDAR PARK"", ""contractor_zip"": ""78613"", ""certificate_of_occupancy"": ""No""}",2026-05-03T10:54:27.275855+00:00
2024-057099 PP,New pool and spa,2026-04-30T00:00:00+00:00,New,Plumbing Permit,,ROD Plumbing,Active,1900 BARTON PKWY,78704,Residential,5127057362,https://abc.austintexas.gov/web/permit/public-search-other?t_detail=1&t_selected_folderrsn=13325183,2026-05-01T00:00:00+00:00,"{""permittype"": ""PP"", ""permit_type_desc"": ""Plumbing Permit"", ""permit_number"": ""2024-057099 PP"", ""permit_class_mapped"": ""Residential"", ""permit_class"": ""R- 329 Res Structures Other Than Bldg"", ""work_class"": ""New"", ""condominium"": ""No"", ""permit_location"": ""1900 BARTON PKWY"", ""description"": ""New pool and spa"", ""tcad_id"": ""0102090908"", ""legal_description"": ""LOT 13 BLK 1 BARTON HILLS SEC 5"", ""applieddate"": ""2024-02-14T00:00:00.000"", ""issue_date"": ""2026-04-30T00:00:00.000"", ""day_issued"": ""THURSDAY"", ""calendar_year_issued"": ""2026"", ""fiscal_year_issued"": ""2026"", ""issued_in_last_30_days"": ""Yes"", ""issue_method"": ""Permit Center"", ""status_current"": ""Active"", ""statusdate"": ""2026-05-01T00:00:00.000"", ""expiresdate"": ""2026-10-04T00:00:00.000"", ""total_new_add_sqft"": ""544"", ""number_of_floors"": ""1"", ""housing_units"": ""1"", ""original_address1"": ""1900 BARTON PKWY"", ""original_city"": ""AUSTIN"", ""original_state"": ""TX"", ""original_zip"": ""78704"", ""council_district"": ""5"", ""jurisdiction"": ""AUSTIN FULL PURPOSE"", ""link"": {""url"": ""https://abc.austintexas.gov/web/permit/public-search-other?t_detail=1&t_selected_folderrsn=13325183""}, ""project_id"": ""13325183"", ""masterpermitnum"": ""13325159"", ""latitude"": ""30.25669485"", ""longitude"": ""-97.78062879"", ""location"": {""latitude"": ""30.25669485"", ""longitude"": ""-97.78062879"", ""human_address"": ""{\""address\"": \""\"", \""city\"": \""\"", \""state\"": \""\"", \""zip\"": \""\""}""}, ""contractor_trade"": ""Plumbing Contractor"", ""contractor_company_name"": ""ROD Plumbing"", ""contractor_full_name"": ""Angel Rodriguez"", ""contractor_phone"": ""5127057362"", ""contractor_address2"": ""17125  FM 16"", ""contractor_city"": ""TAYLOR"", ""contractor_zip"": ""76574"", ""certificate_of_occupancy"": ""No""}",2026-05-03T10:54:27.275855+00:00
2026-053066 MP,Replacement of complete existing central heat and air system with or without duct work,2026-04-30T00:00:00+00:00,Change Out,Mechanical Permit,,McCullough Heating & Air,Active,5903 CARLEEN DR,78757,Residential,5122800011,https://abc.austintexas.gov/web/permit/public-search-other?t_detail=1&t_selected_folderrsn=13695150,2026-04-30T00:00:00+00:00,"{""permittype"": ""MP"", ""permit_type_desc"": ""Mechanical Permit"", ""permit_number"": ""2026-053066 MP"", ""permit_class_mapped"": ""Residential"", ""permit_class"": ""Residential"", ""work_class"": ""Change Out"", ""permit_location"": ""5903 CARLEEN DR"", ""description"": ""Replacement of complete existing central heat and air system with or without duct work"", ""tcad_id"": ""0232010504"", ""legal_description"": ""LOT 10 BLK F ALLANDALE WEST SEC 3"", ""applieddate"": ""2026-04-29T00:00:00.000"", ""issue_date"": ""2026-04-30T00:00:00.000"", ""day_issued"": ""THURSDAY"", ""calendar_year_issued"": ""2026"", ""fiscal_year_issued"": ""2026"", ""issued_in_last_30_days"": ""Yes"", ""issue_method"": ""Permit Center"", ""status_current"": ""Active"", ""statusdate"": ""2026-04-30T00:00:00.000"", ""expiresdate"": ""2026-10-27T00:00:00.000"", ""original_address1"": ""5903 CARLEEN DR"", ""original_city"": ""AUSTIN"", ""original_state"": ""TX"", ""original_zip"": ""78757"", ""council_district"": ""7"", ""jurisdiction"": ""AUSTIN FULL PURPOSE"", ""link"": {""url"": ""https://abc.austintexas.gov/web/permit/public-search-other?t_detail=1&t_selected_folderrsn=13695150""}, ""project_id"": ""13695150"", ""latitude"": ""30.33716514"", ""longitude"": ""-97.75007669"", ""location"": {""latitude"": ""30.33716514"", ""longitude"": ""-97.75007669"", ""human_address"": ""{\""address\"": \""\"", \""city\"": \""\"", \""state\"": \""\"", \""zip\"": \""\""}""}, ""contractor_trade"": ""Mechanical Contractor"", ""contractor_company_name"": ""McCullough Heating & Air"", ""contractor_full_name"": ""Albert D'Andrea"", ""contractor_phone"": ""5122800011"", ""contractor_address2"": ""2620  BUELL"", ""contractor_city"": ""AUSTIN"", ""contractor_zip"": ""78757""}",2026-05-03T10:54:27.275855+00:00
2026-051773 EP,New swimming pool and spa w/ reqd enclosure device for existing 1-story single family residence.,2026-04-30T00:00:00+00:00,New,Electrical Permit,,Barnett Electric STX LLC,Active,6804 LADERA NORTE,78731,Residential,5126267037,https://abc.austintexas.gov/web/permit/public-search-other?t_detail=1&t_selected_folderrsn=13693740,2026-05-01T00:00:00+00:00,"{""permittype"": ""EP"", ""permit_type_desc"": ""Electrical Permit"", ""permit_number"": ""2026-051773 EP"", ""permit_class_mapped"": ""Residential"", ""permit_class"": ""R- 329 Res Structures Other Than Bldg"", ""work_class"": ""New"", ""condominium"": ""No"", ""permit_location"": ""6804 LADERA NORTE"", ""description"": ""New swimming pool and spa w/ reqd enclosure device for existing 1-story single family residence."", ""tcad_id"": ""0142110910"", ""legal_description"": ""LOT 5 BLK E NORTH CAT MOUNTAIN SEC II"", ""applieddate"": ""2026-01-11T00:00:00.000"", ""issue_date"": ""2026-04-30T00:00:00.000"", ""day_issued"": ""THURSDAY"", ""calendar_year_issued"": ""2026"", ""fiscal_year_issued"": ""2026"", ""issued_in_last_30_days"": ""Yes"", ""issue_method"": ""Permit Center"", ""status_current"": ""Active"", ""statusdate"": ""2026-05-01T00:00:00.000"", ""expiresdate"": ""2026-10-28T00:00:00.000"", ""total_new_add_sqft"": ""444"", ""number_of_floors"": ""0"", ""housing_units"": ""0"", ""original_address1"": ""6804 LADERA NORTE"", ""original_city"": ""AUSTIN"", ""original_state"": ""TX"", ""original_zip"": ""78731"", ""council_district"": ""10"", ""jurisdiction"": ""AUSTIN FULL PURPOSE"", ""link"": {""url"": ""https://abc.austintexas.gov/web/permit/public-search-other?t_detail=1&t_selected_folderrsn=13693740""}, ""project_id"": ""13693740"", ""masterpermitnum"": ""13693737"", ""latitude"": ""30.3654108"", ""longitude"": ""-97.78165884"", ""location"": {""latitude"": ""30.3654108"", ""longitude"": ""-97.78165884"", ""human_address"": ""{\""address\"": \""\"", \""city\"": \""\"", \""state\"": \""\"", \""zip\"": \""\""}""}, ""contractor_trade"": ""Electrical Contractor"", ""contractor_company_name"": ""Barnett Electric STX LLC"", ""contractor_full_name"": ""Steven Barnett"", ""contractor_phone"": ""5126267037"", ""contractor_address2"": ""203  Klbj RO"", ""contractor_city"": ""Smithville"", ""contractor_zip"": ""78957-____"", ""certificate_of_occupancy"": ""No""}",2026-05-03T10:54:27.275855+00:00
2026-052208 EP,Upgrade existing service to 200 amps,2026-04-30T00:00:00+00:00,Upgrade,Electrical Permit,,BRIGHTSIDE ELECTRICAL LLC,Active,5302 WOLF RUN,78749,Residential,5129208466,https://abc.austintexas.gov/web/permit/public-search-other?t_detail=1&t_selected_folderrsn=13694205,2026-04-30T00:00:00+00:00,"{""permittype"": ""EP"", ""permit_type_desc"": ""Electrical Permit"", ""permit_number"": ""2026-052208 EP"", ""permit_class_mapped"": ""Residential"", ""permit_class"": ""Residential"", ""work_class"": ""Upgrade"", ""condominium"": ""No"", ""permit_location"": ""5302 WOLF RUN"", ""description"": ""Upgrade existing service to 200 amps"", ""tcad_id"": ""0408300701"", ""legal_description"": ""LOT 36 BLK D WESTCREEK PHS 3 SEC 4"", ""applieddate"": ""2026-04-28T00:00:00.000"", ""issue_date"": ""2026-04-30T00:00:00.000"", ""day_issued"": ""THURSDAY"", ""calendar_year_issued"": ""2026"", ""fiscal_year_issued"": ""2026"", ""issued_in_last_30_days"": ""Yes"", ""issue_method"": ""Permit Center"", ""status_current"": ""Active"", ""statusdate"": ""2026-04-30T00:00:00.000"", ""expiresdate"": ""2026-10-27T00:00:00.000"", ""remodel_repair_sqft"": ""1795"", ""number_of_floors"": ""1"", ""housing_units"": ""1"", ""electrical_valuation_remodel"": ""5000"", ""original_address1"": ""5302 WOLF RUN"", ""original_city"": ""AUSTIN"", ""original_state"": ""TX"", ""original_zip"": ""78749"", ""council_district"": ""8"", ""jurisdiction"": ""AUSTIN FULL PURPOSE"", ""link"": {""url"": ""https://abc.austintexas.gov/web/permit/public-search-other?t_detail=1&t_selected_folderrsn=13694205""}, ""project_id"": ""13694205"", ""latitude"": ""30.23064256"", ""longitude"": ""-97.85009099"", ""location"": {""latitude"": ""30.23064256"", ""longitude"": ""-97.85009099"", ""human_address"": ""{\""address\"": \""\"", \""city\"": \""\"", \""state\"": \""\"", \""zip\"": \""\""}""}, ""contractor_trade"": ""Electrical Contractor"", ""contractor_company_name"": ""BRIGHTSIDE ELECTRICAL LLC"", ""contractor_full_name"": ""Jonathan Gibson"", ""contractor_phone"": ""5129208466"", ""contractor_address2"": ""2637  ALCOTT"", ""contractor_city"": ""AUSTIN"", ""contractor_zip"": ""78748"", ""certificate_of_occupancy"": ""No""}",2026-05-03T10:54:27.275855+00:00
2025-140726 MP,Building 1 3 Story SFR with attached garage and covered patio and Deck,2026-04-30T00:00:00+00:00,New,Mechanical Permit,,Air Temp Solutions,Active,1601 VALERIA ST,78704,Residential,5126323722,https://abc.austintexas.gov/web/permit/public-search-other?t_detail=1&t_selected_folderrsn=13608586,2026-04-30T00:00:00+00:00,"{""permittype"": ""MP"", ""permit_type_desc"": ""Mechanical Permit"", ""permit_number"": ""2025-140726 MP"", ""permit_class_mapped"": ""Residential"", ""permit_class"": ""R- 101 Single Family Houses"", ""work_class"": ""New"", ""condominium"": ""No"", ""permit_location"": ""1601 VALERIA ST"", ""description"": ""Building 1 3 Story SFR with attached garage and covered patio and Deck"", ""tcad_id"": ""0100061205"", ""legal_description"": ""LOT 1-2 BLK C OAK HILL ADDN"", ""applieddate"": ""2025-07-24T00:00:00.000"", ""issue_date"": ""2026-04-30T00:00:00.000"", ""day_issued"": ""THURSDAY"", ""calendar_year_issued"": ""2026"", ""fiscal_year_issued"": ""2026"", ""issued_in_last_30_days"": ""Yes"", ""issue_method"": ""Permit Center"", ""status_current"": ""Active"", ""statusdate"": ""2026-04-30T00:00:00.000"", ""expiresdate"": ""2026-08-29T00:00:00.000"", ""total_new_add_sqft"": ""2404"", ""number_of_floors"": ""3"", ""housing_units"": ""1"", ""original_address1"": ""1601 VALERIA ST"", ""original_city"": ""AUSTIN"", ""original_state"": ""TX"", ""original_zip"": ""78704"", ""council_district"": ""5"", ""jurisdiction"": ""AUSTIN FULL PURPOSE"", ""link"": {""url"": ""https://abc.austintexas.gov/web/permit/public-search-other?t_detail=1&t_selected_folderrsn=13608586""}, ""project_id"": ""13608586"", ""masterpermitnum"": ""13608437"", ""contractor_trade"": ""Mechanical Contractor"", ""contractor_company_name"": ""Air Temp Solutions"", ""contractor_full_name"": ""Whalon Patterson"", ""contractor_phone"": ""5126323722"", ""contractor_address2"": ""279  Artesia"", ""contractor_city"": ""CEDAR CREEK"", ""contractor_zip"": ""78612"", ""certificate_of_occupancy"": ""No""}",2026-05-03T10:54:27.275855+00:00
2026-053308 PP,New construction of 2 story SFR,2026-04-30T00:00:00+00:00,New,Plumbing Permit,,Victory Plumbing Company,Active,4808 BRIDWELL LN,78754,Residential,5129907200,https://abc.austintexas.gov/web/permit/public-search-other?t_detail=1&t_selected_folderrsn=13695413,2026-04-30T00:00:00+00:00,"{""permittype"": ""PP"", ""permit_type_desc"": ""Plumbing Permit"", ""permit_number"": ""2026-053308 PP"", ""permit_class_mapped"": ""Residential"", ""permit_class"": ""R- 101 Single Family Houses"", ""work_class"": ""New"", ""condominium"": ""No"", ""permit_location"": ""4808 BRIDWELL LN"", ""description"": ""New construction of 2 story SFR"", ""tcad_id"": ""0239360804"", ""applieddate"": ""2026-03-16T00:00:00.000"", ""issue_date"": ""2026-04-30T00:00:00.000"", ""day_issued"": ""THURSDAY"", ""calendar_year_issued"": ""2026"", ""fiscal_year_issued"": ""2026"", ""issued_in_last_30_days"": ""Yes"", ""issue_method"": ""Permit Center"", ""status_current"": ""Active"", ""statusdate"": ""2026-04-30T00:00:00.000"", ""expiresdate"": ""2026-10-28T00:00:00.000"", ""total_new_add_sqft"": ""3373"", ""number_of_floors"": ""2"", ""housing_units"": ""1"", ""original_address1"": ""4808 BRIDWELL LN"", ""original_city"": ""AUSTIN"", ""original_state"": ""TX"", ""original_zip"": ""78754"", ""council_district"": ""1"", ""jurisdiction"": ""AUSTIN FULL PURPOSE"", ""link"": {""url"": ""https://abc.austintexas.gov/web/permit/public-search-other?t_detail=1&t_selected_folderrsn=13695413""}, ""project_id"": ""13695413"", ""masterpermitnum"": ""13695409"", ""contractor_trade"": ""Plumbing Contractor"", ""contractor_company_name"": ""Victory Plumbing Company"", ""contractor_full_name"": ""Randolph Taylor"", ""contractor_phone"": ""5129907200"", ""contractor_address2"": ""1175  Countr"", ""contractor_city"": ""HUTTO"", ""contractor_zip"": ""78634"", ""certificate_of_occupancy"": ""No""}",2026-05-03T10:54:27.275855+00:00
2026-051570 BP,Replacement of roof.,2026-04-30T00:00:00+00:00,Remodel,Building Permit,,"Foundation Specialists, Inc",Active,8527 N CAPITAL OF TEXAS HWY NB BLDG 8555,78759,Commercial,7137695994,https://abc.austintexas.gov/web/permit/public-search-other?t_detail=1&t_selected_folderrsn=13693520,2026-04-30T00:00:00+00:00,"{""permittype"": ""BP"", ""permit_type_desc"": ""Building Permit"", ""permit_number"": ""2026-051570 BP"", ""permit_class_mapped"": ""Commercial"", ""permit_class"": ""C-1000 Commercial Remodel"", ""work_class"": ""Remodel"", ""condominium"": ""No"", ""permit_location"": ""8527 N CAPITAL OF TEXAS HWY NB BLDG 8555"", ""description"": ""Replacement of roof."", ""tcad_id"": ""0150050125"", ""legal_description"": ""LOT 1 SPICE FOREST"", ""applieddate"": ""2026-04-27T00:00:00.000"", ""issue_date"": ""2026-04-30T00:00:00.000"", ""day_issued"": ""THURSDAY"", ""calendar_year_issued"": ""2026"", ""fiscal_year_issued"": ""2026"", ""issued_in_last_30_days"": ""Yes"", ""issue_method"": ""Permit Center"", ""status_current"": ""Active"", ""statusdate"": ""2026-04-30T00:00:00.000"", ""expiresdate"": ""2026-10-28T00:00:00.000"", ""remodel_repair_sqft"": ""4616"", ""total_valuation_remodel"": ""0"", ""number_of_floors"": ""1"", ""housing_units"": ""1"", ""building_valuation_remodel"": ""0"", ""electrical_valuation_remodel"": ""0"", ""mechanical_valuation_remodel"": ""0"", ""plumbing_valuation_remodel"": ""0"", ""medgas_valuation_remodel"": ""0"", ""original_address1"": ""8527 N CAPITAL OF TEXAS HWY NB BLDG 8555"", ""original_city"": ""AUSTIN"", ""original_state"": ""TX"", ""original_zip"": ""78759"", ""council_district"": ""10"", ""jurisdiction"": ""AUSTIN FULL PURPOSE"", ""link"": {""url"": ""https://abc.austintexas.gov/web/permit/public-search-other?t_detail=1&t_selected_folderrsn=13693520""}, ""project_id"": ""13693520"", ""masterpermitnum"": ""13693474"", ""latitude"": ""30.38609729"", ""longitude"": ""-97.76435808"", ""location"": {""latitude"": ""30.38609729"", ""longitude"": ""-97.76435808"", ""human_address"": ""{\""address\"": \""\"", \""city\"": \""\"", \""state\"": \""\"", \""zip\"": \""\""}""}, ""contractor_trade"": ""General Contractor"", ""contractor_company_name"": ""Foundation Specialists, Inc"", ""contractor_full_name"": ""Amber Whitaker"", ""contractor_phone"": ""7137695994"", ""contractor_address2"": ""4224 W Sam H"", ""contractor_city"": ""Houston"", ""contractor_zip"": ""77041-____"", ""applicant_full_name"": ""Amber Whitaker"", ""applicant_org"": ""Foundation Specialists, Inc"", ""applicant_phone"": ""7137695994"", ""applicant_address2"": ""4224 W Sam H"", ""applicant_city"": ""Houston"", ""applicantzip"": ""77041-____"", ""certificate_of_occupancy"": ""No""}",2026-05-03T10:54:27.275855+00:00
2026-030096 EP,ePlan: Commercial Expedited Review - New Construction of Dumpster Enclosure Fence.,2026-04-30T00:00:00+00:00,New,Electrical Permit,,Exceed Electrical Contracting LLC,Active,712 E HUNTLAND DR,78752,Commercial,3037203678,https://abc.austintexas.gov/web/permit/public-search-other?t_detail=1&t_selected_folderrsn=13668887,2026-04-30T00:00:00+00:00,"{""permittype"": ""EP"", ""permit_type_desc"": ""Electrical Permit"", ""permit_number"": ""2026-030096 EP"", ""permit_class_mapped"": ""Commercial"", ""permit_class"": ""C- 329 Com Structures Other Than Bldg"", ""work_class"": ""New"", ""condominium"": ""No"", ""permit_location"": ""712 E HUNTLAND DR"", ""description"": ""ePlan: Commercial Expedited Review - New Construction of Dumpster Enclosure Fence."", ""tcad_id"": ""0230130105"", ""legal_description"": ""5.8210 AC OF LOT 3A-3B FIVE POINT NINE TWO LTD SUBD (PRORATE 01/01/2024 - 08/15/2024)"", ""applieddate"": ""2025-12-05T00:00:00.000"", ""issue_date"": ""2026-04-30T00:00:00.000"", ""day_issued"": ""THURSDAY"", ""calendar_year_issued"": ""2026"", ""fiscal_year_issued"": ""2026"", ""issued_in_last_30_days"": ""Yes"", ""issue_method"": ""Permit Center"", ""status_current"": ""Active"", ""statusdate"": ""2026-04-30T00:00:00.000"", ""expiresdate"": ""2026-09-13T00:00:00.000"", ""total_new_add_sqft"": ""400"", ""number_of_floors"": ""1"", ""housing_units"": ""1"", ""electrical_valuation"": ""1"", ""original_address1"": ""712 E HUNTLAND DR"", ""original_city"": ""AUSTIN"", ""original_state"": ""TX"", ""original_zip"": ""78752"", ""council_district"": ""4"", ""jurisdiction"": ""AUSTIN FULL PURPOSE"", ""link"": {""url"": ""https://abc.austintexas.gov/web/permit/public-search-other?t_detail=1&t_selected_folderrsn=13668887""}, ""project_id"": ""13668887"", ""masterpermitnum"": ""13668839"", ""latitude"": ""30.33071542"", ""longitude"": ""-97.70634623"", ""location"": {""latitude"": ""30.33071542"", ""longitude"": ""-97.70634623"", ""human_address"": ""{\""address\"": \""\"", \""city\"": \""\"", \""state\"": \""\"", \""zip\"": \""\""}""}, ""contractor_trade"": ""Electrical Contractor"", ""contractor_company_name"": ""Exceed Electrical Contracting LLC"", ""contractor_full_name"": ""Aaron Nunez"", ""contractor_phone"": ""3037203678"", ""contractor_address2"": ""7827  W 108t"", ""contractor_city"": ""Westiminster"", ""contractor_zip"": ""80021-____"", ""certificate_of_occupancy"": ""No""}",2026-05-03T10:54:27.275855+00:00
2026-052363 EP,Upgrade of main service to 200a,2026-04-30T00:00:00+00:00,Upgrade,Electrical Permit,,Volthouse Eletric LLC,Active,9333 BAVARIA LN,78749,Residential,5127650604,https://abc.austintexas.gov/web/permit/public-search-other?t_detail=1&t_selected_folderrsn=13694391,2026-05-01T00:00:00+00:00,"{""permittype"": ""EP"", ""permit_type_desc"": ""Electrical Permit"", ""permit_number"": ""2026-052363 EP"", ""permit_class_mapped"": ""Residential"", ""permit_class"": ""Residential"", ""work_class"": ""Upgrade"", ""condominium"": ""No"", ""permit_location"": ""9333 BAVARIA LN"", ""description"": ""Upgrade of main service to 200a"", ""tcad_id"": ""0420380310"", ""legal_description"": ""LOT 10 BLK I CIRCLE C RANCH PHS C SEC 9"", ""applieddate"": ""2026-04-28T00:00:00.000"", ""issue_date"": ""2026-04-30T00:00:00.000"", ""day_issued"": ""THURSDAY"", ""calendar_year_issued"": ""2026"", ""fiscal_year_issued"": ""2026"", ""issued_in_last_30_days"": ""Yes"", ""issue_method"": ""Permit Center"", ""status_current"": ""Active"", ""statusdate"": ""2026-05-01T00:00:00.000"", ""expiresdate"": ""2026-10-27T00:00:00.000"", ""remodel_repair_sqft"": ""0"", ""number_of_floors"": ""1"", ""housing_units"": ""1"", ""electrical_valuation_remodel"": ""5500"", ""original_address1"": ""9333 BAVARIA LN"", ""original_city"": ""AUSTIN"", ""original_state"": ""TX"", ""original_zip"": ""78749"", ""council_district"": ""8"", ""jurisdiction"": ""AUSTIN FULL PURPOSE"", ""link"": {""url"": ""https://abc.austintexas.gov/web/permit/public-search-other?t_detail=1&t_selected_folderrsn=13694391""}, ""project_id"": ""13694391"", ""latitude"": ""30.20174192"", ""longitude"": ""-97.87384313"", ""location"": {""latitude"": ""30.20174192"", ""longitude"": ""-97.87384313"", ""human_address"": ""{\""address\"": \""\"", \""city\"": \""\"", \""state\"": \""\"", \""zip\"": \""\""}""}, ""contractor_trade"": ""Electrical Contractor"", ""contractor_company_name"": ""Volthouse Eletric LLC"", ""contractor_full_name"": ""Cory Shope"", ""contractor_phone"": ""5127650604"", ""contractor_address1"": ""PO BOX 1162"", ""contractor_city"": ""MANCHACA"", ""contractor_zip"": ""78652"", ""certificate_of_occupancy"": ""No""}",2026-05-03T10:54:27.275855+00:00
2026-052091 BP,Replacement of roof. Existing multifamily.,2026-04-30T00:00:00+00:00,Remodel,Building Permit,,"Foundation Specialists, Inc",Active,8527 N CAPITAL OF TEXAS HWY NB BLDG 8551,78759,Commercial,7137695994,https://abc.austintexas.gov/web/permit/public-search-other?t_detail=1&t_selected_folderrsn=13694075,2026-04-30T00:00:00+00:00,"{""permittype"": ""BP"", ""permit_type_desc"": ""Building Permit"", ""permit_number"": ""2026-052091 BP"", ""permit_class_mapped"": ""Commercial"", ""permit_class"": ""C-1000 Commercial Remodel"", ""work_class"": ""Remodel"", ""condominium"": ""No"", ""permit_location"": ""8527 N CAPITAL OF TEXAS HWY NB BLDG 8551"", ""description"": ""Replacement of roof. Existing multifamily."", ""tcad_id"": ""0150050125"", ""legal_description"": ""LOT 1 SPICE FOREST"", ""applieddate"": ""2026-04-27T00:00:00.000"", ""issue_date"": ""2026-04-30T00:00:00.000"", ""day_issued"": ""THURSDAY"", ""calendar_year_issued"": ""2026"", ""fiscal_year_issued"": ""2026"", ""issued_in_last_30_days"": ""Yes"", ""issue_method"": ""Permit Center"", ""status_current"": ""Active"", ""statusdate"": ""2026-04-30T00:00:00.000"", ""expiresdate"": ""2026-10-28T00:00:00.000"", ""remodel_repair_sqft"": ""5325"", ""total_valuation_remodel"": ""5325"", ""number_of_floors"": ""3"", ""housing_units"": ""1"", ""building_valuation_remodel"": ""5325"", ""electrical_valuation_remodel"": ""0"", ""mechanical_valuation_remodel"": ""0"", ""plumbing_valuation_remodel"": ""0"", ""medgas_valuation_remodel"": ""0"", ""original_address1"": ""8527 N CAPITAL OF TEXAS HWY NB BLDG 8551"", ""original_city"": ""AUSTIN"", ""original_state"": ""TX"", ""original_zip"": ""78759"", ""council_district"": ""10"", ""jurisdiction"": ""AUSTIN FULL PURPOSE"", ""link"": {""url"": ""https://abc.austintexas.gov/web/permit/public-search-other?t_detail=1&t_selected_folderrsn=13694075""}, ""project_id"": ""13694075"", ""masterpermitnum"": ""13694065"", ""latitude"": ""30.38609729"", ""longitude"": ""-97.76435808"", ""location"": {""latitude"": ""30.38609729"", ""longitude"": ""-97.76435808"", ""human_address"": ""{\""address\"": \""\"", \""city\"": \""\"", \""state\"": \""\"", \""zip\"": \""\""}""}, ""contractor_trade"": ""General Contractor"", ""contractor_company_name"": ""Foundation Specialists, Inc"", ""contractor_full_name"": ""Amber Whitaker"", ""contractor_phone"": ""7137695994"", ""contractor_address2"": ""4224 W Sam H"", ""contractor_city"": ""Houston"", ""contractor_zip"": ""77041-____"", ""applicant_full_name"": ""Amber Whitaker"", ""applicant_org"": ""Foundation Specialists, Inc"", ""applicant_phone"": ""7137695994"", ""applicant_address2"": ""4224 W Sam H"", ""applicant_city"": ""Houston"", ""applicantzip"": ""77041-____"", ""certificate_of_occupancy"": ""No""}",2026-05-03T10:54:27.275855+00:00
2026-053173 MP,Replacement of complete existing central heat and air system with or without duct work Like for like replacement of existing condenser furnace thermos,2026-04-30T00:00:00+00:00,Change Out,Mechanical Permit,,Strand Brothers Service Experts,Active,1704 COLONY CREEK DR,78758,Residential,3462663635,https://abc.austintexas.gov/web/permit/public-search-other?t_detail=1&t_selected_folderrsn=13695266,2026-04-30T00:00:00+00:00,"{""permittype"": ""MP"", ""permit_type_desc"": ""Mechanical Permit"", ""permit_number"": ""2026-053173 MP"", ""permit_class_mapped"": ""Residential"", ""permit_class"": ""Residential"", ""work_class"": ""Change Out"", ""permit_location"": ""1704 COLONY CREEK DR"", ""description"": ""Replacement of complete existing central heat and air system with or without duct work Like for like replacement of existing condenser furnace thermos"", ""tcad_id"": ""0242120111"", ""legal_description"": ""LOT 11 BLK F QUAIL CREEK WEST SEC 1"", ""applieddate"": ""2026-04-29T00:00:00.000"", ""issue_date"": ""2026-04-30T00:00:00.000"", ""day_issued"": ""THURSDAY"", ""calendar_year_issued"": ""2026"", ""fiscal_year_issued"": ""2026"", ""issued_in_last_30_days"": ""Yes"", ""issue_method"": ""Permit Center"", ""status_current"": ""Active"", ""statusdate"": ""2026-04-30T00:00:00.000"", ""expiresdate"": ""2026-10-27T00:00:00.000"", ""original_address1"": ""1704 COLONY CREEK DR"", ""original_city"": ""AUSTIN"", ""original_state"": ""TX"", ""original_zip"": ""78758"", ""council_district"": ""4"", ""jurisdiction"": ""AUSTIN FULL PURPOSE"", ""link"": {""url"": ""https://abc.austintexas.gov/web/permit/public-search-other?t_detail=1&t_selected_folderrsn=13695266""}, ""project_id"": ""13695266"", ""latitude"": ""30.36790124"", ""longitude"": ""-97.71324386"", ""location"": {""latitude"": ""30.36790124"", ""longitude"": ""-97.71324386"", ""human_address"": ""{\""address\"": \""\"", \""city\"": \""\"", \""state\"": \""\"", \""zip\"": \""\""}""}, ""contractor_trade"": ""Mechanical Contractor"", ""contractor_company_name"": ""Strand Brothers Service Experts"", ""contractor_full_name"": ""Michael McCoy"", ""contractor_phone"": ""3462663635"", ""contractor_address2"": ""5811  TECHNI"", ""contractor_city"": ""AUSTIN"", ""contractor_zip"": ""78721-____""}",2026-05-03T10:54:27.275855+00:00
2022-132331 MP,ePlan: Expedited Review - Finish Out of  Level 2 of a 6-Story Mixed Use Multi-Family Bldgs. (23611 SF),2026-04-30T00:00:00+00:00,Remodel,Mechanical Permit,,"Truform Metalservice, Inc.",Active,300 PRESSLER ST,78703,Commercial,5122581675,https://abc.austintexas.gov/web/permit/public-search-other?t_detail=1&t_selected_folderrsn=13009061,2026-04-30T00:00:00+00:00,"{""permittype"": ""MP"", ""permit_type_desc"": ""Mechanical Permit"", ""permit_number"": ""2022-132331 MP"", ""permit_class_mapped"": ""Commercial"", ""permit_class"": ""C-1001 Commercial Finish Out"", ""work_class"": ""Remodel"", ""condominium"": ""No"", ""permit_location"": ""300 PRESSLER ST"", ""description"": ""ePlan: Expedited Review - Finish Out of  Level 2 of a 6-Story Mixed Use Multi-Family Bldgs. (23611 SF)"", ""tcad_id"": ""0107030108"", ""legal_description"": "".309 AC OF OLT 11 DIVISION Z"", ""applieddate"": ""2022-06-01T00:00:00.000"", ""issue_date"": ""2026-04-30T00:00:00.000"", ""day_issued"": ""THURSDAY"", ""calendar_year_issued"": ""2026"", ""fiscal_year_issued"": ""2026"", ""issued_in_last_30_days"": ""Yes"", ""issue_method"": ""Permit Center"", ""status_current"": ""Active"", ""statusdate"": ""2026-04-30T00:00:00.000"", ""expiresdate"": ""2026-10-27T00:00:00.000"", ""remodel_repair_sqft"": ""23611"", ""number_of_floors"": ""1"", ""housing_units"": ""20"", ""original_address1"": ""300 PRESSLER ST"", ""original_city"": ""AUSTIN"", ""original_state"": ""TX"", ""original_zip"": ""78703"", ""council_district"": ""9"", ""jurisdiction"": ""AUSTIN FULL PURPOSE"", ""link"": {""url"": ""https://abc.austintexas.gov/web/permit/public-search-other?t_detail=1&t_selected_folderrsn=13009061""}, ""project_id"": ""13009061"", ""masterpermitnum"": ""13008498"", ""latitude"": ""30.27166234"", ""longitude"": ""-97.76166172"", ""location"": {""latitude"": ""30.27166234"", ""longitude"": ""-97.76166172"", ""human_address"": ""{\""address\"": \""\"", \""city\"": \""\"", \""state\"": \""\"", \""zip\"": \""\""}""}, ""contractor_trade"": ""Mechanical Contractor"", ""contractor_company_name"": ""Truform Metalservice, Inc."", ""contractor_full_name"": ""Steven Allen Lane"", ""contractor_phone"": ""5122581675"", ""contractor_address1"": ""P. O. BOX 20"", ""contractor_address2"": ""AUSTIN TX  7"", ""contractor_city"": ""Austin"", ""contractor_zip"": ""78729"", ""certificate_of_occupancy"": ""No""}",2026-05-03T10:54:27.275855+00:00
2026-030095 MP,ePlan: Commercial Expedited Review - Interior Remodel to Existing Office Space Scope of work to Include Remodel of Open Office Spaces and support Spac,2026-04-30T00:00:00+00:00,Remodel,Mechanical Permit,,KILGORE MECHANICAL LLC,Active,712 E HUNTLAND DR,78752,Commercial,7139244900,https://abc.austintexas.gov/web/permit/public-search-other?t_detail=1&t_selected_folderrsn=13668885,2026-04-30T00:00:00+00:00,"{""permittype"": ""MP"", ""permit_type_desc"": ""Mechanical Permit"", ""permit_number"": ""2026-030095 MP"", ""permit_class_mapped"": ""Commercial"", ""permit_class"": ""C-1000 Commercial Remodel"", ""work_class"": ""Remodel"", ""condominium"": ""No"", ""permit_location"": ""712 E HUNTLAND DR"", ""description"": ""ePlan: Commercial Expedited Review - Interior Remodel to Existing Office Space Scope of work to Include Remodel of Open Office Spaces and support Spac"", ""tcad_id"": ""0230130105"", ""legal_description"": ""5.8210 AC OF LOT 3A-3B FIVE POINT NINE TWO LTD SUBD (PRORATE 01/01/2024 - 08/15/2024)"", ""applieddate"": ""2025-12-05T00:00:00.000"", ""issue_date"": ""2026-04-30T00:00:00.000"", ""day_issued"": ""THURSDAY"", ""calendar_year_issued"": ""2026"", ""fiscal_year_issued"": ""2026"", ""issued_in_last_30_days"": ""Yes"", ""issue_method"": ""Permit Center"", ""status_current"": ""Active"", ""statusdate"": ""2026-04-30T00:00:00.000"", ""expiresdate"": ""2026-09-13T00:00:00.000"", ""remodel_repair_sqft"": ""24852"", ""number_of_floors"": ""4"", ""housing_units"": ""1"", ""original_address1"": ""712 E HUNTLAND DR"", ""original_city"": ""AUSTIN"", ""original_state"": ""TX"", ""original_zip"": ""78752"", ""council_district"": ""4"", ""jurisdiction"": ""AUSTIN FULL PURPOSE"", ""link"": {""url"": ""https://abc.austintexas.gov/web/permit/public-search-other?t_detail=1&t_selected_folderrsn=13668885""}, ""project_id"": ""13668885"", ""masterpermitnum"": ""13668838"", ""latitude"": ""30.33071542"", ""longitude"": ""-97.70634623"", ""location"": {""latitude"": ""30.33071542"", ""longitude"": ""-97.70634623"", ""human_address"": ""{\""address\"": \""\"", \""city\"": \""\"", \""state\"": \""\"", \""zip\"": \""\""}""}, ""contractor_trade"": ""Mechanical Contractor"", ""contractor_company_name"": ""KILGORE MECHANICAL LLC"", ""contractor_full_name"": ""Jeffery Scott Kilgore"", ""contractor_phone"": ""7139244900"", ""contractor_address2"": ""10050  Houst"", ""contractor_city"": ""Houston"", ""contractor_zip"": ""77064"", ""certificate_of_occupancy"": ""No""}",2026-05-03T10:54:27.275855+00:00
2026-051632 BP,Replacement of roof.,2026-04-30T00:00:00+00:00,Remodel,Building Permit,,"Foundation Specialists, Inc",Active,8527 N CAPITAL OF TEXAS HWY NB BLDG 8531,78759,Commercial,7137695994,https://abc.austintexas.gov/web/permit/public-search-other?t_detail=1&t_selected_folderrsn=13693584,2026-04-30T00:00:00+00:00,"{""permittype"": ""BP"", ""permit_type_desc"": ""Building Permit"", ""permit_number"": ""2026-051632 BP"", ""permit_class_mapped"": ""Commercial"", ""permit_class"": ""C-1000 Commercial Remodel"", ""work_class"": ""Remodel"", ""condominium"": ""No"", ""permit_location"": ""8527 N CAPITAL OF TEXAS HWY NB BLDG 8531"", ""description"": ""Replacement of roof."", ""tcad_id"": ""0150050125"", ""legal_description"": ""LOT 1 SPICE FOREST"", ""applieddate"": ""2026-04-27T00:00:00.000"", ""issue_date"": ""2026-04-30T00:00:00.000"", ""day_issued"": ""THURSDAY"", ""calendar_year_issued"": ""2026"", ""fiscal_year_issued"": ""2026"", ""issued_in_last_30_days"": ""Yes"", ""issue_method"": ""Permit Center"", ""status_current"": ""Active"", ""statusdate"": ""2026-04-30T00:00:00.000"", ""expiresdate"": ""2026-10-28T00:00:00.000"", ""remodel_repair_sqft"": ""4616"", ""total_valuation_remodel"": ""0"", ""number_of_floors"": ""1"", ""housing_units"": ""1"", ""building_valuation_remodel"": ""0"", ""electrical_valuation_remodel"": ""0"", ""mechanical_valuation_remodel"": ""0"", ""plumbing_valuation_remodel"": ""0"", ""medgas_valuation_remodel"": ""0"", ""original_address1"": ""8527 N CAPITAL OF TEXAS HWY NB BLDG 8531"", ""original_city"": ""AUSTIN"", ""original_state"": ""TX"", ""original_zip"": ""78759"", ""council_district"": ""10"", ""jurisdiction"": ""AUSTIN FULL PURPOSE"", ""link"": {""url"": ""https://abc.austintexas.gov/web/permit/public-search-other?t_detail=1&t_selected_folderrsn=13693584""}, ""project_id"": ""13693584"", ""masterpermitnum"": ""13693547"", ""latitude"": ""30.38609729"", ""longitude"": ""-97.76435808"", ""location"": {""latitude"": ""30.38609729"", ""longitude"": ""-97.76435808"", ""human_address"": ""{\""address\"": \""\"", \""city\"": \""\"", \""state\"": \""\"", \""zip\"": \""\""}""}, ""contractor_trade"": ""General Contractor"", ""contractor_company_name"": ""Foundation Specialists, Inc"", ""contractor_full_name"": ""Amber Whitaker"", ""contractor_phone"": ""7137695994"", ""contractor_address2"": ""4224 W Sam H"", ""contractor_city"": ""Houston"", ""contractor_zip"": ""77041-____"", ""applicant_full_name"": ""Amber Whitaker"", ""applicant_org"": ""Foundation Specialists, Inc"", ""applicant_phone"": ""7137695994"", ""applicant_address2"": ""4224 W Sam H"", ""applicant_city"": ""Houston"", ""applicantzip"": ""77041-____"", ""certificate_of_occupancy"": ""No""}",2026-05-03T10:54:27.275855+00:00
2026-053108 EP,Remodel requiring temporary power related to BP: 2024-161512,2026-04-30T00:00:00+00:00,Homebuilder Loop,Electrical Permit,,PowerHouse Electrical Services,Active,10511 LA COSTA DR,78747,Residential,5128328900,https://abc.austintexas.gov/web/permit/public-search-other?t_detail=1&t_selected_folderrsn=13695199,2026-05-01T00:00:00+00:00,"{""permittype"": ""EP"", ""permit_type_desc"": ""Electrical Permit"", ""permit_number"": ""2026-053108 EP"", ""permit_class_mapped"": ""Residential"", ""permit_class"": ""Residential"", ""work_class"": ""Homebuilder Loop"", ""permit_location"": ""10511 LA COSTA DR"", ""description"": ""Remodel requiring temporary power related to BP: 2024-161512"", ""tcad_id"": ""0440090303"", ""legal_description"": ""LOT 3 BLK E ONION CREEK SEC 3"", ""applieddate"": ""2026-04-29T00:00:00.000"", ""issue_date"": ""2026-04-30T00:00:00.000"", ""day_issued"": ""THURSDAY"", ""calendar_year_issued"": ""2026"", ""fiscal_year_issued"": ""2026"", ""issued_in_last_30_days"": ""Yes"", ""issue_method"": ""Permit Center"", ""status_current"": ""Active"", ""statusdate"": ""2026-05-01T00:00:00.000"", ""expiresdate"": ""2026-10-27T00:00:00.000"", ""original_address1"": ""10511 LA COSTA DR"", ""original_city"": ""AUSTIN"", ""original_state"": ""TX"", ""original_zip"": ""78747"", ""council_district"": ""5"", ""jurisdiction"": ""AUSTIN FULL PURPOSE"", ""link"": {""url"": ""https://abc.austintexas.gov/web/permit/public-search-other?t_detail=1&t_selected_folderrsn=13695199""}, ""project_id"": ""13695199"", ""latitude"": ""30.14251349"", ""longitude"": ""-97.788226"", ""location"": {""latitude"": ""30.14251349"", ""longitude"": ""-97.788226"", ""human_address"": ""{\""address\"": \""\"", \""city\"": \""\"", \""state\"": \""\"", \""zip\"": \""\""}""}, ""contractor_trade"": ""Electrical Contractor"", ""contractor_company_name"": ""PowerHouse Electrical Services"", ""contractor_full_name"": ""Russell Neal"", ""contractor_phone"": ""5128328900"", ""contractor_address2"": ""1901  Waukes"", ""contractor_city"": ""Pflugerville"", ""contractor_zip"": ""78660""}",2026-05-03T10:54:27.275855+00:00
2025-158128 EP,QT - INTERIOR: Replace front door replace patio door water heater closet door laundry bi-fold doors replace 394sq ft of insulation replace 394sqft of,2026-04-30T00:00:00+00:00,Remodel,Electrical Permit,,LP General Services Contractor,Active,1500 FARO DR UNIT 2614,78741,Commercial,5125894880,https://abc.austintexas.gov/web/permit/public-search-other?t_detail=1&t_selected_folderrsn=13628268,2026-04-30T00:00:00+00:00,"{""permittype"": ""EP"", ""permit_type_desc"": ""Electrical Permit"", ""permit_number"": ""2025-158128 EP"", ""permit_class_mapped"": ""Commercial"", ""permit_class"": ""C-1000 Commercial Remodel"", ""work_class"": ""Remodel"", ""condominium"": ""No"", ""permit_location"": ""1500 FARO DR UNIT 2614"", ""description"": ""QT - INTERIOR: Replace front door replace patio door water heater closet door laundry bi-fold doors replace 394sq ft of insulation replace 394sqft of"", ""tcad_id"": ""0307110408"", ""legal_description"": ""LOT 1 PARADISE OAKS RESUB"", ""applieddate"": ""2025-12-08T00:00:00.000"", ""issue_date"": ""2026-04-30T00:00:00.000"", ""day_issued"": ""THURSDAY"", ""calendar_year_issued"": ""2026"", ""fiscal_year_issued"": ""2026"", ""issued_in_last_30_days"": ""Yes"", ""issue_method"": ""Permit Center"", ""status_current"": ""Active"", ""statusdate"": ""2026-04-30T00:00:00.000"", ""expiresdate"": ""2026-08-11T00:00:00.000"", ""remodel_repair_sqft"": ""458"", ""number_of_floors"": ""2"", ""housing_units"": ""2"", ""electrical_valuation_remodel"": ""200"", ""original_address1"": ""1500 FARO DR UNIT 2614"", ""original_city"": ""AUSTIN"", ""original_state"": ""TX"", ""original_zip"": ""78741"", ""council_district"": ""3"", ""jurisdiction"": ""AUSTIN FULL PURPOSE"", ""link"": {""url"": ""https://abc.austintexas.gov/web/permit/public-search-other?t_detail=1&t_selected_folderrsn=13628268""}, ""project_id"": ""13628268"", ""masterpermitnum"": ""13628267"", ""contractor_trade"": ""Electrical Contractor"", ""contractor_company_name"": ""LP General Services Contractor"", ""contractor_full_name"": ""Luis Ramirez"", ""contractor_phone"": ""5125894880"", ""contractor_address2"": ""1881  Grove"", ""contractor_city"": ""Austin"", ""contractor_zip"": ""78741-____"", ""certificate_of_occupancy"": ""No""}",2026-05-03T10:54:27.275855+00:00
2026-053100 BP,Total demo of pool 982 sqft,2026-04-30T00:00:00+00:00,Demolition,Building Permit,0.0,Denali Pools LLC***Main***,Active,6302 SHADOW VALLEY DR,78731,Residential,,https://abc.austintexas.gov/web/permit/public-search-other?t_detail=1&t_selected_folderrsn=13695190,2026-04-30T00:00:00+00:00,"{""permittype"": ""BP"", ""permit_type_desc"": ""Building Permit"", ""permit_number"": ""2026-053100 BP"", ""permit_class_mapped"": ""Residential"", ""permit_class"": ""R- 649 Demolition All Other Bldgs Res"", ""work_class"": ""Demolition"", ""condominium"": ""No"", ""permit_location"": ""6302 SHADOW VALLEY DR"", ""description"": ""Total demo of pool 982 sqft"", ""tcad_id"": ""0136031108"", ""legal_description"": ""LOT 28 HIGHLAND HILLS SEC 9 PHS 2"", ""applieddate"": ""2026-04-21T00:00:00.000"", ""issue_date"": ""2026-04-30T00:00:00.000"", ""day_issued"": ""THURSDAY"", ""calendar_year_issued"": ""2026"", ""fiscal_year_issued"": ""2026"", ""issued_in_last_30_days"": ""Yes"", ""issue_method"": ""Permit Center"", ""status_current"": ""Active"", ""statusdate"": ""2026-04-30T00:00:00.000"", ""expiresdate"": ""2028-04-30T00:00:00.000"", ""total_existing_bldg_sqft"": ""1"", ""total_job_valuation"": ""0"", ""number_of_floors"": ""1"", ""housing_units"": ""1"", ""original_address1"": ""6302 SHADOW VALLEY DR"", ""original_city"": ""AUSTIN"", ""original_state"": ""TX"", ""original_zip"": ""78731"", ""council_district"": ""10"", ""jurisdiction"": ""AUSTIN FULL PURPOSE"", ""link"": {""url"": ""https://abc.austintexas.gov/web/permit/public-search-other?t_detail=1&t_selected_folderrsn=13695190""}, ""project_id"": ""13695190"", ""masterpermitnum"": ""13690416"", ""latitude"": ""30.35053576"", ""longitude"": ""-97.76025976"", ""location"": {""latitude"": ""30.35053576"", ""longitude"": ""-97.76025976"", ""human_address"": ""{\""address\"": \""\"", \""city\"": \""\"", \""state\"": \""\"", \""zip\"": \""\""}""}, ""contractor_trade"": ""General Contractor"", ""contractor_company_name"": ""Denali Pools LLC***Main***"", ""contractor_full_name"": ""Mitch Huntsman"", ""contractor_phone"": ""512"", ""contractor_address2"": ""4350  Whites"", ""contractor_city"": ""CEDAR PARK"", ""contractor_zip"": ""78613-____"", ""applicant_full_name"": ""Mitch Huntsman"", ""applicant_org"": ""Denali Pools LLC***Main***"", ""applicant_phone"": ""512"", ""applicant_address2"": ""4350  Whites"", ""applicant_city"": ""CEDAR PARK"", ""applicantzip"": ""78613-____"", ""certificate_of_occupancy"": ""No""}",2026-05-03T10:54:27.275855+00:00
2026-053404 BP,Express- Existing Foundation repair as per scope of work attached,2026-04-30T00:00:00+00:00,Repair,Building Permit,1.0,We Level It    {formally Centex House Leveling***MAIN****},Active,12004 CAPTAIN BAILYS CT,78753,Residential,5124445438,https://abc.austintexas.gov/web/permit/public-search-other?t_detail=1&t_selected_folderrsn=13695519,2026-04-30T00:00:00+00:00,"{""permittype"": ""BP"", ""permit_type_desc"": ""Building Permit"", ""permit_number"": ""2026-053404 BP"", ""permit_class_mapped"": ""Residential"", ""permit_class"": ""R- 435 Renovations/Remodel"", ""work_class"": ""Repair"", ""condominium"": ""No"", ""permit_location"": ""12004 CAPTAIN BAILYS CT"", ""description"": ""Express- Existing Foundation repair as per scope of work attached"", ""tcad_id"": ""0250281323"", ""legal_description"": ""LOT 23 BLK F COPPERFIELD SEC 2-A AMENDED PLAT"", ""applieddate"": ""2026-04-29T00:00:00.000"", ""issue_date"": ""2026-04-30T00:00:00.000"", ""day_issued"": ""THURSDAY"", ""calendar_year_issued"": ""2026"", ""fiscal_year_issued"": ""2026"", ""issued_in_last_30_days"": ""Yes"", ""issue_method"": ""Permit Center"", ""status_current"": ""Active"", ""statusdate"": ""2026-04-30T00:00:00.000"", ""expiresdate"": ""2026-10-28T00:00:00.000"", ""remodel_repair_sqft"": ""1"", ""total_valuation_remodel"": ""4"", ""total_job_valuation"": ""1"", ""number_of_floors"": ""1"", ""housing_units"": ""1"", ""building_valuation_remodel"": ""1"", ""electrical_valuation_remodel"": ""1"", ""mechanical_valuation_remodel"": ""1"", ""plumbing_valuation_remodel"": ""1"", ""original_address1"": ""12004 CAPTAIN BAILYS CT"", ""original_city"": ""AUSTIN"", ""original_state"": ""TX"", ""original_zip"": ""78753"", ""council_district"": ""1"", ""jurisdiction"": ""AUSTIN FULL PURPOSE"", ""link"": {""url"": ""https://abc.austintexas.gov/web/permit/public-search-other?t_detail=1&t_selected_folderrsn=13695519""}, ""project_id"": ""13695519"", ""masterpermitnum"": ""13695514"", ""latitude"": ""30.38310194"", ""longitude"": ""-97.66187355"", ""location"": {""latitude"": ""30.38310194"", ""longitude"": ""-97.66187355"", ""human_address"": ""{\""address\"": \""\"", \""city\"": \""\"", \""state\"": \""\"", \""zip\"": \""\""}""}, ""contractor_trade"": ""General Contractor"", ""contractor_company_name"": ""We Level It    {formally Centex House Leveling***MAIN****}"", ""contractor_phone"": ""5124445438"", ""contractor_address2"": ""1120 E 52ND"", ""contractor_city"": ""AUSTIN"", ""contractor_zip"": ""78723"", ""applicant_org"": ""We Level It    {formally Centex House Leveling***MAIN****}"", ""applicant_phone"": ""5124445438"", ""applicant_address2"": ""1120 E 52ND"", ""applicant_city"": ""AUSTIN"", ""applicantzip"": ""78723"", ""certificate_of_occupancy"": ""No""}",2026-05-03T10:54:27.275855+00:00
2026-053937 BP,Hughes 841-O-R Is a New one-story single family residence with (4) bedrooms (3) bathrooms an attached two-car garage and a covered entry porch and pat,2026-04-30T00:00:00+00:00,New,Building Permit,0.0,Meritage Homes Corp,Active,12420 SAINT THOMAS DR,78617,Residential,5126104868,https://abc.austintexas.gov/web/permit/public-search-other?t_detail=1&t_selected_folderrsn=13696143,2026-04-30T00:00:00+00:00,"{""permittype"": ""BP"", ""permit_type_desc"": ""Building Permit"", ""permit_number"": ""2026-053937 BP"", ""permit_class_mapped"": ""Residential"", ""permit_class"": ""R- 101 Single Family Houses"", ""work_class"": ""New"", ""condominium"": ""No"", ""permit_location"": ""12420 SAINT THOMAS DR"", ""description"": ""Hughes 841-O-R Is a New one-story single family residence with (4) bedrooms (3) bathrooms an attached two-car garage and a covered entry porch and pat"", ""tcad_id"": ""0326430502"", ""legal_description"": ""LOT 183 BLK G LEXINGTON PARKE SEC 1"", ""applieddate"": ""2026-04-08T00:00:00.000"", ""issue_date"": ""2026-04-30T00:00:00.000"", ""day_issued"": ""THURSDAY"", ""calendar_year_issued"": ""2026"", ""fiscal_year_issued"": ""2026"", ""issued_in_last_30_days"": ""Yes"", ""issue_method"": ""Permit Center"", ""status_current"": ""Active"", ""statusdate"": ""2026-04-30T00:00:00.000"", ""expiresdate"": ""2026-10-28T00:00:00.000"", ""total_new_add_sqft"": ""2584"", ""total_job_valuation"": ""0"", ""number_of_floors"": ""1"", ""housing_units"": ""1"", ""original_address1"": ""12420 SAINT THOMAS DR"", ""original_city"": ""AUSTIN"", ""original_state"": ""TX"", ""original_zip"": ""78617"", ""council_district"": ""2"", ""jurisdiction"": ""AUSTIN FULL PURPOSE"", ""link"": {""url"": ""https://abc.austintexas.gov/web/permit/public-search-other?t_detail=1&t_selected_folderrsn=13696143""}, ""project_id"": ""13696143"", ""masterpermitnum"": ""13682917"", ""contractor_trade"": ""General Contractor"", ""contractor_company_name"": ""Meritage Homes Corp"", ""contractor_full_name"": ""Kim Kidd"", ""contractor_phone"": ""5126104868"", ""contractor_address2"": ""12301  RESEA"", ""contractor_city"": ""AUSTIN"", ""contractor_zip"": ""78759"", ""applicant_full_name"": ""Kim Kidd"", ""applicant_org"": ""Meritage Homes Corp"", ""applicant_phone"": ""5126104868"", ""applicant_address2"": ""12301  RESEA"", ""applicant_city"": ""AUSTIN"", ""applicantzip"": ""78759"", ""certificate_of_occupancy"": ""Yes"", ""total_lot_sq_ft"": ""5352""}",2026-05-03T10:54:27.275855+00:00
2024-148265 MP,New Construction of a single-family residence. w 4 bedroom and 4 bathrooms. covered porch and attached garage,2026-04-30T00:00:00+00:00,New,Mechanical Permit,,A & E HVAC SOLUTIONS INC,Active,5711 CARRY BACK LN,78746,Residential,8324588700,https://abc.austintexas.gov/web/permit/public-search-other?t_detail=1&t_selected_folderrsn=13426897,2026-04-30T00:00:00+00:00,"{""permittype"": ""MP"", ""permit_type_desc"": ""Mechanical Permit"", ""permit_number"": ""2024-148265 MP"", ""permit_class_mapped"": ""Residential"", ""permit_class"": ""R- 101 Single Family Houses"", ""work_class"": ""New"", ""condominium"": ""No"", ""permit_location"": ""5711 CARRY BACK LN"", ""description"": ""New Construction of a single-family residence. w 4 bedroom and 4 bathrooms. covered porch and attached garage"", ""tcad_id"": ""0129150230"", ""legal_description"": ""LOT 1 BLK A DAVENPORT RANCH PHS 1 SEC 2"", ""applieddate"": ""2024-06-06T00:00:00.000"", ""issue_date"": ""2026-04-30T00:00:00.000"", ""day_issued"": ""THURSDAY"", ""calendar_year_issued"": ""2026"", ""fiscal_year_issued"": ""2026"", ""issued_in_last_30_days"": ""Yes"", ""issue_method"": ""Permit Center"", ""status_current"": ""Active"", ""statusdate"": ""2026-04-30T00:00:00.000"", ""expiresdate"": ""2026-10-06T00:00:00.000"", ""total_new_add_sqft"": ""4484"", ""number_of_floors"": ""2"", ""housing_units"": ""1"", ""original_address1"": ""5711 CARRY BACK LN"", ""original_city"": ""AUSTIN"", ""original_state"": ""TX"", ""original_zip"": ""78746"", ""council_district"": ""8"", ""jurisdiction"": ""AUSTIN FULL PURPOSE"", ""link"": {""url"": ""https://abc.austintexas.gov/web/permit/public-search-other?t_detail=1&t_selected_folderrsn=13426897""}, ""project_id"": ""13426897"", ""masterpermitnum"": ""13426878"", ""latitude"": ""30.33108543"", ""longitude"": ""-97.80198951"", ""location"": {""latitude"": ""30.33108543"", ""longitude"": ""-97.80198951"", ""human_address"": ""{\""address\"": \""\"", \""city\"": \""\"", \""state\"": \""\"", \""zip\"": \""\""}""}, ""contractor_trade"": ""Mechanical Contractor"", ""contractor_company_name"": ""A & E HVAC SOLUTIONS INC"", ""contractor_full_name"": ""DANIEL MALFAVON"", ""contractor_phone"": ""8324588700"", ""contractor_address2"": ""8414  GENTLE"", ""contractor_city"": ""HOUSTON"", ""contractor_zip"": ""77095"", ""certificate_of_occupancy"": ""No""}",2026-05-03T10:54:27.275855+00:00
2026-044377 PP,Interior Remodel deleting one bedroom to add a third full bath. Making interior and exterior repairs.,2026-04-30T00:00:00+00:00,Addition and Remodel,Plumbing Permit,,MC Streamline LLC,Active,3110 VAL DR,78723,Residential,2143344176,https://abc.austintexas.gov/web/permit/public-search-other?t_detail=1&t_selected_folderrsn=13685126,2026-04-30T00:00:00+00:00,"{""permittype"": ""PP"", ""permit_type_desc"": ""Plumbing Permit"", ""permit_number"": ""2026-044377 PP"", ""permit_class_mapped"": ""Residential"", ""permit_class"": ""R- 434 Addition & Alterations"", ""work_class"": ""Addition and Remodel"", ""condominium"": ""No"", ""permit_location"": ""3110 VAL DR"", ""description"": ""Interior Remodel deleting one bedroom to add a third full bath. Making interior and exterior repairs."", ""tcad_id"": ""0224270306"", ""legal_description"": ""LOT 16 BLK B VINTAGE HILLS SEC 4"", ""applieddate"": ""2026-04-01T00:00:00.000"", ""issue_date"": ""2026-04-30T00:00:00.000"", ""day_issued"": ""THURSDAY"", ""calendar_year_issued"": ""2026"", ""fiscal_year_issued"": ""2026"", ""issued_in_last_30_days"": ""Yes"", ""issue_method"": ""Permit Center"", ""status_current"": ""Active"", ""statusdate"": ""2026-04-30T00:00:00.000"", ""expiresdate"": ""2026-10-14T00:00:00.000"", ""total_existing_bldg_sqft"": ""0"", ""remodel_repair_sqft"": ""1679"", ""total_new_add_sqft"": ""0"", ""number_of_floors"": ""1"", ""housing_units"": ""10"", ""original_address1"": ""3110 VAL DR"", ""original_city"": ""AUSTIN"", ""original_state"": ""TX"", ""original_zip"": ""78723"", ""council_district"": ""1"", ""jurisdiction"": ""AUSTIN FULL PURPOSE"", ""link"": {""url"": ""https://abc.austintexas.gov/web/permit/public-search-other?t_detail=1&t_selected_folderrsn=13685126""}, ""project_id"": ""13685126"", ""masterpermitnum"": ""13685122"", ""latitude"": ""30.31694214"", ""longitude"": ""-97.66588314"", ""location"": {""latitude"": ""30.31694214"", ""longitude"": ""-97.66588314"", ""human_address"": ""{\""address\"": \""\"", \""city\"": \""\"", \""state\"": \""\"", \""zip\"": \""\""}""}, ""contractor_trade"": ""Plumbing Contractor"", ""contractor_company_name"": ""MC Streamline LLC"", ""contractor_full_name"": ""Benito Camarillo"", ""contractor_phone"": ""2143344176"", ""contractor_address2"": ""2204  RIVERS"", ""contractor_city"": ""AUSTIN"", ""contractor_zip"": ""78741-____"", ""certificate_of_occupancy"": ""No""}",2026-05-03T10:54:27.275855+00:00
2026-030094 EP,ePlan: Commercial Expedited Review - Interior Remodel to Existing Office Space Scope of work to Include Remodel of Open Office Spaces and support Spac,2026-04-30T00:00:00+00:00,Remodel,Electrical Permit,,Exceed Electrical Contracting LLC,Active,712 E HUNTLAND DR,78752,Commercial,3037203678,https://abc.austintexas.gov/web/permit/public-search-other?t_detail=1&t_selected_folderrsn=13668881,2026-04-30T00:00:00+00:00,"{""permittype"": ""EP"", ""permit_type_desc"": ""Electrical Permit"", ""permit_number"": ""2026-030094 EP"", ""permit_class_mapped"": ""Commercial"", ""permit_class"": ""C-1000 Commercial Remodel"", ""work_class"": ""Remodel"", ""condominium"": ""No"", ""permit_location"": ""712 E HUNTLAND DR"", ""description"": ""ePlan: Commercial Expedited Review - Interior Remodel to Existing Office Space Scope of work to Include Remodel of Open Office Spaces and support Spac"", ""tcad_id"": ""0230130105"", ""legal_description"": ""5.8210 AC OF LOT 3A-3B FIVE POINT NINE TWO LTD SUBD (PRORATE 01/01/2024 - 08/15/2024)"", ""applieddate"": ""2025-12-05T00:00:00.000"", ""issue_date"": ""2026-04-30T00:00:00.000"", ""day_issued"": ""THURSDAY"", ""calendar_year_issued"": ""2026"", ""fiscal_year_issued"": ""2026"", ""issued_in_last_30_days"": ""Yes"", ""issue_method"": ""Permit Center"", ""status_current"": ""Active"", ""statusdate"": ""2026-04-30T00:00:00.000"", ""expiresdate"": ""2026-09-13T00:00:00.000"", ""remodel_repair_sqft"": ""24852"", ""number_of_floors"": ""4"", ""housing_units"": ""1"", ""electrical_valuation_remodel"": ""1"", ""original_address1"": ""712 E HUNTLAND DR"", ""original_city"": ""AUSTIN"", ""original_state"": ""TX"", ""original_zip"": ""78752"", ""council_district"": ""4"", ""jurisdiction"": ""AUSTIN FULL PURPOSE"", ""link"": {""url"": ""https://abc.austintexas.gov/web/permit/public-search-other?t_detail=1&t_selected_folderrsn=13668881""}, ""project_id"": ""13668881"", ""masterpermitnum"": ""13668837"", ""latitude"": ""30.33071542"", ""longitude"": ""-97.70634623"", ""location"": {""latitude"": ""30.33071542"", ""longitude"": ""-97.70634623"", ""human_address"": ""{\""address\"": \""\"", \""city\"": \""\"", \""state\"": \""\"", \""zip\"": \""\""}""}, ""contractor_trade"": ""Electrical Contractor"", ""contractor_company_name"": ""Exceed Electrical Contracting LLC"", ""contractor_full_name"": ""Aaron Nunez"", ""contractor_phone"": ""3037203678"", ""contractor_address2"": ""7827  W 108t"", ""contractor_city"": ""Westiminster"", ""contractor_zip"": ""80021-____"", ""certificate_of_occupancy"": ""No""}",2026-05-03T10:54:27.275855+00:00
2026-051701 BP,Replacement of roof.,2026-04-30T00:00:00+00:00,Remodel,Building Permit,,"Foundation Specialists, Inc",Active,8527 N CAPITAL OF TEXAS HWY NB BLDG 8519,78759,Commercial,7137695994,https://abc.austintexas.gov/web/permit/public-search-other?t_detail=1&t_selected_folderrsn=13693658,2026-04-30T00:00:00+00:00,"{""permittype"": ""BP"", ""permit_type_desc"": ""Building Permit"", ""permit_number"": ""2026-051701 BP"", ""permit_class_mapped"": ""Commercial"", ""permit_class"": ""C-1000 Commercial Remodel"", ""work_class"": ""Remodel"", ""condominium"": ""No"", ""permit_location"": ""8527 N CAPITAL OF TEXAS HWY NB BLDG 8519"", ""description"": ""Replacement of roof."", ""tcad_id"": ""0150050125"", ""legal_description"": ""LOT 1 SPICE FOREST"", ""applieddate"": ""2026-04-27T00:00:00.000"", ""issue_date"": ""2026-04-30T00:00:00.000"", ""day_issued"": ""THURSDAY"", ""calendar_year_issued"": ""2026"", ""fiscal_year_issued"": ""2026"", ""issued_in_last_30_days"": ""Yes"", ""issue_method"": ""Permit Center"", ""status_current"": ""Active"", ""statusdate"": ""2026-04-30T00:00:00.000"", ""expiresdate"": ""2026-10-28T00:00:00.000"", ""remodel_repair_sqft"": ""4616"", ""total_valuation_remodel"": ""0"", ""number_of_floors"": ""1"", ""housing_units"": ""1"", ""building_valuation_remodel"": ""0"", ""electrical_valuation_remodel"": ""0"", ""mechanical_valuation_remodel"": ""0"", ""plumbing_valuation_remodel"": ""0"", ""medgas_valuation_remodel"": ""0"", ""original_address1"": ""8527 N CAPITAL OF TEXAS HWY NB BLDG 8519"", ""original_city"": ""AUSTIN"", ""original_state"": ""TX"", ""original_zip"": ""78759"", ""council_district"": ""10"", ""jurisdiction"": ""AUSTIN FULL PURPOSE"", ""link"": {""url"": ""https://abc.austintexas.gov/web/permit/public-search-other?t_detail=1&t_selected_folderrsn=13693658""}, ""project_id"": ""13693658"", ""masterpermitnum"": ""13693622"", ""latitude"": ""30.38609729"", ""longitude"": ""-97.76435808"", ""location"": {""latitude"": ""30.38609729"", ""longitude"": ""-97.76435808"", ""human_address"": ""{\""address\"": \""\"", \""city\"": \""\"", \""state\"": \""\"", \""zip\"": \""\""}""}, ""contractor_trade"": ""General Contractor"", ""contractor_company_name"": ""Foundation Specialists, Inc"", ""contractor_full_name"": ""Amber Whitaker"", ""contractor_phone"": ""7137695994"", ""contractor_address2"": ""4224 W Sam H"", ""contractor_city"": ""Houston"", ""contractor_zip"": ""77041-____"", ""applicant_full_name"": ""Amber Whitaker"", ""applicant_org"": ""Foundation Specialists, Inc"", ""applicant_phone"": ""7137695994"", ""applicant_address2"": ""4224 W Sam H"", ""applicant_city"": ""Houston"", ""applicantzip"": ""77041-____"", ""certificate_of_occupancy"": ""No""}",2026-05-03T10:54:27.275855+00:00
2026-052506 EP,Service rebuild like for like,2026-04-30T00:00:00+00:00,Upgrade,Electrical Permit,,Service Company of San Antonio LLC dba Mr Electric of Austin,Active,2018 WHELESS LN,78723,Residential,2103472299,https://abc.austintexas.gov/web/permit/public-search-other?t_detail=1&t_selected_folderrsn=13694551,2026-05-01T00:00:00+00:00,"{""permittype"": ""EP"", ""permit_type_desc"": ""Electrical Permit"", ""permit_number"": ""2026-052506 EP"", ""permit_class_mapped"": ""Residential"", ""permit_class"": ""Residential"", ""work_class"": ""Upgrade"", ""condominium"": ""No"", ""permit_location"": ""2018 WHELESS LN"", ""description"": ""Service rebuild like for like"", ""tcad_id"": ""0223200508"", ""legal_description"": ""LOT 8 BLK A WINDSOR PARK II SEC 1"", ""applieddate"": ""2026-04-28T00:00:00.000"", ""issue_date"": ""2026-04-30T00:00:00.000"", ""day_issued"": ""THURSDAY"", ""calendar_year_issued"": ""2026"", ""fiscal_year_issued"": ""2026"", ""issued_in_last_30_days"": ""Yes"", ""issue_method"": ""Permit Center"", ""status_current"": ""Active"", ""statusdate"": ""2026-05-01T00:00:00.000"", ""expiresdate"": ""2026-10-27T00:00:00.000"", ""remodel_repair_sqft"": ""0"", ""number_of_floors"": ""1"", ""housing_units"": ""1"", ""electrical_valuation_remodel"": ""6883"", ""original_address1"": ""2018 WHELESS LN"", ""original_city"": ""AUSTIN"", ""original_state"": ""TX"", ""original_zip"": ""78723"", ""council_district"": ""4"", ""jurisdiction"": ""AUSTIN FULL PURPOSE"", ""link"": {""url"": ""https://abc.austintexas.gov/web/permit/public-search-other?t_detail=1&t_selected_folderrsn=13694551""}, ""project_id"": ""13694551"", ""contractor_trade"": ""Electrical Contractor"", ""contractor_company_name"": ""Service Company of San Antonio LLC dba Mr Electric of Austin"", ""contractor_full_name"": ""John Coppin"", ""contractor_phone"": ""2103472299"", ""contractor_address2"": ""6448 E US 29"", ""contractor_city"": ""AUSTIN"", ""contractor_zip"": ""78723-____"", ""certificate_of_occupancy"": ""No""}",2026-05-03T10:54:27.275855+00:00
2026-053579 EP,"Emergency call.
1 for 1 replacement of failed A phase line base in main disconnect for Suite 165.
Replacement to be made utilizing all existing wiring",2026-04-30T00:00:00+00:00,Repair,Electrical Permit,,Beckett Electrical Services,Active,6425 S IH 35 SVRD NB UNIT 165,78744,Commercial,5123467462,https://abc.austintexas.gov/web/permit/public-search-other?t_detail=1&t_selected_folderrsn=13695722,2026-04-30T00:00:00+00:00,"{""permittype"": ""EP"", ""permit_type_desc"": ""Electrical Permit"", ""permit_number"": ""2026-053579 EP"", ""permit_class_mapped"": ""Commercial"", ""permit_class"": ""Commercial"", ""work_class"": ""Repair"", ""condominium"": ""No"", ""permit_location"": ""6425 S IH 35 SVRD NB UNIT 165"", ""description"": ""Emergency call.\n1 for 1 replacement of failed A phase line base in main disconnect for Suite 165.\nReplacement to be made utilizing all existing wiring"", ""tcad_id"": ""0423060507"", ""legal_description"": ""LOT 2-4 SOUTH BROOK CENTER 2 SUBD"", ""applieddate"": ""2026-04-30T00:00:00.000"", ""issue_date"": ""2026-04-30T00:00:00.000"", ""day_issued"": ""THURSDAY"", ""calendar_year_issued"": ""2026"", ""fiscal_year_issued"": ""2026"", ""issued_in_last_30_days"": ""Yes"", ""issue_method"": ""Permit Center"", ""status_current"": ""Active"", ""statusdate"": ""2026-04-30T00:00:00.000"", ""expiresdate"": ""2026-10-27T00:00:00.000"", ""remodel_repair_sqft"": ""0"", ""number_of_floors"": ""1"", ""housing_units"": ""1"", ""electrical_valuation_remodel"": ""5000"", ""original_address1"": ""6425 S IH 35 SVRD NB UNIT 165"", ""original_city"": ""AUSTIN"", ""original_state"": ""TX"", ""original_zip"": ""78744"", ""council_district"": ""2"", ""jurisdiction"": ""AUSTIN FULL PURPOSE"", ""link"": {""url"": ""https://abc.austintexas.gov/web/permit/public-search-other?t_detail=1&t_selected_folderrsn=13695722""}, ""project_id"": ""13695722"", ""contractor_trade"": ""Electrical Contractor"", ""contractor_company_name"": ""Beckett Electrical Services"", ""contractor_full_name"": ""Jesse Beckett"", ""contractor_phone"": ""5123467462"", ""contractor_address1"": ""PO Box 81381"", ""contractor_city"": ""Austin"", ""contractor_zip"": ""78708"", ""certificate_of_occupancy"": ""No""}",2026-05-03T10:54:27.275855+00:00
2026-049979 MP,Replacement of complete existing central heat and air system with or without duct work,2026-04-30T00:00:00+00:00,Change Out,Mechanical Permit,,McCullough Heating & Air,Active,4708 CIRCLE OAK CV,78749,Residential,5122800011,https://abc.austintexas.gov/web/permit/public-search-other?t_detail=1&t_selected_folderrsn=13691698,2026-04-30T00:00:00+00:00,"{""permittype"": ""MP"", ""permit_type_desc"": ""Mechanical Permit"", ""permit_number"": ""2026-049979 MP"", ""permit_class_mapped"": ""Residential"", ""permit_class"": ""Residential"", ""work_class"": ""Change Out"", ""permit_location"": ""4708 CIRCLE OAK CV"", ""description"": ""Replacement of complete existing central heat and air system with or without duct work"", ""tcad_id"": ""0412280543"", ""legal_description"": ""LOT 35 BLK B SMITHS J W WESTERN OAKS I-C"", ""applieddate"": ""2026-04-22T00:00:00.000"", ""issue_date"": ""2026-04-30T00:00:00.000"", ""day_issued"": ""THURSDAY"", ""calendar_year_issued"": ""2026"", ""fiscal_year_issued"": ""2026"", ""issued_in_last_30_days"": ""Yes"", ""issue_method"": ""Permit Center"", ""status_current"": ""Active"", ""statusdate"": ""2026-04-30T00:00:00.000"", ""expiresdate"": ""2026-10-27T00:00:00.000"", ""original_address1"": ""4708 CIRCLE OAK CV"", ""original_city"": ""AUSTIN"", ""original_state"": ""TX"", ""original_zip"": ""78749"", ""council_district"": ""8"", ""jurisdiction"": ""AUSTIN FULL PURPOSE"", ""link"": {""url"": ""https://abc.austintexas.gov/web/permit/public-search-other?t_detail=1&t_selected_folderrsn=13691698""}, ""project_id"": ""13691698"", ""latitude"": ""30.21915485"", ""longitude"": ""-97.8472638"", ""location"": {""latitude"": ""30.21915485"", ""longitude"": ""-97.8472638"", ""human_address"": ""{\""address\"": \""\"", \""city\"": \""\"", \""state\"": \""\"", \""zip\"": \""\""}""}, ""contractor_trade"": ""Mechanical Contractor"", ""contractor_company_name"": ""McCullough Heating & Air"", ""contractor_full_name"": ""Albert D'Andrea"", ""contractor_phone"": ""5122800011"", ""contractor_address2"": ""2620  BUELL"", ""contractor_city"": ""AUSTIN"", ""contractor_zip"": ""78757""}",2026-05-03T10:54:27.275855+00:00
2026-037320 EP,ePlan: Residential Expedited Review :  New construction of a 2-Story Single Family Res. [5bed 4bath] with Attached Garage/Carport,2026-04-30T00:00:00+00:00,New,Electrical Permit,,AEI Electric LLC,Active,2018 FORD ST,78704,Residential,5128392478,https://abc.austintexas.gov/web/permit/public-search-other?t_detail=1&t_selected_folderrsn=13677213,2026-05-01T00:00:00+00:00,"{""permittype"": ""EP"", ""permit_type_desc"": ""Electrical Permit"", ""permit_number"": ""2026-037320 EP"", ""permit_class_mapped"": ""Residential"", ""permit_class"": ""R- 101 Single Family Houses"", ""work_class"": ""New"", ""condominium"": ""No"", ""permit_location"": ""2018 FORD ST"", ""description"": ""ePlan: Residential Expedited Review :  New construction of a 2-Story Single Family Res. [5bed 4bath] with Attached Garage/Carport"", ""tcad_id"": ""0102070425"", ""legal_description"": ""LOT 10 SUN TERRACE"", ""applieddate"": ""2026-02-23T00:00:00.000"", ""issue_date"": ""2026-04-30T00:00:00.000"", ""day_issued"": ""THURSDAY"", ""calendar_year_issued"": ""2026"", ""fiscal_year_issued"": ""2026"", ""issued_in_last_30_days"": ""Yes"", ""issue_method"": ""Permit Center"", ""status_current"": ""Active"", ""statusdate"": ""2026-05-01T00:00:00.000"", ""expiresdate"": ""2026-10-17T00:00:00.000"", ""total_new_add_sqft"": ""4112"", ""number_of_floors"": ""2"", ""housing_units"": ""1"", ""original_address1"": ""2018 FORD ST"", ""original_city"": ""AUSTIN"", ""original_state"": ""TX"", ""original_zip"": ""78704"", ""council_district"": ""5"", ""jurisdiction"": ""AUSTIN FULL PURPOSE"", ""link"": {""url"": ""https://abc.austintexas.gov/web/permit/public-search-other?t_detail=1&t_selected_folderrsn=13677213""}, ""project_id"": ""13677213"", ""masterpermitnum"": ""13677206"", ""latitude"": ""30.25463834"", ""longitude"": ""-97.77418547"", ""location"": {""latitude"": ""30.25463834"", ""longitude"": ""-97.77418547"", ""human_address"": ""{\""address\"": \""\"", \""city\"": \""\"", \""state\"": \""\"", \""zip\"": \""\""}""}, ""contractor_trade"": ""Electrical Contractor"", ""contractor_company_name"": ""AEI Electric LLC"", ""contractor_full_name"": ""Terry Herrin"", ""contractor_phone"": ""5128392478"", ""contractor_address2"": ""7500  Inspir"", ""contractor_city"": ""Austin"", ""contractor_zip"": ""78724"", ""certificate_of_occupancy"": ""No""}",2026-05-03T10:54:27.275855+00:00
2026-047445 EP,Prewire for Solar,2026-04-30T00:00:00+00:00,Auxiliary Power,Electrical Permit,,Horus Partners,Final,5908 MOUNTAINCLIMB DR,78731,Residential,5124765555,https://abc.austintexas.gov/web/permit/public-search-other?t_detail=1&t_selected_folderrsn=13688665,2026-04-30T00:00:00+00:00,"{""permittype"": ""EP"", ""permit_type_desc"": ""Electrical Permit"", ""permit_number"": ""2026-047445 EP"", ""permit_class_mapped"": ""Residential"", ""permit_class"": ""Residential"", ""work_class"": ""Auxiliary Power"", ""condominium"": ""No"", ""permit_location"": ""5908 MOUNTAINCLIMB DR"", ""description"": ""Prewire for Solar"", ""tcad_id"": ""0135040909"", ""legal_description"": ""LOT 5 BLK A NORTHWEST HILLS SEC 4"", ""applieddate"": ""2026-04-17T00:00:00.000"", ""issue_date"": ""2026-04-30T00:00:00.000"", ""day_issued"": ""THURSDAY"", ""calendar_year_issued"": ""2026"", ""fiscal_year_issued"": ""2026"", ""issued_in_last_30_days"": ""Yes"", ""issue_method"": ""Permit Center"", ""status_current"": ""Final"", ""statusdate"": ""2026-04-30T00:00:00.000"", ""expiresdate"": ""2026-04-30T00:00:00.000"", ""completed_date"": ""2026-04-30T00:00:00.000"", ""number_of_floors"": ""1"", ""housing_units"": ""1"", ""electrical_valuation_remodel"": ""2200"", ""original_address1"": ""5908 MOUNTAINCLIMB DR"", ""original_city"": ""AUSTIN"", ""original_state"": ""TX"", ""original_zip"": ""78731"", ""council_district"": ""10"", ""jurisdiction"": ""AUSTIN FULL PURPOSE"", ""link"": {""url"": ""https://abc.austintexas.gov/web/permit/public-search-other?t_detail=1&t_selected_folderrsn=13688665""}, ""project_id"": ""13688665"", ""latitude"": ""30.34512619"", ""longitude"": ""-97.76494181"", ""location"": {""latitude"": ""30.34512619"", ""longitude"": ""-97.76494181"", ""human_address"": ""{\""address\"": \""\"", \""city\"": \""\"", \""state\"": \""\"", \""zip\"": \""\""}""}, ""contractor_trade"": ""Electrical Contractor"", ""contractor_company_name"": ""Horus Partners"", ""contractor_full_name"": ""Mark Pride"", ""contractor_phone"": ""5124765555"", ""contractor_address2"": ""2000 S 7th S"", ""contractor_city"": ""Austin"", ""contractor_zip"": ""78704"", ""certificate_of_occupancy"": ""No""}",2026-05-03T10:54:27.275855+00:00
2026-053189 PP,Sewer spot repair: Improper fittings allowing shifting and moving of pipe,2026-04-30T00:00:00+00:00,Repair,Plumbing Permit,,Salt Light & Electric,Active,6512 FAIR VALLEY TRL,78749,Residential,5122725000,https://abc.austintexas.gov/web/permit/public-search-other?t_detail=1&t_selected_folderrsn=13695285,2026-04-30T00:00:00+00:00,"{""permittype"": ""PP"", ""permit_type_desc"": ""Plumbing Permit"", ""permit_number"": ""2026-053189 PP"", ""permit_class_mapped"": ""Residential"", ""permit_class"": ""Residential"", ""work_class"": ""Repair"", ""condominium"": ""No"", ""permit_location"": ""6512 FAIR VALLEY TRL"", ""description"": ""Sewer spot repair: Improper fittings allowing shifting and moving of pipe"", ""tcad_id"": ""0410281110"", ""legal_description"": ""LOT 10 BLK J WESTCREEK PHS 3 SEC 2"", ""applieddate"": ""2026-04-29T00:00:00.000"", ""issue_date"": ""2026-04-30T00:00:00.000"", ""day_issued"": ""THURSDAY"", ""calendar_year_issued"": ""2026"", ""fiscal_year_issued"": ""2026"", ""issued_in_last_30_days"": ""Yes"", ""issue_method"": ""Permit Center"", ""status_current"": ""Active"", ""statusdate"": ""2026-04-30T00:00:00.000"", ""expiresdate"": ""2026-10-27T00:00:00.000"", ""remodel_repair_sqft"": ""2191"", ""number_of_floors"": ""0"", ""housing_units"": ""1"", ""original_address1"": ""6512 FAIR VALLEY TRL"", ""original_city"": ""AUSTIN"", ""original_state"": ""TX"", ""original_zip"": ""78749"", ""council_district"": ""8"", ""jurisdiction"": ""AUSTIN FULL PURPOSE"", ""link"": {""url"": ""https://abc.austintexas.gov/web/permit/public-search-other?t_detail=1&t_selected_folderrsn=13695285""}, ""project_id"": ""13695285"", ""latitude"": ""30.22693152"", ""longitude"": ""-97.84862502"", ""location"": {""latitude"": ""30.22693152"", ""longitude"": ""-97.84862502"", ""human_address"": ""{\""address\"": \""\"", \""city\"": \""\"", \""state\"": \""\"", \""zip\"": \""\""}""}, ""contractor_trade"": ""Plumbing Contractor"", ""contractor_company_name"": ""Salt Light & Electric"", ""contractor_full_name"": ""Brian Sylvester"", ""contractor_phone"": ""5122725000"", ""contractor_address2"": ""3804  BENT B"", ""contractor_city"": ""ROUND ROCK"", ""contractor_zip"": ""78664-____"", ""certificate_of_occupancy"": ""No""}",2026-05-03T10:54:27.275855+00:00
2026-041822 BP,"Interior alteration of an existing office space including a new demising wall to create separate suites 260 & 265 - (2) applications

Suite 265",2026-04-30T00:00:00+00:00,Remodel,Building Permit,,Maloba Builders and Services,Active,5000 PLAZA ON THE LAKE UNIT 265,78746,Commercial,5124961611,https://abc.austintexas.gov/web/permit/public-search-other?t_detail=1&t_selected_folderrsn=13682228,2026-04-30T00:00:00+00:00,"{""permittype"": ""BP"", ""permit_type_desc"": ""Building Permit"", ""permit_number"": ""2026-041822 BP"", ""permit_class_mapped"": ""Commercial"", ""permit_class"": ""C-1000 Commercial Remodel"", ""work_class"": ""Remodel"", ""condominium"": ""No"", ""permit_location"": ""5000 PLAZA ON THE LAKE UNIT 265"", ""description"": ""Interior alteration of an existing office space including a new demising wall to create separate suites 260 & 265 - (2) applications\n\nSuite 265"", ""tcad_id"": ""0135150328"", ""legal_description"": ""LOT 1 HERMOSA OFFICE PARK"", ""applieddate"": ""2026-03-27T00:00:00.000"", ""issue_date"": ""2026-04-30T00:00:00.000"", ""day_issued"": ""THURSDAY"", ""calendar_year_issued"": ""2026"", ""fiscal_year_issued"": ""2026"", ""issued_in_last_30_days"": ""Yes"", ""issue_method"": ""Permit Center"", ""status_current"": ""Active"", ""statusdate"": ""2026-04-30T00:00:00.000"", ""expiresdate"": ""2026-10-28T00:00:00.000"", ""remodel_repair_sqft"": ""1329"", ""total_valuation_remodel"": ""0"", ""number_of_floors"": ""3"", ""housing_units"": ""1"", ""building_valuation_remodel"": ""0"", ""electrical_valuation_remodel"": ""0"", ""mechanical_valuation_remodel"": ""0"", ""plumbing_valuation_remodel"": ""0"", ""medgas_valuation_remodel"": ""0"", ""original_address1"": ""5000 PLAZA ON THE LAKE UNIT 265"", ""original_city"": ""AUSTIN"", ""original_state"": ""TX"", ""original_zip"": ""78746"", ""council_district"": ""10"", ""jurisdiction"": ""AUSTIN FULL PURPOSE"", ""link"": {""url"": ""https://abc.austintexas.gov/web/permit/public-search-other?t_detail=1&t_selected_folderrsn=13682228""}, ""project_id"": ""13682228"", ""masterpermitnum"": ""13676959"", ""latitude"": ""30.34910559"", ""longitude"": ""-97.80157688"", ""location"": {""latitude"": ""30.34910559"", ""longitude"": ""-97.80157688"", ""human_address"": ""{\""address\"": \""\"", \""city\"": \""\"", \""state\"": \""\"", \""zip\"": \""\""}""}, ""contractor_trade"": ""General Contractor"", ""contractor_company_name"": ""Maloba Builders and Services"", ""contractor_full_name"": ""Bova Maloba"", ""contractor_phone"": ""5124961611"", ""contractor_address2"": ""2223  WATERL"", ""contractor_city"": ""AUSTIN"", ""contractor_zip"": ""78741"", ""applicant_full_name"": ""Bova Maloba"", ""applicant_org"": ""Maloba Builders and Services"", ""applicant_phone"": ""5124961611"", ""applicant_address2"": ""2223  WATERL"", ""applicant_city"": ""AUSTIN"", ""applicantzip"": ""78741"", ""certificate_of_occupancy"": ""Yes""}",2026-05-03T10:54:27.275855+00:00
2026-030094 MP,ePlan: Commercial Expedited Review - Interior Remodel to Existing Office Space Scope of work to Include Remodel of Open Office Spaces and support Spac,2026-04-30T00:00:00+00:00,Remodel,Mechanical Permit,,KILGORE MECHANICAL LLC,Active,712 E HUNTLAND DR,78752,Commercial,7139244900,https://abc.austintexas.gov/web/permit/public-search-other?t_detail=1&t_selected_folderrsn=13668882,2026-04-30T00:00:00+00:00,"{""permittype"": ""MP"", ""permit_type_desc"": ""Mechanical Permit"", ""permit_number"": ""2026-030094 MP"", ""permit_class_mapped"": ""Commercial"", ""permit_class"": ""C-1000 Commercial Remodel"", ""work_class"": ""Remodel"", ""condominium"": ""No"", ""permit_location"": ""712 E HUNTLAND DR"", ""description"": ""ePlan: Commercial Expedited Review - Interior Remodel to Existing Office Space Scope of work to Include Remodel of Open Office Spaces and support Spac"", ""tcad_id"": ""0230130105"", ""legal_description"": ""5.8210 AC OF LOT 3A-3B FIVE POINT NINE TWO LTD SUBD (PRORATE 01/01/2024 - 08/15/2024)"", ""applieddate"": ""2025-12-05T00:00:00.000"", ""issue_date"": ""2026-04-30T00:00:00.000"", ""day_issued"": ""THURSDAY"", ""calendar_year_issued"": ""2026"", ""fiscal_year_issued"": ""2026"", ""issued_in_last_30_days"": ""Yes"", ""issue_method"": ""Permit Center"", ""status_current"": ""Active"", ""statusdate"": ""2026-04-30T00:00:00.000"", ""expiresdate"": ""2026-09-13T00:00:00.000"", ""remodel_repair_sqft"": ""24852"", ""number_of_floors"": ""4"", ""housing_units"": ""1"", ""original_address1"": ""712 E HUNTLAND DR"", ""original_city"": ""AUSTIN"", ""original_state"": ""TX"", ""original_zip"": ""78752"", ""council_district"": ""4"", ""jurisdiction"": ""AUSTIN FULL PURPOSE"", ""link"": {""url"": ""https://abc.austintexas.gov/web/permit/public-search-other?t_detail=1&t_selected_folderrsn=13668882""}, ""project_id"": ""13668882"", ""masterpermitnum"": ""13668837"", ""latitude"": ""30.33071542"", ""longitude"": ""-97.70634623"", ""location"": {""latitude"": ""30.33071542"", ""longitude"": ""-97.70634623"", ""human_address"": ""{\""address\"": \""\"", \""city\"": \""\"", \""state\"": \""\"", \""zip\"": \""\""}""}, ""contractor_trade"": ""Mechanical Contractor"", ""contractor_company_name"": ""KILGORE MECHANICAL LLC"", ""contractor_full_name"": ""Jeffery Scott Kilgore"", ""contractor_phone"": ""7139244900"", ""contractor_address2"": ""10050  Houst"", ""contractor_city"": ""Houston"", ""contractor_zip"": ""77064"", ""certificate_of_occupancy"": ""No""}",2026-05-03T10:54:27.275855+00:00
2026-051397 PP,Sewer line replacement from home to the city tap connection total length 25 feet .,2026-04-30T00:00:00+00:00,Repair,Plumbing Permit,,Calixto Plumbing,Active,5101 AVENUE F,78751,Residential,5129453143,https://abc.austintexas.gov/web/permit/public-search-other?t_detail=1&t_selected_folderrsn=13693341,2026-04-30T00:00:00+00:00,"{""permittype"": ""PP"", ""permit_type_desc"": ""Plumbing Permit"", ""permit_number"": ""2026-051397 PP"", ""permit_class_mapped"": ""Residential"", ""permit_class"": ""Residential"", ""work_class"": ""Repair"", ""condominium"": ""No"", ""permit_location"": ""5101 AVENUE F"", ""description"": ""Sewer line replacement from home to the city tap connection total length 25 feet ."", ""tcad_id"": ""0223090301"", ""legal_description"": ""LOT 31-32 BLK 49 HIGHLANDS THE"", ""applieddate"": ""2026-04-25T00:00:00.000"", ""issue_date"": ""2026-04-30T00:00:00.000"", ""day_issued"": ""THURSDAY"", ""calendar_year_issued"": ""2026"", ""fiscal_year_issued"": ""2026"", ""issued_in_last_30_days"": ""Yes"", ""issue_method"": ""Permit Center"", ""status_current"": ""Active"", ""statusdate"": ""2026-04-30T00:00:00.000"", ""expiresdate"": ""2026-10-27T00:00:00.000"", ""remodel_repair_sqft"": ""1"", ""number_of_floors"": ""0"", ""housing_units"": ""1"", ""original_address1"": ""5101 AVENUE F"", ""original_city"": ""AUSTIN"", ""original_state"": ""TX"", ""original_zip"": ""78751"", ""council_district"": ""9"", ""jurisdiction"": ""AUSTIN FULL PURPOSE"", ""link"": {""url"": ""https://abc.austintexas.gov/web/permit/public-search-other?t_detail=1&t_selected_folderrsn=13693341""}, ""project_id"": ""13693341"", ""latitude"": ""30.3155785"", ""longitude"": ""-97.72228548"", ""location"": {""latitude"": ""30.3155785"", ""longitude"": ""-97.72228548"", ""human_address"": ""{\""address\"": \""\"", \""city\"": \""\"", \""state\"": \""\"", \""zip\"": \""\""}""}, ""contractor_trade"": ""Plumbing Contractor"", ""contractor_company_name"": ""Calixto Plumbing"", ""contractor_full_name"": ""Omar Cordoba"", ""contractor_phone"": ""5129453143"", ""contractor_address2"": ""8410  GEORGI"", ""contractor_city"": ""AUSTIN"", ""contractor_zip"": ""78753-____"", ""certificate_of_occupancy"": ""No""}",2026-05-03T10:54:27.275855+00:00
2026-052090 PP,New Service for SFR in ETJ. 2302 sq ft.,2026-04-30T00:00:00+00:00,New,Plumbing Permit,,Victory Plumbing Company,Active,13122 RANAHAN RD,78610,Residential,5129907200,https://abc.austintexas.gov/web/permit/public-search-other?t_detail=1&t_selected_folderrsn=13694074,2026-04-30T00:00:00+00:00,"{""permittype"": ""PP"", ""permit_type_desc"": ""Plumbing Permit"", ""permit_number"": ""2026-052090 PP"", ""permit_class_mapped"": ""Residential"", ""permit_class"": ""Residential"", ""work_class"": ""New"", ""condominium"": ""No"", ""permit_location"": ""13122 RANAHAN RD"", ""description"": ""New Service for SFR in ETJ. 2302 sq ft."", ""tcad_id"": ""0464080104"", ""legal_description"": ""ABS 159 SUR 7 CORBIN W P 212.0789 AC (1-D-1)"", ""applieddate"": ""2026-04-27T00:00:00.000"", ""issue_date"": ""2026-04-30T00:00:00.000"", ""day_issued"": ""THURSDAY"", ""calendar_year_issued"": ""2026"", ""fiscal_year_issued"": ""2026"", ""issued_in_last_30_days"": ""Yes"", ""issue_method"": ""Permit Center"", ""status_current"": ""Active"", ""statusdate"": ""2026-04-30T00:00:00.000"", ""expiresdate"": ""2026-10-27T00:00:00.000"", ""total_new_add_sqft"": ""2302"", ""number_of_floors"": ""1"", ""housing_units"": ""1"", ""original_address1"": ""13122 RANAHAN RD"", ""original_city"": ""BUDA"", ""original_state"": ""TX"", ""original_zip"": ""78610"", ""jurisdiction"": ""AUSTIN 2 MILE ETJ"", ""link"": {""url"": ""https://abc.austintexas.gov/web/permit/public-search-other?t_detail=1&t_selected_folderrsn=13694074""}, ""project_id"": ""13694074"", ""contractor_trade"": ""Plumbing Contractor"", ""contractor_company_name"": ""Victory Plumbing Company"", ""contractor_full_name"": ""Randolph Taylor"", ""contractor_phone"": ""5129907200"", ""contractor_address2"": ""1175  Countr"", ""contractor_city"": ""HUTTO"", ""contractor_zip"": ""78634"", ""certificate_of_occupancy"": ""No""}",2026-05-03T10:54:27.275855+00:00
2022-132340 MP,ePlan: Expedited Review - Finish Out of  Level 6 of a 6-Story Mixed Use Multi-Family Bldgs. (18325 SF),2026-04-30T00:00:00+00:00,Remodel,Mechanical Permit,,"Truform Metalservice, Inc.",Active,301 PRESSLER ST,78703,Commercial,5122581675,https://abc.austintexas.gov/web/permit/public-search-other?t_detail=1&t_selected_folderrsn=13009088,2026-04-30T00:00:00+00:00,"{""permittype"": ""MP"", ""permit_type_desc"": ""Mechanical Permit"", ""permit_number"": ""2022-132340 MP"", ""permit_class_mapped"": ""Commercial"", ""permit_class"": ""C-1001 Commercial Finish Out"", ""work_class"": ""Remodel"", ""condominium"": ""No"", ""permit_location"": ""301 PRESSLER ST"", ""description"": ""ePlan: Expedited Review - Finish Out of  Level 6 of a 6-Story Mixed Use Multi-Family Bldgs. (18325 SF)"", ""tcad_id"": ""0107030201"", ""legal_description"": ""1.0960AC OF OLT 1 DIVISION Z"", ""applieddate"": ""2022-06-01T00:00:00.000"", ""issue_date"": ""2026-04-30T00:00:00.000"", ""day_issued"": ""THURSDAY"", ""calendar_year_issued"": ""2026"", ""fiscal_year_issued"": ""2026"", ""issued_in_last_30_days"": ""Yes"", ""issue_method"": ""Permit Center"", ""status_current"": ""Active"", ""statusdate"": ""2026-04-30T00:00:00.000"", ""expiresdate"": ""2026-10-27T00:00:00.000"", ""remodel_repair_sqft"": ""18325"", ""number_of_floors"": ""1"", ""housing_units"": ""18"", ""original_address1"": ""301 PRESSLER ST"", ""original_city"": ""AUSTIN"", ""original_state"": ""TX"", ""original_zip"": ""78703"", ""council_district"": ""9"", ""jurisdiction"": ""AUSTIN FULL PURPOSE"", ""link"": {""url"": ""https://abc.austintexas.gov/web/permit/public-search-other?t_detail=1&t_selected_folderrsn=13009088""}, ""project_id"": ""13009088"", ""masterpermitnum"": ""13008507"", ""latitude"": ""30.27135577"", ""longitude"": ""-97.76091259"", ""location"": {""latitude"": ""30.27135577"", ""longitude"": ""-97.76091259"", ""human_address"": ""{\""address\"": \""\"", \""city\"": \""\"", \""state\"": \""\"", \""zip\"": \""\""}""}, ""contractor_trade"": ""Mechanical Contractor"", ""contractor_company_name"": ""Truform Metalservice, Inc."", ""contractor_full_name"": ""Steven Allen Lane"", ""contractor_phone"": ""5122581675"", ""contractor_address1"": ""P. O. BOX 20"", ""contractor_address2"": ""AUSTIN TX  7"", ""contractor_city"": ""Austin"", ""contractor_zip"": ""78729"", ""certificate_of_occupancy"": ""No""}",2026-05-03T10:54:27.275855+00:00
2026-034054 PP,Addition /remodel of a single-story residence with attached garage. Addition on the rear will enlarge the living area add bathrooms enlarge a bedroom,2026-04-30T00:00:00+00:00,Addition and Remodel,Plumbing Permit,,Touchstone Plumbing Inc.,Active,3705 EDGEMONT DR,78731,Residential,5123954299,https://abc.austintexas.gov/web/permit/public-search-other?t_detail=1&t_selected_folderrsn=13673488,2026-05-01T00:00:00+00:00,"{""permittype"": ""PP"", ""permit_type_desc"": ""Plumbing Permit"", ""permit_number"": ""2026-034054 PP"", ""permit_class_mapped"": ""Residential"", ""permit_class"": ""R- 434 Addition & Alterations"", ""work_class"": ""Addition and Remodel"", ""condominium"": ""No"", ""permit_location"": ""3705 EDGEMONT DR"", ""description"": ""Addition /remodel of a single-story residence with attached garage. Addition on the rear will enlarge the living area add bathrooms enlarge a bedroom"", ""tcad_id"": ""0125050303"", ""legal_description"": ""LOT 3 BLK B BALCONES PARK EDGEMONT SEC"", ""applieddate"": ""2026-01-05T00:00:00.000"", ""issue_date"": ""2026-04-30T00:00:00.000"", ""day_issued"": ""THURSDAY"", ""calendar_year_issued"": ""2026"", ""fiscal_year_issued"": ""2026"", ""issued_in_last_30_days"": ""Yes"", ""issue_method"": ""Permit Center"", ""status_current"": ""Active"", ""statusdate"": ""2026-05-01T00:00:00.000"", ""expiresdate"": ""2026-10-28T00:00:00.000"", ""total_existing_bldg_sqft"": ""2896"", ""remodel_repair_sqft"": ""2428"", ""total_new_add_sqft"": ""1730"", ""number_of_floors"": ""1"", ""housing_units"": ""1"", ""original_address1"": ""3705 EDGEMONT DR"", ""original_city"": ""AUSTIN"", ""original_state"": ""TX"", ""original_zip"": ""78731"", ""council_district"": ""10"", ""jurisdiction"": ""AUSTIN FULL PURPOSE"", ""link"": {""url"": ""https://abc.austintexas.gov/web/permit/public-search-other?t_detail=1&t_selected_folderrsn=13673488""}, ""project_id"": ""13673488"", ""masterpermitnum"": ""13673427"", ""latitude"": ""30.31831311"", ""longitude"": ""-97.76837233"", ""location"": {""latitude"": ""30.31831311"", ""longitude"": ""-97.76837233"", ""human_address"": ""{\""address\"": \""\"", \""city\"": \""\"", \""state\"": \""\"", \""zip\"": \""\""}""}, ""contractor_trade"": ""Plumbing Contractor"", ""contractor_company_name"": ""Touchstone Plumbing Inc."", ""contractor_full_name"": ""John Touchstone"", ""contractor_phone"": ""5123954299"", ""contractor_address2"": ""911  MATTHEW"", ""contractor_city"": ""AUSTIN"", ""contractor_zip"": ""78745-____"", ""certificate_of_occupancy"": ""No""}",2026-05-03T10:54:27.275855+00:00
2026-053161 EP,Electrical meter loop upgrade from 125A to 200A 120/240V,2026-04-30T00:00:00+00:00,Upgrade,Electrical Permit,,Jaime Vega Electric LLC,Active,2309 DOVEHILL DR,78744,Residential,2108753495,https://abc.austintexas.gov/web/permit/public-search-other?t_detail=1&t_selected_folderrsn=13695254,2026-05-01T00:00:00+00:00,"{""permittype"": ""EP"", ""permit_type_desc"": ""Electrical Permit"", ""permit_number"": ""2026-053161 EP"", ""permit_class_mapped"": ""Residential"", ""permit_class"": ""Residential"", ""work_class"": ""Upgrade"", ""condominium"": ""No"", ""permit_location"": ""2309 DOVEHILL DR"", ""description"": ""Electrical meter loop upgrade from 125A to 200A 120/240V"", ""tcad_id"": ""0421020413"", ""legal_description"": ""LOT 12 BLK F WAGON CROSSING SEC 4"", ""applieddate"": ""2026-04-29T00:00:00.000"", ""issue_date"": ""2026-04-30T00:00:00.000"", ""day_issued"": ""THURSDAY"", ""calendar_year_issued"": ""2026"", ""fiscal_year_issued"": ""2026"", ""issued_in_last_30_days"": ""Yes"", ""issue_method"": ""Permit Center"", ""status_current"": ""Active"", ""statusdate"": ""2026-05-01T00:00:00.000"", ""expiresdate"": ""2026-10-27T00:00:00.000"", ""remodel_repair_sqft"": ""0"", ""number_of_floors"": ""1"", ""housing_units"": ""1"", ""electrical_valuation_remodel"": ""3000"", ""original_address1"": ""2309 DOVEHILL DR"", ""original_city"": ""AUSTIN"", ""original_state"": ""TX"", ""original_zip"": ""78744"", ""council_district"": ""2"", ""jurisdiction"": ""AUSTIN FULL PURPOSE"", ""link"": {""url"": ""https://abc.austintexas.gov/web/permit/public-search-other?t_detail=1&t_selected_folderrsn=13695254""}, ""project_id"": ""13695254"", ""latitude"": ""30.1910077"", ""longitude"": ""-97.75611197"", ""location"": {""latitude"": ""30.1910077"", ""longitude"": ""-97.75611197"", ""human_address"": ""{\""address\"": \""\"", \""city\"": \""\"", \""state\"": \""\"", \""zip\"": \""\""}""}, ""contractor_trade"": ""Electrical Contractor"", ""contractor_company_name"": ""Jaime Vega Electric LLC"", ""contractor_full_name"": ""Mario Rosas"", ""contractor_phone"": ""2108753495"", ""contractor_address1"": ""P.O. BOX 830"", ""contractor_city"": ""SAN ANTONIO"", ""contractor_zip"": ""78283"", ""certificate_of_occupancy"": ""No""}",2026-05-03T10:54:27.275855+00:00
2026-048565 BP,Interior remodel to a single-family residence. Exterior patio cover permitted (1996-011143 BP) will be removed. The patio cover was constructed and th,2026-04-30T00:00:00+00:00,Addition and Remodel,Building Permit,1.0,Casa Bella Properties LLC,Active,6507 BRANCHWOOD DR,78744,Residential,4694505795,https://abc.austintexas.gov/web/permit/public-search-other?t_detail=1&t_selected_folderrsn=13689964,2026-04-30T00:00:00+00:00,"{""permittype"": ""BP"", ""permit_type_desc"": ""Building Permit"", ""permit_number"": ""2026-048565 BP"", ""permit_class_mapped"": ""Residential"", ""permit_class"": ""R- 434 Addition & Alterations"", ""work_class"": ""Addition and Remodel"", ""condominium"": ""No"", ""permit_location"": ""6507 BRANCHWOOD DR"", ""description"": ""Interior remodel to a single-family residence. Exterior patio cover permitted (1996-011143 BP) will be removed. The patio cover was constructed and th"", ""tcad_id"": ""0424030825"", ""legal_description"": ""LOT 43A *RESUB OF LTS 43-50 BLK A INDIAN HILLS SEC 3"", ""applieddate"": ""2026-01-14T00:00:00.000"", ""issue_date"": ""2026-04-30T00:00:00.000"", ""day_issued"": ""THURSDAY"", ""calendar_year_issued"": ""2026"", ""fiscal_year_issued"": ""2026"", ""issued_in_last_30_days"": ""Yes"", ""issue_method"": ""Permit Center"", ""status_current"": ""Active"", ""statusdate"": ""2026-04-30T00:00:00.000"", ""expiresdate"": ""2026-10-28T00:00:00.000"", ""remodel_repair_sqft"": ""1032"", ""total_new_add_sqft"": ""0"", ""total_valuation_remodel"": ""0"", ""total_job_valuation"": ""1"", ""number_of_floors"": ""1"", ""housing_units"": ""1"", ""building_valuation_remodel"": ""0"", ""electrical_valuation_remodel"": ""0"", ""mechanical_valuation_remodel"": ""0"", ""plumbing_valuation_remodel"": ""0"", ""original_address1"": ""6507 BRANCHWOOD DR"", ""original_city"": ""AUSTIN"", ""original_state"": ""TX"", ""original_zip"": ""78744"", ""council_district"": ""2"", ""jurisdiction"": ""AUSTIN FULL PURPOSE"", ""link"": {""url"": ""https://abc.austintexas.gov/web/permit/public-search-other?t_detail=1&t_selected_folderrsn=13689964""}, ""project_id"": ""13689964"", ""masterpermitnum"": ""13640514"", ""latitude"": ""30.18440828"", ""longitude"": ""-97.75686099"", ""location"": {""latitude"": ""30.18440828"", ""longitude"": ""-97.75686099"", ""human_address"": ""{\""address\"": \""\"", \""city\"": \""\"", \""state\"": \""\"", \""zip\"": \""\""}""}, ""contractor_trade"": ""General Contractor"", ""contractor_company_name"": ""Casa Bella Properties LLC"", ""contractor_full_name"": ""Chad Vogel"", ""contractor_phone"": ""4694505795"", ""contractor_address2"": ""1408 N RIVER"", ""contractor_city"": ""DALLAS"", ""contractor_zip"": ""75207-____"", ""applicant_full_name"": ""Chad Vogel"", ""applicant_org"": ""Casa Bella Properties LLC"", ""applicant_phone"": ""4694505795"", ""applicant_address2"": ""1408 N RIVER"", ""applicant_city"": ""DALLAS"", ""applicantzip"": ""75207-____"", ""certificate_of_occupancy"": ""No"", ""total_lot_sq_ft"": ""0""}",2026-05-03T10:54:27.275855+00:00
2026-010666 EP,ePlan: Residential Expedited Review - New Autofill/Heated pool with Spa,2026-04-30T00:00:00+00:00,New,Electrical Permit,,Bethea Electric,Active,1506 ALGUNO RD,78757,Residential,5127879726,https://abc.austintexas.gov/web/permit/public-search-other?t_detail=1&t_selected_folderrsn=13646889,2026-05-01T00:00:00+00:00,"{""permittype"": ""EP"", ""permit_type_desc"": ""Electrical Permit"", ""permit_number"": ""2026-010666 EP"", ""permit_class_mapped"": ""Residential"", ""permit_class"": ""R- 329 Res Structures Other Than Bldg"", ""work_class"": ""New"", ""condominium"": ""No"", ""permit_location"": ""1506 ALGUNO RD"", ""description"": ""ePlan: Residential Expedited Review - New Autofill/Heated pool with Spa"", ""tcad_id"": ""0231051425"", ""legal_description"": ""LOT 20 BLK T VIOLET CROWN HEIGHTS SEC 2 RESUB"", ""applieddate"": ""2025-09-10T00:00:00.000"", ""issue_date"": ""2026-04-30T00:00:00.000"", ""day_issued"": ""THURSDAY"", ""calendar_year_issued"": ""2026"", ""fiscal_year_issued"": ""2026"", ""issued_in_last_30_days"": ""Yes"", ""issue_method"": ""Permit Center"", ""status_current"": ""Active"", ""statusdate"": ""2026-05-01T00:00:00.000"", ""expiresdate"": ""2026-10-25T00:00:00.000"", ""total_new_add_sqft"": ""279"", ""number_of_floors"": ""0"", ""housing_units"": ""0"", ""original_address1"": ""1506 ALGUNO RD"", ""original_city"": ""AUSTIN"", ""original_state"": ""TX"", ""original_zip"": ""78757"", ""council_district"": ""7"", ""jurisdiction"": ""AUSTIN FULL PURPOSE"", ""link"": {""url"": ""https://abc.austintexas.gov/web/permit/public-search-other?t_detail=1&t_selected_folderrsn=13646889""}, ""project_id"": ""13646889"", ""masterpermitnum"": ""13646877"", ""latitude"": ""30.33363769"", ""longitude"": ""-97.73272291"", ""location"": {""latitude"": ""30.33363769"", ""longitude"": ""-97.73272291"", ""human_address"": ""{\""address\"": \""\"", \""city\"": \""\"", \""state\"": \""\"", \""zip\"": \""\""}""}, ""contractor_trade"": ""Electrical Contractor"", ""contractor_company_name"": ""Bethea Electric"", ""contractor_full_name"": ""Robert P Bethea"", ""contractor_phone"": ""5127879726"", ""contractor_address2"": ""715  ELM CRE"", ""contractor_city"": ""NEW BRAUNFEL"", ""contractor_zip"": ""78132"", ""certificate_of_occupancy"": ""No""}",2026-05-03T10:54:27.275855+00:00
2026-045518 PP,New 1 story single family residential with 3 bedrooms 2.5 bathrooms attached 2 car garage with covered patio and porch,2026-04-30T00:00:00+00:00,New,Plumbing Permit,,Victory Plumbing Company,Active,9625 GOLDEN LION DR,78744,Residential,5129907200,https://abc.austintexas.gov/web/permit/public-search-other?t_detail=1&t_selected_folderrsn=13686405,2026-04-30T00:00:00+00:00,"{""permittype"": ""PP"", ""permit_type_desc"": ""Plumbing Permit"", ""permit_number"": ""2026-045518 PP"", ""permit_class_mapped"": ""Residential"", ""permit_class"": ""R- 101 Single Family Houses"", ""work_class"": ""New"", ""condominium"": ""No"", ""permit_location"": ""9625 GOLDEN LION DR"", ""description"": ""New 1 story single family residential with 3 bedrooms 2.5 bathrooms attached 2 car garage with covered patio and porch"", ""tcad_id"": ""0340150908"", ""legal_description"": ""PROSPECT PARK PHS 1 BLK Q LOT 8"", ""applieddate"": ""2026-03-25T00:00:00.000"", ""issue_date"": ""2026-04-30T00:00:00.000"", ""day_issued"": ""THURSDAY"", ""calendar_year_issued"": ""2026"", ""fiscal_year_issued"": ""2026"", ""issued_in_last_30_days"": ""Yes"", ""issue_method"": ""Permit Center"", ""status_current"": ""Active"", ""statusdate"": ""2026-04-30T00:00:00.000"", ""expiresdate"": ""2026-10-13T00:00:00.000"", ""total_new_add_sqft"": ""3058"", ""number_of_floors"": ""1"", ""housing_units"": ""1"", ""original_address1"": ""9625 GOLDEN LION DR"", ""original_city"": ""AUSTIN"", ""original_state"": ""TX"", ""original_zip"": ""78744"", ""council_district"": ""2"", ""jurisdiction"": ""AUSTIN LTD"", ""link"": {""url"": ""https://abc.austintexas.gov/web/permit/public-search-other?t_detail=1&t_selected_folderrsn=13686405""}, ""project_id"": ""13686405"", ""masterpermitnum"": ""13686402"", ""contractor_trade"": ""Plumbing Contractor"", ""contractor_company_name"": ""Victory Plumbing Company"", ""contractor_full_name"": ""Randolph Taylor"", ""contractor_phone"": ""5129907200"", ""contractor_address2"": ""1175  Countr"", ""contractor_city"": ""HUTTO"", ""contractor_zip"": ""78634"", ""certificate_of_occupancy"": ""No""}",2026-05-03T10:54:27.275855+00:00
2026-030093 EP,ePlan: Commercial Expedited Review- Interior Remodel to Existing Office Work to Included Remodel of Open Office Spaces and support Spaces - 2nd Floor,2026-04-30T00:00:00+00:00,Remodel,Electrical Permit,,Exceed Electrical Contracting LLC,Active,712 E HUNTLAND DR,78752,Commercial,3037203678,https://abc.austintexas.gov/web/permit/public-search-other?t_detail=1&t_selected_folderrsn=13668873,2026-04-30T00:00:00+00:00,"{""permittype"": ""EP"", ""permit_type_desc"": ""Electrical Permit"", ""permit_number"": ""2026-030093 EP"", ""permit_class_mapped"": ""Commercial"", ""permit_class"": ""C-1000 Commercial Remodel"", ""work_class"": ""Remodel"", ""condominium"": ""No"", ""permit_location"": ""712 E HUNTLAND DR"", ""description"": ""ePlan: Commercial Expedited Review- Interior Remodel to Existing Office Work to Included Remodel of Open Office Spaces and support Spaces - 2nd Floor"", ""tcad_id"": ""0230130105"", ""legal_description"": ""5.8210 AC OF LOT 3A-3B FIVE POINT NINE TWO LTD SUBD (PRORATE 01/01/2024 - 08/15/2024)"", ""applieddate"": ""2025-12-05T00:00:00.000"", ""issue_date"": ""2026-04-30T00:00:00.000"", ""day_issued"": ""THURSDAY"", ""calendar_year_issued"": ""2026"", ""fiscal_year_issued"": ""2026"", ""issued_in_last_30_days"": ""Yes"", ""issue_method"": ""Permit Center"", ""status_current"": ""Active"", ""statusdate"": ""2026-04-30T00:00:00.000"", ""expiresdate"": ""2026-09-13T00:00:00.000"", ""remodel_repair_sqft"": ""24852"", ""number_of_floors"": ""4"", ""housing_units"": ""1"", ""electrical_valuation_remodel"": ""1"", ""original_address1"": ""712 E HUNTLAND DR"", ""original_city"": ""AUSTIN"", ""original_state"": ""TX"", ""original_zip"": ""78752"", ""council_district"": ""4"", ""jurisdiction"": ""AUSTIN FULL PURPOSE"", ""link"": {""url"": ""https://abc.austintexas.gov/web/permit/public-search-other?t_detail=1&t_selected_folderrsn=13668873""}, ""project_id"": ""13668873"", ""masterpermitnum"": ""13668836"", ""latitude"": ""30.33071542"", ""longitude"": ""-97.70634623"", ""location"": {""latitude"": ""30.33071542"", ""longitude"": ""-97.70634623"", ""human_address"": ""{\""address\"": \""\"", \""city\"": \""\"", \""state\"": \""\"", \""zip\"": \""\""}""}, ""contractor_trade"": ""Electrical Contractor"", ""contractor_company_name"": ""Exceed Electrical Contracting LLC"", ""contractor_full_name"": ""Aaron Nunez"", ""contractor_phone"": ""3037203678"", ""contractor_address2"": ""7827  W 108t"", ""contractor_city"": ""Westiminster"", ""contractor_zip"": ""80021-____"", ""certificate_of_occupancy"": ""No""}",2026-05-03T10:54:27.275855+00:00
2026-051208 MP,Replacement of complete existing central heat and air system with or without duct work,2026-04-30T00:00:00+00:00,Change Out,Mechanical Permit,,Quality Living Services,Active,2109 CLIFTON ST,78704,Residential,5129284580,https://abc.austintexas.gov/web/permit/public-search-other?t_detail=1&t_selected_folderrsn=13693132,2026-04-30T00:00:00+00:00,"{""permittype"": ""MP"", ""permit_type_desc"": ""Mechanical Permit"", ""permit_number"": ""2026-051208 MP"", ""permit_class_mapped"": ""Residential"", ""permit_class"": ""Residential"", ""work_class"": ""Change Out"", ""permit_location"": ""2109 CLIFTON ST"", ""description"": ""Replacement of complete existing central heat and air system with or without duct work"", ""tcad_id"": ""0303000223"", ""legal_description"": ""LOT 7 PLEASANT VIEW ADDN"", ""applieddate"": ""2026-04-24T00:00:00.000"", ""issue_date"": ""2026-04-30T00:00:00.000"", ""day_issued"": ""THURSDAY"", ""calendar_year_issued"": ""2026"", ""fiscal_year_issued"": ""2026"", ""issued_in_last_30_days"": ""Yes"", ""issue_method"": ""Permit Center"", ""status_current"": ""Active"", ""statusdate"": ""2026-04-30T00:00:00.000"", ""expiresdate"": ""2026-10-27T00:00:00.000"", ""original_address1"": ""2109 CLIFTON ST"", ""original_city"": ""AUSTIN"", ""original_state"": ""TX"", ""original_zip"": ""78704"", ""council_district"": ""9"", ""jurisdiction"": ""AUSTIN FULL PURPOSE"", ""link"": {""url"": ""https://abc.austintexas.gov/web/permit/public-search-other?t_detail=1&t_selected_folderrsn=13693132""}, ""project_id"": ""13693132"", ""latitude"": ""30.24132783"", ""longitude"": ""-97.74902926"", ""location"": {""latitude"": ""30.24132783"", ""longitude"": ""-97.74902926"", ""human_address"": ""{\""address\"": \""\"", \""city\"": \""\"", \""state\"": \""\"", \""zip\"": \""\""}""}, ""contractor_trade"": ""Mechanical Contractor"", ""contractor_company_name"": ""Quality Living Services"", ""contractor_full_name"": ""Kevin Walters"", ""contractor_phone"": ""5129284580"", ""contractor_address1"": ""P.O. BOX 141"", ""contractor_address2"": ""AUSTIN TX  7"", ""contractor_city"": ""Austin"", ""contractor_zip"": ""78714""}",2026-05-03T10:54:27.275855+00:00
2026-046992 BP,Replacement of roof.,2026-04-30T00:00:00+00:00,Remodel,Building Permit,,"Foundation Specialists, Inc",Active,8527 N CAPITAL OF TEXAS HWY NB BLDG 8507,78759,Commercial,7137695994,https://abc.austintexas.gov/web/permit/public-search-other?t_detail=1&t_selected_folderrsn=13688131,2026-04-30T00:00:00+00:00,"{""permittype"": ""BP"", ""permit_type_desc"": ""Building Permit"", ""permit_number"": ""2026-046992 BP"", ""permit_class_mapped"": ""Commercial"", ""permit_class"": ""C-1000 Commercial Remodel"", ""work_class"": ""Remodel"", ""condominium"": ""No"", ""permit_location"": ""8527 N CAPITAL OF TEXAS HWY NB BLDG 8507"", ""description"": ""Replacement of roof."", ""tcad_id"": ""0150050125"", ""legal_description"": ""LOT 1 SPICE FOREST"", ""applieddate"": ""2026-04-16T00:00:00.000"", ""issue_date"": ""2026-04-30T00:00:00.000"", ""day_issued"": ""THURSDAY"", ""calendar_year_issued"": ""2026"", ""fiscal_year_issued"": ""2026"", ""issued_in_last_30_days"": ""Yes"", ""issue_method"": ""Permit Center"", ""status_current"": ""Active"", ""statusdate"": ""2026-04-30T00:00:00.000"", ""expiresdate"": ""2026-10-28T00:00:00.000"", ""remodel_repair_sqft"": ""4616"", ""total_valuation_remodel"": ""0"", ""number_of_floors"": ""1"", ""housing_units"": ""1"", ""building_valuation_remodel"": ""0"", ""electrical_valuation_remodel"": ""0"", ""mechanical_valuation_remodel"": ""0"", ""plumbing_valuation_remodel"": ""0"", ""medgas_valuation_remodel"": ""0"", ""original_address1"": ""8527 N CAPITAL OF TEXAS HWY NB BLDG 8507"", ""original_city"": ""AUSTIN"", ""original_state"": ""TX"", ""original_zip"": ""78759"", ""council_district"": ""10"", ""jurisdiction"": ""AUSTIN FULL PURPOSE"", ""link"": {""url"": ""https://abc.austintexas.gov/web/permit/public-search-other?t_detail=1&t_selected_folderrsn=13688131""}, ""project_id"": ""13688131"", ""masterpermitnum"": ""13688103"", ""latitude"": ""30.38609729"", ""longitude"": ""-97.76435808"", ""location"": {""latitude"": ""30.38609729"", ""longitude"": ""-97.76435808"", ""human_address"": ""{\""address\"": \""\"", \""city\"": \""\"", \""state\"": \""\"", \""zip\"": \""\""}""}, ""contractor_trade"": ""General Contractor"", ""contractor_company_name"": ""Foundation Specialists, Inc"", ""contractor_full_name"": ""Amber Whitaker"", ""contractor_phone"": ""7137695994"", ""contractor_address2"": ""4224 W Sam H"", ""contractor_city"": ""Houston"", ""contractor_zip"": ""77041-____"", ""applicant_full_name"": ""Amber Whitaker"", ""applicant_org"": ""Foundation Specialists, Inc"", ""applicant_phone"": ""7137695994"", ""applicant_address2"": ""4224 W Sam H"", ""applicant_city"": ""Houston"", ""applicantzip"": ""77041-____"", ""certificate_of_occupancy"": ""No""}",2026-05-03T10:54:27.275855+00:00
2026-052541 EP,"**REQUEST TO DISCONNECT** 
We will conduct a service upgrade from a 150amp meter can to a 200amp meter can as there is a 200 amp main panel currently",2026-04-30T00:00:00+00:00,Upgrade,Electrical Permit,,"TenX Electric, LLC",Active,6201 HIGHLAND HILLS DR,78731,Residential,5129021825,https://abc.austintexas.gov/web/permit/public-search-other?t_detail=1&t_selected_folderrsn=13694590,2026-05-01T00:00:00+00:00,"{""permittype"": ""EP"", ""permit_type_desc"": ""Electrical Permit"", ""permit_number"": ""2026-052541 EP"", ""permit_class_mapped"": ""Residential"", ""permit_class"": ""Residential"", ""work_class"": ""Upgrade"", ""condominium"": ""No"", ""permit_location"": ""6201 HIGHLAND HILLS DR"", ""description"": ""**REQUEST TO DISCONNECT** \nWe will conduct a service upgrade from a 150amp meter can to a 200amp meter can as there is a 200 amp main panel currently"", ""tcad_id"": ""0136031125"", ""legal_description"": ""LOT 7 HIGHLAND HILLS SEC 9 PHS 2"", ""applieddate"": ""2026-04-28T00:00:00.000"", ""issue_date"": ""2026-04-30T00:00:00.000"", ""day_issued"": ""THURSDAY"", ""calendar_year_issued"": ""2026"", ""fiscal_year_issued"": ""2026"", ""issued_in_last_30_days"": ""Yes"", ""issue_method"": ""Permit Center"", ""status_current"": ""Active"", ""statusdate"": ""2026-05-01T00:00:00.000"", ""expiresdate"": ""2026-10-27T00:00:00.000"", ""remodel_repair_sqft"": ""0"", ""number_of_floors"": ""1"", ""housing_units"": ""1"", ""electrical_valuation_remodel"": ""5000"", ""original_address1"": ""6201 HIGHLAND HILLS DR"", ""original_city"": ""AUSTIN"", ""original_state"": ""TX"", ""original_zip"": ""78731"", ""council_district"": ""10"", ""jurisdiction"": ""AUSTIN FULL PURPOSE"", ""link"": {""url"": ""https://abc.austintexas.gov/web/permit/public-search-other?t_detail=1&t_selected_folderrsn=13694590""}, ""project_id"": ""13694590"", ""latitude"": ""30.34954777"", ""longitude"": ""-97.76022903"", ""location"": {""latitude"": ""30.34954777"", ""longitude"": ""-97.76022903"", ""human_address"": ""{\""address\"": \""\"", \""city\"": \""\"", \""state\"": \""\"", \""zip\"": \""\""}""}, ""contractor_trade"": ""Electrical Contractor"", ""contractor_company_name"": ""TenX Electric, LLC"", ""contractor_full_name"": ""Genaro Briones"", ""contractor_phone"": ""5129021825"", ""contractor_address2"": ""726  Sand Hi"", ""contractor_city"": ""Red Rock"", ""contractor_zip"": ""78662-____"", ""certificate_of_occupancy"": ""No""}",2026-05-03T10:54:27.275855+00:00
2026-052203 MP,Replacement of complete existing central heat and air system with or without duct work LIKE FOR LIKE: 2 Ton Gas Vertical System,2026-04-30T00:00:00+00:00,Change Out,Mechanical Permit,,"Stan's Heating, Air, Plumbing, & Electrical",Active,3711 WERNER AVE,78722,Residential,5129299393,https://abc.austintexas.gov/web/permit/public-search-other?t_detail=1&t_selected_folderrsn=13694197,2026-04-30T00:00:00+00:00,"{""permittype"": ""MP"", ""permit_type_desc"": ""Mechanical Permit"", ""permit_number"": ""2026-052203 MP"", ""permit_class_mapped"": ""Residential"", ""permit_class"": ""Residential"", ""work_class"": ""Change Out"", ""permit_location"": ""3711 WERNER AVE"", ""description"": ""Replacement of complete existing central heat and air system with or without duct work LIKE FOR LIKE: 2 Ton Gas Vertical System"", ""tcad_id"": ""0215090812"", ""legal_description"": ""LOT 12 BLK 8 OLT 29 DIV C UNIVERSITY PARK SUBD"", ""applieddate"": ""2026-04-28T00:00:00.000"", ""issue_date"": ""2026-04-30T00:00:00.000"", ""day_issued"": ""THURSDAY"", ""calendar_year_issued"": ""2026"", ""fiscal_year_issued"": ""2026"", ""issued_in_last_30_days"": ""Yes"", ""issue_method"": ""Permit Center"", ""status_current"": ""Active"", ""statusdate"": ""2026-04-30T00:00:00.000"", ""expiresdate"": ""2026-10-27T00:00:00.000"", ""original_address1"": ""3711 WERNER AVE"", ""original_city"": ""AUSTIN"", ""original_state"": ""TX"", ""original_zip"": ""78722"", ""council_district"": ""9"", ""jurisdiction"": ""AUSTIN FULL PURPOSE"", ""link"": {""url"": ""https://abc.austintexas.gov/web/permit/public-search-other?t_detail=1&t_selected_folderrsn=13694197""}, ""project_id"": ""13694197"", ""latitude"": ""30.29307307"", ""longitude"": ""-97.7171958"", ""location"": {""latitude"": ""30.29307307"", ""longitude"": ""-97.7171958"", ""human_address"": ""{\""address\"": \""\"", \""city\"": \""\"", \""state\"": \""\"", \""zip\"": \""\""}""}, ""contractor_trade"": ""Mechanical Contractor"", ""contractor_company_name"": ""Stan's Heating, Air, Plumbing, & Electrical"", ""contractor_full_name"": ""Roland Arrisola"", ""contractor_phone"": ""5129299393"", ""contractor_address2"": ""6016  DILLAR"", ""contractor_city"": ""AUSTIN"", ""contractor_zip"": ""78752""}",2026-05-03T10:54:27.275855+00:00
2022-132322 MP,ePlan: Expedited Review - New Construction of 2 Level Below Grade Garage (67351 SF),2026-04-30T00:00:00+00:00,New,Mechanical Permit,,"Truform Metalservice, Inc.",Active,300 PRESSLER ST,78703,Commercial,5122581675,https://abc.austintexas.gov/web/permit/public-search-other?t_detail=1&t_selected_folderrsn=13009037,2026-04-30T00:00:00+00:00,"{""permittype"": ""MP"", ""permit_type_desc"": ""Mechanical Permit"", ""permit_number"": ""2022-132322 MP"", ""permit_class_mapped"": ""Commercial"", ""permit_class"": ""C- 321 Pkg Garage Bldg & Open Deck"", ""work_class"": ""New"", ""condominium"": ""No"", ""permit_location"": ""300 PRESSLER ST"", ""description"": ""ePlan: Expedited Review - New Construction of 2 Level Below Grade Garage (67351 SF)"", ""tcad_id"": ""0107030108"", ""legal_description"": "".309 AC OF OLT 11 DIVISION Z"", ""applieddate"": ""2022-06-01T00:00:00.000"", ""issue_date"": ""2026-04-30T00:00:00.000"", ""day_issued"": ""THURSDAY"", ""calendar_year_issued"": ""2026"", ""fiscal_year_issued"": ""2026"", ""issued_in_last_30_days"": ""Yes"", ""issue_method"": ""Permit Center"", ""status_current"": ""Active"", ""statusdate"": ""2026-04-30T00:00:00.000"", ""expiresdate"": ""2026-10-27T00:00:00.000"", ""total_new_add_sqft"": ""67351"", ""number_of_floors"": ""2"", ""housing_units"": ""0"", ""mechanical_valuation"": ""0"", ""original_address1"": ""300 PRESSLER ST"", ""original_city"": ""AUSTIN"", ""original_state"": ""TX"", ""original_zip"": ""78703"", ""council_district"": ""9"", ""jurisdiction"": ""AUSTIN FULL PURPOSE"", ""link"": {""url"": ""https://abc.austintexas.gov/web/permit/public-search-other?t_detail=1&t_selected_folderrsn=13009037""}, ""project_id"": ""13009037"", ""masterpermitnum"": ""13008489"", ""latitude"": ""30.27166234"", ""longitude"": ""-97.76166172"", ""location"": {""latitude"": ""30.27166234"", ""longitude"": ""-97.76166172"", ""human_address"": ""{\""address\"": \""\"", \""city\"": \""\"", \""state\"": \""\"", \""zip\"": \""\""}""}, ""contractor_trade"": ""Mechanical Contractor"", ""contractor_company_name"": ""Truform Metalservice, Inc."", ""contractor_full_name"": ""Steven Allen Lane"", ""contractor_phone"": ""5122581675"", ""contractor_address1"": ""P. O. BOX 20"", ""contractor_address2"": ""AUSTIN TX  7"", ""contractor_city"": ""Austin"", ""contractor_zip"": ""78729"", ""certificate_of_occupancy"": ""No""}",2026-05-03T10:54:27.275855+00:00
2026-050629 MP,Replacement of complete existing central heat and air system with or without duct work,2026-04-30T00:00:00+00:00,Change Out,Mechanical Permit,,McCullough Heating & Air,Active,2109 FAR GALLANT DR,78746,Residential,5122800011,https://abc.austintexas.gov/web/permit/public-search-other?t_detail=1&t_selected_folderrsn=13692458,2026-04-30T00:00:00+00:00,"{""permittype"": ""MP"", ""permit_type_desc"": ""Mechanical Permit"", ""permit_number"": ""2026-050629 MP"", ""permit_class_mapped"": ""Residential"", ""permit_class"": ""Residential"", ""work_class"": ""Change Out"", ""permit_location"": ""2109 FAR GALLANT DR"", ""description"": ""Replacement of complete existing central heat and air system with or without duct work"", ""tcad_id"": ""0125190705"", ""legal_description"": ""LOT 11 BLK B DAVENPORT RANCH PHS 7 SEC 3 AMENDED"", ""applieddate"": ""2026-04-23T00:00:00.000"", ""issue_date"": ""2026-04-30T00:00:00.000"", ""day_issued"": ""THURSDAY"", ""calendar_year_issued"": ""2026"", ""fiscal_year_issued"": ""2026"", ""issued_in_last_30_days"": ""Yes"", ""issue_method"": ""Permit Center"", ""status_current"": ""Active"", ""statusdate"": ""2026-04-30T00:00:00.000"", ""expiresdate"": ""2026-10-27T00:00:00.000"", ""original_address1"": ""2109 FAR GALLANT DR"", ""original_city"": ""AUSTIN"", ""original_state"": ""TX"", ""original_zip"": ""78746"", ""council_district"": ""8"", ""jurisdiction"": ""AUSTIN FULL PURPOSE"", ""link"": {""url"": ""https://abc.austintexas.gov/web/permit/public-search-other?t_detail=1&t_selected_folderrsn=13692458""}, ""project_id"": ""13692458"", ""latitude"": ""30.3191708"", ""longitude"": ""-97.8089499"", ""location"": {""latitude"": ""30.3191708"", ""longitude"": ""-97.8089499"", ""human_address"": ""{\""address\"": \""\"", \""city\"": \""\"", \""state\"": \""\"", \""zip\"": \""\""}""}, ""contractor_trade"": ""Mechanical Contractor"", ""contractor_company_name"": ""McCullough Heating & Air"", ""contractor_full_name"": ""Albert D'Andrea"", ""contractor_phone"": ""5122800011"", ""contractor_address2"": ""2620  BUELL"", ""contractor_city"": ""AUSTIN"", ""contractor_zip"": ""78757""}",2026-05-03T10:54:27.275855+00:00
2026-052206 BP,Garage conversion of detached garage- remove garage door install window in its place enclose garage door opening with siding. No structural modificati,2026-04-30T00:00:00+00:00,Addition and Remodel,Building Permit,1.0,Watler & Co. LLC,Active,7008 BECKETT RD,78749,Residential,5127818265,https://abc.austintexas.gov/web/permit/public-search-other?t_detail=1&t_selected_folderrsn=13694200,2026-04-30T00:00:00+00:00,"{""permittype"": ""BP"", ""permit_type_desc"": ""Building Permit"", ""permit_number"": ""2026-052206 BP"", ""permit_class_mapped"": ""Residential"", ""permit_class"": ""R- 434 Addition & Alterations"", ""work_class"": ""Addition and Remodel"", ""condominium"": ""No"", ""permit_location"": ""7008 BECKETT RD"", ""description"": ""Garage conversion of detached garage- remove garage door install window in its place enclose garage door opening with siding. No structural modificati"", ""tcad_id"": ""0412301009"", ""legal_description"": ""LOT 3 BLK A VILLAGE AT WESTERN OAKS SEC I"", ""applieddate"": ""2026-01-22T00:00:00.000"", ""issue_date"": ""2026-04-30T00:00:00.000"", ""day_issued"": ""THURSDAY"", ""calendar_year_issued"": ""2026"", ""fiscal_year_issued"": ""2026"", ""issued_in_last_30_days"": ""Yes"", ""issue_method"": ""Permit Center"", ""status_current"": ""Active"", ""statusdate"": ""2026-04-30T00:00:00.000"", ""expiresdate"": ""2026-10-28T00:00:00.000"", ""remodel_repair_sqft"": ""414"", ""total_new_add_sqft"": ""0"", ""total_valuation_remodel"": ""1"", ""total_job_valuation"": ""1"", ""number_of_floors"": ""1"", ""housing_units"": ""0"", ""building_valuation_remodel"": ""1"", ""electrical_valuation_remodel"": ""0"", ""mechanical_valuation_remodel"": ""0"", ""plumbing_valuation_remodel"": ""0"", ""original_address1"": ""7008 BECKETT RD"", ""original_city"": ""AUSTIN"", ""original_state"": ""TX"", ""original_zip"": ""78749"", ""council_district"": ""8"", ""jurisdiction"": ""AUSTIN FULL PURPOSE"", ""link"": {""url"": ""https://abc.austintexas.gov/web/permit/public-search-other?t_detail=1&t_selected_folderrsn=13694200""}, ""project_id"": ""13694200"", ""masterpermitnum"": ""13644382"", ""latitude"": ""30.22327927"", ""longitude"": ""-97.85629756"", ""location"": {""latitude"": ""30.22327927"", ""longitude"": ""-97.85629756"", ""human_address"": ""{\""address\"": \""\"", \""city\"": \""\"", \""state\"": \""\"", \""zip\"": \""\""}""}, ""contractor_trade"": ""General Contractor"", ""contractor_company_name"": ""Watler & Co. LLC"", ""contractor_full_name"": ""Dominic Watler"", ""contractor_phone"": ""5127818265"", ""contractor_address2"": ""829  Glenn D"", ""contractor_city"": ""Canyon Lake"", ""contractor_zip"": ""78133-____"", ""applicant_full_name"": ""Dominic Watler"", ""applicant_org"": ""Watler & Co. LLC"", ""applicant_phone"": ""5127818265"", ""applicant_address2"": ""829  Glenn D"", ""applicant_city"": ""Canyon Lake"", ""applicantzip"": ""78133-____"", ""certificate_of_occupancy"": ""Yes"", ""total_lot_sq_ft"": ""9015""}",2026-05-03T10:54:27.275855+00:00
2026-051642 BP,Replacement of roof.,2026-04-30T00:00:00+00:00,Remodel,Building Permit,,"Foundation Specialists, Inc",Active,8527 N CAPITAL OF TEXAS HWY NB BLDG 8529,78759,Commercial,7137695994,https://abc.austintexas.gov/web/permit/public-search-other?t_detail=1&t_selected_folderrsn=13693594,2026-04-30T00:00:00+00:00,"{""permittype"": ""BP"", ""permit_type_desc"": ""Building Permit"", ""permit_number"": ""2026-051642 BP"", ""permit_class_mapped"": ""Commercial"", ""permit_class"": ""C-1000 Commercial Remodel"", ""work_class"": ""Remodel"", ""condominium"": ""No"", ""permit_location"": ""8527 N CAPITAL OF TEXAS HWY NB BLDG 8529"", ""description"": ""Replacement of roof."", ""tcad_id"": ""0150050125"", ""legal_description"": ""LOT 1 SPICE FOREST"", ""applieddate"": ""2026-04-27T00:00:00.000"", ""issue_date"": ""2026-04-30T00:00:00.000"", ""day_issued"": ""THURSDAY"", ""calendar_year_issued"": ""2026"", ""fiscal_year_issued"": ""2026"", ""issued_in_last_30_days"": ""Yes"", ""issue_method"": ""Permit Center"", ""status_current"": ""Active"", ""statusdate"": ""2026-04-30T00:00:00.000"", ""expiresdate"": ""2026-10-28T00:00:00.000"", ""remodel_repair_sqft"": ""4616"", ""total_valuation_remodel"": ""0"", ""number_of_floors"": ""1"", ""housing_units"": ""1"", ""building_valuation_remodel"": ""0"", ""electrical_valuation_remodel"": ""0"", ""mechanical_valuation_remodel"": ""0"", ""plumbing_valuation_remodel"": ""0"", ""medgas_valuation_remodel"": ""0"", ""original_address1"": ""8527 N CAPITAL OF TEXAS HWY NB BLDG 8529"", ""original_city"": ""AUSTIN"", ""original_state"": ""TX"", ""original_zip"": ""78759"", ""council_district"": ""10"", ""jurisdiction"": ""AUSTIN FULL PURPOSE"", ""link"": {""url"": ""https://abc.austintexas.gov/web/permit/public-search-other?t_detail=1&t_selected_folderrsn=13693594""}, ""project_id"": ""13693594"", ""masterpermitnum"": ""13693588"", ""latitude"": ""30.38609729"", ""longitude"": ""-97.76435808"", ""location"": {""latitude"": ""30.38609729"", ""longitude"": ""-97.76435808"", ""human_address"": ""{\""address\"": \""\"", \""city\"": \""\"", \""state\"": \""\"", \""zip\"": \""\""}""}, ""contractor_trade"": ""General Contractor"", ""contractor_company_name"": ""Foundation Specialists, Inc"", ""contractor_full_name"": ""Amber Whitaker"", ""contractor_phone"": ""7137695994"", ""contractor_address2"": ""4224 W Sam H"", ""contractor_city"": ""Houston"", ""contractor_zip"": ""77041-____"", ""applicant_full_name"": ""Amber Whitaker"", ""applicant_org"": ""Foundation Specialists, Inc"", ""applicant_phone"": ""7137695994"", ""applicant_address2"": ""4224 W Sam H"", ""applicant_city"": ""Houston"", ""applicantzip"": ""77041-____"", ""certificate_of_occupancy"": ""No""}",2026-05-03T10:54:27.275855+00:00
2026-054012 BP,Express - Shower pan and valve replacement,2026-04-30T00:00:00+00:00,Repair,Building Permit,1.0,Statewide Remodeling of Austin *MAIN*,Active,9525 SANFORD DR,78748,Residential,5124535858,https://abc.austintexas.gov/web/permit/public-search-other?t_detail=1&t_selected_folderrsn=13696242,2026-04-30T00:00:00+00:00,"{""permittype"": ""BP"", ""permit_type_desc"": ""Building Permit"", ""permit_number"": ""2026-054012 BP"", ""permit_class_mapped"": ""Residential"", ""permit_class"": ""R- 435 Renovations/Remodel"", ""work_class"": ""Repair"", ""condominium"": ""No"", ""permit_location"": ""9525 SANFORD DR"", ""description"": ""Express - Shower pan and valve replacement"", ""tcad_id"": ""0426250141"", ""legal_description"": ""LOT 15 BLK F CHERRY CREEK SEC 14"", ""applieddate"": ""2026-04-30T00:00:00.000"", ""issue_date"": ""2026-04-30T00:00:00.000"", ""day_issued"": ""THURSDAY"", ""calendar_year_issued"": ""2026"", ""fiscal_year_issued"": ""2026"", ""issued_in_last_30_days"": ""Yes"", ""issue_method"": ""Permit Center"", ""status_current"": ""Active"", ""statusdate"": ""2026-04-30T00:00:00.000"", ""expiresdate"": ""2026-10-28T00:00:00.000"", ""remodel_repair_sqft"": ""1"", ""total_valuation_remodel"": ""0"", ""total_job_valuation"": ""1"", ""number_of_floors"": ""1"", ""housing_units"": ""1"", ""building_valuation_remodel"": ""0"", ""electrical_valuation_remodel"": ""0"", ""mechanical_valuation_remodel"": ""0"", ""plumbing_valuation_remodel"": ""0"", ""original_address1"": ""9525 SANFORD DR"", ""original_city"": ""AUSTIN"", ""original_state"": ""TX"", ""original_zip"": ""78748"", ""council_district"": ""5"", ""jurisdiction"": ""AUSTIN FULL PURPOSE"", ""link"": {""url"": ""https://abc.austintexas.gov/web/permit/public-search-other?t_detail=1&t_selected_folderrsn=13696242""}, ""project_id"": ""13696242"", ""masterpermitnum"": ""13696109"", ""latitude"": ""30.18220404"", ""longitude"": ""-97.8361882"", ""location"": {""latitude"": ""30.18220404"", ""longitude"": ""-97.8361882"", ""human_address"": ""{\""address\"": \""\"", \""city\"": \""\"", \""state\"": \""\"", \""zip\"": \""\""}""}, ""contractor_trade"": ""General Contractor"", ""contractor_company_name"": ""Statewide Remodeling of Austin *MAIN*"", ""contractor_full_name"": ""Billy Moss"", ""contractor_phone"": ""5124535858"", ""contractor_address2"": ""2209-A  RUTL"", ""contractor_city"": ""AUSTIN"", ""contractor_zip"": ""78758"", ""applicant_full_name"": ""Billy Moss"", ""applicant_org"": ""Statewide Remodeling of Austin *MAIN*"", ""applicant_phone"": ""5124535858"", ""applicant_address2"": ""2209-A  RUTL"", ""applicant_city"": ""AUSTIN"", ""applicantzip"": ""78758"", ""certificate_of_occupancy"": ""No""}",2026-05-03T10:54:27.275855+00:00
2026-035269 EP,"Interior Remodel

Ground level - Kitchen remodel includes removal of some existing non-load bearing closet walls. Doorway cut into existing wall for p",2026-04-30T00:00:00+00:00,Addition and Remodel,Electrical Permit,,U.S Electric Contractors,Active,10123 TREASURE ISLAND DR,78730,Residential,5129008435,https://abc.austintexas.gov/web/permit/public-search-other?t_detail=1&t_selected_folderrsn=13674794,2026-05-01T00:00:00+00:00,"{""permittype"": ""EP"", ""permit_type_desc"": ""Electrical Permit"", ""permit_number"": ""2026-035269 EP"", ""permit_class_mapped"": ""Residential"", ""permit_class"": ""R- 434 Addition & Alterations"", ""work_class"": ""Addition and Remodel"", ""condominium"": ""No"", ""permit_location"": ""10123 TREASURE ISLAND DR"", ""description"": ""Interior Remodel\n\nGround level - Kitchen remodel includes removal of some existing non-load bearing closet walls. Doorway cut into existing wall for p"", ""tcad_id"": ""0145300415"", ""legal_description"": ""LOT 1 BLK G RIVER PLACE SEC 6"", ""applieddate"": ""2026-03-12T00:00:00.000"", ""issue_date"": ""2026-04-30T00:00:00.000"", ""day_issued"": ""THURSDAY"", ""calendar_year_issued"": ""2026"", ""fiscal_year_issued"": ""2026"", ""issued_in_last_30_days"": ""Yes"", ""issue_method"": ""Permit Center"", ""status_current"": ""Active"", ""statusdate"": ""2026-05-01T00:00:00.000"", ""expiresdate"": ""2026-10-24T00:00:00.000"", ""total_existing_bldg_sqft"": ""1"", ""remodel_repair_sqft"": ""460"", ""total_new_add_sqft"": ""0"", ""number_of_floors"": ""1"", ""housing_units"": ""1"", ""electrical_valuation_remodel"": ""10000"", ""original_address1"": ""10123 TREASURE ISLAND DR"", ""original_city"": ""AUSTIN"", ""original_state"": ""TX"", ""original_zip"": ""78730"", ""council_district"": ""10"", ""jurisdiction"": ""AUSTIN FULL PURPOSE"", ""link"": {""url"": ""https://abc.austintexas.gov/web/permit/public-search-other?t_detail=1&t_selected_folderrsn=13674794""}, ""project_id"": ""13674794"", ""masterpermitnum"": ""13674793"", ""latitude"": ""30.37335379"", ""longitude"": ""-97.84919483"", ""location"": {""latitude"": ""30.37335379"", ""longitude"": ""-97.84919483"", ""human_address"": ""{\""address\"": \""\"", \""city\"": \""\"", \""state\"": \""\"", \""zip\"": \""\""}""}, ""contractor_trade"": ""Electrical Contractor"", ""contractor_company_name"": ""U.S Electric Contractors"", ""contractor_full_name"": ""Killian Klemencic"", ""contractor_phone"": ""5129008435"", ""contractor_address1"": ""E"", ""contractor_address2"": ""1515  CESAR"", ""contractor_city"": ""Austin"", ""contractor_zip"": ""78702-____"", ""certificate_of_occupancy"": ""No""}",2026-05-03T10:54:27.275855+00:00
2022-132321 MP,ePlan: Expedited Review - New Construction of a 6-Story Mixed Use Multi-Family Bldgs. with Grade level amenities and vertical circulation on Level 1 (,2026-04-30T00:00:00+00:00,Shell,Mechanical Permit,,"Truform Metalservice, Inc.",Active,301 PRESSLER ST,78703,Commercial,5122581675,https://abc.austintexas.gov/web/permit/public-search-other?t_detail=1&t_selected_folderrsn=13009034,2026-04-30T00:00:00+00:00,"{""permittype"": ""MP"", ""permit_type_desc"": ""Mechanical Permit"", ""permit_number"": ""2022-132321 MP"", ""permit_class_mapped"": ""Commercial"", ""permit_class"": ""C- 105 Five or More Family Bldgs"", ""work_class"": ""Shell"", ""condominium"": ""No"", ""permit_location"": ""301 PRESSLER ST"", ""description"": ""ePlan: Expedited Review - New Construction of a 6-Story Mixed Use Multi-Family Bldgs. with Grade level amenities and vertical circulation on Level 1 ("", ""tcad_id"": ""0107030201"", ""legal_description"": ""1.0960AC OF OLT 1 DIVISION Z"", ""applieddate"": ""2022-06-01T00:00:00.000"", ""issue_date"": ""2026-04-30T00:00:00.000"", ""day_issued"": ""THURSDAY"", ""calendar_year_issued"": ""2026"", ""fiscal_year_issued"": ""2026"", ""issued_in_last_30_days"": ""Yes"", ""issue_method"": ""Permit Center"", ""status_current"": ""Active"", ""statusdate"": ""2026-04-30T00:00:00.000"", ""expiresdate"": ""2026-10-27T00:00:00.000"", ""total_new_add_sqft"": ""16219"", ""number_of_floors"": ""6"", ""housing_units"": ""91"", ""mechanical_valuation"": ""0"", ""original_address1"": ""301 PRESSLER ST"", ""original_city"": ""AUSTIN"", ""original_state"": ""TX"", ""original_zip"": ""78703"", ""council_district"": ""9"", ""jurisdiction"": ""AUSTIN FULL PURPOSE"", ""link"": {""url"": ""https://abc.austintexas.gov/web/permit/public-search-other?t_detail=1&t_selected_folderrsn=13009034""}, ""project_id"": ""13009034"", ""masterpermitnum"": ""13008488"", ""latitude"": ""30.27135577"", ""longitude"": ""-97.76091259"", ""location"": {""latitude"": ""30.27135577"", ""longitude"": ""-97.76091259"", ""human_address"": ""{\""address\"": \""\"", \""city\"": \""\"", \""state\"": \""\"", \""zip\"": \""\""}""}, ""contractor_trade"": ""Mechanical Contractor"", ""contractor_company_name"": ""Truform Metalservice, Inc."", ""contractor_full_name"": ""Steven Allen Lane"", ""contractor_phone"": ""5122581675"", ""contractor_address1"": ""P. O. BOX 20"", ""contractor_address2"": ""AUSTIN TX  7"", ""contractor_city"": ""Austin"", ""contractor_zip"": ""78729"", ""certificate_of_occupancy"": ""No""}",2026-05-03T10:54:27.275855+00:00
2026-050926 PP,Install 1.25 gas pipe mounted to side of home approximately 15 to generator,2026-04-30T00:00:00+00:00,Repair,Plumbing Permit,,JB Services Unlimited,Active,2001 CUEVA DE ORO CV,78746,Residential,5128982700,https://abc.austintexas.gov/web/permit/public-search-other?t_detail=1&t_selected_folderrsn=13692787,2026-04-30T00:00:00+00:00,"{""permittype"": ""PP"", ""permit_type_desc"": ""Plumbing Permit"", ""permit_number"": ""2026-050926 PP"", ""permit_class_mapped"": ""Residential"", ""permit_class"": ""Residential"", ""work_class"": ""Repair"", ""condominium"": ""No"", ""permit_location"": ""2001 CUEVA DE ORO CV"", ""description"": ""Install 1.25 gas pipe mounted to side of home approximately 15 to generator"", ""tcad_id"": ""0105190209"", ""legal_description"": ""LOT 3 BLK A PRESERVE AT LOST GOLD CAVE PHS II THE"", ""applieddate"": ""2026-04-24T00:00:00.000"", ""issue_date"": ""2026-04-30T00:00:00.000"", ""day_issued"": ""THURSDAY"", ""calendar_year_issued"": ""2026"", ""fiscal_year_issued"": ""2026"", ""issued_in_last_30_days"": ""Yes"", ""issue_method"": ""Permit Center"", ""status_current"": ""Active"", ""statusdate"": ""2026-04-30T00:00:00.000"", ""expiresdate"": ""2026-10-27T00:00:00.000"", ""remodel_repair_sqft"": ""7884"", ""number_of_floors"": ""0"", ""housing_units"": ""1"", ""original_address1"": ""2001 CUEVA DE ORO CV"", ""original_city"": ""AUSTIN"", ""original_state"": ""TX"", ""original_zip"": ""78746"", ""council_district"": ""8"", ""jurisdiction"": ""AUSTIN LTD"", ""link"": {""url"": ""https://abc.austintexas.gov/web/permit/public-search-other?t_detail=1&t_selected_folderrsn=13692787""}, ""project_id"": ""13692787"", ""latitude"": ""30.26738875"", ""longitude"": ""-97.81205603"", ""location"": {""latitude"": ""30.26738875"", ""longitude"": ""-97.81205603"", ""human_address"": ""{\""address\"": \""\"", \""city\"": \""\"", \""state\"": \""\"", \""zip\"": \""\""}""}, ""contractor_trade"": ""Plumbing Contractor"", ""contractor_company_name"": ""JB Services Unlimited"", ""contractor_full_name"": ""Dylan Konarsky"", ""contractor_phone"": ""5128982700"", ""contractor_address2"": ""406 S BOUNDS"", ""contractor_city"": ""THRALL"", ""contractor_zip"": ""76578-____"", ""certificate_of_occupancy"": ""No""}",2026-05-03T10:54:27.275855+00:00
2026-052603 MP,Replacement of complete existing central heat and air system with or without duct work Replace 3.5 ton gas horizontal system with 4 ton multistage gas,2026-04-30T00:00:00+00:00,Change Out,Mechanical Permit,,Elite Heating and Air Conditioning LLC,Active,5303 RIVER PLACE BLVD,78730,Residential,5126374237,https://abc.austintexas.gov/web/permit/public-search-other?t_detail=1&t_selected_folderrsn=13694656,2026-04-30T00:00:00+00:00,"{""permittype"": ""MP"", ""permit_type_desc"": ""Mechanical Permit"", ""permit_number"": ""2026-052603 MP"", ""permit_class_mapped"": ""Residential"", ""permit_class"": ""Residential"", ""work_class"": ""Change Out"", ""permit_location"": ""5303 RIVER PLACE BLVD"", ""description"": ""Replacement of complete existing central heat and air system with or without duct work Replace 3.5 ton gas horizontal system with 4 ton multistage gas"", ""tcad_id"": ""0145300205"", ""legal_description"": ""LOT 16 RIVER PLACE SEC 2A"", ""applieddate"": ""2026-04-28T00:00:00.000"", ""issue_date"": ""2026-04-30T00:00:00.000"", ""day_issued"": ""THURSDAY"", ""calendar_year_issued"": ""2026"", ""fiscal_year_issued"": ""2026"", ""issued_in_last_30_days"": ""Yes"", ""issue_method"": ""Permit Center"", ""status_current"": ""Active"", ""statusdate"": ""2026-04-30T00:00:00.000"", ""expiresdate"": ""2026-10-27T00:00:00.000"", ""original_address1"": ""5303 RIVER PLACE BLVD"", ""original_city"": ""AUSTIN"", ""original_state"": ""TX"", ""original_zip"": ""78730"", ""council_district"": ""10"", ""jurisdiction"": ""AUSTIN FULL PURPOSE"", ""link"": {""url"": ""https://abc.austintexas.gov/web/permit/public-search-other?t_detail=1&t_selected_folderrsn=13694656""}, ""project_id"": ""13694656"", ""latitude"": ""30.37823572"", ""longitude"": ""-97.85232996"", ""location"": {""latitude"": ""30.37823572"", ""longitude"": ""-97.85232996"", ""human_address"": ""{\""address\"": \""\"", \""city\"": \""\"", \""state\"": \""\"", \""zip\"": \""\""}""}, ""contractor_trade"": ""Mechanical Contractor"", ""contractor_company_name"": ""Elite Heating and Air Conditioning LLC"", ""contractor_full_name"": ""Kyle Bacon"", ""contractor_phone"": ""5126374237"", ""contractor_address2"": ""7101  BURLES"", ""contractor_city"": ""AUSTIN"", ""contractor_zip"": ""78744-____""}",2026-05-03T10:54:27.275855+00:00
2026-053010 MP,Replacement of complete existing central heat and air system with or without duct work Changeout existing residential HVAC system,2026-04-30T00:00:00+00:00,Change Out,Mechanical Permit,,Strand Brothers Service Experts,Active,6205 GREYFEATHER DR,78759,Residential,3462663635,https://abc.austintexas.gov/web/permit/public-search-other?t_detail=1&t_selected_folderrsn=13695082,2026-04-30T00:00:00+00:00,"{""permittype"": ""MP"", ""permit_type_desc"": ""Mechanical Permit"", ""permit_number"": ""2026-053010 MP"", ""permit_class_mapped"": ""Residential"", ""permit_class"": ""Residential"", ""work_class"": ""Change Out"", ""permit_location"": ""6205 GREYFEATHER DR"", ""description"": ""Replacement of complete existing central heat and air system with or without duct work Changeout existing residential HVAC system"", ""tcad_id"": ""0152070602"", ""legal_description"": ""LOT 10 BLK A GREAT HILLS SEC XXV"", ""applieddate"": ""2026-04-29T00:00:00.000"", ""issue_date"": ""2026-04-30T00:00:00.000"", ""day_issued"": ""THURSDAY"", ""calendar_year_issued"": ""2026"", ""fiscal_year_issued"": ""2026"", ""issued_in_last_30_days"": ""Yes"", ""issue_method"": ""Permit Center"", ""status_current"": ""Active"", ""statusdate"": ""2026-04-30T00:00:00.000"", ""expiresdate"": ""2026-10-27T00:00:00.000"", ""original_address1"": ""6205 GREYFEATHER DR"", ""original_city"": ""AUSTIN"", ""original_state"": ""TX"", ""original_zip"": ""78759"", ""council_district"": ""6"", ""jurisdiction"": ""AUSTIN FULL PURPOSE"", ""link"": {""url"": ""https://abc.austintexas.gov/web/permit/public-search-other?t_detail=1&t_selected_folderrsn=13695082""}, ""project_id"": ""13695082"", ""latitude"": ""30.39354363"", ""longitude"": ""-97.77515283"", ""location"": {""latitude"": ""30.39354363"", ""longitude"": ""-97.77515283"", ""human_address"": ""{\""address\"": \""\"", \""city\"": \""\"", \""state\"": \""\"", \""zip\"": \""\""}""}, ""contractor_trade"": ""Mechanical Contractor"", ""contractor_company_name"": ""Strand Brothers Service Experts"", ""contractor_full_name"": ""Michael McCoy"", ""contractor_phone"": ""3462663635"", ""contractor_address2"": ""5811  TECHNI"", ""contractor_city"": ""AUSTIN"", ""contractor_zip"": ""78721-____""}",2026-05-03T10:54:27.275855+00:00
2026-052051 BP,Replacement of roof. Existing multifamily.,2026-04-30T00:00:00+00:00,Remodel,Building Permit,,"Foundation Specialists, Inc",Active,8527 N CAPITAL OF TEXAS HWY NB BLDG 8515,78759,Commercial,7137695994,https://abc.austintexas.gov/web/permit/public-search-other?t_detail=1&t_selected_folderrsn=13694029,2026-04-30T00:00:00+00:00,"{""permittype"": ""BP"", ""permit_type_desc"": ""Building Permit"", ""permit_number"": ""2026-052051 BP"", ""permit_class_mapped"": ""Commercial"", ""permit_class"": ""C-1000 Commercial Remodel"", ""work_class"": ""Remodel"", ""condominium"": ""No"", ""permit_location"": ""8527 N CAPITAL OF TEXAS HWY NB BLDG 8515"", ""description"": ""Replacement of roof. Existing multifamily."", ""tcad_id"": ""0150050125"", ""legal_description"": ""LOT 1 SPICE FOREST"", ""applieddate"": ""2026-04-27T00:00:00.000"", ""issue_date"": ""2026-04-30T00:00:00.000"", ""day_issued"": ""THURSDAY"", ""calendar_year_issued"": ""2026"", ""fiscal_year_issued"": ""2026"", ""issued_in_last_30_days"": ""Yes"", ""issue_method"": ""Permit Center"", ""status_current"": ""Active"", ""statusdate"": ""2026-04-30T00:00:00.000"", ""expiresdate"": ""2026-10-28T00:00:00.000"", ""remodel_repair_sqft"": ""3634"", ""total_valuation_remodel"": ""23008"", ""number_of_floors"": ""3"", ""housing_units"": ""1"", ""building_valuation_remodel"": ""23008"", ""electrical_valuation_remodel"": ""0"", ""mechanical_valuation_remodel"": ""0"", ""plumbing_valuation_remodel"": ""0"", ""medgas_valuation_remodel"": ""0"", ""original_address1"": ""8527 N CAPITAL OF TEXAS HWY NB BLDG 8515"", ""original_city"": ""AUSTIN"", ""original_state"": ""TX"", ""original_zip"": ""78759"", ""council_district"": ""10"", ""jurisdiction"": ""AUSTIN FULL PURPOSE"", ""link"": {""url"": ""https://abc.austintexas.gov/web/permit/public-search-other?t_detail=1&t_selected_folderrsn=13694029""}, ""project_id"": ""13694029"", ""masterpermitnum"": ""13693999"", ""latitude"": ""30.38609729"", ""longitude"": ""-97.76435808"", ""location"": {""latitude"": ""30.38609729"", ""longitude"": ""-97.76435808"", ""human_address"": ""{\""address\"": \""\"", \""city\"": \""\"", \""state\"": \""\"", \""zip\"": \""\""}""}, ""contractor_trade"": ""General Contractor"", ""contractor_company_name"": ""Foundation Specialists, Inc"", ""contractor_full_name"": ""Amber Whitaker"", ""contractor_phone"": ""7137695994"", ""contractor_address2"": ""4224 W Sam H"", ""contractor_city"": ""Houston"", ""contractor_zip"": ""77041-____"", ""applicant_full_name"": ""Amber Whitaker"", ""applicant_org"": ""Foundation Specialists, Inc"", ""applicant_phone"": ""7137695994"", ""applicant_address2"": ""4224 W Sam H"", ""applicant_city"": ""Houston"", ""applicantzip"": ""77041-____"", ""certificate_of_occupancy"": ""No""}",2026-05-03T10:54:27.275855+00:00
2026-053321 BP,New construction of 2 story SFR,2026-04-30T00:00:00+00:00,New,Building Permit,0.0,"Century Land Holdings II, LLC",Active,4816 BRIDWELL LN,78754,Residential,5122713813,https://abc.austintexas.gov/web/permit/public-search-other?t_detail=1&t_selected_folderrsn=13695426,2026-04-30T00:00:00+00:00,"{""permittype"": ""BP"", ""permit_type_desc"": ""Building Permit"", ""permit_number"": ""2026-053321 BP"", ""permit_class_mapped"": ""Residential"", ""permit_class"": ""R- 101 Single Family Houses"", ""work_class"": ""New"", ""condominium"": ""No"", ""permit_location"": ""4816 BRIDWELL LN"", ""description"": ""New construction of 2 story SFR"", ""tcad_id"": ""0239360802"", ""applieddate"": ""2026-03-16T00:00:00.000"", ""issue_date"": ""2026-04-30T00:00:00.000"", ""day_issued"": ""THURSDAY"", ""calendar_year_issued"": ""2026"", ""fiscal_year_issued"": ""2026"", ""issued_in_last_30_days"": ""Yes"", ""issue_method"": ""Permit Center"", ""status_current"": ""Active"", ""statusdate"": ""2026-04-30T00:00:00.000"", ""expiresdate"": ""2026-10-28T00:00:00.000"", ""total_new_add_sqft"": ""3373"", ""total_job_valuation"": ""0"", ""number_of_floors"": ""2"", ""housing_units"": ""1"", ""original_address1"": ""4816 BRIDWELL LN"", ""original_city"": ""AUSTIN"", ""original_state"": ""TX"", ""original_zip"": ""78754"", ""council_district"": ""1"", ""jurisdiction"": ""AUSTIN FULL PURPOSE"", ""link"": {""url"": ""https://abc.austintexas.gov/web/permit/public-search-other?t_detail=1&t_selected_folderrsn=13695426""}, ""project_id"": ""13695426"", ""masterpermitnum"": ""13670393"", ""contractor_trade"": ""General Contractor"", ""contractor_company_name"": ""Century Land Holdings II, LLC"", ""contractor_full_name"": ""Paul Kwiatkowski"", ""contractor_phone"": ""5122713813"", ""contractor_address2"": ""8390  Cresce"", ""contractor_city"": ""Greenwood Vi"", ""contractor_zip"": ""80111-____"", ""applicant_full_name"": ""Paul Kwiatkowski"", ""applicant_org"": ""Century Land Holdings II, LLC"", ""applicant_phone"": ""5122713813"", ""applicant_address2"": ""8390  Cresce"", ""applicant_city"": ""Greenwood Vi"", ""applicantzip"": ""80111-____"", ""certificate_of_occupancy"": ""Yes"", ""total_lot_sq_ft"": ""5542""}",2026-05-03T10:54:27.275855+00:00
2026-047075 EP,Change of use from retail to personal improvement services. Minor interior remodel.,2026-04-30T00:00:00+00:00,Remodel,Electrical Permit,,"RPE Enterprises, LLC",Active,6001 W PARMER LN UNIT 230,78727,Commercial,5126528463,https://abc.austintexas.gov/web/permit/public-search-other?t_detail=1&t_selected_folderrsn=13688234,2026-04-30T00:00:00+00:00,"{""permittype"": ""EP"", ""permit_type_desc"": ""Electrical Permit"", ""permit_number"": ""2026-047075 EP"", ""permit_class_mapped"": ""Commercial"", ""permit_class"": ""C-1000 Commercial Remodel"", ""work_class"": ""Remodel"", ""condominium"": ""No"", ""permit_location"": ""6001 W PARMER LN UNIT 230"", ""description"": ""Change of use from retail to personal improvement services. Minor interior remodel."", ""tcad_id"": ""0270001703"", ""legal_description"": ""LOT 3 BLK A HEB/PARMER RESUB"", ""applieddate"": ""2026-02-18T00:00:00.000"", ""issue_date"": ""2026-04-30T00:00:00.000"", ""day_issued"": ""THURSDAY"", ""calendar_year_issued"": ""2026"", ""fiscal_year_issued"": ""2026"", ""issued_in_last_30_days"": ""Yes"", ""issue_method"": ""Permit Center"", ""status_current"": ""Active"", ""statusdate"": ""2026-04-30T00:00:00.000"", ""expiresdate"": ""2026-10-18T00:00:00.000"", ""remodel_repair_sqft"": ""3812"", ""number_of_floors"": ""1"", ""housing_units"": ""1"", ""electrical_valuation_remodel"": ""10000"", ""original_address1"": ""6001 W PARMER LN UNIT 230"", ""original_city"": ""AUSTIN"", ""original_state"": ""TX"", ""original_zip"": ""78727"", ""council_district"": ""6"", ""jurisdiction"": ""AUSTIN FULL PURPOSE"", ""link"": {""url"": ""https://abc.austintexas.gov/web/permit/public-search-other?t_detail=1&t_selected_folderrsn=13688234""}, ""project_id"": ""13688234"", ""masterpermitnum"": ""13688224"", ""contractor_trade"": ""Electrical Contractor"", ""contractor_company_name"": ""RPE Enterprises, LLC"", ""contractor_full_name"": ""Richard J Rinehart"", ""contractor_phone"": ""5126528463"", ""contractor_address2"": ""10107  SIGNA"", ""contractor_city"": ""AUSTIN"", ""contractor_zip"": ""78737"", ""certificate_of_occupancy"": ""No""}",2026-05-03T10:54:27.275855+00:00
2026-037100 EP,ePlan: Residential Expedited Review - New construction of a 2-Story Single Family Res. [4bed 4bath] with Habitable Attic Attached Garage,2026-04-30T00:00:00+00:00,New,Electrical Permit,,AEI Electric LLC,Active,2610 W 49TH HALF ST,78731,Residential,5128392478,https://abc.austintexas.gov/web/permit/public-search-other?t_detail=1&t_selected_folderrsn=13676965,2026-05-01T00:00:00+00:00,"{""permittype"": ""EP"", ""permit_type_desc"": ""Electrical Permit"", ""permit_number"": ""2026-037100 EP"", ""permit_class_mapped"": ""Residential"", ""permit_class"": ""R- 101 Single Family Houses"", ""work_class"": ""New"", ""condominium"": ""No"", ""permit_location"": ""2610 W 49TH HALF ST"", ""description"": ""ePlan: Residential Expedited Review - New construction of a 2-Story Single Family Res. [4bed 4bath] with Habitable Attic Attached Garage"", ""tcad_id"": ""0227000609"", ""legal_description"": ""LOT 8 BLK E RESUB OF BLK B & PT OF D AND E FISET PLACE"", ""applieddate"": ""2026-02-05T00:00:00.000"", ""issue_date"": ""2026-04-30T00:00:00.000"", ""day_issued"": ""THURSDAY"", ""calendar_year_issued"": ""2026"", ""fiscal_year_issued"": ""2026"", ""issued_in_last_30_days"": ""Yes"", ""issue_method"": ""Permit Center"", ""status_current"": ""Active"", ""statusdate"": ""2026-05-01T00:00:00.000"", ""expiresdate"": ""2026-10-28T00:00:00.000"", ""total_new_add_sqft"": ""3819"", ""number_of_floors"": ""2"", ""housing_units"": ""1"", ""original_address1"": ""2610 W 49TH HALF ST"", ""original_city"": ""AUSTIN"", ""original_state"": ""TX"", ""original_zip"": ""78731"", ""council_district"": ""7"", ""jurisdiction"": ""AUSTIN FULL PURPOSE"", ""link"": {""url"": ""https://abc.austintexas.gov/web/permit/public-search-other?t_detail=1&t_selected_folderrsn=13676965""}, ""project_id"": ""13676965"", ""masterpermitnum"": ""13676926"", ""latitude"": ""30.32463685"", ""longitude"": ""-97.74759682"", ""location"": {""latitude"": ""30.32463685"", ""longitude"": ""-97.74759682"", ""human_address"": ""{\""address\"": \""\"", \""city\"": \""\"", \""state\"": \""\"", \""zip\"": \""\""}""}, ""contractor_trade"": ""Electrical Contractor"", ""contractor_company_name"": ""AEI Electric LLC"", ""contractor_full_name"": ""Terry Herrin"", ""contractor_phone"": ""5128392478"", ""contractor_address2"": ""7500  Inspir"", ""contractor_city"": ""Austin"", ""contractor_zip"": ""78724"", ""certificate_of_occupancy"": ""No""}",2026-05-03T10:54:27.275855+00:00
2026-037101 EP,New Accessory to Primary [1bath],2026-04-30T00:00:00+00:00,New,Electrical Permit,,AEI Electric LLC,Active,2610 W 49TH HALF ST,78731,Residential,5128392478,https://abc.austintexas.gov/web/permit/public-search-other?t_detail=1&t_selected_folderrsn=13676968,2026-05-01T00:00:00+00:00,"{""permittype"": ""EP"", ""permit_type_desc"": ""Electrical Permit"", ""permit_number"": ""2026-037101 EP"", ""permit_class_mapped"": ""Residential"", ""permit_class"": ""R- 330  Accessory Use to Primary"", ""work_class"": ""New"", ""condominium"": ""No"", ""permit_location"": ""2610 W 49TH HALF ST"", ""description"": ""New Accessory to Primary [1bath]"", ""tcad_id"": ""0227000609"", ""legal_description"": ""LOT 8 BLK E RESUB OF BLK B & PT OF D AND E FISET PLACE"", ""applieddate"": ""2026-02-05T00:00:00.000"", ""issue_date"": ""2026-04-30T00:00:00.000"", ""day_issued"": ""THURSDAY"", ""calendar_year_issued"": ""2026"", ""fiscal_year_issued"": ""2026"", ""issued_in_last_30_days"": ""Yes"", ""issue_method"": ""Permit Center"", ""status_current"": ""Active"", ""statusdate"": ""2026-05-01T00:00:00.000"", ""expiresdate"": ""2026-10-28T00:00:00.000"", ""total_new_add_sqft"": ""299"", ""number_of_floors"": ""1"", ""housing_units"": ""0"", ""original_address1"": ""2610 W 49TH HALF ST"", ""original_city"": ""AUSTIN"", ""original_state"": ""TX"", ""original_zip"": ""78731"", ""council_district"": ""7"", ""jurisdiction"": ""AUSTIN FULL PURPOSE"", ""link"": {""url"": ""https://abc.austintexas.gov/web/permit/public-search-other?t_detail=1&t_selected_folderrsn=13676968""}, ""project_id"": ""13676968"", ""masterpermitnum"": ""13676927"", ""latitude"": ""30.32463685"", ""longitude"": ""-97.74759682"", ""location"": {""latitude"": ""30.32463685"", ""longitude"": ""-97.74759682"", ""human_address"": ""{\""address\"": \""\"", \""city\"": \""\"", \""state\"": \""\"", \""zip\"": \""\""}""}, ""contractor_trade"": ""Electrical Contractor"", ""contractor_company_name"": ""AEI Electric LLC"", ""contractor_full_name"": ""Terry Herrin"", ""contractor_phone"": ""5128392478"", ""contractor_address2"": ""7500  Inspir"", ""contractor_city"": ""Austin"", ""contractor_zip"": ""78724"", ""certificate_of_occupancy"": ""No""}",2026-05-03T10:54:27.275855+00:00
2026-051810 BP,Replacement of roof. Existing multifamily.,2026-04-30T00:00:00+00:00,Remodel,Building Permit,,"Foundation Specialists, Inc",Active,8527 N CAPITAL OF TEXAS HWY NB BLDG 8509,78759,Commercial,7137695994,https://abc.austintexas.gov/web/permit/public-search-other?t_detail=1&t_selected_folderrsn=13693779,2026-04-30T00:00:00+00:00,"{""permittype"": ""BP"", ""permit_type_desc"": ""Building Permit"", ""permit_number"": ""2026-051810 BP"", ""permit_class_mapped"": ""Commercial"", ""permit_class"": ""C-1000 Commercial Remodel"", ""work_class"": ""Remodel"", ""condominium"": ""No"", ""permit_location"": ""8527 N CAPITAL OF TEXAS HWY NB BLDG 8509"", ""description"": ""Replacement of roof. Existing multifamily."", ""tcad_id"": ""0150050125"", ""legal_description"": ""LOT 1 SPICE FOREST"", ""applieddate"": ""2026-04-27T00:00:00.000"", ""issue_date"": ""2026-04-30T00:00:00.000"", ""day_issued"": ""THURSDAY"", ""calendar_year_issued"": ""2026"", ""fiscal_year_issued"": ""2026"", ""issued_in_last_30_days"": ""Yes"", ""issue_method"": ""Permit Center"", ""status_current"": ""Active"", ""statusdate"": ""2026-04-30T00:00:00.000"", ""expiresdate"": ""2026-10-28T00:00:00.000"", ""remodel_repair_sqft"": ""3634"", ""total_valuation_remodel"": ""23008"", ""number_of_floors"": ""3"", ""housing_units"": ""1"", ""building_valuation_remodel"": ""23008"", ""electrical_valuation_remodel"": ""0"", ""mechanical_valuation_remodel"": ""0"", ""plumbing_valuation_remodel"": ""0"", ""medgas_valuation_remodel"": ""0"", ""original_address1"": ""8527 N CAPITAL OF TEXAS HWY NB BLDG 8509"", ""original_city"": ""AUSTIN"", ""original_state"": ""TX"", ""original_zip"": ""78759"", ""council_district"": ""10"", ""jurisdiction"": ""AUSTIN FULL PURPOSE"", ""link"": {""url"": ""https://abc.austintexas.gov/web/permit/public-search-other?t_detail=1&t_selected_folderrsn=13693779""}, ""project_id"": ""13693779"", ""masterpermitnum"": ""13693762"", ""latitude"": ""30.38609729"", ""longitude"": ""-97.76435808"", ""location"": {""latitude"": ""30.38609729"", ""longitude"": ""-97.76435808"", ""human_address"": ""{\""address\"": \""\"", \""city\"": \""\"", \""state\"": \""\"", \""zip\"": \""\""}""}, ""contractor_trade"": ""General Contractor"", ""contractor_company_name"": ""Foundation Specialists, Inc"", ""contractor_full_name"": ""Amber Whitaker"", ""contractor_phone"": ""7137695994"", ""contractor_address2"": ""4224 W Sam H"", ""contractor_city"": ""Houston"", ""contractor_zip"": ""77041-____"", ""applicant_full_name"": ""Amber Whitaker"", ""applicant_org"": ""Foundation Specialists, Inc"", ""applicant_phone"": ""7137695994"", ""applicant_address2"": ""4224 W Sam H"", ""applicant_city"": ""Houston"", ""applicantzip"": ""77041-____"", ""certificate_of_occupancy"": ""No""}",2026-05-03T10:54:27.275855+00:00
2026-038307 BP,"New construction of 2 story SFR Condo with 3 beds 2.5 baths and attached 2 car garage

PUD",2026-04-30T00:00:00+00:00,New,Building Permit,0.0,David Weekley Homes (MAIN),Active,6403 LAUTNER LN,78747,Residential,5128218885,https://abc.austintexas.gov/web/permit/public-search-other?t_detail=1&t_selected_folderrsn=13678287,2026-04-30T00:00:00+00:00,"{""permittype"": ""BP"", ""permit_type_desc"": ""Building Permit"", ""permit_number"": ""2026-038307 BP"", ""permit_class_mapped"": ""Residential"", ""permit_class"": ""R- 101 Single Family Houses"", ""work_class"": ""New"", ""condominium"": ""Yes"", ""permit_location"": ""6403 LAUTNER LN"", ""description"": ""New construction of 2 story SFR Condo with 3 beds 2.5 baths and attached 2 car garage\n\nPUD"", ""tcad_id"": ""0438011501"", ""applieddate"": ""2026-03-24T00:00:00.000"", ""issue_date"": ""2026-04-30T00:00:00.000"", ""day_issued"": ""THURSDAY"", ""calendar_year_issued"": ""2026"", ""fiscal_year_issued"": ""2026"", ""issued_in_last_30_days"": ""Yes"", ""issue_method"": ""Permit Center"", ""status_current"": ""Active"", ""statusdate"": ""2026-04-30T00:00:00.000"", ""expiresdate"": ""2026-10-28T00:00:00.000"", ""total_new_add_sqft"": ""2547"", ""total_job_valuation"": ""0"", ""number_of_floors"": ""2"", ""housing_units"": ""1"", ""original_address1"": ""6403 LAUTNER LN"", ""original_city"": ""AUSTIN"", ""original_state"": ""TX"", ""original_zip"": ""78747"", ""council_district"": ""2"", ""jurisdiction"": ""AUSTIN FULL PURPOSE"", ""link"": {""url"": ""https://abc.austintexas.gov/web/permit/public-search-other?t_detail=1&t_selected_folderrsn=13678287""}, ""project_id"": ""13678287"", ""masterpermitnum"": ""13674637"", ""contractor_trade"": ""General Contractor"", ""contractor_company_name"": ""David Weekley Homes (MAIN)"", ""contractor_full_name"": ""Robin Campbell"", ""contractor_phone"": ""5128218885"", ""contractor_address2"": ""9000  Waterf"", ""contractor_city"": ""AUSTIN"", ""contractor_zip"": ""78758"", ""applicant_full_name"": ""Robin Campbell"", ""applicant_org"": ""David Weekley Homes (MAIN)"", ""applicant_phone"": ""5128218885"", ""applicant_address2"": ""9000  Waterf"", ""applicant_city"": ""AUSTIN"", ""applicantzip"": ""78758"", ""certificate_of_occupancy"": ""Yes"", ""total_lot_sq_ft"": ""0""}",2026-05-03T10:54:27.275855+00:00
2026-051663 EP,Install 30amp Water heater outlet in garage next to existing water heater and 50amp Range outlet behind range,2026-04-30T00:00:00+00:00,Repair,Electrical Permit,,"Texas Solar Guys, LLC",Active,703 ALLENDE BND,78748,Residential,5125654767,https://abc.austintexas.gov/web/permit/public-search-other?t_detail=1&t_selected_folderrsn=13693616,2026-04-30T00:00:00+00:00,"{""permittype"": ""EP"", ""permit_type_desc"": ""Electrical Permit"", ""permit_number"": ""2026-051663 EP"", ""permit_class_mapped"": ""Residential"", ""permit_class"": ""Residential"", ""work_class"": ""Repair"", ""condominium"": ""No"", ""permit_location"": ""703 ALLENDE BND"", ""description"": ""Install 30amp Water heater outlet in garage next to existing water heater and 50amp Range outlet behind range"", ""tcad_id"": ""0449150901"", ""applieddate"": ""2026-04-27T00:00:00.000"", ""issue_date"": ""2026-04-30T00:00:00.000"", ""day_issued"": ""THURSDAY"", ""calendar_year_issued"": ""2026"", ""fiscal_year_issued"": ""2026"", ""issued_in_last_30_days"": ""Yes"", ""issue_method"": ""Permit Center"", ""status_current"": ""Active"", ""statusdate"": ""2026-04-30T00:00:00.000"", ""expiresdate"": ""2026-10-27T00:00:00.000"", ""remodel_repair_sqft"": ""0"", ""number_of_floors"": ""1"", ""housing_units"": ""1"", ""electrical_valuation_remodel"": ""1000"", ""original_address1"": ""703 ALLENDE BND"", ""original_city"": ""AUSTIN"", ""original_state"": ""TX"", ""original_zip"": ""78748"", ""council_district"": ""5"", ""jurisdiction"": ""AUSTIN LTD"", ""link"": {""url"": ""https://abc.austintexas.gov/web/permit/public-search-other?t_detail=1&t_selected_folderrsn=13693616""}, ""project_id"": ""13693616"", ""latitude"": ""30.12712397"", ""longitude"": ""-97.80743083"", ""location"": {""latitude"": ""30.12712397"", ""longitude"": ""-97.80743083"", ""human_address"": ""{\""address\"": \""\"", \""city\"": \""\"", \""state\"": \""\"", \""zip\"": \""\""}""}, ""contractor_trade"": ""Electrical Contractor"", ""contractor_company_name"": ""Texas Solar Guys, LLC"", ""contractor_full_name"": ""John Harrell"", ""contractor_phone"": ""5125654767"", ""contractor_address2"": ""3690  FM 967"", ""contractor_city"": ""BUDA"", ""contractor_zip"": ""78610"", ""certificate_of_occupancy"": ""No""}",2026-05-03T10:54:27.275855+00:00
2026-052211 BP,New two story w/ covered porch 4 bed 3 bath single family home,2026-04-30T00:00:00+00:00,New,Building Permit,0.0,David Weekley Homes (MAIN),Active,6310 ROTUNDA VW,78747,Residential,5128218885,https://abc.austintexas.gov/web/permit/public-search-other?t_detail=1&t_selected_folderrsn=13694208,2026-04-30T00:00:00+00:00,"{""permittype"": ""BP"", ""permit_type_desc"": ""Building Permit"", ""permit_number"": ""2026-052211 BP"", ""permit_class_mapped"": ""Residential"", ""permit_class"": ""R- 101 Single Family Houses"", ""work_class"": ""New"", ""condominium"": ""No"", ""permit_location"": ""6310 ROTUNDA VW"", ""description"": ""New two story w/ covered porch 4 bed 3 bath single family home"", ""tcad_id"": ""0440010606"", ""legal_description"": ""GOODNIGHT RANCH PHS 2 EAST SEC 2 BLK G LOT 6"", ""applieddate"": ""2026-04-03T00:00:00.000"", ""issue_date"": ""2026-04-30T00:00:00.000"", ""day_issued"": ""THURSDAY"", ""calendar_year_issued"": ""2026"", ""fiscal_year_issued"": ""2026"", ""issued_in_last_30_days"": ""Yes"", ""issue_method"": ""Permit Center"", ""status_current"": ""Active"", ""statusdate"": ""2026-04-30T00:00:00.000"", ""expiresdate"": ""2026-10-28T00:00:00.000"", ""total_new_add_sqft"": ""3281"", ""total_job_valuation"": ""0"", ""number_of_floors"": ""2"", ""housing_units"": ""1"", ""original_address1"": ""6310 ROTUNDA VW"", ""original_city"": ""AUSTIN"", ""original_state"": ""TX"", ""original_zip"": ""78747"", ""council_district"": ""2"", ""jurisdiction"": ""AUSTIN FULL PURPOSE"", ""link"": {""url"": ""https://abc.austintexas.gov/web/permit/public-search-other?t_detail=1&t_selected_folderrsn=13694208""}, ""project_id"": ""13694208"", ""masterpermitnum"": ""13680628"", ""contractor_trade"": ""General Contractor"", ""contractor_company_name"": ""David Weekley Homes (MAIN)"", ""contractor_full_name"": ""Robin Campbell"", ""contractor_phone"": ""5128218885"", ""contractor_address2"": ""9000  Waterf"", ""contractor_city"": ""AUSTIN"", ""contractor_zip"": ""78758"", ""applicant_full_name"": ""Robin Campbell"", ""applicant_org"": ""David Weekley Homes (MAIN)"", ""applicant_phone"": ""5128218885"", ""applicant_address2"": ""9000  Waterf"", ""applicant_city"": ""AUSTIN"", ""applicantzip"": ""78758"", ""certificate_of_occupancy"": ""Yes"", ""total_lot_sq_ft"": ""4000""}",2026-05-03T10:54:27.275855+00:00
2026-051268 PP,New construction of 2-story single family residence with rear patio two car garage  5 bedroom 3 bathroom.,2026-04-30T00:00:00+00:00,New,Plumbing Permit,,Victory Plumbing Company,Active,10905 TALLSALT DR,78754,Residential,5129907200,https://abc.austintexas.gov/web/permit/public-search-other?t_detail=1&t_selected_folderrsn=13693209,2026-04-30T00:00:00+00:00,"{""permittype"": ""PP"", ""permit_type_desc"": ""Plumbing Permit"", ""permit_number"": ""2026-051268 PP"", ""permit_class_mapped"": ""Residential"", ""permit_class"": ""R- 101 Single Family Houses"", ""work_class"": ""New"", ""condominium"": ""No"", ""permit_location"": ""10905 TALLSALT DR"", ""description"": ""New construction of 2-story single family residence with rear patio two car garage  5 bedroom 3 bathroom."", ""tcad_id"": ""0237380715"", ""applieddate"": ""2026-03-19T00:00:00.000"", ""issue_date"": ""2026-04-30T00:00:00.000"", ""day_issued"": ""THURSDAY"", ""calendar_year_issued"": ""2026"", ""fiscal_year_issued"": ""2026"", ""issued_in_last_30_days"": ""Yes"", ""issue_method"": ""Permit Center"", ""status_current"": ""Active"", ""statusdate"": ""2026-04-30T00:00:00.000"", ""expiresdate"": ""2026-10-27T00:00:00.000"", ""total_new_add_sqft"": ""1946"", ""number_of_floors"": ""2"", ""housing_units"": ""1"", ""original_address1"": ""10905 TALLSALT DR"", ""original_city"": ""AUSTIN"", ""original_state"": ""TX"", ""original_zip"": ""78754"", ""council_district"": ""1"", ""jurisdiction"": ""AUSTIN FULL PURPOSE"", ""link"": {""url"": ""https://abc.austintexas.gov/web/permit/public-search-other?t_detail=1&t_selected_folderrsn=13693209""}, ""project_id"": ""13693209"", ""masterpermitnum"": ""13693204"", ""contractor_trade"": ""Plumbing Contractor"", ""contractor_company_name"": ""Victory Plumbing Company"", ""contractor_full_name"": ""Randolph Taylor"", ""contractor_phone"": ""5129907200"", ""contractor_address2"": ""1175  Countr"", ""contractor_city"": ""HUTTO"", ""contractor_zip"": ""78634"", ""certificate_of_occupancy"": ""No""}",2026-05-03T10:54:27.275855+00:00
2026-046895 EP,Request for disconnect and reconnect. Making repairs to a damaged pedestal only replacing like for like pedestal.  Neutral bar melted on existing pede,2026-04-30T00:00:00+00:00,Repair,Electrical Permit,,Trutec Electric,Active,9 LA POSADA DR,78744,Residential,5126450679,https://abc.austintexas.gov/web/permit/public-search-other?t_detail=1&t_selected_folderrsn=13688009,2026-04-30T00:00:00+00:00,"{""permittype"": ""EP"", ""permit_type_desc"": ""Electrical Permit"", ""permit_number"": ""2026-046895 EP"", ""permit_class_mapped"": ""Residential"", ""permit_class"": ""Residential"", ""work_class"": ""Repair"", ""condominium"": ""No"", ""permit_location"": ""9 LA POSADA DR"", ""description"": ""Request for disconnect and reconnect. Making repairs to a damaged pedestal only replacing like for like pedestal.  Neutral bar melted on existing pede"", ""tcad_id"": ""0312200303"", ""legal_description"": ""ABS 24 DELVALLE S ACR 1.43"", ""applieddate"": ""2026-04-16T00:00:00.000"", ""issue_date"": ""2026-04-30T00:00:00.000"", ""day_issued"": ""THURSDAY"", ""calendar_year_issued"": ""2026"", ""fiscal_year_issued"": ""2026"", ""issued_in_last_30_days"": ""Yes"", ""issue_method"": ""Permit Center"", ""status_current"": ""Active"", ""statusdate"": ""2026-04-30T00:00:00.000"", ""expiresdate"": ""2026-10-27T00:00:00.000"", ""remodel_repair_sqft"": ""0"", ""number_of_floors"": ""1"", ""housing_units"": ""1"", ""electrical_valuation_remodel"": ""5000"", ""original_address1"": ""9 LA POSADA DR"", ""original_city"": ""AUSTIN"", ""original_state"": ""TX"", ""original_zip"": ""78744"", ""council_district"": ""2"", ""jurisdiction"": ""AUSTIN FULL PURPOSE"", ""link"": {""url"": ""https://abc.austintexas.gov/web/permit/public-search-other?t_detail=1&t_selected_folderrsn=13688009""}, ""project_id"": ""13688009"", ""contractor_trade"": ""Electrical Contractor"", ""contractor_company_name"": ""Trutec Electric"", ""contractor_full_name"": ""Daniel Perez"", ""contractor_phone"": ""5126450679"", ""contractor_address2"": ""2505 E 6TH S"", ""contractor_city"": ""AUSTIN"", ""contractor_zip"": ""78702-____"", ""certificate_of_occupancy"": ""No""}",2026-05-03T10:54:27.275855+00:00
2026-052714 MP,Replacement of complete existing central heat and air system with or without duct work,2026-04-30T00:00:00+00:00,Change Out,Mechanical Permit,,McCullough Heating & Air,Active,2202 HOMEDALE DR BLDG B,78704,Residential,5122800011,https://abc.austintexas.gov/web/permit/public-search-other?t_detail=1&t_selected_folderrsn=13694767,2026-04-30T00:00:00+00:00,"{""permittype"": ""MP"", ""permit_type_desc"": ""Mechanical Permit"", ""permit_number"": ""2026-052714 MP"", ""permit_class_mapped"": ""Residential"", ""permit_class"": ""Residential"", ""work_class"": ""Change Out"", ""permit_location"": ""2202 HOMEDALE DR BLDG B"", ""description"": ""Replacement of complete existing central heat and air system with or without duct work"", ""tcad_id"": ""0101110514"", ""legal_description"": ""UNT 1 BLD A HOMEDALE CONDOMINIUMS"", ""applieddate"": ""2026-04-28T00:00:00.000"", ""issue_date"": ""2026-04-30T00:00:00.000"", ""day_issued"": ""THURSDAY"", ""calendar_year_issued"": ""2026"", ""fiscal_year_issued"": ""2026"", ""issued_in_last_30_days"": ""Yes"", ""issue_method"": ""Permit Center"", ""status_current"": ""Active"", ""statusdate"": ""2026-04-30T00:00:00.000"", ""expiresdate"": ""2026-10-27T00:00:00.000"", ""original_address1"": ""2202 HOMEDALE DR BLDG B"", ""original_city"": ""AUSTIN"", ""original_state"": ""TX"", ""original_zip"": ""78704"", ""council_district"": ""5"", ""jurisdiction"": ""AUSTIN FULL PURPOSE"", ""link"": {""url"": ""https://abc.austintexas.gov/web/permit/public-search-other?t_detail=1&t_selected_folderrsn=13694767""}, ""project_id"": ""13694767"", ""latitude"": ""30.2537335"", ""longitude"": ""-97.78411904"", ""location"": {""latitude"": ""30.2537335"", ""longitude"": ""-97.78411904"", ""human_address"": ""{\""address\"": \""\"", \""city\"": \""\"", \""state\"": \""\"", \""zip\"": \""\""}""}, ""contractor_trade"": ""Mechanical Contractor"", ""contractor_company_name"": ""McCullough Heating & Air"", ""contractor_full_name"": ""Albert D'Andrea"", ""contractor_phone"": ""5122800011"", ""contractor_address2"": ""2620  BUELL"", ""contractor_city"": ""AUSTIN"", ""contractor_zip"": ""78757""}",2026-05-03T10:54:27.275855+00:00
2026-053298 PP,Replacement of an existing water heater swap out/ install new water heater in closet in garage.,2026-04-30T00:00:00+00:00,Change Out,Plumbing Permit,,Mr. Rooter Plumbing,Active,1717 DEERFIELD DR,78741,Residential,5125804224,https://abc.austintexas.gov/web/permit/public-search-other?t_detail=1&t_selected_folderrsn=13695399,2026-04-30T00:00:00+00:00,"{""permittype"": ""PP"", ""permit_type_desc"": ""Plumbing Permit"", ""permit_number"": ""2026-053298 PP"", ""permit_class_mapped"": ""Residential"", ""permit_class"": ""Residential"", ""work_class"": ""Change Out"", ""permit_location"": ""1717 DEERFIELD DR"", ""description"": ""Replacement of an existing water heater swap out/ install new water heater in closet in garage."", ""tcad_id"": ""0304040411"", ""legal_description"": ""LOT 22 BLK D FAWN RIDGE SEC 1"", ""applieddate"": ""2026-04-29T00:00:00.000"", ""issue_date"": ""2026-04-30T00:00:00.000"", ""day_issued"": ""THURSDAY"", ""calendar_year_issued"": ""2026"", ""fiscal_year_issued"": ""2026"", ""issued_in_last_30_days"": ""Yes"", ""issue_method"": ""Permit Center"", ""status_current"": ""Active"", ""statusdate"": ""2026-04-30T00:00:00.000"", ""expiresdate"": ""2026-10-27T00:00:00.000"", ""original_address1"": ""1717 DEERFIELD DR"", ""original_city"": ""AUSTIN"", ""original_state"": ""TX"", ""original_zip"": ""78741"", ""council_district"": ""9"", ""jurisdiction"": ""AUSTIN FULL PURPOSE"", ""link"": {""url"": ""https://abc.austintexas.gov/web/permit/public-search-other?t_detail=1&t_selected_folderrsn=13695399""}, ""project_id"": ""13695399"", ""latitude"": ""30.23707261"", ""longitude"": ""-97.73500338"", ""location"": {""latitude"": ""30.23707261"", ""longitude"": ""-97.73500338"", ""human_address"": ""{\""address\"": \""\"", \""city\"": \""\"", \""state\"": \""\"", \""zip\"": \""\""}""}, ""contractor_trade"": ""Plumbing Contractor"", ""contractor_company_name"": ""Mr. Rooter Plumbing"", ""contractor_full_name"": ""Brett Bidwell"", ""contractor_phone"": ""5125804224"", ""contractor_address2"": ""12201  Roxie"", ""contractor_city"": ""Austin"", ""contractor_zip"": ""78729-____""}",2026-05-03T10:54:27.275855+00:00
2022-132334 MP,ePlan: Expedited Review - Finish Out of  Level 5 of a 6-Story Mixed Use Multi-Family Bldgs. (25399 SF),2026-04-30T00:00:00+00:00,Remodel,Mechanical Permit,,"Truform Metalservice, Inc.",Active,300 PRESSLER ST,78703,Commercial,5122581675,https://abc.austintexas.gov/web/permit/public-search-other?t_detail=1&t_selected_folderrsn=13009070,2026-04-30T00:00:00+00:00,"{""permittype"": ""MP"", ""permit_type_desc"": ""Mechanical Permit"", ""permit_number"": ""2022-132334 MP"", ""permit_class_mapped"": ""Commercial"", ""permit_class"": ""C-1001 Commercial Finish Out"", ""work_class"": ""Remodel"", ""condominium"": ""No"", ""permit_location"": ""300 PRESSLER ST"", ""description"": ""ePlan: Expedited Review - Finish Out of  Level 5 of a 6-Story Mixed Use Multi-Family Bldgs. (25399 SF)"", ""tcad_id"": ""0107030108"", ""legal_description"": "".309 AC OF OLT 11 DIVISION Z"", ""applieddate"": ""2022-06-01T00:00:00.000"", ""issue_date"": ""2026-04-30T00:00:00.000"", ""day_issued"": ""THURSDAY"", ""calendar_year_issued"": ""2026"", ""fiscal_year_issued"": ""2026"", ""issued_in_last_30_days"": ""Yes"", ""issue_method"": ""Permit Center"", ""status_current"": ""Active"", ""statusdate"": ""2026-04-30T00:00:00.000"", ""expiresdate"": ""2026-10-27T00:00:00.000"", ""remodel_repair_sqft"": ""25399"", ""number_of_floors"": ""1"", ""housing_units"": ""24"", ""original_address1"": ""300 PRESSLER ST"", ""original_city"": ""AUSTIN"", ""original_state"": ""TX"", ""original_zip"": ""78703"", ""council_district"": ""9"", ""jurisdiction"": ""AUSTIN FULL PURPOSE"", ""link"": {""url"": ""https://abc.austintexas.gov/web/permit/public-search-other?t_detail=1&t_selected_folderrsn=13009070""}, ""project_id"": ""13009070"", ""masterpermitnum"": ""13008501"", ""latitude"": ""30.27166234"", ""longitude"": ""-97.76166172"", ""location"": {""latitude"": ""30.27166234"", ""longitude"": ""-97.76166172"", ""human_address"": ""{\""address\"": \""\"", \""city\"": \""\"", \""state\"": \""\"", \""zip\"": \""\""}""}, ""contractor_trade"": ""Mechanical Contractor"", ""contractor_company_name"": ""Truform Metalservice, Inc."", ""contractor_full_name"": ""Steven Allen Lane"", ""contractor_phone"": ""5122581675"", ""contractor_address1"": ""P. O. BOX 20"", ""contractor_address2"": ""AUSTIN TX  7"", ""contractor_city"": ""Austin"", ""contractor_zip"": ""78729"", ""certificate_of_occupancy"": ""No""}",2026-05-03T10:54:27.275855+00:00
2026-052450 MP,Replacement of mini-split system Install replacement of 12k BTU Mini-split system,2026-04-30T00:00:00+00:00,Change Out,Mechanical Permit,,Radiant Plumbing and Air Conditioning,Active,2103 ELTON LN,78703,Residential,5126904935,https://abc.austintexas.gov/web/permit/public-search-other?t_detail=1&t_selected_folderrsn=13694492,2026-04-30T00:00:00+00:00,"{""permittype"": ""MP"", ""permit_type_desc"": ""Mechanical Permit"", ""permit_number"": ""2026-052450 MP"", ""permit_class_mapped"": ""Residential"", ""permit_class"": ""Residential"", ""work_class"": ""Change Out"", ""permit_location"": ""2103 ELTON LN"", ""description"": ""Replacement of mini-split system Install replacement of 12k BTU Mini-split system"", ""tcad_id"": ""0115040816"", ""legal_description"": ""LOT 42 TARRY TOWN PLACE"", ""applieddate"": ""2026-04-28T00:00:00.000"", ""issue_date"": ""2026-04-30T00:00:00.000"", ""day_issued"": ""THURSDAY"", ""calendar_year_issued"": ""2026"", ""fiscal_year_issued"": ""2026"", ""issued_in_last_30_days"": ""Yes"", ""issue_method"": ""Permit Center"", ""status_current"": ""Active"", ""statusdate"": ""2026-04-30T00:00:00.000"", ""expiresdate"": ""2026-10-27T00:00:00.000"", ""original_address1"": ""2103 ELTON LN"", ""original_city"": ""AUSTIN"", ""original_state"": ""TX"", ""original_zip"": ""78703"", ""council_district"": ""10"", ""jurisdiction"": ""AUSTIN FULL PURPOSE"", ""link"": {""url"": ""https://abc.austintexas.gov/web/permit/public-search-other?t_detail=1&t_selected_folderrsn=13694492""}, ""project_id"": ""13694492"", ""latitude"": ""30.29381109"", ""longitude"": ""-97.76606964"", ""location"": {""latitude"": ""30.29381109"", ""longitude"": ""-97.76606964"", ""human_address"": ""{\""address\"": \""\"", \""city\"": \""\"", \""state\"": \""\"", \""zip\"": \""\""}""}, ""contractor_trade"": ""Mechanical Contractor"", ""contractor_company_name"": ""Radiant Plumbing and Air Conditioning"", ""contractor_full_name"": ""James Price"", ""contractor_phone"": ""5126904935"", ""contractor_address2"": ""901  REINLI"", ""contractor_city"": ""AUSTIN"", ""contractor_zip"": ""78751-____""}",2026-05-03T10:54:27.275855+00:00
2026-052743 EP,homebuilder loop refer to 2026 - 045671 BP,2026-04-30T00:00:00+00:00,Homebuilder Loop,Electrical Permit,,"Austin Lanehart Electric Co., Inc.",Final,1406 CORSAC WAY,78758,Residential,5122885373,https://abc.austintexas.gov/web/permit/public-search-other?t_detail=1&t_selected_folderrsn=13694798,2026-05-01T00:00:00+00:00,"{""permittype"": ""EP"", ""permit_type_desc"": ""Electrical Permit"", ""permit_number"": ""2026-052743 EP"", ""permit_class_mapped"": ""Residential"", ""permit_class"": ""Residential"", ""work_class"": ""Homebuilder Loop"", ""permit_location"": ""1406 CORSAC WAY"", ""description"": ""homebuilder loop refer to 2026 - 045671 BP"", ""tcad_id"": ""0258181214"", ""legal_description"": ""CEARLEY COMMUNITY SUBD BLK C LOT 13"", ""applieddate"": ""2026-04-28T00:00:00.000"", ""issue_date"": ""2026-04-30T00:00:00.000"", ""day_issued"": ""THURSDAY"", ""calendar_year_issued"": ""2026"", ""fiscal_year_issued"": ""2026"", ""issued_in_last_30_days"": ""Yes"", ""issue_method"": ""Permit Center"", ""status_current"": ""Final"", ""statusdate"": ""2026-05-01T00:00:00.000"", ""expiresdate"": ""2026-05-01T00:00:00.000"", ""completed_date"": ""2026-05-01T00:00:00.000"", ""original_address1"": ""1406 CORSAC WAY"", ""original_city"": ""AUSTIN"", ""original_state"": ""TX"", ""original_zip"": ""78758"", ""council_district"": ""7"", ""jurisdiction"": ""AUSTIN FULL PURPOSE"", ""link"": {""url"": ""https://abc.austintexas.gov/web/permit/public-search-other?t_detail=1&t_selected_folderrsn=13694798""}, ""project_id"": ""13694798"", ""contractor_trade"": ""Electrical Contractor"", ""contractor_company_name"": ""Austin Lanehart Electric Co., Inc."", ""contractor_full_name"": ""John Lanehart"", ""contractor_phone"": ""5122885373"", ""contractor_address2"": ""2611  Howard"", ""contractor_city"": ""Austin"", ""contractor_zip"": ""78728""}",2026-05-03T10:54:27.275855+00:00
2026-051587 BP,Replacement of roof.,2026-04-30T00:00:00+00:00,Remodel,Building Permit,,"Foundation Specialists, Inc",Active,8527 N CAPITAL OF TEXAS HWY NB BLDG 8533,78759,Commercial,7137695994,https://abc.austintexas.gov/web/permit/public-search-other?t_detail=1&t_selected_folderrsn=13693537,2026-04-30T00:00:00+00:00,"{""permittype"": ""BP"", ""permit_type_desc"": ""Building Permit"", ""permit_number"": ""2026-051587 BP"", ""permit_class_mapped"": ""Commercial"", ""permit_class"": ""C-1000 Commercial Remodel"", ""work_class"": ""Remodel"", ""condominium"": ""No"", ""permit_location"": ""8527 N CAPITAL OF TEXAS HWY NB BLDG 8533"", ""description"": ""Replacement of roof."", ""tcad_id"": ""0150050125"", ""legal_description"": ""LOT 1 SPICE FOREST"", ""applieddate"": ""2026-04-27T00:00:00.000"", ""issue_date"": ""2026-04-30T00:00:00.000"", ""day_issued"": ""THURSDAY"", ""calendar_year_issued"": ""2026"", ""fiscal_year_issued"": ""2026"", ""issued_in_last_30_days"": ""Yes"", ""issue_method"": ""Permit Center"", ""status_current"": ""Active"", ""statusdate"": ""2026-04-30T00:00:00.000"", ""expiresdate"": ""2026-10-28T00:00:00.000"", ""remodel_repair_sqft"": ""4616"", ""total_valuation_remodel"": ""0"", ""number_of_floors"": ""1"", ""housing_units"": ""1"", ""building_valuation_remodel"": ""0"", ""electrical_valuation_remodel"": ""0"", ""mechanical_valuation_remodel"": ""0"", ""plumbing_valuation_remodel"": ""0"", ""medgas_valuation_remodel"": ""0"", ""original_address1"": ""8527 N CAPITAL OF TEXAS HWY NB BLDG 8533"", ""original_city"": ""AUSTIN"", ""original_state"": ""TX"", ""original_zip"": ""78759"", ""council_district"": ""10"", ""jurisdiction"": ""AUSTIN FULL PURPOSE"", ""link"": {""url"": ""https://abc.austintexas.gov/web/permit/public-search-other?t_detail=1&t_selected_folderrsn=13693537""}, ""project_id"": ""13693537"", ""masterpermitnum"": ""13693530"", ""latitude"": ""30.38609729"", ""longitude"": ""-97.76435808"", ""location"": {""latitude"": ""30.38609729"", ""longitude"": ""-97.76435808"", ""human_address"": ""{\""address\"": \""\"", \""city\"": \""\"", \""state\"": \""\"", \""zip\"": \""\""}""}, ""contractor_trade"": ""General Contractor"", ""contractor_company_name"": ""Foundation Specialists, Inc"", ""contractor_full_name"": ""Amber Whitaker"", ""contractor_phone"": ""7137695994"", ""contractor_address2"": ""4224 W Sam H"", ""contractor_city"": ""Houston"", ""contractor_zip"": ""77041-____"", ""applicant_full_name"": ""Amber Whitaker"", ""applicant_org"": ""Foundation Specialists, Inc"", ""applicant_phone"": ""7137695994"", ""applicant_address2"": ""4224 W Sam H"", ""applicant_city"": ""Houston"", ""applicantzip"": ""77041-____"", ""certificate_of_occupancy"": ""No""}",2026-05-03T10:54:27.275855+00:00
2026-051801 EP,Installation of a 200A Service-Rated Automatic Transfer Switch 28kW whole home generator additional grounding and type 2 surge protection,2026-04-30T00:00:00+00:00,Repair,Electrical Permit,,Nomic Energy LLC DBA Nomic Power Solutions,Active,7316 TURNBUOY DR,78730,Residential,5123874232,https://abc.austintexas.gov/web/permit/public-search-other?t_detail=1&t_selected_folderrsn=13693770,2026-04-30T00:00:00+00:00,"{""permittype"": ""EP"", ""permit_type_desc"": ""Electrical Permit"", ""permit_number"": ""2026-051801 EP"", ""permit_class_mapped"": ""Residential"", ""permit_class"": ""Residential"", ""work_class"": ""Repair"", ""condominium"": ""No"", ""permit_location"": ""7316 TURNBUOY DR"", ""description"": ""Installation of a 200A Service-Rated Automatic Transfer Switch 28kW whole home generator additional grounding and type 2 surge protection"", ""tcad_id"": ""0133210506"", ""legal_description"": ""LOT 5 BLK 4 GREENSHORES ON LAKE AUSTIN PHS 3"", ""applieddate"": ""2026-04-27T00:00:00.000"", ""issue_date"": ""2026-04-30T00:00:00.000"", ""day_issued"": ""THURSDAY"", ""calendar_year_issued"": ""2026"", ""fiscal_year_issued"": ""2026"", ""issued_in_last_30_days"": ""Yes"", ""issue_method"": ""Permit Center"", ""status_current"": ""Active"", ""statusdate"": ""2026-04-30T00:00:00.000"", ""expiresdate"": ""2026-10-27T00:00:00.000"", ""remodel_repair_sqft"": ""0"", ""number_of_floors"": ""1"", ""housing_units"": ""1"", ""electrical_valuation_remodel"": ""1500"", ""original_address1"": ""7316 TURNBUOY DR"", ""original_city"": ""AUSTIN"", ""original_state"": ""TX"", ""original_zip"": ""78730"", ""council_district"": ""10"", ""jurisdiction"": ""AUSTIN LTD"", ""link"": {""url"": ""https://abc.austintexas.gov/web/permit/public-search-other?t_detail=1&t_selected_folderrsn=13693770""}, ""project_id"": ""13693770"", ""latitude"": ""30.3448733"", ""longitude"": ""-97.82244215"", ""location"": {""latitude"": ""30.3448733"", ""longitude"": ""-97.82244215"", ""human_address"": ""{\""address\"": \""\"", \""city\"": \""\"", \""state\"": \""\"", \""zip\"": \""\""}""}, ""contractor_trade"": ""Electrical Contractor"", ""contractor_company_name"": ""Nomic Energy LLC DBA Nomic Power Solutions"", ""contractor_full_name"": ""Secoya Rittenberry"", ""contractor_phone"": ""5123874232"", ""contractor_address2"": ""404  POWER L"", ""contractor_city"": ""AUSTIN"", ""contractor_zip"": ""78753-____"", ""certificate_of_occupancy"": ""No""}",2026-05-03T10:54:27.275855+00:00
2026-053429 MP,"Addition and remodel

Remodel of exist main level demo of unpermitted concrete patio and patio cover in its entirety existing wood patio in its entire",2026-04-30T00:00:00+00:00,Addition and Remodel,Mechanical Permit,,Ventura Innovations LLC,Active,6016 MORNING DEW DR,78749,Residential,5127576445,https://abc.austintexas.gov/web/permit/public-search-other?t_detail=1&t_selected_folderrsn=13695555,2026-04-30T00:00:00+00:00,"{""permittype"": ""MP"", ""permit_type_desc"": ""Mechanical Permit"", ""permit_number"": ""2026-053429 MP"", ""permit_class_mapped"": ""Residential"", ""permit_class"": ""R- 434 Addition & Alterations"", ""work_class"": ""Addition and Remodel"", ""condominium"": ""No"", ""permit_location"": ""6016 MORNING DEW DR"", ""description"": ""Addition and remodel\n\nRemodel of exist main level demo of unpermitted concrete patio and patio cover in its entirety existing wood patio in its entire"", ""tcad_id"": ""0408280507"", ""legal_description"": ""LOT 13 BLK C WESTCREEK SEC 2"", ""applieddate"": ""2026-02-26T00:00:00.000"", ""issue_date"": ""2026-04-30T00:00:00.000"", ""day_issued"": ""THURSDAY"", ""calendar_year_issued"": ""2026"", ""fiscal_year_issued"": ""2026"", ""issued_in_last_30_days"": ""Yes"", ""issue_method"": ""Permit Center"", ""status_current"": ""Active"", ""statusdate"": ""2026-04-30T00:00:00.000"", ""expiresdate"": ""2026-10-28T00:00:00.000"", ""total_existing_bldg_sqft"": ""3672"", ""remodel_repair_sqft"": ""1073"", ""total_new_add_sqft"": ""773"", ""number_of_floors"": ""2"", ""housing_units"": ""1"", ""original_address1"": ""6016 MORNING DEW DR"", ""original_city"": ""AUSTIN"", ""original_state"": ""TX"", ""original_zip"": ""78749"", ""council_district"": ""8"", ""jurisdiction"": ""AUSTIN FULL PURPOSE"", ""link"": {""url"": ""https://abc.austintexas.gov/web/permit/public-search-other?t_detail=1&t_selected_folderrsn=13695555""}, ""project_id"": ""13695555"", ""masterpermitnum"": ""13695547"", ""latitude"": ""30.23335918"", ""longitude"": ""-97.84793071"", ""location"": {""latitude"": ""30.23335918"", ""longitude"": ""-97.84793071"", ""human_address"": ""{\""address\"": \""\"", \""city\"": \""\"", \""state\"": \""\"", \""zip\"": \""\""}""}, ""contractor_trade"": ""Mechanical Contractor"", ""contractor_company_name"": ""Ventura Innovations LLC"", ""contractor_full_name"": ""Adrian Salazar"", ""contractor_phone"": ""5127576445"", ""contractor_address2"": ""1091  LEADTR"", ""contractor_city"": ""BUDA"", ""contractor_zip"": ""78610-____"", ""certificate_of_occupancy"": ""No""}",2026-05-03T10:54:27.275855+00:00
2026-030100 EP,ePlan: Commercial Expedited Review - New Construction of Argon Bulk Tank Enclosure Fence.,2026-04-30T00:00:00+00:00,New,Electrical Permit,,Exceed Electrical Contracting LLC,Active,712 E HUNTLAND DR,78752,Commercial,3037203678,https://abc.austintexas.gov/web/permit/public-search-other?t_detail=1&t_selected_folderrsn=13668878,2026-04-30T00:00:00+00:00,"{""permittype"": ""EP"", ""permit_type_desc"": ""Electrical Permit"", ""permit_number"": ""2026-030100 EP"", ""permit_class_mapped"": ""Commercial"", ""permit_class"": ""C- 329 Com Structures Other Than Bldg"", ""work_class"": ""New"", ""condominium"": ""No"", ""permit_location"": ""712 E HUNTLAND DR"", ""description"": ""ePlan: Commercial Expedited Review - New Construction of Argon Bulk Tank Enclosure Fence."", ""tcad_id"": ""0230130105"", ""legal_description"": ""5.8210 AC OF LOT 3A-3B FIVE POINT NINE TWO LTD SUBD (PRORATE 01/01/2024 - 08/15/2024)"", ""applieddate"": ""2025-12-05T00:00:00.000"", ""issue_date"": ""2026-04-30T00:00:00.000"", ""day_issued"": ""THURSDAY"", ""calendar_year_issued"": ""2026"", ""fiscal_year_issued"": ""2026"", ""issued_in_last_30_days"": ""Yes"", ""issue_method"": ""Permit Center"", ""status_current"": ""Active"", ""statusdate"": ""2026-04-30T00:00:00.000"", ""expiresdate"": ""2026-09-13T00:00:00.000"", ""total_new_add_sqft"": ""78"", ""number_of_floors"": ""1"", ""housing_units"": ""1"", ""electrical_valuation"": ""1"", ""original_address1"": ""712 E HUNTLAND DR"", ""original_city"": ""AUSTIN"", ""original_state"": ""TX"", ""original_zip"": ""78752"", ""council_district"": ""4"", ""jurisdiction"": ""AUSTIN FULL PURPOSE"", ""link"": {""url"": ""https://abc.austintexas.gov/web/permit/public-search-other?t_detail=1&t_selected_folderrsn=13668878""}, ""project_id"": ""13668878"", ""masterpermitnum"": ""13668843"", ""latitude"": ""30.33071542"", ""longitude"": ""-97.70634623"", ""location"": {""latitude"": ""30.33071542"", ""longitude"": ""-97.70634623"", ""human_address"": ""{\""address\"": \""\"", \""city\"": \""\"", \""state\"": \""\"", \""zip\"": \""\""}""}, ""contractor_trade"": ""Electrical Contractor"", ""contractor_company_name"": ""Exceed Electrical Contracting LLC"", ""contractor_full_name"": ""Aaron Nunez"", ""contractor_phone"": ""3037203678"", ""contractor_address2"": ""7827  W 108t"", ""contractor_city"": ""Westiminster"", ""contractor_zip"": ""80021-____"", ""certificate_of_occupancy"": ""No""}",2026-05-03T10:54:27.275855+00:00
2026-052738 EP,homebuilder loop refer to 2026 - 039664 BP,2026-04-30T00:00:00+00:00,Homebuilder Loop,Electrical Permit,,"Austin Lanehart Electric Co., Inc.",Final,1505 CORSAC WAY,78758,Residential,5122885373,https://abc.austintexas.gov/web/permit/public-search-other?t_detail=1&t_selected_folderrsn=13694793,2026-05-01T00:00:00+00:00,"{""permittype"": ""EP"", ""permit_type_desc"": ""Electrical Permit"", ""permit_number"": ""2026-052738 EP"", ""permit_class_mapped"": ""Residential"", ""permit_class"": ""Residential"", ""work_class"": ""Homebuilder Loop"", ""permit_location"": ""1505 CORSAC WAY"", ""description"": ""homebuilder loop refer to 2026 - 039664 BP"", ""tcad_id"": ""0258181325"", ""legal_description"": ""CEARLEY COMMUNITY SUBD BLK E LOT 3"", ""applieddate"": ""2026-04-28T00:00:00.000"", ""issue_date"": ""2026-04-30T00:00:00.000"", ""day_issued"": ""THURSDAY"", ""calendar_year_issued"": ""2026"", ""fiscal_year_issued"": ""2026"", ""issued_in_last_30_days"": ""Yes"", ""issue_method"": ""Permit Center"", ""status_current"": ""Final"", ""statusdate"": ""2026-05-01T00:00:00.000"", ""expiresdate"": ""2026-05-01T00:00:00.000"", ""completed_date"": ""2026-05-01T00:00:00.000"", ""original_address1"": ""1505 CORSAC WAY"", ""original_city"": ""AUSTIN"", ""original_state"": ""TX"", ""original_zip"": ""78758"", ""council_district"": ""7"", ""jurisdiction"": ""AUSTIN FULL PURPOSE"", ""link"": {""url"": ""https://abc.austintexas.gov/web/permit/public-search-other?t_detail=1&t_selected_folderrsn=13694793""}, ""project_id"": ""13694793"", ""contractor_trade"": ""Electrical Contractor"", ""contractor_company_name"": ""Austin Lanehart Electric Co., Inc."", ""contractor_full_name"": ""John Lanehart"", ""contractor_phone"": ""5122885373"", ""contractor_address2"": ""2611  Howard"", ""contractor_city"": ""Austin"", ""contractor_zip"": ""78728""}",2026-05-03T10:54:27.275855+00:00
2026-053377 BP,"New construction of single family dwelling with 4 bedrooms and 3.5 baths 2 car garage rear patio and front porch

PUD",2026-04-30T00:00:00+00:00,New,Building Permit,0.0,Perry Homes LLC,Active,8215 ELIJAH CRAIG WAY,78744,Residential,7372006189,https://abc.austintexas.gov/web/permit/public-search-other?t_detail=1&t_selected_folderrsn=13695489,2026-04-30T00:00:00+00:00,"{""permittype"": ""BP"", ""permit_type_desc"": ""Building Permit"", ""permit_number"": ""2026-053377 BP"", ""permit_class_mapped"": ""Residential"", ""permit_class"": ""R- 101 Single Family Houses"", ""work_class"": ""New"", ""condominium"": ""No"", ""permit_location"": ""8215 ELIJAH CRAIG WAY"", ""description"": ""New construction of single family dwelling with 4 bedrooms and 3.5 baths 2 car garage rear patio and front porch\n\nPUD"", ""tcad_id"": ""0336061310"", ""legal_description"": ""SKYLINE 2D PHS 3 BLK B LOT 15"", ""applieddate"": ""2026-03-03T00:00:00.000"", ""issue_date"": ""2026-04-30T00:00:00.000"", ""day_issued"": ""THURSDAY"", ""calendar_year_issued"": ""2026"", ""fiscal_year_issued"": ""2026"", ""issued_in_last_30_days"": ""Yes"", ""issue_method"": ""Permit Center"", ""status_current"": ""Active"", ""statusdate"": ""2026-04-30T00:00:00.000"", ""expiresdate"": ""2026-10-28T00:00:00.000"", ""total_new_add_sqft"": ""2974"", ""total_job_valuation"": ""0"", ""number_of_floors"": ""2"", ""housing_units"": ""1"", ""original_address1"": ""8215 ELIJAH CRAIG WAY"", ""original_city"": ""AUSTIN"", ""original_state"": ""TX"", ""original_zip"": ""78744"", ""council_district"": ""2"", ""jurisdiction"": ""AUSTIN LTD"", ""link"": {""url"": ""https://abc.austintexas.gov/web/permit/public-search-other?t_detail=1&t_selected_folderrsn=13695489""}, ""project_id"": ""13695489"", ""masterpermitnum"": ""13663823"", ""contractor_trade"": ""General Contractor"", ""contractor_company_name"": ""Perry Homes LLC"", ""contractor_full_name"": ""Mark Moffatt"", ""contractor_phone"": ""7372006189"", ""contractor_address2"": ""1921  WEST S"", ""contractor_city"": ""NEW BRAUNFEL"", ""contractor_zip"": ""78132-____"", ""applicant_full_name"": ""Mark Moffatt"", ""applicant_org"": ""Perry Homes LLC"", ""applicant_phone"": ""7372006189"", ""applicant_address2"": ""1921  WEST S"", ""applicant_city"": ""NEW BRAUNFEL"", ""applicantzip"": ""78132-____"", ""certificate_of_occupancy"": ""Yes"", ""total_lot_sq_ft"": ""4931""}",2026-05-03T10:54:27.275855+00:00
2026-030092 EP,ePlan: Commercial Expedited Review -Interior Remodel to Existing office for Lab Spaces and Shared Facility Spaces to include Shipping and Receiving St,2026-04-30T00:00:00+00:00,Remodel,Electrical Permit,,Exceed Electrical Contracting LLC,Active,712 E HUNTLAND DR,78752,Commercial,3037203678,https://abc.austintexas.gov/web/permit/public-search-other?t_detail=1&t_selected_folderrsn=13668870,2026-04-30T00:00:00+00:00,"{""permittype"": ""EP"", ""permit_type_desc"": ""Electrical Permit"", ""permit_number"": ""2026-030092 EP"", ""permit_class_mapped"": ""Commercial"", ""permit_class"": ""C-1000 Commercial Remodel"", ""work_class"": ""Remodel"", ""condominium"": ""No"", ""permit_location"": ""712 E HUNTLAND DR"", ""description"": ""ePlan: Commercial Expedited Review -Interior Remodel to Existing office for Lab Spaces and Shared Facility Spaces to include Shipping and Receiving St"", ""tcad_id"": ""0230130105"", ""legal_description"": ""5.8210 AC OF LOT 3A-3B FIVE POINT NINE TWO LTD SUBD (PRORATE 01/01/2024 - 08/15/2024)"", ""applieddate"": ""2025-12-05T00:00:00.000"", ""issue_date"": ""2026-04-30T00:00:00.000"", ""day_issued"": ""THURSDAY"", ""calendar_year_issued"": ""2026"", ""fiscal_year_issued"": ""2026"", ""issued_in_last_30_days"": ""Yes"", ""issue_method"": ""Permit Center"", ""status_current"": ""Active"", ""statusdate"": ""2026-04-30T00:00:00.000"", ""expiresdate"": ""2026-09-13T00:00:00.000"", ""remodel_repair_sqft"": ""29252"", ""number_of_floors"": ""4"", ""housing_units"": ""1"", ""electrical_valuation_remodel"": ""100"", ""original_address1"": ""712 E HUNTLAND DR"", ""original_city"": ""AUSTIN"", ""original_state"": ""TX"", ""original_zip"": ""78752"", ""council_district"": ""4"", ""jurisdiction"": ""AUSTIN FULL PURPOSE"", ""link"": {""url"": ""https://abc.austintexas.gov/web/permit/public-search-other?t_detail=1&t_selected_folderrsn=13668870""}, ""project_id"": ""13668870"", ""masterpermitnum"": ""13668835"", ""latitude"": ""30.33071542"", ""longitude"": ""-97.70634623"", ""location"": {""latitude"": ""30.33071542"", ""longitude"": ""-97.70634623"", ""human_address"": ""{\""address\"": \""\"", \""city\"": \""\"", \""state\"": \""\"", \""zip\"": \""\""}""}, ""contractor_trade"": ""Electrical Contractor"", ""contractor_company_name"": ""Exceed Electrical Contracting LLC"", ""contractor_full_name"": ""Aaron Nunez"", ""contractor_phone"": ""3037203678"", ""contractor_address2"": ""7827  W 108t"", ""contractor_city"": ""Westiminster"", ""contractor_zip"": ""80021-____"", ""certificate_of_occupancy"": ""No""}",2026-05-03T10:54:27.275855+00:00
2026-052431 MP,INSTALL NOTES: Replace 2.5 ton horizontal gas system with 3 ton horizontal gas Link system. Replace supply plenum. Install wireless remote soensor in,2026-04-30T00:00:00+00:00,Repair,Mechanical Permit,,Elite Heating and Air Conditioning LLC,Active,1904 MEADOWBROOK DR,78703,Residential,5126374237,https://abc.austintexas.gov/web/permit/public-search-other?t_detail=1&t_selected_folderrsn=13694470,2026-04-30T00:00:00+00:00,"{""permittype"": ""MP"", ""permit_type_desc"": ""Mechanical Permit"", ""permit_number"": ""2026-052431 MP"", ""permit_class_mapped"": ""Residential"", ""permit_class"": ""Residential"", ""work_class"": ""Repair"", ""condominium"": ""No"", ""permit_location"": ""1904 MEADOWBROOK DR"", ""description"": ""INSTALL NOTES: Replace 2.5 ton horizontal gas system with 3 ton horizontal gas Link system. Replace supply plenum. Install wireless remote soensor in"", ""tcad_id"": ""0116060708"", ""legal_description"": ""LOT B RAVEL & GERLING ADDN"", ""applieddate"": ""2026-04-28T00:00:00.000"", ""issue_date"": ""2026-04-30T00:00:00.000"", ""day_issued"": ""THURSDAY"", ""calendar_year_issued"": ""2026"", ""fiscal_year_issued"": ""2026"", ""issued_in_last_30_days"": ""Yes"", ""issue_method"": ""Permit Center"", ""status_current"": ""Active"", ""statusdate"": ""2026-04-30T00:00:00.000"", ""expiresdate"": ""2026-10-27T00:00:00.000"", ""remodel_repair_sqft"": ""0"", ""number_of_floors"": ""0"", ""housing_units"": ""0"", ""original_address1"": ""1904 MEADOWBROOK DR"", ""original_city"": ""AUSTIN"", ""original_state"": ""TX"", ""original_zip"": ""78703"", ""council_district"": ""10"", ""jurisdiction"": ""AUSTIN FULL PURPOSE"", ""link"": {""url"": ""https://abc.austintexas.gov/web/permit/public-search-other?t_detail=1&t_selected_folderrsn=13694470""}, ""project_id"": ""13694470"", ""latitude"": ""30.29553317"", ""longitude"": ""-97.77186188"", ""location"": {""latitude"": ""30.29553317"", ""longitude"": ""-97.77186188"", ""human_address"": ""{\""address\"": \""\"", \""city\"": \""\"", \""state\"": \""\"", \""zip\"": \""\""}""}, ""contractor_trade"": ""Mechanical Contractor"", ""contractor_company_name"": ""Elite Heating and Air Conditioning LLC"", ""contractor_full_name"": ""Kyle Bacon"", ""contractor_phone"": ""5126374237"", ""contractor_address2"": ""7101  BURLES"", ""contractor_city"": ""AUSTIN"", ""contractor_zip"": ""78744-____"", ""certificate_of_occupancy"": ""No""}",2026-05-03T10:54:27.275855+00:00
2024-082012 EP,Express: Repairs due to fire damage,2026-04-30T00:00:00+00:00,Repair,Electrical Permit,,R.B. ELECTRIC LLC,Active,1112 RED CLIFF DR,78758,Residential,5128444098,https://abc.austintexas.gov/web/permit/public-search-other?t_detail=1&t_selected_folderrsn=13353230,2026-04-30T00:00:00+00:00,"{""permittype"": ""EP"", ""permit_type_desc"": ""Electrical Permit"", ""permit_number"": ""2024-082012 EP"", ""permit_class_mapped"": ""Residential"", ""permit_class"": ""R- 435 Renovations/Remodel"", ""work_class"": ""Repair"", ""condominium"": ""No"", ""permit_location"": ""1112 RED CLIFF DR"", ""description"": ""Express: Repairs due to fire damage"", ""tcad_id"": ""0246160332"", ""legal_description"": ""LOT 1 BLK E QUAIL CREEK PHS IV SEC 1"", ""applieddate"": ""2024-07-01T00:00:00.000"", ""issue_date"": ""2026-04-30T00:00:00.000"", ""day_issued"": ""THURSDAY"", ""calendar_year_issued"": ""2026"", ""fiscal_year_issued"": ""2026"", ""issued_in_last_30_days"": ""Yes"", ""issue_method"": ""Permit Center"", ""status_current"": ""Active"", ""statusdate"": ""2026-04-30T00:00:00.000"", ""expiresdate"": ""2026-08-26T00:00:00.000"", ""remodel_repair_sqft"": ""1"", ""number_of_floors"": ""1"", ""housing_units"": ""1"", ""electrical_valuation_remodel"": ""1"", ""original_address1"": ""1112 RED CLIFF DR"", ""original_city"": ""AUSTIN"", ""original_state"": ""TX"", ""original_zip"": ""78758"", ""council_district"": ""4"", ""jurisdiction"": ""AUSTIN FULL PURPOSE"", ""link"": {""url"": ""https://abc.austintexas.gov/web/permit/public-search-other?t_detail=1&t_selected_folderrsn=13353230""}, ""project_id"": ""13353230"", ""masterpermitnum"": ""13353229"", ""latitude"": ""30.37545573"", ""longitude"": ""-97.69924008"", ""location"": {""latitude"": ""30.37545573"", ""longitude"": ""-97.69924008"", ""human_address"": ""{\""address\"": \""\"", \""city\"": \""\"", \""state\"": \""\"", \""zip\"": \""\""}""}, ""contractor_trade"": ""Electrical Contractor"", ""contractor_company_name"": ""R.B. ELECTRIC LLC"", ""contractor_full_name"": ""Rafael Bencomo"", ""contractor_phone"": ""5128444098"", ""contractor_address2"": ""3202  MOSSRO"", ""contractor_city"": ""AUSTIN"", ""contractor_zip"": ""78757"", ""certificate_of_occupancy"": ""No""}",2026-05-03T10:54:27.275855+00:00
2026-040405 EP,"New pre fabricated concrete pool and spa
Removing 121 sqft of existing Impervious cover from concrete walkway",2026-04-30T00:00:00+00:00,New,Electrical Permit,,McNeely Electric Inc,Active,12715 RIVER BND,78732,Residential,5125843238,https://abc.austintexas.gov/web/permit/public-search-other?t_detail=1&t_selected_folderrsn=13680690,2026-04-30T00:00:00+00:00,"{""permittype"": ""EP"", ""permit_type_desc"": ""Electrical Permit"", ""permit_number"": ""2026-040405 EP"", ""permit_class_mapped"": ""Residential"", ""permit_class"": ""R- 329 Res Structures Other Than Bldg"", ""work_class"": ""New"", ""condominium"": ""No"", ""permit_location"": ""12715 RIVER BND"", ""description"": ""New pre fabricated concrete pool and spa\nRemoving 121 sqft of existing Impervious cover from concrete walkway"", ""tcad_id"": ""0127580602"", ""legal_description"": ""LOT 38 LAKE AUSTIN VILLAGE"", ""applieddate"": ""2026-01-20T00:00:00.000"", ""issue_date"": ""2026-04-30T00:00:00.000"", ""day_issued"": ""THURSDAY"", ""calendar_year_issued"": ""2026"", ""fiscal_year_issued"": ""2026"", ""issued_in_last_30_days"": ""Yes"", ""issue_method"": ""Permit Center"", ""status_current"": ""Active"", ""statusdate"": ""2026-04-30T00:00:00.000"", ""expiresdate"": ""2026-10-28T00:00:00.000"", ""total_new_add_sqft"": ""219"", ""number_of_floors"": ""1"", ""housing_units"": ""1"", ""original_address1"": ""12715 RIVER BND"", ""original_city"": ""AUSTIN"", ""original_state"": ""TX"", ""original_zip"": ""78732"", ""council_district"": ""10"", ""jurisdiction"": ""AUSTIN LTD"", ""link"": {""url"": ""https://abc.austintexas.gov/web/permit/public-search-other?t_detail=1&t_selected_folderrsn=13680690""}, ""project_id"": ""13680690"", ""masterpermitnum"": ""13680667"", ""latitude"": ""30.32910027"", ""longitude"": ""-97.92611708"", ""location"": {""latitude"": ""30.32910027"", ""longitude"": ""-97.92611708"", ""human_address"": ""{\""address\"": \""\"", \""city\"": \""\"", \""state\"": \""\"", \""zip\"": \""\""}""}, ""contractor_trade"": ""Electrical Contractor"", ""contractor_company_name"": ""McNeely Electric Inc"", ""contractor_full_name"": ""Jesse B McNeely"", ""contractor_phone"": ""5125843238"", ""contractor_address2"": ""8201  Alcorn"", ""contractor_city"": ""Austin"", ""contractor_zip"": ""78748"", ""certificate_of_occupancy"": ""No""}",2026-05-03T10:54:27.275855+00:00
2026-032219 EP,Interior Alteration of an Existing Office Space,2026-04-30T00:00:00+00:00,Remodel,Electrical Permit,,Got Your Six Electrical Contractor,Active,3901 WOODBURY DR,78704,Commercial,2103787850,https://abc.austintexas.gov/web/permit/public-search-other?t_detail=1&t_selected_folderrsn=13671264,2026-05-01T00:00:00+00:00,"{""permittype"": ""EP"", ""permit_type_desc"": ""Electrical Permit"", ""permit_number"": ""2026-032219 EP"", ""permit_class_mapped"": ""Commercial"", ""permit_class"": ""C-1000 Commercial Remodel"", ""work_class"": ""Remodel"", ""condominium"": ""No"", ""permit_location"": ""3901 WOODBURY DR"", ""description"": ""Interior Alteration of an Existing Office Space"", ""tcad_id"": ""0410030610"", ""legal_description"": ""LOT 2 RESUB OF LOT 6-8 WOODWARD INDUSTRIAL DISTRICT"", ""applieddate"": ""2026-03-06T00:00:00.000"", ""issue_date"": ""2026-04-30T00:00:00.000"", ""day_issued"": ""THURSDAY"", ""calendar_year_issued"": ""2026"", ""fiscal_year_issued"": ""2026"", ""issued_in_last_30_days"": ""Yes"", ""issue_method"": ""Permit Center"", ""status_current"": ""Active"", ""statusdate"": ""2026-05-01T00:00:00.000"", ""expiresdate"": ""2026-10-08T00:00:00.000"", ""remodel_repair_sqft"": ""3024"", ""number_of_floors"": ""1"", ""housing_units"": ""1"", ""electrical_valuation_remodel"": ""6400"", ""original_address1"": ""3901 WOODBURY DR"", ""original_city"": ""AUSTIN"", ""original_state"": ""TX"", ""original_zip"": ""78704"", ""council_district"": ""3"", ""jurisdiction"": ""AUSTIN FULL PURPOSE"", ""link"": {""url"": ""https://abc.austintexas.gov/web/permit/public-search-other?t_detail=1&t_selected_folderrsn=13671264""}, ""project_id"": ""13671264"", ""masterpermitnum"": ""13671261"", ""latitude"": ""30.22330562"", ""longitude"": ""-97.76026359"", ""location"": {""latitude"": ""30.22330562"", ""longitude"": ""-97.76026359"", ""human_address"": ""{\""address\"": \""\"", \""city\"": \""\"", \""state\"": \""\"", \""zip\"": \""\""}""}, ""contractor_trade"": ""Electrical Contractor"", ""contractor_company_name"": ""Got Your Six Electrical Contractor"", ""contractor_full_name"": ""Ernesto Garza"", ""contractor_phone"": ""2103787850"", ""contractor_address2"": ""9230  Tigerc"", ""contractor_city"": ""San Antonio"", ""contractor_zip"": ""78254-____"", ""certificate_of_occupancy"": ""No""}",2026-05-03T10:54:27.275855+00:00
2026-030095 EP,ePlan: Commercial Expedited Review - Interior Remodel to Existing Office Space Scope of work to Include Remodel of Open Office Spaces and support Spac,2026-04-30T00:00:00+00:00,Remodel,Electrical Permit,,Exceed Electrical Contracting LLC,Active,712 E HUNTLAND DR,78752,Commercial,3037203678,https://abc.austintexas.gov/web/permit/public-search-other?t_detail=1&t_selected_folderrsn=13668884,2026-04-30T00:00:00+00:00,"{""permittype"": ""EP"", ""permit_type_desc"": ""Electrical Permit"", ""permit_number"": ""2026-030095 EP"", ""permit_class_mapped"": ""Commercial"", ""permit_class"": ""C-1000 Commercial Remodel"", ""work_class"": ""Remodel"", ""condominium"": ""No"", ""permit_location"": ""712 E HUNTLAND DR"", ""description"": ""ePlan: Commercial Expedited Review - Interior Remodel to Existing Office Space Scope of work to Include Remodel of Open Office Spaces and support Spac"", ""tcad_id"": ""0230130105"", ""legal_description"": ""5.8210 AC OF LOT 3A-3B FIVE POINT NINE TWO LTD SUBD (PRORATE 01/01/2024 - 08/15/2024)"", ""applieddate"": ""2025-12-05T00:00:00.000"", ""issue_date"": ""2026-04-30T00:00:00.000"", ""day_issued"": ""THURSDAY"", ""calendar_year_issued"": ""2026"", ""fiscal_year_issued"": ""2026"", ""issued_in_last_30_days"": ""Yes"", ""issue_method"": ""Permit Center"", ""status_current"": ""Active"", ""statusdate"": ""2026-04-30T00:00:00.000"", ""expiresdate"": ""2026-09-13T00:00:00.000"", ""remodel_repair_sqft"": ""24852"", ""number_of_floors"": ""4"", ""housing_units"": ""1"", ""electrical_valuation_remodel"": ""1"", ""original_address1"": ""712 E HUNTLAND DR"", ""original_city"": ""AUSTIN"", ""original_state"": ""TX"", ""original_zip"": ""78752"", ""council_district"": ""4"", ""jurisdiction"": ""AUSTIN FULL PURPOSE"", ""link"": {""url"": ""https://abc.austintexas.gov/web/permit/public-search-other?t_detail=1&t_selected_folderrsn=13668884""}, ""project_id"": ""13668884"", ""masterpermitnum"": ""13668838"", ""latitude"": ""30.33071542"", ""longitude"": ""-97.70634623"", ""location"": {""latitude"": ""30.33071542"", ""longitude"": ""-97.70634623"", ""human_address"": ""{\""address\"": \""\"", \""city\"": \""\"", \""state\"": \""\"", \""zip\"": \""\""}""}, ""contractor_trade"": ""Electrical Contractor"", ""contractor_company_name"": ""Exceed Electrical Contracting LLC"", ""contractor_full_name"": ""Aaron Nunez"", ""contractor_phone"": ""3037203678"", ""contractor_address2"": ""7827  W 108t"", ""contractor_city"": ""Westiminster"", ""contractor_zip"": ""80021-____"", ""certificate_of_occupancy"": ""No""}",2026-05-03T10:54:27.275855+00:00
2026-051766 BP,RE-ROOF BLDG 8517 - OVA,2026-04-30T00:00:00+00:00,Remodel,Building Permit,,"Foundation Specialists, Inc",Active,8527 N CAPITAL OF TEXAS HWY NB BLDG 8517,78759,Commercial,7137695994,https://abc.austintexas.gov/web/permit/public-search-other?t_detail=1&t_selected_folderrsn=13693730,2026-04-30T00:00:00+00:00,"{""permittype"": ""BP"", ""permit_type_desc"": ""Building Permit"", ""permit_number"": ""2026-051766 BP"", ""permit_class_mapped"": ""Commercial"", ""permit_class"": ""C-1000 Commercial Remodel"", ""work_class"": ""Remodel"", ""condominium"": ""No"", ""permit_location"": ""8527 N CAPITAL OF TEXAS HWY NB BLDG 8517"", ""description"": ""RE-ROOF BLDG 8517 - OVA"", ""tcad_id"": ""0150050125"", ""legal_description"": ""LOT 1 SPICE FOREST"", ""applieddate"": ""2026-04-27T00:00:00.000"", ""issue_date"": ""2026-04-30T00:00:00.000"", ""day_issued"": ""THURSDAY"", ""calendar_year_issued"": ""2026"", ""fiscal_year_issued"": ""2026"", ""issued_in_last_30_days"": ""Yes"", ""issue_method"": ""Permit Center"", ""status_current"": ""Active"", ""statusdate"": ""2026-04-30T00:00:00.000"", ""expiresdate"": ""2026-10-28T00:00:00.000"", ""remodel_repair_sqft"": ""3634"", ""total_valuation_remodel"": ""23008"", ""number_of_floors"": ""3"", ""housing_units"": ""1"", ""building_valuation_remodel"": ""23008"", ""electrical_valuation_remodel"": ""0"", ""mechanical_valuation_remodel"": ""0"", ""plumbing_valuation_remodel"": ""0"", ""medgas_valuation_remodel"": ""0"", ""original_address1"": ""8527 N CAPITAL OF TEXAS HWY NB BLDG 8517"", ""original_city"": ""AUSTIN"", ""original_state"": ""TX"", ""original_zip"": ""78759"", ""council_district"": ""10"", ""jurisdiction"": ""AUSTIN FULL PURPOSE"", ""link"": {""url"": ""https://abc.austintexas.gov/web/permit/public-search-other?t_detail=1&t_selected_folderrsn=13693730""}, ""project_id"": ""13693730"", ""masterpermitnum"": ""13693682"", ""latitude"": ""30.38609729"", ""longitude"": ""-97.76435808"", ""location"": {""latitude"": ""30.38609729"", ""longitude"": ""-97.76435808"", ""human_address"": ""{\""address\"": \""\"", \""city\"": \""\"", \""state\"": \""\"", \""zip\"": \""\""}""}, ""contractor_trade"": ""General Contractor"", ""contractor_company_name"": ""Foundation Specialists, Inc"", ""contractor_full_name"": ""Amber Whitaker"", ""contractor_phone"": ""7137695994"", ""contractor_address2"": ""4224 W Sam H"", ""contractor_city"": ""Houston"", ""contractor_zip"": ""77041-____"", ""applicant_full_name"": ""Amber Whitaker"", ""applicant_org"": ""Foundation Specialists, Inc"", ""applicant_phone"": ""7137695994"", ""applicant_address2"": ""4224 W Sam H"", ""applicant_city"": ""Houston"", ""applicantzip"": ""77041-____"", ""certificate_of_occupancy"": ""No""}",2026-05-03T10:54:27.275855+00:00
2025-039073 DS,Construct new driveway approach of 12 FT.  No sidewalk inspection per plan review.,2026-04-30T00:00:00+00:00,New,Driveway / Sidewalks,,"MEK Homes, LLC",Active,5109 BROOKDALE LN,78723,Residential,5128481596,https://abc.austintexas.gov/web/permit/public-search-other?t_detail=1&t_selected_folderrsn=13493936,2026-04-30T00:00:00+00:00,"{""permittype"": ""DS"", ""permit_type_desc"": ""Driveway / Sidewalks"", ""permit_number"": ""2025-039073 DS"", ""permit_class_mapped"": ""Residential"", ""permit_class"": ""Res. Driveway"", ""work_class"": ""New"", ""permit_location"": ""5109 BROOKDALE LN"", ""description"": ""Construct new driveway approach of 12 FT.  No sidewalk inspection per plan review."", ""tcad_id"": ""0218190805"", ""legal_description"": ""LOT 51 MANOR HILLS SEC 8"", ""applieddate"": ""2025-02-07T00:00:00.000"", ""issue_date"": ""2026-04-30T00:00:00.000"", ""day_issued"": ""THURSDAY"", ""calendar_year_issued"": ""2026"", ""fiscal_year_issued"": ""2026"", ""issued_in_last_30_days"": ""Yes"", ""issue_method"": ""Permit Center"", ""status_current"": ""Active"", ""statusdate"": ""2026-04-30T00:00:00.000"", ""expiresdate"": ""2026-07-11T00:00:00.000"", ""original_address1"": ""5109 BROOKDALE LN"", ""original_city"": ""AUSTIN"", ""original_state"": ""TX"", ""original_zip"": ""78723"", ""council_district"": ""4"", ""jurisdiction"": ""AUSTIN FULL PURPOSE"", ""link"": {""url"": ""https://abc.austintexas.gov/web/permit/public-search-other?t_detail=1&t_selected_folderrsn=13493936""}, ""project_id"": ""13493936"", ""masterpermitnum"": ""13493931"", ""latitude"": ""30.30201969"", ""longitude"": ""-97.68890176"", ""location"": {""latitude"": ""30.30201969"", ""longitude"": ""-97.68890176"", ""human_address"": ""{\""address\"": \""\"", \""city\"": \""\"", \""state\"": \""\"", \""zip\"": \""\""}""}, ""contractor_trade"": ""General Contractor"", ""contractor_company_name"": ""MEK Homes, LLC"", ""contractor_full_name"": ""Mathew Kruger"", ""contractor_phone"": ""5128481596"", ""contractor_address2"": ""3571  FAR WE"", ""contractor_city"": ""AUSTIN"", ""contractor_zip"": ""78731""}",2026-05-03T10:54:27.275855+00:00
2026-050257 MP,Replacement of complete existing central heat and air system with or without duct work,2026-04-30T00:00:00+00:00,Change Out,Mechanical Permit,,McCullough Heating & Air,Active,1913 CETONA CT,78746,Residential,5122800011,https://abc.austintexas.gov/web/permit/public-search-other?t_detail=1&t_selected_folderrsn=13692030,2026-04-30T00:00:00+00:00,"{""permittype"": ""MP"", ""permit_type_desc"": ""Mechanical Permit"", ""permit_number"": ""2026-050257 MP"", ""permit_class_mapped"": ""Residential"", ""permit_class"": ""Residential"", ""work_class"": ""Change Out"", ""permit_location"": ""1913 CETONA CT"", ""description"": ""Replacement of complete existing central heat and air system with or without duct work"", ""tcad_id"": ""0105170905"", ""legal_description"": ""LOT 10 OVERLOOK AT TREEMONT SUBD THE AMENDED PLAT OF THE"", ""applieddate"": ""2026-04-23T00:00:00.000"", ""issue_date"": ""2026-04-30T00:00:00.000"", ""day_issued"": ""THURSDAY"", ""calendar_year_issued"": ""2026"", ""fiscal_year_issued"": ""2026"", ""issued_in_last_30_days"": ""Yes"", ""issue_method"": ""Permit Center"", ""status_current"": ""Active"", ""statusdate"": ""2026-04-30T00:00:00.000"", ""expiresdate"": ""2026-10-27T00:00:00.000"", ""original_address1"": ""1913 CETONA CT"", ""original_city"": ""AUSTIN"", ""original_state"": ""TX"", ""original_zip"": ""78746"", ""council_district"": ""8"", ""jurisdiction"": ""AUSTIN FULL PURPOSE"", ""link"": {""url"": ""https://abc.austintexas.gov/web/permit/public-search-other?t_detail=1&t_selected_folderrsn=13692030""}, ""project_id"": ""13692030"", ""latitude"": ""30.26484656"", ""longitude"": ""-97.80781977"", ""location"": {""latitude"": ""30.26484656"", ""longitude"": ""-97.80781977"", ""human_address"": ""{\""address\"": \""\"", \""city\"": \""\"", \""state\"": \""\"", \""zip\"": \""\""}""}, ""contractor_trade"": ""Mechanical Contractor"", ""contractor_company_name"": ""McCullough Heating & Air"", ""contractor_full_name"": ""Albert D'Andrea"", ""contractor_phone"": ""5122800011"", ""contractor_address2"": ""2620  BUELL"", ""contractor_city"": ""AUSTIN"", ""contractor_zip"": ""78757""}",2026-05-03T10:54:27.275855+00:00
2026-037315 PP,Replacing flooring replacing kitchen island and cabinet in kitchen. Creating new laundry room and enclosing front porch.  Front porch will remain non,2026-04-30T00:00:00+00:00,Addition and Remodel,Plumbing Permit,,Castro Plumbing Co,Active,8408 SILVER RIDGE DR,78759,Residential,5128046593,https://abc.austintexas.gov/web/permit/public-search-other?t_detail=1&t_selected_folderrsn=13677203,2026-04-30T00:00:00+00:00,"{""permittype"": ""PP"", ""permit_type_desc"": ""Plumbing Permit"", ""permit_number"": ""2026-037315 PP"", ""permit_class_mapped"": ""Residential"", ""permit_class"": ""R- 434 Addition & Alterations"", ""work_class"": ""Addition and Remodel"", ""condominium"": ""No"", ""permit_location"": ""8408 SILVER RIDGE DR"", ""description"": ""Replacing flooring replacing kitchen island and cabinet in kitchen. Creating new laundry room and enclosing front porch.  Front porch will remain non"", ""tcad_id"": ""0147031105"", ""legal_description"": ""LOT 14 BLK C WESTOVER HILLS SEC 4"", ""applieddate"": ""2026-03-19T00:00:00.000"", ""issue_date"": ""2026-04-30T00:00:00.000"", ""day_issued"": ""THURSDAY"", ""calendar_year_issued"": ""2026"", ""fiscal_year_issued"": ""2026"", ""issued_in_last_30_days"": ""Yes"", ""issue_method"": ""Permit Center"", ""status_current"": ""Active"", ""statusdate"": ""2026-04-30T00:00:00.000"", ""expiresdate"": ""2026-10-06T00:00:00.000"", ""total_existing_bldg_sqft"": ""0"", ""remodel_repair_sqft"": ""2407"", ""total_new_add_sqft"": ""0"", ""number_of_floors"": ""1"", ""housing_units"": ""1"", ""original_address1"": ""8408 SILVER RIDGE DR"", ""original_city"": ""AUSTIN"", ""original_state"": ""TX"", ""original_zip"": ""78759"", ""council_district"": ""10"", ""jurisdiction"": ""AUSTIN FULL PURPOSE"", ""link"": {""url"": ""https://abc.austintexas.gov/web/permit/public-search-other?t_detail=1&t_selected_folderrsn=13677203""}, ""project_id"": ""13677203"", ""masterpermitnum"": ""13677198"", ""latitude"": ""30.3786462"", ""longitude"": ""-97.75583635"", ""location"": {""latitude"": ""30.3786462"", ""longitude"": ""-97.75583635"", ""human_address"": ""{\""address\"": \""\"", \""city\"": \""\"", \""state\"": \""\"", \""zip\"": \""\""}""}, ""contractor_trade"": ""Plumbing Contractor"", ""contractor_company_name"": ""Castro Plumbing Co"", ""contractor_full_name"": ""Ruben Castro"", ""contractor_phone"": ""5128046593"", ""contractor_address2"": ""12816  MEEHA"", ""contractor_city"": ""AUSTIN"", ""contractor_zip"": ""78727-____"", ""certificate_of_occupancy"": ""No""}",2026-05-03T10:54:27.275855+00:00
2026-030098 EP,ePlan: Commercial Expedited Review - New Construction of Generator Fence.,2026-04-30T00:00:00+00:00,New,Electrical Permit,,Exceed Electrical Contracting LLC,Active,712 E HUNTLAND DR,78752,Commercial,3037203678,https://abc.austintexas.gov/web/permit/public-search-other?t_detail=1&t_selected_folderrsn=13668877,2026-04-30T00:00:00+00:00,"{""permittype"": ""EP"", ""permit_type_desc"": ""Electrical Permit"", ""permit_number"": ""2026-030098 EP"", ""permit_class_mapped"": ""Commercial"", ""permit_class"": ""C- 329 Com Structures Other Than Bldg"", ""work_class"": ""New"", ""condominium"": ""No"", ""permit_location"": ""712 E HUNTLAND DR"", ""description"": ""ePlan: Commercial Expedited Review - New Construction of Generator Fence."", ""tcad_id"": ""0230130105"", ""legal_description"": ""5.8210 AC OF LOT 3A-3B FIVE POINT NINE TWO LTD SUBD (PRORATE 01/01/2024 - 08/15/2024)"", ""applieddate"": ""2025-12-05T00:00:00.000"", ""issue_date"": ""2026-04-30T00:00:00.000"", ""day_issued"": ""THURSDAY"", ""calendar_year_issued"": ""2026"", ""fiscal_year_issued"": ""2026"", ""issued_in_last_30_days"": ""Yes"", ""issue_method"": ""Permit Center"", ""status_current"": ""Active"", ""statusdate"": ""2026-04-30T00:00:00.000"", ""expiresdate"": ""2026-09-13T00:00:00.000"", ""total_new_add_sqft"": ""986"", ""number_of_floors"": ""1"", ""housing_units"": ""1"", ""electrical_valuation"": ""1"", ""original_address1"": ""712 E HUNTLAND DR"", ""original_city"": ""AUSTIN"", ""original_state"": ""TX"", ""original_zip"": ""78752"", ""council_district"": ""4"", ""jurisdiction"": ""AUSTIN FULL PURPOSE"", ""link"": {""url"": ""https://abc.austintexas.gov/web/permit/public-search-other?t_detail=1&t_selected_folderrsn=13668877""}, ""project_id"": ""13668877"", ""masterpermitnum"": ""13668841"", ""latitude"": ""30.33071542"", ""longitude"": ""-97.70634623"", ""location"": {""latitude"": ""30.33071542"", ""longitude"": ""-97.70634623"", ""human_address"": ""{\""address\"": \""\"", \""city\"": \""\"", \""state\"": \""\"", \""zip\"": \""\""}""}, ""contractor_trade"": ""Electrical Contractor"", ""contractor_company_name"": ""Exceed Electrical Contracting LLC"", ""contractor_full_name"": ""Aaron Nunez"", ""contractor_phone"": ""3037203678"", ""contractor_address2"": ""7827  W 108t"", ""contractor_city"": ""Westiminster"", ""contractor_zip"": ""80021-____"", ""certificate_of_occupancy"": ""No""}",2026-05-03T10:54:27.275855+00:00
2022-132337 MP,ePlan: Expedited Review - Finish Out of  Level 3 of a 6-Story Mixed Use Multi-Family Bldgs. (21356 SF),2026-04-30T00:00:00+00:00,Remodel,Mechanical Permit,,"Truform Metalservice, Inc.",Active,301 PRESSLER ST,78703,Commercial,5122581675,https://abc.austintexas.gov/web/permit/public-search-other?t_detail=1&t_selected_folderrsn=13009079,2026-04-30T00:00:00+00:00,"{""permittype"": ""MP"", ""permit_type_desc"": ""Mechanical Permit"", ""permit_number"": ""2022-132337 MP"", ""permit_class_mapped"": ""Commercial"", ""permit_class"": ""C-1001 Commercial Finish Out"", ""work_class"": ""Remodel"", ""condominium"": ""No"", ""permit_location"": ""301 PRESSLER ST"", ""description"": ""ePlan: Expedited Review - Finish Out of  Level 3 of a 6-Story Mixed Use Multi-Family Bldgs. (21356 SF)"", ""tcad_id"": ""0107030201"", ""legal_description"": ""1.0960AC OF OLT 1 DIVISION Z"", ""applieddate"": ""2022-06-01T00:00:00.000"", ""issue_date"": ""2026-04-30T00:00:00.000"", ""day_issued"": ""THURSDAY"", ""calendar_year_issued"": ""2026"", ""fiscal_year_issued"": ""2026"", ""issued_in_last_30_days"": ""Yes"", ""issue_method"": ""Permit Center"", ""status_current"": ""Active"", ""statusdate"": ""2026-04-30T00:00:00.000"", ""expiresdate"": ""2026-10-27T00:00:00.000"", ""remodel_repair_sqft"": ""21356"", ""number_of_floors"": ""1"", ""housing_units"": ""20"", ""original_address1"": ""301 PRESSLER ST"", ""original_city"": ""AUSTIN"", ""original_state"": ""TX"", ""original_zip"": ""78703"", ""council_district"": ""9"", ""jurisdiction"": ""AUSTIN FULL PURPOSE"", ""link"": {""url"": ""https://abc.austintexas.gov/web/permit/public-search-other?t_detail=1&t_selected_folderrsn=13009079""}, ""project_id"": ""13009079"", ""masterpermitnum"": ""13008504"", ""latitude"": ""30.27135577"", ""longitude"": ""-97.76091259"", ""location"": {""latitude"": ""30.27135577"", ""longitude"": ""-97.76091259"", ""human_address"": ""{\""address\"": \""\"", \""city\"": \""\"", \""state\"": \""\"", \""zip\"": \""\""}""}, ""contractor_trade"": ""Mechanical Contractor"", ""contractor_company_name"": ""Truform Metalservice, Inc."", ""contractor_full_name"": ""Steven Allen Lane"", ""contractor_phone"": ""5122581675"", ""contractor_address1"": ""P. O. BOX 20"", ""contractor_address2"": ""AUSTIN TX  7"", ""contractor_city"": ""Austin"", ""contractor_zip"": ""78729"", ""certificate_of_occupancy"": ""No""}",2026-05-03T10:54:27.275855+00:00
2026-030101 EP,ePlan: Commercial Expedited Review - New Construction of EV Chargers.,2026-04-30T00:00:00+00:00,New,Electrical Permit,,Exceed Electrical Contracting LLC,Active,712 E HUNTLAND DR,78752,Commercial,3037203678,https://abc.austintexas.gov/web/permit/public-search-other?t_detail=1&t_selected_folderrsn=13668879,2026-04-30T00:00:00+00:00,"{""permittype"": ""EP"", ""permit_type_desc"": ""Electrical Permit"", ""permit_number"": ""2026-030101 EP"", ""permit_class_mapped"": ""Commercial"", ""permit_class"": ""C- 329 Com Structures Other Than Bldg"", ""work_class"": ""New"", ""condominium"": ""No"", ""permit_location"": ""712 E HUNTLAND DR"", ""description"": ""ePlan: Commercial Expedited Review - New Construction of EV Chargers."", ""tcad_id"": ""0230130105"", ""legal_description"": ""5.8210 AC OF LOT 3A-3B FIVE POINT NINE TWO LTD SUBD (PRORATE 01/01/2024 - 08/15/2024)"", ""applieddate"": ""2025-12-05T00:00:00.000"", ""issue_date"": ""2026-04-30T00:00:00.000"", ""day_issued"": ""THURSDAY"", ""calendar_year_issued"": ""2026"", ""fiscal_year_issued"": ""2026"", ""issued_in_last_30_days"": ""Yes"", ""issue_method"": ""Permit Center"", ""status_current"": ""Active"", ""statusdate"": ""2026-04-30T00:00:00.000"", ""expiresdate"": ""2026-09-13T00:00:00.000"", ""total_new_add_sqft"": ""1700"", ""number_of_floors"": ""1"", ""housing_units"": ""1"", ""electrical_valuation"": ""1"", ""original_address1"": ""712 E HUNTLAND DR"", ""original_city"": ""AUSTIN"", ""original_state"": ""TX"", ""original_zip"": ""78752"", ""council_district"": ""4"", ""jurisdiction"": ""AUSTIN FULL PURPOSE"", ""link"": {""url"": ""https://abc.austintexas.gov/web/permit/public-search-other?t_detail=1&t_selected_folderrsn=13668879""}, ""project_id"": ""13668879"", ""masterpermitnum"": ""13668844"", ""latitude"": ""30.33071542"", ""longitude"": ""-97.70634623"", ""location"": {""latitude"": ""30.33071542"", ""longitude"": ""-97.70634623"", ""human_address"": ""{\""address\"": \""\"", \""city\"": \""\"", \""state\"": \""\"", \""zip\"": \""\""}""}, ""contractor_trade"": ""Electrical Contractor"", ""contractor_company_name"": ""Exceed Electrical Contracting LLC"", ""contractor_full_name"": ""Aaron Nunez"", ""contractor_phone"": ""3037203678"", ""contractor_address2"": ""7827  W 108t"", ""contractor_city"": ""Westiminster"", ""contractor_zip"": ""80021-____"", ""certificate_of_occupancy"": ""No""}",2026-05-03T10:54:27.275855+00:00
2026-053308 BP,New construction of 2 story SFR,2026-04-30T00:00:00+00:00,New,Building Permit,0.0,"Century Land Holdings II, LLC",Active,4808 BRIDWELL LN,78754,Residential,5122713813,https://abc.austintexas.gov/web/permit/public-search-other?t_detail=1&t_selected_folderrsn=13695409,2026-04-30T00:00:00+00:00,"{""permittype"": ""BP"", ""permit_type_desc"": ""Building Permit"", ""permit_number"": ""2026-053308 BP"", ""permit_class_mapped"": ""Residential"", ""permit_class"": ""R- 101 Single Family Houses"", ""work_class"": ""New"", ""condominium"": ""No"", ""permit_location"": ""4808 BRIDWELL LN"", ""description"": ""New construction of 2 story SFR"", ""tcad_id"": ""0239360804"", ""applieddate"": ""2026-03-16T00:00:00.000"", ""issue_date"": ""2026-04-30T00:00:00.000"", ""day_issued"": ""THURSDAY"", ""calendar_year_issued"": ""2026"", ""fiscal_year_issued"": ""2026"", ""issued_in_last_30_days"": ""Yes"", ""issue_method"": ""Permit Center"", ""status_current"": ""Active"", ""statusdate"": ""2026-04-30T00:00:00.000"", ""expiresdate"": ""2026-10-28T00:00:00.000"", ""total_new_add_sqft"": ""3373"", ""total_job_valuation"": ""0"", ""number_of_floors"": ""2"", ""housing_units"": ""1"", ""original_address1"": ""4808 BRIDWELL LN"", ""original_city"": ""AUSTIN"", ""original_state"": ""TX"", ""original_zip"": ""78754"", ""council_district"": ""1"", ""jurisdiction"": ""AUSTIN FULL PURPOSE"", ""link"": {""url"": ""https://abc.austintexas.gov/web/permit/public-search-other?t_detail=1&t_selected_folderrsn=13695409""}, ""project_id"": ""13695409"", ""masterpermitnum"": ""13670378"", ""contractor_trade"": ""General Contractor"", ""contractor_company_name"": ""Century Land Holdings II, LLC"", ""contractor_full_name"": ""Paul Kwiatkowski"", ""contractor_phone"": ""5122713813"", ""contractor_address2"": ""8390  Cresce"", ""contractor_city"": ""Greenwood Vi"", ""contractor_zip"": ""80111-____"", ""applicant_full_name"": ""Paul Kwiatkowski"", ""applicant_org"": ""Century Land Holdings II, LLC"", ""applicant_phone"": ""5122713813"", ""applicant_address2"": ""8390  Cresce"", ""applicant_city"": ""Greenwood Vi"", ""applicantzip"": ""80111-____"", ""certificate_of_occupancy"": ""Yes"", ""total_lot_sq_ft"": ""5542""}",2026-05-03T10:54:27.275855+00:00
2026-053184 EP,INTERIOR REMODEL OF EXISTING OFFICE SPACE-CONSTRUCTION OF NEW WALLS FOR CONF. RMS AND PRIVATE OFFICES.,2026-04-30T00:00:00+00:00,Remodel,Electrical Permit,,Solomon Electrical Contracting LLC,Active,206 E 9TH ST UNIT 1503,78701,Commercial,5122756624,https://abc.austintexas.gov/web/permit/public-search-other?t_detail=1&t_selected_folderrsn=13695279,2026-04-30T00:00:00+00:00,"{""permittype"": ""EP"", ""permit_type_desc"": ""Electrical Permit"", ""permit_number"": ""2026-053184 EP"", ""permit_class_mapped"": ""Commercial"", ""permit_class"": ""C-1000 Commercial Remodel"", ""work_class"": ""Remodel"", ""condominium"": ""No"", ""permit_location"": ""206 E 9TH ST UNIT 1503"", ""description"": ""INTERIOR REMODEL OF EXISTING OFFICE SPACE-CONSTRUCTION OF NEW WALLS FOR CONF. RMS AND PRIVATE OFFICES."", ""tcad_id"": ""0206031502"", ""legal_description"": ""LOT 2-6 BLOCK 112 ORIGINAL CITY (TOTAL SQ FT 29440)"", ""applieddate"": ""2026-02-13T00:00:00.000"", ""issue_date"": ""2026-04-30T00:00:00.000"", ""day_issued"": ""THURSDAY"", ""calendar_year_issued"": ""2026"", ""fiscal_year_issued"": ""2026"", ""issued_in_last_30_days"": ""Yes"", ""issue_method"": ""Permit Center"", ""status_current"": ""Active"", ""statusdate"": ""2026-04-30T00:00:00.000"", ""expiresdate"": ""2026-10-27T00:00:00.000"", ""remodel_repair_sqft"": ""12419"", ""number_of_floors"": ""20"", ""housing_units"": ""1"", ""electrical_valuation_remodel"": ""120000"", ""original_address1"": ""206 E 9TH ST UNIT 1503"", ""original_city"": ""AUSTIN"", ""original_state"": ""TX"", ""original_zip"": ""78701"", ""council_district"": ""9"", ""jurisdiction"": ""AUSTIN FULL PURPOSE"", ""link"": {""url"": ""https://abc.austintexas.gov/web/permit/public-search-other?t_detail=1&t_selected_folderrsn=13695279""}, ""project_id"": ""13695279"", ""masterpermitnum"": ""13695277"", ""contractor_trade"": ""Electrical Contractor"", ""contractor_company_name"": ""Solomon Electrical Contracting LLC"", ""contractor_full_name"": ""Bradley J Solomon"", ""contractor_phone"": ""5122756624"", ""contractor_address1"": ""11880 FM 224"", ""contractor_address2"": ""LEANDER TX"", ""contractor_city"": ""LEANDER"", ""contractor_zip"": ""78641"", ""certificate_of_occupancy"": ""No""}",2026-05-03T10:54:27.275855+00:00
2026-051628 MP,Replacement of complete existing central heat and air system with or without duct work LIKE FOR LIKE: 3 ton horizontal gas system,2026-04-30T00:00:00+00:00,Change Out,Mechanical Permit,,"Stan's Heating, Air, Plumbing, & Electrical",Active,710 W JOHANNA ST UNIT B,78704,Residential,5129299393,https://abc.austintexas.gov/web/permit/public-search-other?t_detail=1&t_selected_folderrsn=13693580,2026-04-30T00:00:00+00:00,"{""permittype"": ""MP"", ""permit_type_desc"": ""Mechanical Permit"", ""permit_number"": ""2026-051628 MP"", ""permit_class_mapped"": ""Residential"", ""permit_class"": ""Residential"", ""work_class"": ""Change Out"", ""permit_location"": ""710 W JOHANNA ST UNIT B"", ""description"": ""Replacement of complete existing central heat and air system with or without duct work LIKE FOR LIKE: 3 ton horizontal gas system"", ""tcad_id"": ""0401023501"", ""applieddate"": ""2026-04-27T00:00:00.000"", ""issue_date"": ""2026-04-30T00:00:00.000"", ""day_issued"": ""THURSDAY"", ""calendar_year_issued"": ""2026"", ""fiscal_year_issued"": ""2026"", ""issued_in_last_30_days"": ""Yes"", ""issue_method"": ""Permit Center"", ""status_current"": ""Active"", ""statusdate"": ""2026-04-30T00:00:00.000"", ""expiresdate"": ""2026-10-27T00:00:00.000"", ""original_address1"": ""710 W JOHANNA ST UNIT B"", ""original_city"": ""AUSTIN"", ""original_state"": ""TX"", ""original_zip"": ""78704"", ""council_district"": ""3"", ""jurisdiction"": ""AUSTIN FULL PURPOSE"", ""link"": {""url"": ""https://abc.austintexas.gov/web/permit/public-search-other?t_detail=1&t_selected_folderrsn=13693580""}, ""project_id"": ""13693580"", ""contractor_trade"": ""Mechanical Contractor"", ""contractor_company_name"": ""Stan's Heating, Air, Plumbing, & Electrical"", ""contractor_full_name"": ""Roland Arrisola"", ""contractor_phone"": ""5129299393"", ""contractor_address2"": ""6016  DILLAR"", ""contractor_city"": ""AUSTIN"", ""contractor_zip"": ""78752""}",2026-05-03T10:54:27.275855+00:00
2025-077091 BP,Addition/remodel. Addition of a covered walkway to side of existing noncomplying detached garage. Demolish unpermitted rear addition of garage structu,2026-04-30T00:00:00+00:00,Addition and Remodel,Building Permit,1.0,"Drake Develop Build Dwell, LLC",Active,401 E 34TH ST,78705,Residential,5125385217,https://abc.austintexas.gov/web/permit/public-search-other?t_detail=1&t_selected_folderrsn=13537424,2026-04-30T00:00:00+00:00,"{""permittype"": ""BP"", ""permit_type_desc"": ""Building Permit"", ""permit_number"": ""2025-077091 BP"", ""permit_class_mapped"": ""Residential"", ""permit_class"": ""R- 434 Addition & Alterations"", ""work_class"": ""Addition and Remodel"", ""condominium"": ""No"", ""permit_location"": ""401 E 34TH ST"", ""description"": ""Addition/remodel. Addition of a covered walkway to side of existing noncomplying detached garage. Demolish unpermitted rear addition of garage structu"", ""tcad_id"": ""0217060605"", ""legal_description"": ""N 120FT LOT 10 & N 120FT OF W 18FT LOT 9 BLK 8 DIV D GROOMS ADDN"", ""applieddate"": ""2024-12-03T00:00:00.000"", ""issue_date"": ""2026-04-30T00:00:00.000"", ""day_issued"": ""THURSDAY"", ""calendar_year_issued"": ""2026"", ""fiscal_year_issued"": ""2026"", ""issued_in_last_30_days"": ""Yes"", ""issue_method"": ""Permit Center"", ""status_current"": ""Active"", ""statusdate"": ""2026-04-30T00:00:00.000"", ""expiresdate"": ""2026-10-28T00:00:00.000"", ""remodel_repair_sqft"": ""0"", ""total_new_add_sqft"": ""265"", ""total_valuation_remodel"": ""0"", ""total_job_valuation"": ""1"", ""number_of_floors"": ""1"", ""housing_units"": ""0"", ""building_valuation_remodel"": ""0"", ""electrical_valuation_remodel"": ""0"", ""mechanical_valuation_remodel"": ""0"", ""plumbing_valuation_remodel"": ""0"", ""original_address1"": ""401 E 34TH ST"", ""original_city"": ""AUSTIN"", ""original_state"": ""TX"", ""original_zip"": ""78705"", ""council_district"": ""9"", ""jurisdiction"": ""AUSTIN FULL PURPOSE"", ""link"": {""url"": ""https://abc.austintexas.gov/web/permit/public-search-other?t_detail=1&t_selected_folderrsn=13537424""}, ""project_id"": ""13537424"", ""masterpermitnum"": ""13438265"", ""latitude"": ""30.29680995"", ""longitude"": ""-97.73228899"", ""location"": {""latitude"": ""30.29680995"", ""longitude"": ""-97.73228899"", ""human_address"": ""{\""address\"": \""\"", \""city\"": \""\"", \""state\"": \""\"", \""zip\"": \""\""}""}, ""contractor_trade"": ""General Contractor"", ""contractor_company_name"": ""Drake Develop Build Dwell, LLC"", ""contractor_full_name"": ""Brandon Drake"", ""contractor_phone"": ""5125385217"", ""contractor_address2"": ""1502 W 30TH"", ""contractor_city"": ""AUSTIN"", ""contractor_zip"": ""78703"", ""applicant_full_name"": ""Brandon Drake"", ""applicant_org"": ""Drake Develop Build Dwell, LLC"", ""applicant_phone"": ""5125385217"", ""applicant_address2"": ""1502 W 30TH"", ""applicant_city"": ""AUSTIN"", ""applicantzip"": ""78703"", ""certificate_of_occupancy"": ""No"", ""total_lot_sq_ft"": ""10848""}",2026-05-03T10:54:27.275855+00:00
2026-052050 BP,RE ROOF OF EXISTING APARTMENT COMPLEX. BLDG 8537 - OVA,2026-04-30T00:00:00+00:00,Remodel,Building Permit,,"Foundation Specialists, Inc",Active,8527 N CAPITAL OF TEXAS HWY NB BLDG 8537,78759,Commercial,7137695994,https://abc.austintexas.gov/web/permit/public-search-other?t_detail=1&t_selected_folderrsn=13694028,2026-04-30T00:00:00+00:00,"{""permittype"": ""BP"", ""permit_type_desc"": ""Building Permit"", ""permit_number"": ""2026-052050 BP"", ""permit_class_mapped"": ""Commercial"", ""permit_class"": ""C-1000 Commercial Remodel"", ""work_class"": ""Remodel"", ""condominium"": ""No"", ""permit_location"": ""8527 N CAPITAL OF TEXAS HWY NB BLDG 8537"", ""description"": ""RE ROOF OF EXISTING APARTMENT COMPLEX. BLDG 8537 - OVA"", ""tcad_id"": ""0150050125"", ""legal_description"": ""LOT 1 SPICE FOREST"", ""applieddate"": ""2026-04-27T00:00:00.000"", ""issue_date"": ""2026-04-30T00:00:00.000"", ""day_issued"": ""THURSDAY"", ""calendar_year_issued"": ""2026"", ""fiscal_year_issued"": ""2026"", ""issued_in_last_30_days"": ""Yes"", ""issue_method"": ""Permit Center"", ""status_current"": ""Active"", ""statusdate"": ""2026-04-30T00:00:00.000"", ""expiresdate"": ""2026-10-28T00:00:00.000"", ""remodel_repair_sqft"": ""4616"", ""total_valuation_remodel"": ""23008"", ""number_of_floors"": ""3"", ""housing_units"": ""1"", ""building_valuation_remodel"": ""23008"", ""electrical_valuation_remodel"": ""0"", ""mechanical_valuation_remodel"": ""0"", ""plumbing_valuation_remodel"": ""0"", ""medgas_valuation_remodel"": ""0"", ""original_address1"": ""8527 N CAPITAL OF TEXAS HWY NB BLDG 8537"", ""original_city"": ""AUSTIN"", ""original_state"": ""TX"", ""original_zip"": ""78759"", ""council_district"": ""10"", ""jurisdiction"": ""AUSTIN FULL PURPOSE"", ""link"": {""url"": ""https://abc.austintexas.gov/web/permit/public-search-other?t_detail=1&t_selected_folderrsn=13694028""}, ""project_id"": ""13694028"", ""masterpermitnum"": ""13694018"", ""latitude"": ""30.38609729"", ""longitude"": ""-97.76435808"", ""location"": {""latitude"": ""30.38609729"", ""longitude"": ""-97.76435808"", ""human_address"": ""{\""address\"": \""\"", \""city\"": \""\"", \""state\"": \""\"", \""zip\"": \""\""}""}, ""contractor_trade"": ""General Contractor"", ""contractor_company_name"": ""Foundation Specialists, Inc"", ""contractor_full_name"": ""Amber Whitaker"", ""contractor_phone"": ""7137695994"", ""contractor_address2"": ""4224 W Sam H"", ""contractor_city"": ""Houston"", ""contractor_zip"": ""77041-____"", ""applicant_full_name"": ""Amber Whitaker"", ""applicant_org"": ""Foundation Specialists, Inc"", ""applicant_phone"": ""7137695994"", ""applicant_address2"": ""4224 W Sam H"", ""applicant_city"": ""Houston"", ""applicantzip"": ""77041-____"", ""certificate_of_occupancy"": ""No""}",2026-05-03T10:54:27.275855+00:00
2026-053614 BP,New in ground concrete pool and spa along with associated equipment and pad,2026-04-30T00:00:00+00:00,New,Building Permit,0.0,Golden Hour Pools,Active,2410 PEGRAM AVE,78757,Residential,5129992444,https://abc.austintexas.gov/web/permit/public-search-other?t_detail=1&t_selected_folderrsn=13695764,2026-04-30T00:00:00+00:00,"{""permittype"": ""BP"", ""permit_type_desc"": ""Building Permit"", ""permit_number"": ""2026-053614 BP"", ""permit_class_mapped"": ""Residential"", ""permit_class"": ""R- 329 Res Structures Other Than Bldg"", ""work_class"": ""New"", ""condominium"": ""No"", ""permit_location"": ""2410 PEGRAM AVE"", ""description"": ""New in ground concrete pool and spa along with associated equipment and pad"", ""tcad_id"": ""0235040251"", ""legal_description"": ""W 78FT OF LOT 16 BLK 3 GREEN ACRES"", ""applieddate"": ""2026-03-04T00:00:00.000"", ""issue_date"": ""2026-04-30T00:00:00.000"", ""day_issued"": ""THURSDAY"", ""calendar_year_issued"": ""2026"", ""fiscal_year_issued"": ""2026"", ""issued_in_last_30_days"": ""Yes"", ""issue_method"": ""Permit Center"", ""status_current"": ""Active"", ""statusdate"": ""2026-04-30T00:00:00.000"", ""expiresdate"": ""2026-10-28T00:00:00.000"", ""total_new_add_sqft"": ""286"", ""total_job_valuation"": ""0"", ""number_of_floors"": ""0"", ""housing_units"": ""0"", ""original_address1"": ""2410 PEGRAM AVE"", ""original_city"": ""AUSTIN"", ""original_state"": ""TX"", ""original_zip"": ""78757"", ""council_district"": ""7"", ""jurisdiction"": ""AUSTIN FULL PURPOSE"", ""link"": {""url"": ""https://abc.austintexas.gov/web/permit/public-search-other?t_detail=1&t_selected_folderrsn=13695764""}, ""project_id"": ""13695764"", ""masterpermitnum"": ""13664240"", ""latitude"": ""30.34610509"", ""longitude"": ""-97.73829136"", ""location"": {""latitude"": ""30.34610509"", ""longitude"": ""-97.73829136"", ""human_address"": ""{\""address\"": \""\"", \""city\"": \""\"", \""state\"": \""\"", \""zip\"": \""\""}""}, ""contractor_trade"": ""General Contractor"", ""contractor_company_name"": ""Golden Hour Pools"", ""contractor_full_name"": ""Alex Szpakowski"", ""contractor_phone"": ""5129992444"", ""contractor_address2"": ""1705  HETHER"", ""contractor_city"": ""AUSTIN"", ""contractor_zip"": ""78704-____"", ""applicant_full_name"": ""Alex Szpakowski"", ""applicant_org"": ""Golden Hour Pools"", ""applicant_phone"": ""5129992444"", ""applicant_address2"": ""1705  HETHER"", ""applicant_city"": ""AUSTIN"", ""applicantzip"": ""78704-____"", ""certificate_of_occupancy"": ""Yes"", ""total_lot_sq_ft"": ""8905""}",2026-05-03T10:54:27.275855+00:00
2026-051507 EP,Install EV Charger,2026-04-30T00:00:00+00:00,Repair,Electrical Permit,,Horus Partners,Final,3910 AVENUE H,78751,Residential,5124765555,https://abc.austintexas.gov/web/permit/public-search-other?t_detail=1&t_selected_folderrsn=13693451,2026-05-01T00:00:00+00:00,"{""permittype"": ""EP"", ""permit_type_desc"": ""Electrical Permit"", ""permit_number"": ""2026-051507 EP"", ""permit_class_mapped"": ""Residential"", ""permit_class"": ""Residential"", ""work_class"": ""Repair"", ""condominium"": ""No"", ""permit_location"": ""3910 AVENUE H"", ""description"": ""Install EV Charger"", ""tcad_id"": ""0218060211"", ""legal_description"": ""N50FT OF LOT 45 SHADOW LAWN"", ""applieddate"": ""2026-04-27T00:00:00.000"", ""issue_date"": ""2026-04-30T00:00:00.000"", ""day_issued"": ""THURSDAY"", ""calendar_year_issued"": ""2026"", ""fiscal_year_issued"": ""2026"", ""issued_in_last_30_days"": ""Yes"", ""issue_method"": ""Permit Center"", ""status_current"": ""Final"", ""statusdate"": ""2026-05-01T00:00:00.000"", ""expiresdate"": ""2026-05-01T00:00:00.000"", ""completed_date"": ""2026-05-01T00:00:00.000"", ""remodel_repair_sqft"": ""0"", ""number_of_floors"": ""1"", ""housing_units"": ""1"", ""electrical_valuation_remodel"": ""1100"", ""original_address1"": ""3910 AVENUE H"", ""original_city"": ""AUSTIN"", ""original_state"": ""TX"", ""original_zip"": ""78751"", ""council_district"": ""9"", ""jurisdiction"": ""AUSTIN FULL PURPOSE"", ""link"": {""url"": ""https://abc.austintexas.gov/web/permit/public-search-other?t_detail=1&t_selected_folderrsn=13693451""}, ""project_id"": ""13693451"", ""contractor_trade"": ""Electrical Contractor"", ""contractor_company_name"": ""Horus Partners"", ""contractor_full_name"": ""Mark Pride"", ""contractor_phone"": ""5124765555"", ""contractor_address2"": ""2000 S 7th S"", ""contractor_city"": ""Austin"", ""contractor_zip"": ""78704"", ""certificate_of_occupancy"": ""No""}",2026-05-03T10:54:27.275855+00:00
2026-032217 MP,INTERIOR REMODEL & CHANGE OF USE FROM RETAIL TO BAR & 717 SF EXTERIOR PATIO ADDITION. See SPC 2024-0021A CUP,2026-04-30T00:00:00+00:00,Addition and Remodel,Mechanical Permit,,Rodge Ryan Air,Active,6406 N IH 35 SVRD SB UNIT 1700,78752,Commercial,2105085224,https://abc.austintexas.gov/web/permit/public-search-other?t_detail=1&t_selected_folderrsn=13671278,2026-04-30T00:00:00+00:00,"{""permittype"": ""MP"", ""permit_type_desc"": ""Mechanical Permit"", ""permit_number"": ""2026-032217 MP"", ""permit_class_mapped"": ""Commercial"", ""permit_class"": ""C- 437 Addn, Alter, Convn-NonRes"", ""work_class"": ""Addition and Remodel"", ""condominium"": ""No"", ""permit_location"": ""6406 N IH 35 SVRD SB UNIT 1700"", ""description"": ""INTERIOR REMODEL & CHANGE OF USE FROM RETAIL TO BAR & 717 SF EXTERIOR PATIO ADDITION. See SPC 2024-0021A CUP"", ""tcad_id"": ""0226140101"", ""legal_description"": ""ABS 789 SUR 57 WALLACE J P ACR 15.5713"", ""applieddate"": ""2025-11-07T00:00:00.000"", ""issue_date"": ""2026-04-30T00:00:00.000"", ""day_issued"": ""THURSDAY"", ""calendar_year_issued"": ""2026"", ""fiscal_year_issued"": ""2026"", ""issued_in_last_30_days"": ""Yes"", ""issue_method"": ""Permit Center"", ""status_current"": ""Active"", ""statusdate"": ""2026-04-30T00:00:00.000"", ""expiresdate"": ""2026-10-13T00:00:00.000"", ""remodel_repair_sqft"": ""2321"", ""total_new_add_sqft"": ""717"", ""number_of_floors"": ""1"", ""housing_units"": ""1"", ""mechanical_valuation"": ""0"", ""original_address1"": ""6406 N IH 35 SVRD SB UNIT 1700"", ""original_city"": ""AUSTIN"", ""original_state"": ""TX"", ""original_zip"": ""78752"", ""council_district"": ""4"", ""jurisdiction"": ""AUSTIN FULL PURPOSE"", ""link"": {""url"": ""https://abc.austintexas.gov/web/permit/public-search-other?t_detail=1&t_selected_folderrsn=13671278""}, ""project_id"": ""13671278"", ""masterpermitnum"": ""13671259"", ""contractor_trade"": ""Mechanical Contractor"", ""contractor_company_name"": ""Rodge Ryan Air"", ""contractor_full_name"": ""Roger  Sandoval"", ""contractor_phone"": ""2105085224"", ""contractor_address2"": ""12515  Lovin"", ""contractor_city"": ""San Antonio"", ""contractor_zip"": ""78253-____"", ""certificate_of_occupancy"": ""No""}",2026-05-03T10:54:27.275855+00:00
2025-106680 MP,Change of use from Office to Restaurant and add new restroom prep area and service counter to existing 1520 sf building.,2026-04-30T00:00:00+00:00,Remodel,Mechanical Permit,,Airco Mechanical,Active,3908 AVENUE B BLDG A,78751,Commercial,5127894151,https://abc.austintexas.gov/web/permit/public-search-other?t_detail=1&t_selected_folderrsn=13570776,2026-05-01T00:00:00+00:00,"{""permittype"": ""MP"", ""permit_type_desc"": ""Mechanical Permit"", ""permit_number"": ""2025-106680 MP"", ""permit_class_mapped"": ""Commercial"", ""permit_class"": ""C-1000 Commercial Remodel"", ""work_class"": ""Remodel"", ""condominium"": ""No"", ""permit_location"": ""3908 AVENUE B BLDG A"", ""description"": ""Change of use from Office to Restaurant and add new restroom prep area and service counter to existing 1520 sf building."", ""tcad_id"": ""0219050303"", ""legal_description"": ""3.3512AC OF OLT 78 HYDE PARK ADDN PEVILION TRACT"", ""applieddate"": ""2025-06-11T00:00:00.000"", ""issue_date"": ""2026-04-30T00:00:00.000"", ""day_issued"": ""THURSDAY"", ""calendar_year_issued"": ""2026"", ""fiscal_year_issued"": ""2026"", ""issued_in_last_30_days"": ""Yes"", ""issue_method"": ""Permit Center"", ""status_current"": ""Active"", ""statusdate"": ""2026-05-01T00:00:00.000"", ""expiresdate"": ""2026-10-28T00:00:00.000"", ""remodel_repair_sqft"": ""1520"", ""number_of_floors"": ""1"", ""housing_units"": ""1"", ""original_address1"": ""3908 AVENUE B BLDG A"", ""original_city"": ""AUSTIN"", ""original_state"": ""TX"", ""original_zip"": ""78751"", ""council_district"": ""9"", ""jurisdiction"": ""AUSTIN FULL PURPOSE"", ""link"": {""url"": ""https://abc.austintexas.gov/web/permit/public-search-other?t_detail=1&t_selected_folderrsn=13570776""}, ""project_id"": ""13570776"", ""masterpermitnum"": ""13570774"", ""latitude"": ""30.30406324"", ""longitude"": ""-97.73571014"", ""location"": {""latitude"": ""30.30406324"", ""longitude"": ""-97.73571014"", ""human_address"": ""{\""address\"": \""\"", \""city\"": \""\"", \""state\"": \""\"", \""zip\"": \""\""}""}, ""contractor_trade"": ""Mechanical Contractor"", ""contractor_company_name"": ""Airco Mechanical"", ""contractor_full_name"": ""Tu Huynh"", ""contractor_phone"": ""5127894151"", ""contractor_address2"": ""1000 S IH 35"", ""contractor_city"": ""ROUND ROCK"", ""contractor_zip"": ""78681"", ""certificate_of_occupancy"": ""No""}",2026-05-03T10:54:27.275855+00:00
2001-003301 BP,Convert Existing Closet Into Half Bath,2026-04-30T00:00:00+00:00,Remodel,Building Permit,3500.0,Not Provided,Active,2906 BURNING OAK DR,78704,Residential,6465098948,https://abc.austintexas.gov/web/permit/public-search-other?t_detail=1&t_selected_folderrsn=682409,2026-04-30T00:00:00+00:00,"{""permittype"": ""BP"", ""permit_type_desc"": ""Building Permit"", ""permit_number"": ""2001-003301 BP"", ""permit_class_mapped"": ""Residential"", ""permit_class"": ""R- 435 Renovations/Remodel"", ""work_class"": ""Remodel"", ""condominium"": ""No"", ""permit_location"": ""2906 BURNING OAK DR"", ""description"": ""Convert Existing Closet Into Half Bath"", ""tcad_id"": ""0403070610"", ""legal_description"": ""LOT 28 BLK D SOUTH TERRACE ADDN"", ""applieddate"": ""2001-05-01T00:00:00.000"", ""issue_date"": ""2026-04-30T00:00:00.000"", ""day_issued"": ""THURSDAY"", ""calendar_year_issued"": ""2026"", ""fiscal_year_issued"": ""2026"", ""issued_in_last_30_days"": ""Yes"", ""issue_method"": ""Permit Center"", ""status_current"": ""Active"", ""statusdate"": ""2026-04-30T00:00:00.000"", ""expiresdate"": ""2026-10-28T00:00:00.000"", ""total_job_valuation"": ""3500"", ""number_of_floors"": ""1"", ""original_address1"": ""2906 BURNING OAK DR"", ""original_city"": ""AUSTIN"", ""original_state"": ""TX"", ""original_zip"": ""78704"", ""council_district"": ""5"", ""jurisdiction"": ""AUSTIN FULL PURPOSE"", ""link"": {""url"": ""https://abc.austintexas.gov/web/permit/public-search-other?t_detail=1&t_selected_folderrsn=682409""}, ""project_id"": ""682409"", ""masterpermitnum"": ""186263"", ""latitude"": ""30.23916059"", ""longitude"": ""-97.77341097"", ""location"": {""latitude"": ""30.23916059"", ""longitude"": ""-97.77341097"", ""human_address"": ""{\""address\"": \""\"", \""city\"": \""\"", \""state\"": \""\"", \""zip\"": \""\""}""}, ""contractor_trade"": ""General Contractor"", ""contractor_full_name"": ""Devon Freeman"", ""contractor_phone"": ""6465098948"", ""contractor_address2"": ""1163  HOLMES"", ""contractor_city"": ""AUSTIN"", ""contractor_zip"": ""78702"", ""certificate_of_occupancy"": ""No""}",2026-05-03T10:54:27.275855+00:00
2026-050843 BP,Enclosure of existing carport attached to house,2026-04-30T00:00:00+00:00,Addition and Remodel,Building Permit,1.0,"Drake Develop Build Dwell, LLC",Active,5803 CARY DR,78757,Residential,5125385217,https://abc.austintexas.gov/web/permit/public-search-other?t_detail=1&t_selected_folderrsn=13692699,2026-04-30T00:00:00+00:00,"{""permittype"": ""BP"", ""permit_type_desc"": ""Building Permit"", ""permit_number"": ""2026-050843 BP"", ""permit_class_mapped"": ""Residential"", ""permit_class"": ""R- 434 Addition & Alterations"", ""work_class"": ""Addition and Remodel"", ""condominium"": ""No"", ""permit_location"": ""5803 CARY DR"", ""description"": ""Enclosure of existing carport attached to house"", ""tcad_id"": ""0232010302"", ""legal_description"": ""LOT 2 BLK A ALLANDALE OAKS"", ""applieddate"": ""2026-02-23T00:00:00.000"", ""issue_date"": ""2026-04-30T00:00:00.000"", ""day_issued"": ""THURSDAY"", ""calendar_year_issued"": ""2026"", ""fiscal_year_issued"": ""2026"", ""issued_in_last_30_days"": ""Yes"", ""issue_method"": ""Permit Center"", ""status_current"": ""Active"", ""statusdate"": ""2026-04-30T00:00:00.000"", ""expiresdate"": ""2026-10-28T00:00:00.000"", ""remodel_repair_sqft"": ""406"", ""total_new_add_sqft"": ""0"", ""total_valuation_remodel"": ""2"", ""total_job_valuation"": ""1"", ""number_of_floors"": ""1"", ""housing_units"": ""1"", ""building_valuation_remodel"": ""1"", ""electrical_valuation_remodel"": ""1"", ""mechanical_valuation_remodel"": ""0"", ""plumbing_valuation_remodel"": ""0"", ""original_address1"": ""5803 CARY DR"", ""original_city"": ""AUSTIN"", ""original_state"": ""TX"", ""original_zip"": ""78757"", ""council_district"": ""7"", ""jurisdiction"": ""AUSTIN FULL PURPOSE"", ""link"": {""url"": ""https://abc.austintexas.gov/web/permit/public-search-other?t_detail=1&t_selected_folderrsn=13692699""}, ""project_id"": ""13692699"", ""masterpermitnum"": ""13659101"", ""latitude"": ""30.3359413"", ""longitude"": ""-97.74680554"", ""location"": {""latitude"": ""30.3359413"", ""longitude"": ""-97.74680554"", ""human_address"": ""{\""address\"": \""\"", \""city\"": \""\"", \""state\"": \""\"", \""zip\"": \""\""}""}, ""contractor_trade"": ""General Contractor"", ""contractor_company_name"": ""Drake Develop Build Dwell, LLC"", ""contractor_full_name"": ""Brandon Drake"", ""contractor_phone"": ""5125385217"", ""contractor_address2"": ""1502 W 30TH"", ""contractor_city"": ""AUSTIN"", ""contractor_zip"": ""78703"", ""applicant_full_name"": ""Brandon Drake"", ""applicant_org"": ""Drake Develop Build Dwell, LLC"", ""applicant_phone"": ""5125385217"", ""applicant_address2"": ""1502 W 30TH"", ""applicant_city"": ""AUSTIN"", ""applicantzip"": ""78703"", ""certificate_of_occupancy"": ""No"", ""total_lot_sq_ft"": ""11162""}",2026-05-03T10:54:27.275855+00:00
2026-053898 MP,Replacement of condenser only unit 1114,2026-04-30T00:00:00+00:00,Change Out,Mechanical Permit,,Mike HVAC Service LLC,Active,744 W WILLIAM CANNON DR UNIT 1114,78745,Commercial,5126537159,https://abc.austintexas.gov/web/permit/public-search-other?t_detail=1&t_selected_folderrsn=13696103,2026-04-30T00:00:00+00:00,"{""permittype"": ""MP"", ""permit_type_desc"": ""Mechanical Permit"", ""permit_number"": ""2026-053898 MP"", ""permit_class_mapped"": ""Commercial"", ""permit_class"": ""Commercial"", ""work_class"": ""Change Out"", ""permit_location"": ""744 W WILLIAM CANNON DR UNIT 1114"", ""description"": ""Replacement of condenser only unit 1114"", ""tcad_id"": ""0419120118"", ""legal_description"": ""LOT 1 STONEHURST"", ""applieddate"": ""2026-04-30T00:00:00.000"", ""issue_date"": ""2026-04-30T00:00:00.000"", ""day_issued"": ""THURSDAY"", ""calendar_year_issued"": ""2026"", ""fiscal_year_issued"": ""2026"", ""issued_in_last_30_days"": ""Yes"", ""issue_method"": ""Permit Center"", ""status_current"": ""Active"", ""statusdate"": ""2026-04-30T00:00:00.000"", ""expiresdate"": ""2026-10-27T00:00:00.000"", ""original_address1"": ""744 W WILLIAM CANNON DR UNIT 1114"", ""original_city"": ""AUSTIN"", ""original_state"": ""TX"", ""original_zip"": ""78745"", ""council_district"": ""2"", ""jurisdiction"": ""AUSTIN FULL PURPOSE"", ""link"": {""url"": ""https://abc.austintexas.gov/web/permit/public-search-other?t_detail=1&t_selected_folderrsn=13696103""}, ""project_id"": ""13696103"", ""contractor_trade"": ""Mechanical Contractor"", ""contractor_company_name"": ""Mike HVAC Service LLC"", ""contractor_full_name"": ""Miguel Arroyo"", ""contractor_phone"": ""5126537159"", ""contractor_address2"": ""461  Balch R"", ""contractor_city"": ""Elgin"", ""contractor_zip"": ""78621-____""}",2026-05-03T10:54:27.275855+00:00
2026-031301 MP,"New construction of 2 story sfr with 3 beds 2.5 baths opt gourmet kitchen game room covered entry and opt cover patio with 2 car garage

PUD",2026-04-30T00:00:00+00:00,New,Mechanical Permit,,JRV Construction,Active,11309 ZIP COCHISE WAY,78653,Residential,2106009797,https://abc.austintexas.gov/web/permit/public-search-other?t_detail=1&t_selected_folderrsn=13670235,2026-04-30T00:00:00+00:00,"{""permittype"": ""MP"", ""permit_type_desc"": ""Mechanical Permit"", ""permit_number"": ""2026-031301 MP"", ""permit_class_mapped"": ""Residential"", ""permit_class"": ""R- 101 Single Family Houses"", ""work_class"": ""New"", ""condominium"": ""No"", ""permit_location"": ""11309 ZIP COCHISE WAY"", ""description"": ""New construction of 2 story sfr with 3 beds 2.5 baths opt gourmet kitchen game room covered entry and opt cover patio with 2 car garage\n\nPUD"", ""tcad_id"": ""0229570111"", ""legal_description"": ""SADDLE RIDGE AT WILDHORSE RANCH - SEC 1 BLK D LOT 32"", ""applieddate"": ""2026-02-24T00:00:00.000"", ""issue_date"": ""2026-04-30T00:00:00.000"", ""day_issued"": ""THURSDAY"", ""calendar_year_issued"": ""2026"", ""fiscal_year_issued"": ""2026"", ""issued_in_last_30_days"": ""Yes"", ""issue_method"": ""Permit Center"", ""status_current"": ""Active"", ""statusdate"": ""2026-04-30T00:00:00.000"", ""expiresdate"": ""2026-10-27T00:00:00.000"", ""total_new_add_sqft"": ""2665"", ""number_of_floors"": ""2"", ""housing_units"": ""1"", ""original_address1"": ""11309 ZIP COCHISE WAY"", ""original_city"": ""AUSTIN"", ""original_state"": ""TX"", ""original_zip"": ""78653"", ""council_district"": ""1"", ""jurisdiction"": ""AUSTIN FULL PURPOSE"", ""link"": {""url"": ""https://abc.austintexas.gov/web/permit/public-search-other?t_detail=1&t_selected_folderrsn=13670235""}, ""project_id"": ""13670235"", ""masterpermitnum"": ""13670231"", ""contractor_trade"": ""Mechanical Contractor"", ""contractor_company_name"": ""JRV Construction"", ""contractor_full_name"": ""Michael Boswell"", ""contractor_phone"": ""2106009797"", ""contractor_address2"": ""8403  HWY 15"", ""contractor_city"": ""San Antonio"", ""contractor_zip"": ""78245-____"", ""certificate_of_occupancy"": ""No""}",2026-05-03T10:54:27.275855+00:00
2026-052017 EP,EP is for electrical service to power a temporary traffic signal at Edgecliff Terr. & E Riverside intersection. TxDOT Project CSJ 0015 13 428.,2026-04-30T00:00:00+00:00,Upgrade,Electrical Permit,,"Sice, Inc",Active,1021 1/2 E RIVERSIDE DR,78704,Commercial,3052183688,https://abc.austintexas.gov/web/permit/public-search-other?t_detail=1&t_selected_folderrsn=13693994,2026-05-01T00:00:00+00:00,"{""permittype"": ""EP"", ""permit_type_desc"": ""Electrical Permit"", ""permit_number"": ""2026-052017 EP"", ""permit_class_mapped"": ""Commercial"", ""permit_class"": ""Commercial"", ""work_class"": ""Upgrade"", ""condominium"": ""No"", ""permit_location"": ""1021 1/2 E RIVERSIDE DR"", ""description"": ""EP is for electrical service to power a temporary traffic signal at Edgecliff Terr. & E Riverside intersection. TxDOT Project CSJ 0015 13 428."", ""applieddate"": ""2026-04-27T00:00:00.000"", ""issue_date"": ""2026-04-30T00:00:00.000"", ""day_issued"": ""THURSDAY"", ""calendar_year_issued"": ""2026"", ""fiscal_year_issued"": ""2026"", ""issued_in_last_30_days"": ""Yes"", ""issue_method"": ""Permit Center"", ""status_current"": ""Active"", ""statusdate"": ""2026-05-01T00:00:00.000"", ""expiresdate"": ""2026-10-27T00:00:00.000"", ""remodel_repair_sqft"": ""0"", ""number_of_floors"": ""1"", ""housing_units"": ""1"", ""electrical_valuation_remodel"": ""1"", ""original_address1"": ""1021 1/2 E RIVERSIDE DR"", ""original_city"": ""AUSTIN"", ""original_state"": ""TX"", ""original_zip"": ""78704"", ""council_district"": ""9"", ""jurisdiction"": ""AUSTIN FULL PURPOSE"", ""link"": {""url"": ""https://abc.austintexas.gov/web/permit/public-search-other?t_detail=1&t_selected_folderrsn=13693994""}, ""project_id"": ""13693994"", ""contractor_trade"": ""Electrical Contractor"", ""contractor_company_name"": ""Sice, Inc"", ""contractor_full_name"": ""Robert Hernandez"", ""contractor_phone"": ""3052183688"", ""contractor_address2"": ""14350 NW 56t"", ""contractor_city"": ""Miami"", ""contractor_zip"": ""33186-____"", ""certificate_of_occupancy"": ""No""}",2026-05-03T10:54:27.275855+00:00
2026-051520 BP,New 2.5-story single family residence with 4 bedrooms 3.5 bathrooms and an attached 2-car garage,2026-04-30T00:00:00+00:00,New,Building Permit,0.0,David Weekley Homes (MAIN),Active,6401 LAUTNER LN,78747,Residential,5128218885,https://abc.austintexas.gov/web/permit/public-search-other?t_detail=1&t_selected_folderrsn=13693464,2026-04-30T00:00:00+00:00,"{""permittype"": ""BP"", ""permit_type_desc"": ""Building Permit"", ""permit_number"": ""2026-051520 BP"", ""permit_class_mapped"": ""Residential"", ""permit_class"": ""R- 101 Single Family Houses"", ""work_class"": ""New"", ""condominium"": ""Yes"", ""permit_location"": ""6401 LAUTNER LN"", ""description"": ""New 2.5-story single family residence with 4 bedrooms 3.5 bathrooms and an attached 2-car garage"", ""tcad_id"": ""0438011501"", ""applieddate"": ""2026-03-26T00:00:00.000"", ""issue_date"": ""2026-04-30T00:00:00.000"", ""day_issued"": ""THURSDAY"", ""calendar_year_issued"": ""2026"", ""fiscal_year_issued"": ""2026"", ""issued_in_last_30_days"": ""Yes"", ""issue_method"": ""Permit Center"", ""status_current"": ""Active"", ""statusdate"": ""2026-04-30T00:00:00.000"", ""expiresdate"": ""2026-10-28T00:00:00.000"", ""total_new_add_sqft"": ""3119"", ""total_job_valuation"": ""0"", ""number_of_floors"": ""3"", ""housing_units"": ""1"", ""original_address1"": ""6401 LAUTNER LN"", ""original_city"": ""AUSTIN"", ""original_state"": ""TX"", ""original_zip"": ""78747"", ""council_district"": ""2"", ""jurisdiction"": ""AUSTIN FULL PURPOSE"", ""link"": {""url"": ""https://abc.austintexas.gov/web/permit/public-search-other?t_detail=1&t_selected_folderrsn=13693464""}, ""project_id"": ""13693464"", ""masterpermitnum"": ""13675904"", ""contractor_trade"": ""General Contractor"", ""contractor_company_name"": ""David Weekley Homes (MAIN)"", ""contractor_full_name"": ""Robin Campbell"", ""contractor_phone"": ""5128218885"", ""contractor_address2"": ""9000  Waterf"", ""contractor_city"": ""AUSTIN"", ""contractor_zip"": ""78758"", ""applicant_full_name"": ""Robin Campbell"", ""applicant_org"": ""David Weekley Homes (MAIN)"", ""applicant_phone"": ""5128218885"", ""applicant_address2"": ""9000  Waterf"", ""applicant_city"": ""AUSTIN"", ""applicantzip"": ""78758"", ""certificate_of_occupancy"": ""Yes"", ""total_lot_sq_ft"": ""0""}",2026-05-03T10:54:27.275855+00:00
2026-053184 MP,INTERIOR REMODEL OF EXISTING OFFICE SPACE-CONSTRUCTION OF NEW WALLS FOR CONF. RMS AND PRIVATE OFFICES.,2026-04-30T00:00:00+00:00,Remodel,Mechanical Permit,,Cool Services Inc.,Active,206 E 9TH ST UNIT 1503,78701,Commercial,5128342005,https://abc.austintexas.gov/web/permit/public-search-other?t_detail=1&t_selected_folderrsn=13695280,2026-04-30T00:00:00+00:00,"{""permittype"": ""MP"", ""permit_type_desc"": ""Mechanical Permit"", ""permit_number"": ""2026-053184 MP"", ""permit_class_mapped"": ""Commercial"", ""permit_class"": ""C-1000 Commercial Remodel"", ""work_class"": ""Remodel"", ""condominium"": ""No"", ""permit_location"": ""206 E 9TH ST UNIT 1503"", ""description"": ""INTERIOR REMODEL OF EXISTING OFFICE SPACE-CONSTRUCTION OF NEW WALLS FOR CONF. RMS AND PRIVATE OFFICES."", ""tcad_id"": ""0206031502"", ""legal_description"": ""LOT 2-6 BLOCK 112 ORIGINAL CITY (TOTAL SQ FT 29440)"", ""applieddate"": ""2026-02-13T00:00:00.000"", ""issue_date"": ""2026-04-30T00:00:00.000"", ""day_issued"": ""THURSDAY"", ""calendar_year_issued"": ""2026"", ""fiscal_year_issued"": ""2026"", ""issued_in_last_30_days"": ""Yes"", ""issue_method"": ""Permit Center"", ""status_current"": ""Active"", ""statusdate"": ""2026-04-30T00:00:00.000"", ""expiresdate"": ""2026-10-27T00:00:00.000"", ""remodel_repair_sqft"": ""12419"", ""number_of_floors"": ""20"", ""housing_units"": ""1"", ""original_address1"": ""206 E 9TH ST UNIT 1503"", ""original_city"": ""AUSTIN"", ""original_state"": ""TX"", ""original_zip"": ""78701"", ""council_district"": ""9"", ""jurisdiction"": ""AUSTIN FULL PURPOSE"", ""link"": {""url"": ""https://abc.austintexas.gov/web/permit/public-search-other?t_detail=1&t_selected_folderrsn=13695280""}, ""project_id"": ""13695280"", ""masterpermitnum"": ""13695277"", ""contractor_trade"": ""Mechanical Contractor"", ""contractor_company_name"": ""Cool Services Inc."", ""contractor_full_name"": ""Juan Balderas"", ""contractor_phone"": ""5128342005"", ""contractor_address1"": ""1804 BENCH M"", ""contractor_address2"": ""AUSTIN TX  7"", ""contractor_city"": ""AUSTIN"", ""contractor_zip"": ""78728"", ""certificate_of_occupancy"": ""No""}",2026-05-03T10:54:27.275855+00:00
2026-030092 MP,ePlan: Commercial Expedited Review -Interior Remodel to Existing office for Lab Spaces and Shared Facility Spaces to include Shipping and Receiving St,2026-04-30T00:00:00+00:00,Remodel,Mechanical Permit,,KILGORE MECHANICAL LLC,Active,712 E HUNTLAND DR,78752,Commercial,7139244900,https://abc.austintexas.gov/web/permit/public-search-other?t_detail=1&t_selected_folderrsn=13668871,2026-04-30T00:00:00+00:00,"{""permittype"": ""MP"", ""permit_type_desc"": ""Mechanical Permit"", ""permit_number"": ""2026-030092 MP"", ""permit_class_mapped"": ""Commercial"", ""permit_class"": ""C-1000 Commercial Remodel"", ""work_class"": ""Remodel"", ""condominium"": ""No"", ""permit_location"": ""712 E HUNTLAND DR"", ""description"": ""ePlan: Commercial Expedited Review -Interior Remodel to Existing office for Lab Spaces and Shared Facility Spaces to include Shipping and Receiving St"", ""tcad_id"": ""0230130105"", ""legal_description"": ""5.8210 AC OF LOT 3A-3B FIVE POINT NINE TWO LTD SUBD (PRORATE 01/01/2024 - 08/15/2024)"", ""applieddate"": ""2025-12-05T00:00:00.000"", ""issue_date"": ""2026-04-30T00:00:00.000"", ""day_issued"": ""THURSDAY"", ""calendar_year_issued"": ""2026"", ""fiscal_year_issued"": ""2026"", ""issued_in_last_30_days"": ""Yes"", ""issue_method"": ""Permit Center"", ""status_current"": ""Active"", ""statusdate"": ""2026-04-30T00:00:00.000"", ""expiresdate"": ""2026-09-13T00:00:00.000"", ""remodel_repair_sqft"": ""29252"", ""number_of_floors"": ""4"", ""housing_units"": ""1"", ""original_address1"": ""712 E HUNTLAND DR"", ""original_city"": ""AUSTIN"", ""original_state"": ""TX"", ""original_zip"": ""78752"", ""council_district"": ""4"", ""jurisdiction"": ""AUSTIN FULL PURPOSE"", ""link"": {""url"": ""https://abc.austintexas.gov/web/permit/public-search-other?t_detail=1&t_selected_folderrsn=13668871""}, ""project_id"": ""13668871"", ""masterpermitnum"": ""13668835"", ""latitude"": ""30.33071542"", ""longitude"": ""-97.70634623"", ""location"": {""latitude"": ""30.33071542"", ""longitude"": ""-97.70634623"", ""human_address"": ""{\""address\"": \""\"", \""city\"": \""\"", \""state\"": \""\"", \""zip\"": \""\""}""}, ""contractor_trade"": ""Mechanical Contractor"", ""contractor_company_name"": ""KILGORE MECHANICAL LLC"", ""contractor_full_name"": ""Jeffery Scott Kilgore"", ""contractor_phone"": ""7139244900"", ""contractor_address2"": ""10050  Houst"", ""contractor_city"": ""Houston"", ""contractor_zip"": ""77064"", ""certificate_of_occupancy"": ""No""}",2026-05-03T10:54:27.275855+00:00
2026-049371 PP,Addition to existing 1-story single-family residential to include: new covered rear patio; leveling out roof.,2026-04-30T00:00:00+00:00,Addition and Remodel,Plumbing Permit,,Not Provided,Active,2306 WILLOW ST,78702,Residential,5126982793,https://abc.austintexas.gov/web/permit/public-search-other?t_detail=1&t_selected_folderrsn=13690862,2026-04-30T00:00:00+00:00,"{""permittype"": ""PP"", ""permit_type_desc"": ""Plumbing Permit"", ""permit_number"": ""2026-049371 PP"", ""permit_class_mapped"": ""Residential"", ""permit_class"": ""R- 434 Addition & Alterations"", ""work_class"": ""Addition and Remodel"", ""condominium"": ""No"", ""permit_location"": ""2306 WILLOW ST"", ""description"": ""Addition to existing 1-story single-family residential to include: new covered rear patio; leveling out roof."", ""tcad_id"": ""0201091007"", ""legal_description"": ""LOT 12 BLK B OLT 39 DIV O DRIVING PARK ADDN"", ""applieddate"": ""2025-09-25T00:00:00.000"", ""issue_date"": ""2026-04-30T00:00:00.000"", ""day_issued"": ""THURSDAY"", ""calendar_year_issued"": ""2026"", ""fiscal_year_issued"": ""2026"", ""issued_in_last_30_days"": ""Yes"", ""issue_method"": ""Permit Center"", ""status_current"": ""Active"", ""statusdate"": ""2026-04-30T00:00:00.000"", ""expiresdate"": ""2026-10-12T00:00:00.000"", ""total_existing_bldg_sqft"": ""1386"", ""remodel_repair_sqft"": ""0"", ""total_new_add_sqft"": ""104"", ""number_of_floors"": ""1"", ""housing_units"": ""1"", ""original_address1"": ""2306 WILLOW ST"", ""original_city"": ""AUSTIN"", ""original_state"": ""TX"", ""original_zip"": ""78702"", ""council_district"": ""3"", ""jurisdiction"": ""AUSTIN FULL PURPOSE"", ""link"": {""url"": ""https://abc.austintexas.gov/web/permit/public-search-other?t_detail=1&t_selected_folderrsn=13690862""}, ""project_id"": ""13690862"", ""masterpermitnum"": ""13680537"", ""latitude"": ""30.25437617"", ""longitude"": ""-97.71910917"", ""location"": {""latitude"": ""30.25437617"", ""longitude"": ""-97.71910917"", ""human_address"": ""{\""address\"": \""\"", \""city\"": \""\"", \""state\"": \""\"", \""zip\"": \""\""}""}, ""contractor_trade"": ""General Contractor"", ""contractor_full_name"": ""Martin Medina"", ""contractor_phone"": ""5126982793"", ""contractor_address2"": ""503 E FAWNRI"", ""contractor_city"": ""AUSTIN"", ""contractor_zip"": ""78753-____"", ""certificate_of_occupancy"": ""No""}",2026-05-03T10:54:27.275855+00:00
2026-047734 EP,ePlan: Residential Expedited Review - New construction of a 2-Story Single Family Res. [5bed 4bath] with Attached Porch and Attached Carport.,2026-04-30T00:00:00+00:00,New,Electrical Permit,,Landmark Electric,Active,4704 PHILCO DR,78745,Residential,5124917718,https://abc.austintexas.gov/web/permit/public-search-other?t_detail=1&t_selected_folderrsn=13689049,2026-05-01T00:00:00+00:00,"{""permittype"": ""EP"", ""permit_type_desc"": ""Electrical Permit"", ""permit_number"": ""2026-047734 EP"", ""permit_class_mapped"": ""Residential"", ""permit_class"": ""R- 101 Single Family Houses"", ""work_class"": ""New"", ""condominium"": ""No"", ""permit_location"": ""4704 PHILCO DR"", ""description"": ""ePlan: Residential Expedited Review - New construction of a 2-Story Single Family Res. [5bed 4bath] with Attached Porch and Attached Carport."", ""tcad_id"": ""0409120518"", ""legal_description"": ""LOT 9 BLK D PARK FOREST SEC 1"", ""applieddate"": ""2026-02-18T00:00:00.000"", ""issue_date"": ""2026-04-30T00:00:00.000"", ""day_issued"": ""THURSDAY"", ""calendar_year_issued"": ""2026"", ""fiscal_year_issued"": ""2026"", ""issued_in_last_30_days"": ""Yes"", ""issue_method"": ""Permit Center"", ""status_current"": ""Active"", ""statusdate"": ""2026-05-01T00:00:00.000"", ""expiresdate"": ""2026-10-26T00:00:00.000"", ""total_new_add_sqft"": ""3795"", ""number_of_floors"": ""2"", ""housing_units"": ""1"", ""original_address1"": ""4704 PHILCO DR"", ""original_city"": ""AUSTIN"", ""original_state"": ""TX"", ""original_zip"": ""78745"", ""council_district"": ""5"", ""jurisdiction"": ""AUSTIN FULL PURPOSE"", ""link"": {""url"": ""https://abc.austintexas.gov/web/permit/public-search-other?t_detail=1&t_selected_folderrsn=13689049""}, ""project_id"": ""13689049"", ""masterpermitnum"": ""13689032"", ""contractor_trade"": ""Electrical Contractor"", ""contractor_company_name"": ""Landmark Electric"", ""contractor_full_name"": ""Robert W Brown"", ""contractor_phone"": ""5124917718"", ""contractor_address2"": ""2008  PICADI"", ""contractor_city"": ""ROUND ROCK"", ""contractor_zip"": ""78664"", ""certificate_of_occupancy"": ""No""}",2026-05-03T10:54:27.275855+00:00
2026-036608 MP,Replacement of complete existing central heat and air system with or without duct work,2026-04-30T00:00:00+00:00,Change Out,Mechanical Permit,,TOTALLY COOL,Active,7509 BROOKHOLLOW DR,78752,Residential,5124672689,https://abc.austintexas.gov/web/permit/public-search-other?t_detail=1&t_selected_folderrsn=13676349,2026-04-30T00:00:00+00:00,"{""permittype"": ""MP"", ""permit_type_desc"": ""Mechanical Permit"", ""permit_number"": ""2026-036608 MP"", ""permit_class_mapped"": ""Residential"", ""permit_class"": ""Residential"", ""work_class"": ""Change Out"", ""permit_location"": ""7509 BROOKHOLLOW DR"", ""description"": ""Replacement of complete existing central heat and air system with or without duct work"", ""tcad_id"": ""0229210226"", ""legal_description"": ""LOT 7B FIRST RESUB OF CORONADO HILLS SEC 3"", ""applieddate"": ""2026-03-26T00:00:00.000"", ""issue_date"": ""2026-04-30T00:00:00.000"", ""day_issued"": ""THURSDAY"", ""calendar_year_issued"": ""2026"", ""fiscal_year_issued"": ""2026"", ""issued_in_last_30_days"": ""Yes"", ""issue_method"": ""Permit Center"", ""status_current"": ""Active"", ""statusdate"": ""2026-04-30T00:00:00.000"", ""expiresdate"": ""2026-10-27T00:00:00.000"", ""original_address1"": ""7509 BROOKHOLLOW DR"", ""original_city"": ""AUSTIN"", ""original_state"": ""TX"", ""original_zip"": ""78752"", ""council_district"": ""1"", ""jurisdiction"": ""AUSTIN FULL PURPOSE"", ""link"": {""url"": ""https://abc.austintexas.gov/web/permit/public-search-other?t_detail=1&t_selected_folderrsn=13676349""}, ""project_id"": ""13676349"", ""latitude"": ""30.32739064"", ""longitude"": ""-97.68164976"", ""location"": {""latitude"": ""30.32739064"", ""longitude"": ""-97.68164976"", ""human_address"": ""{\""address\"": \""\"", \""city\"": \""\"", \""state\"": \""\"", \""zip\"": \""\""}""}, ""contractor_trade"": ""Mechanical Contractor"", ""contractor_company_name"": ""TOTALLY COOL"", ""contractor_full_name"": ""MICHAEL MCCOOK"", ""contractor_phone"": ""5124672689"", ""contractor_address2"": ""909  MCPHAUL"", ""contractor_city"": ""Austin"", ""contractor_zip"": ""78758""}",2026-05-03T10:54:27.275855+00:00
2022-132336 MP,ePlan: Expedited Review - Finish Out of  Level 2 of a 6-Story Mixed Use Multi-Family Bldgs. (21356 SF),2026-04-30T00:00:00+00:00,Remodel,Mechanical Permit,,"Truform Metalservice, Inc.",Active,301 PRESSLER ST,78703,Commercial,5122581675,https://abc.austintexas.gov/web/permit/public-search-other?t_detail=1&t_selected_folderrsn=13009076,2026-04-30T00:00:00+00:00,"{""permittype"": ""MP"", ""permit_type_desc"": ""Mechanical Permit"", ""permit_number"": ""2022-132336 MP"", ""permit_class_mapped"": ""Commercial"", ""permit_class"": ""C-1001 Commercial Finish Out"", ""work_class"": ""Remodel"", ""condominium"": ""No"", ""permit_location"": ""301 PRESSLER ST"", ""description"": ""ePlan: Expedited Review - Finish Out of  Level 2 of a 6-Story Mixed Use Multi-Family Bldgs. (21356 SF)"", ""tcad_id"": ""0107030201"", ""legal_description"": ""1.0960AC OF OLT 1 DIVISION Z"", ""applieddate"": ""2022-06-01T00:00:00.000"", ""issue_date"": ""2026-04-30T00:00:00.000"", ""day_issued"": ""THURSDAY"", ""calendar_year_issued"": ""2026"", ""fiscal_year_issued"": ""2026"", ""issued_in_last_30_days"": ""Yes"", ""issue_method"": ""Permit Center"", ""status_current"": ""Active"", ""statusdate"": ""2026-04-30T00:00:00.000"", ""expiresdate"": ""2026-10-27T00:00:00.000"", ""remodel_repair_sqft"": ""21356"", ""number_of_floors"": ""1"", ""housing_units"": ""13"", ""original_address1"": ""301 PRESSLER ST"", ""original_city"": ""AUSTIN"", ""original_state"": ""TX"", ""original_zip"": ""78703"", ""council_district"": ""9"", ""jurisdiction"": ""AUSTIN FULL PURPOSE"", ""link"": {""url"": ""https://abc.austintexas.gov/web/permit/public-search-other?t_detail=1&t_selected_folderrsn=13009076""}, ""project_id"": ""13009076"", ""masterpermitnum"": ""13008503"", ""latitude"": ""30.27135577"", ""longitude"": ""-97.76091259"", ""location"": {""latitude"": ""30.27135577"", ""longitude"": ""-97.76091259"", ""human_address"": ""{\""address\"": \""\"", \""city\"": \""\"", \""state\"": \""\"", \""zip\"": \""\""}""}, ""contractor_trade"": ""Mechanical Contractor"", ""contractor_company_name"": ""Truform Metalservice, Inc."", ""contractor_full_name"": ""Steven Allen Lane"", ""contractor_phone"": ""5122581675"", ""contractor_address1"": ""P. O. BOX 20"", ""contractor_address2"": ""AUSTIN TX  7"", ""contractor_city"": ""Austin"", ""contractor_zip"": ""78729"", ""certificate_of_occupancy"": ""No""}",2026-05-03T10:54:27.275855+00:00
2026-052729 EP,homebuilder loop refer to 2026 - 050270 BP,2026-04-30T00:00:00+00:00,Homebuilder Loop,Electrical Permit,,"Austin Lanehart Electric Co., Inc.",Final,12110 SAGRADA ST,78748,Residential,5122885373,https://abc.austintexas.gov/web/permit/public-search-other?t_detail=1&t_selected_folderrsn=13694784,2026-05-01T00:00:00+00:00,"{""permittype"": ""EP"", ""permit_type_desc"": ""Electrical Permit"", ""permit_number"": ""2026-052729 EP"", ""permit_class_mapped"": ""Residential"", ""permit_class"": ""Residential"", ""work_class"": ""Homebuilder Loop"", ""permit_location"": ""12110 SAGRADA ST"", ""description"": ""homebuilder loop refer to 2026 - 050270 BP"", ""tcad_id"": ""0447130103"", ""legal_description"": ""ESTANCIA HILL COUNTRY PHS 11 BLK F LOT 5"", ""applieddate"": ""2026-04-28T00:00:00.000"", ""issue_date"": ""2026-04-30T00:00:00.000"", ""day_issued"": ""THURSDAY"", ""calendar_year_issued"": ""2026"", ""fiscal_year_issued"": ""2026"", ""issued_in_last_30_days"": ""Yes"", ""issue_method"": ""Permit Center"", ""status_current"": ""Final"", ""statusdate"": ""2026-05-01T00:00:00.000"", ""expiresdate"": ""2026-05-01T00:00:00.000"", ""completed_date"": ""2026-05-01T00:00:00.000"", ""original_address1"": ""12110 SAGRADA ST"", ""original_city"": ""AUSTIN"", ""original_state"": ""TX"", ""original_zip"": ""78748"", ""council_district"": ""5"", ""jurisdiction"": ""AUSTIN LTD"", ""link"": {""url"": ""https://abc.austintexas.gov/web/permit/public-search-other?t_detail=1&t_selected_folderrsn=13694784""}, ""project_id"": ""13694784"", ""contractor_trade"": ""Electrical Contractor"", ""contractor_company_name"": ""Austin Lanehart Electric Co., Inc."", ""contractor_full_name"": ""John Lanehart"", ""contractor_phone"": ""5122885373"", ""contractor_address2"": ""2611  Howard"", ""contractor_city"": ""Austin"", ""contractor_zip"": ""78728""}",2026-05-03T10:54:27.275855+00:00
2026-052447 MP,Replacement of complete existing central heat and air system with or without duct work Install replacement of 3 Ton AC System with furnace & coil,2026-04-30T00:00:00+00:00,Change Out,Mechanical Permit,,Radiant Plumbing and Air Conditioning,Active,12103 CLICKETT CV,78753,Residential,5126904935,https://abc.austintexas.gov/web/permit/public-search-other?t_detail=1&t_selected_folderrsn=13694489,2026-04-30T00:00:00+00:00,"{""permittype"": ""MP"", ""permit_type_desc"": ""Mechanical Permit"", ""permit_number"": ""2026-052447 MP"", ""permit_class_mapped"": ""Residential"", ""permit_class"": ""Residential"", ""work_class"": ""Change Out"", ""permit_location"": ""12103 CLICKETT CV"", ""description"": ""Replacement of complete existing central heat and air system with or without duct work Install replacement of 3 Ton AC System with furnace & coil"", ""tcad_id"": ""0252260414"", ""legal_description"": ""LOT 15 BLK M COPPERFIELD SEC 2-B AMENDED PLAT"", ""applieddate"": ""2026-04-28T00:00:00.000"", ""issue_date"": ""2026-04-30T00:00:00.000"", ""day_issued"": ""THURSDAY"", ""calendar_year_issued"": ""2026"", ""fiscal_year_issued"": ""2026"", ""issued_in_last_30_days"": ""Yes"", ""issue_method"": ""Permit Center"", ""status_current"": ""Active"", ""statusdate"": ""2026-04-30T00:00:00.000"", ""expiresdate"": ""2026-10-27T00:00:00.000"", ""original_address1"": ""12103 CLICKETT CV"", ""original_city"": ""AUSTIN"", ""original_state"": ""TX"", ""original_zip"": ""78753"", ""council_district"": ""1"", ""jurisdiction"": ""AUSTIN FULL PURPOSE"", ""link"": {""url"": ""https://abc.austintexas.gov/web/permit/public-search-other?t_detail=1&t_selected_folderrsn=13694489""}, ""project_id"": ""13694489"", ""latitude"": ""30.38896827"", ""longitude"": ""-97.66304983"", ""location"": {""latitude"": ""30.38896827"", ""longitude"": ""-97.66304983"", ""human_address"": ""{\""address\"": \""\"", \""city\"": \""\"", \""state\"": \""\"", \""zip\"": \""\""}""}, ""contractor_trade"": ""Mechanical Contractor"", ""contractor_company_name"": ""Radiant Plumbing and Air Conditioning"", ""contractor_full_name"": ""James Price"", ""contractor_phone"": ""5126904935"", ""contractor_address2"": ""901  REINLI"", ""contractor_city"": ""AUSTIN"", ""contractor_zip"": ""78751-____""}",2026-05-03T10:54:27.275855+00:00
2022-132323 MP,ePlan: Expedited Review - New Construction of 2 Level Below Grade Garage (47497 SF),2026-04-30T00:00:00+00:00,New,Mechanical Permit,,"Truform Metalservice, Inc.",Active,301 PRESSLER ST,78703,Commercial,5122581675,https://abc.austintexas.gov/web/permit/public-search-other?t_detail=1&t_selected_folderrsn=13009040,2026-04-30T00:00:00+00:00,"{""permittype"": ""MP"", ""permit_type_desc"": ""Mechanical Permit"", ""permit_number"": ""2022-132323 MP"", ""permit_class_mapped"": ""Commercial"", ""permit_class"": ""C- 321 Pkg Garage Bldg & Open Deck"", ""work_class"": ""New"", ""condominium"": ""No"", ""permit_location"": ""301 PRESSLER ST"", ""description"": ""ePlan: Expedited Review - New Construction of 2 Level Below Grade Garage (47497 SF)"", ""tcad_id"": ""0107030201"", ""legal_description"": ""1.0960AC OF OLT 1 DIVISION Z"", ""applieddate"": ""2022-06-01T00:00:00.000"", ""issue_date"": ""2026-04-30T00:00:00.000"", ""day_issued"": ""THURSDAY"", ""calendar_year_issued"": ""2026"", ""fiscal_year_issued"": ""2026"", ""issued_in_last_30_days"": ""Yes"", ""issue_method"": ""Permit Center"", ""status_current"": ""Active"", ""statusdate"": ""2026-04-30T00:00:00.000"", ""expiresdate"": ""2026-10-27T00:00:00.000"", ""total_new_add_sqft"": ""47497"", ""number_of_floors"": ""2"", ""housing_units"": ""0"", ""mechanical_valuation"": ""0"", ""original_address1"": ""301 PRESSLER ST"", ""original_city"": ""AUSTIN"", ""original_state"": ""TX"", ""original_zip"": ""78703"", ""council_district"": ""9"", ""jurisdiction"": ""AUSTIN FULL PURPOSE"", ""link"": {""url"": ""https://abc.austintexas.gov/web/permit/public-search-other?t_detail=1&t_selected_folderrsn=13009040""}, ""project_id"": ""13009040"", ""masterpermitnum"": ""13008490"", ""latitude"": ""30.27135577"", ""longitude"": ""-97.76091259"", ""location"": {""latitude"": ""30.27135577"", ""longitude"": ""-97.76091259"", ""human_address"": ""{\""address\"": \""\"", \""city\"": \""\"", \""state\"": \""\"", \""zip\"": \""\""}""}, ""contractor_trade"": ""Mechanical Contractor"", ""contractor_company_name"": ""Truform Metalservice, Inc."", ""contractor_full_name"": ""Steven Allen Lane"", ""contractor_phone"": ""5122581675"", ""contractor_address1"": ""P. O. BOX 20"", ""contractor_address2"": ""AUSTIN TX  7"", ""contractor_city"": ""Austin"", ""contractor_zip"": ""78729"", ""certificate_of_occupancy"": ""No""}",2026-05-03T10:54:27.275855+00:00
2026-052963 BP,ePlan: Residential Expedited Review - Addition and Remodel to Existing 1-Story Single Family Res. [3bed 2bath] Work to include: Interior remodel First,2026-04-30T00:00:00+00:00,Addition and Remodel,Building Permit,0.0,"Catalyst Construction, INC.",Active,903 CEDAR GLN,78745,Residential,5125350544,https://abc.austintexas.gov/web/permit/public-search-other?t_detail=1&t_selected_folderrsn=13695031,2026-05-01T00:00:00+00:00,"{""permittype"": ""BP"", ""permit_type_desc"": ""Building Permit"", ""permit_number"": ""2026-052963 BP"", ""permit_class_mapped"": ""Residential"", ""permit_class"": ""R- 434 Addition & Alterations"", ""work_class"": ""Addition and Remodel"", ""condominium"": ""No"", ""permit_location"": ""903 CEDAR GLN"", ""description"": ""ePlan: Residential Expedited Review - Addition and Remodel to Existing 1-Story Single Family Res. [3bed 2bath] Work to include: Interior remodel First"", ""tcad_id"": ""0413110511"", ""legal_description"": ""LOT 6 BLK P SALEM WALK SEC 1"", ""applieddate"": ""2026-04-03T00:00:00.000"", ""issue_date"": ""2026-04-30T00:00:00.000"", ""day_issued"": ""THURSDAY"", ""calendar_year_issued"": ""2026"", ""fiscal_year_issued"": ""2026"", ""issued_in_last_30_days"": ""Yes"", ""issue_method"": ""Permit Center"", ""status_current"": ""Active"", ""statusdate"": ""2026-05-01T00:00:00.000"", ""expiresdate"": ""2026-10-28T00:00:00.000"", ""remodel_repair_sqft"": ""500"", ""total_new_add_sqft"": ""380"", ""total_valuation_remodel"": ""0"", ""total_job_valuation"": ""0"", ""number_of_floors"": ""1"", ""housing_units"": ""1"", ""building_valuation_remodel"": ""0"", ""electrical_valuation_remodel"": ""0"", ""mechanical_valuation_remodel"": ""0"", ""plumbing_valuation_remodel"": ""0"", ""original_address1"": ""903 CEDAR GLN"", ""original_city"": ""AUSTIN"", ""original_state"": ""TX"", ""original_zip"": ""78745"", ""council_district"": ""2"", ""jurisdiction"": ""AUSTIN FULL PURPOSE"", ""link"": {""url"": ""https://abc.austintexas.gov/web/permit/public-search-other?t_detail=1&t_selected_folderrsn=13695031""}, ""project_id"": ""13695031"", ""masterpermitnum"": ""13680514"", ""latitude"": ""30.21079282"", ""longitude"": ""-97.78466324"", ""location"": {""latitude"": ""30.21079282"", ""longitude"": ""-97.78466324"", ""human_address"": ""{\""address\"": \""\"", \""city\"": \""\"", \""state\"": \""\"", \""zip\"": \""\""}""}, ""contractor_trade"": ""General Contractor"", ""contractor_company_name"": ""Catalyst Construction, INC."", ""contractor_full_name"": ""JASON M BOX"", ""contractor_phone"": ""5125350544"", ""contractor_address2"": ""500 S CONGRE"", ""contractor_city"": ""AUSTIN"", ""contractor_zip"": ""78704"", ""applicant_full_name"": ""JASON M BOX"", ""applicant_org"": ""Catalyst Construction, INC."", ""applicant_phone"": ""5125350544"", ""applicant_address2"": ""500 S CONGRE"", ""applicant_city"": ""AUSTIN"", ""applicantzip"": ""78704"", ""certificate_of_occupancy"": ""No"", ""total_lot_sq_ft"": ""9750""}",2026-05-03T10:54:27.275855+00:00
2026-052706 PP,Gas test pipework repair at stove,2026-04-30T00:00:00+00:00,Repair,Plumbing Permit,,1st Home and Commercial Services,Active,8005 BOGGY RIDGE DR,78748,Residential,5126329938,https://abc.austintexas.gov/web/permit/public-search-other?t_detail=1&t_selected_folderrsn=13694759,2026-04-30T00:00:00+00:00,"{""permittype"": ""PP"", ""permit_type_desc"": ""Plumbing Permit"", ""permit_number"": ""2026-052706 PP"", ""permit_class_mapped"": ""Residential"", ""permit_class"": ""Residential"", ""work_class"": ""Repair"", ""condominium"": ""No"", ""permit_location"": ""8005 BOGGY RIDGE DR"", ""description"": ""Gas test pipework repair at stove"", ""tcad_id"": ""0424000121"", ""legal_description"": ""LOT 12 BLK C BEACONRIDGE WEST"", ""applieddate"": ""2026-04-28T00:00:00.000"", ""issue_date"": ""2026-04-30T00:00:00.000"", ""day_issued"": ""THURSDAY"", ""calendar_year_issued"": ""2026"", ""fiscal_year_issued"": ""2026"", ""issued_in_last_30_days"": ""Yes"", ""issue_method"": ""Permit Center"", ""status_current"": ""Active"", ""statusdate"": ""2026-04-30T00:00:00.000"", ""expiresdate"": ""2026-10-27T00:00:00.000"", ""remodel_repair_sqft"": ""1556"", ""number_of_floors"": ""0"", ""housing_units"": ""1"", ""original_address1"": ""8005 BOGGY RIDGE DR"", ""original_city"": ""AUSTIN"", ""original_state"": ""TX"", ""original_zip"": ""78748"", ""council_district"": ""2"", ""jurisdiction"": ""AUSTIN FULL PURPOSE"", ""link"": {""url"": ""https://abc.austintexas.gov/web/permit/public-search-other?t_detail=1&t_selected_folderrsn=13694759""}, ""project_id"": ""13694759"", ""latitude"": ""30.18280379"", ""longitude"": ""-97.79452819"", ""location"": {""latitude"": ""30.18280379"", ""longitude"": ""-97.79452819"", ""human_address"": ""{\""address\"": \""\"", \""city\"": \""\"", \""state\"": \""\"", \""zip\"": \""\""}""}, ""contractor_trade"": ""Plumbing Contractor"", ""contractor_company_name"": ""1st Home and Commercial Services"", ""contractor_full_name"": ""Dominic Langley"", ""contractor_phone"": ""5126329938"", ""contractor_address2"": ""630  RALPH A"", ""contractor_city"": ""AUSTIN"", ""contractor_zip"": ""78748-____"", ""certificate_of_occupancy"": ""No""}",2026-05-03T10:54:27.275855+00:00
2026-053429 BP,"Addition and remodel

Remodel of exist main level demo of unpermitted concrete patio and patio cover in its entirety existing wood patio in its entire",2026-04-30T00:00:00+00:00,Addition and Remodel,Building Permit,1.0,Team Work Home Designs,Active,6016 MORNING DEW DR,78749,Residential,5127908264,https://abc.austintexas.gov/web/permit/public-search-other?t_detail=1&t_selected_folderrsn=13695547,2026-04-30T00:00:00+00:00,"{""permittype"": ""BP"", ""permit_type_desc"": ""Building Permit"", ""permit_number"": ""2026-053429 BP"", ""permit_class_mapped"": ""Residential"", ""permit_class"": ""R- 434 Addition & Alterations"", ""work_class"": ""Addition and Remodel"", ""condominium"": ""No"", ""permit_location"": ""6016 MORNING DEW DR"", ""description"": ""Addition and remodel\n\nRemodel of exist main level demo of unpermitted concrete patio and patio cover in its entirety existing wood patio in its entire"", ""tcad_id"": ""0408280507"", ""legal_description"": ""LOT 13 BLK C WESTCREEK SEC 2"", ""applieddate"": ""2026-02-26T00:00:00.000"", ""issue_date"": ""2026-04-30T00:00:00.000"", ""day_issued"": ""THURSDAY"", ""calendar_year_issued"": ""2026"", ""fiscal_year_issued"": ""2026"", ""issued_in_last_30_days"": ""Yes"", ""issue_method"": ""Permit Center"", ""status_current"": ""Active"", ""statusdate"": ""2026-04-30T00:00:00.000"", ""expiresdate"": ""2026-10-28T00:00:00.000"", ""remodel_repair_sqft"": ""1073"", ""total_new_add_sqft"": ""773"", ""total_valuation_remodel"": ""0"", ""total_job_valuation"": ""1"", ""number_of_floors"": ""2"", ""housing_units"": ""1"", ""building_valuation_remodel"": ""0"", ""electrical_valuation_remodel"": ""0"", ""mechanical_valuation_remodel"": ""0"", ""plumbing_valuation_remodel"": ""0"", ""original_address1"": ""6016 MORNING DEW DR"", ""original_city"": ""AUSTIN"", ""original_state"": ""TX"", ""original_zip"": ""78749"", ""council_district"": ""8"", ""jurisdiction"": ""AUSTIN FULL PURPOSE"", ""link"": {""url"": ""https://abc.austintexas.gov/web/permit/public-search-other?t_detail=1&t_selected_folderrsn=13695547""}, ""project_id"": ""13695547"", ""masterpermitnum"": ""13661155"", ""latitude"": ""30.23335918"", ""longitude"": ""-97.84793071"", ""location"": {""latitude"": ""30.23335918"", ""longitude"": ""-97.84793071"", ""human_address"": ""{\""address\"": \""\"", \""city\"": \""\"", \""state\"": \""\"", \""zip\"": \""\""}""}, ""contractor_trade"": ""General Contractor"", ""contractor_company_name"": ""Team Work Home Designs"", ""contractor_full_name"": ""Shaked Gulasa"", ""contractor_phone"": ""5127908264"", ""contractor_address2"": ""1401  ART DI"", ""contractor_city"": ""AUSTIN"", ""contractor_zip"": ""78702-____"", ""applicant_full_name"": ""Shaked Gulasa"", ""applicant_org"": ""Team Work Home Designs"", ""applicant_phone"": ""5127908264"", ""applicant_address2"": ""1401  ART DI"", ""applicant_city"": ""AUSTIN"", ""applicantzip"": ""78702-____"", ""certificate_of_occupancy"": ""No"", ""total_lot_sq_ft"": ""14763""}",2026-05-03T10:54:27.275855+00:00
2026-053636 BP,"ePlan: Residential Expedited Review - New Construction of a 2-Story Single Family Res [4bed 5bath] with Attached Garage.
*Repair curb and gutter with",2026-04-30T00:00:00+00:00,New,Building Permit,0.0,David Weekley Homes (MAIN),Active,908 REDD ST,78745,Residential,5128218885,https://abc.austintexas.gov/web/permit/public-search-other?t_detail=1&t_selected_folderrsn=13695792,2026-04-30T00:00:00+00:00,"{""permittype"": ""BP"", ""permit_type_desc"": ""Building Permit"", ""permit_number"": ""2026-053636 BP"", ""permit_class_mapped"": ""Residential"", ""permit_class"": ""R- 101 Single Family Houses"", ""work_class"": ""New"", ""condominium"": ""No"", ""permit_location"": ""908 REDD ST"", ""description"": ""ePlan: Residential Expedited Review - New Construction of a 2-Story Single Family Res [4bed 5bath] with Attached Garage.\n*Repair curb and gutter with"", ""tcad_id"": ""0410091403"", ""legal_description"": ""LOT 2 BLK O FOREST OAKS SEC 2"", ""applieddate"": ""2026-03-11T00:00:00.000"", ""issue_date"": ""2026-04-30T00:00:00.000"", ""day_issued"": ""THURSDAY"", ""calendar_year_issued"": ""2026"", ""fiscal_year_issued"": ""2026"", ""issued_in_last_30_days"": ""Yes"", ""issue_method"": ""Permit Center"", ""status_current"": ""Active"", ""statusdate"": ""2026-04-30T00:00:00.000"", ""expiresdate"": ""2026-10-28T00:00:00.000"", ""total_new_add_sqft"": ""4126"", ""total_job_valuation"": ""0"", ""number_of_floors"": ""2"", ""housing_units"": ""1"", ""original_address1"": ""908 REDD ST"", ""original_city"": ""AUSTIN"", ""original_state"": ""TX"", ""original_zip"": ""78745"", ""council_district"": ""5"", ""jurisdiction"": ""AUSTIN FULL PURPOSE"", ""link"": {""url"": ""https://abc.austintexas.gov/web/permit/public-search-other?t_detail=1&t_selected_folderrsn=13695792""}, ""project_id"": ""13695792"", ""masterpermitnum"": ""13667989"", ""latitude"": ""30.22182652"", ""longitude"": ""-97.77828832"", ""location"": {""latitude"": ""30.22182652"", ""longitude"": ""-97.77828832"", ""human_address"": ""{\""address\"": \""\"", \""city\"": \""\"", \""state\"": \""\"", \""zip\"": \""\""}""}, ""contractor_trade"": ""General Contractor"", ""contractor_company_name"": ""David Weekley Homes (MAIN)"", ""contractor_full_name"": ""Robin Campbell"", ""contractor_phone"": ""5128218885"", ""contractor_address2"": ""9000  Waterf"", ""contractor_city"": ""AUSTIN"", ""contractor_zip"": ""78758"", ""applicant_full_name"": ""Robin Campbell"", ""applicant_org"": ""David Weekley Homes (MAIN)"", ""applicant_phone"": ""5128218885"", ""applicant_address2"": ""9000  Waterf"", ""applicant_city"": ""AUSTIN"", ""applicantzip"": ""78758"", ""certificate_of_occupancy"": ""Yes"", ""total_lot_sq_ft"": ""9105""}",2026-05-03T10:54:27.275855+00:00
2026-049512 EP,replace old meter with new one,2026-04-30T00:00:00+00:00,Upgrade,Electrical Permit,,Taylor PC Repair,Active,3100 N LAMAR BLVD,78705,Commercial,5125696323,https://abc.austintexas.gov/web/permit/public-search-other?t_detail=1&t_selected_folderrsn=13691048,2026-05-01T00:00:00+00:00,"{""permittype"": ""EP"", ""permit_type_desc"": ""Electrical Permit"", ""permit_number"": ""2026-049512 EP"", ""permit_class_mapped"": ""Commercial"", ""permit_class"": ""Commercial"", ""work_class"": ""Upgrade"", ""condominium"": ""No"", ""permit_location"": ""3100 N LAMAR BLVD"", ""description"": ""replace old meter with new one"", ""tcad_id"": ""0219011313"", ""legal_description"": ""64.79X114FT APPROX ABS 697 SUR 7 SPEAR G W"", ""applieddate"": ""2026-04-22T00:00:00.000"", ""issue_date"": ""2026-04-30T00:00:00.000"", ""day_issued"": ""THURSDAY"", ""calendar_year_issued"": ""2026"", ""fiscal_year_issued"": ""2026"", ""issued_in_last_30_days"": ""Yes"", ""issue_method"": ""Permit Center"", ""status_current"": ""Active"", ""statusdate"": ""2026-05-01T00:00:00.000"", ""expiresdate"": ""2026-10-27T00:00:00.000"", ""remodel_repair_sqft"": ""0"", ""number_of_floors"": ""1"", ""housing_units"": ""1"", ""electrical_valuation_remodel"": ""2500"", ""original_address1"": ""3100 N LAMAR BLVD"", ""original_city"": ""AUSTIN"", ""original_state"": ""TX"", ""original_zip"": ""78705"", ""council_district"": ""9"", ""jurisdiction"": ""AUSTIN FULL PURPOSE"", ""link"": {""url"": ""https://abc.austintexas.gov/web/permit/public-search-other?t_detail=1&t_selected_folderrsn=13691048""}, ""project_id"": ""13691048"", ""latitude"": ""30.30056315"", ""longitude"": ""-97.74637176"", ""location"": {""latitude"": ""30.30056315"", ""longitude"": ""-97.74637176"", ""human_address"": ""{\""address\"": \""\"", \""city\"": \""\"", \""state\"": \""\"", \""zip\"": \""\""}""}, ""contractor_trade"": ""Electrical Contractor"", ""contractor_company_name"": ""Taylor PC Repair"", ""contractor_full_name"": ""Bobby Taylor"", ""contractor_phone"": ""5125696323"", ""contractor_address2"": ""4067  Paramo"", ""contractor_city"": ""Temple"", ""contractor_zip"": ""76502-____"", ""certificate_of_occupancy"": ""No""}",2026-05-03T10:54:27.275855+00:00
2026-053287 PP,15ft sewer line repair,2026-04-30T00:00:00+00:00,Repair,Plumbing Permit,,Foundation Plumbing Services LLC,Active,10620 WINCHELSEA DR,78750,Residential,2102324004,https://abc.austintexas.gov/web/permit/public-search-other?t_detail=1&t_selected_folderrsn=13695386,2026-05-01T00:00:00+00:00,"{""permittype"": ""PP"", ""permit_type_desc"": ""Plumbing Permit"", ""permit_number"": ""2026-053287 PP"", ""permit_class_mapped"": ""Residential"", ""permit_class"": ""Residential"", ""work_class"": ""Repair"", ""condominium"": ""No"", ""permit_location"": ""10620 WINCHELSEA DR"", ""description"": ""15ft sewer line repair"", ""tcad_id"": ""0168191027"", ""legal_description"": ""LOT 59 BLK B SPICEWOOD AT BULLCREEK SEC 4"", ""applieddate"": ""2026-04-29T00:00:00.000"", ""issue_date"": ""2026-04-30T00:00:00.000"", ""day_issued"": ""THURSDAY"", ""calendar_year_issued"": ""2026"", ""fiscal_year_issued"": ""2026"", ""issued_in_last_30_days"": ""Yes"", ""issue_method"": ""Permit Center"", ""status_current"": ""Active"", ""statusdate"": ""2026-05-01T00:00:00.000"", ""expiresdate"": ""2026-10-28T00:00:00.000"", ""remodel_repair_sqft"": ""1600"", ""number_of_floors"": ""0"", ""housing_units"": ""1"", ""original_address1"": ""10620 WINCHELSEA DR"", ""original_city"": ""AUSTIN"", ""original_state"": ""TX"", ""original_zip"": ""78750"", ""council_district"": ""6"", ""jurisdiction"": ""AUSTIN FULL PURPOSE"", ""link"": {""url"": ""https://abc.austintexas.gov/web/permit/public-search-other?t_detail=1&t_selected_folderrsn=13695386""}, ""project_id"": ""13695386"", ""latitude"": ""30.43615513"", ""longitude"": ""-97.81313512"", ""location"": {""latitude"": ""30.43615513"", ""longitude"": ""-97.81313512"", ""human_address"": ""{\""address\"": \""\"", \""city\"": \""\"", \""state\"": \""\"", \""zip\"": \""\""}""}, ""contractor_trade"": ""Plumbing Contractor"", ""contractor_company_name"": ""Foundation Plumbing Services LLC"", ""contractor_full_name"": ""Sean Smart"", ""contractor_phone"": ""2102324004"", ""contractor_address2"": ""107  Home Pl"", ""contractor_city"": ""Adkins"", ""contractor_zip"": ""78101-____"", ""certificate_of_occupancy"": ""No""}",2026-05-03T10:54:27.275855+00:00
2025-157547 EP,QT - INTERIOR: Replace front door replace patio door replace bedroom door replace laundry bifold doors replace 48sqft of insulation replace 48sqft of,2026-04-30T00:00:00+00:00,Remodel,Electrical Permit,,LP General Services Contractor,Active,1500 FARO DR UNIT 2624,78741,Commercial,5125894880,https://abc.austintexas.gov/web/permit/public-search-other?t_detail=1&t_selected_folderrsn=13627559,2026-04-30T00:00:00+00:00,"{""permittype"": ""EP"", ""permit_type_desc"": ""Electrical Permit"", ""permit_number"": ""2025-157547 EP"", ""permit_class_mapped"": ""Commercial"", ""permit_class"": ""C-1000 Commercial Remodel"", ""work_class"": ""Remodel"", ""condominium"": ""No"", ""permit_location"": ""1500 FARO DR UNIT 2624"", ""description"": ""QT - INTERIOR: Replace front door replace patio door replace bedroom door replace laundry bifold doors replace 48sqft of insulation replace 48sqft of"", ""tcad_id"": ""0307110408"", ""legal_description"": ""LOT 1 PARADISE OAKS RESUB"", ""applieddate"": ""2025-12-10T00:00:00.000"", ""issue_date"": ""2026-04-30T00:00:00.000"", ""day_issued"": ""THURSDAY"", ""calendar_year_issued"": ""2026"", ""fiscal_year_issued"": ""2026"", ""issued_in_last_30_days"": ""Yes"", ""issue_method"": ""Permit Center"", ""status_current"": ""Active"", ""statusdate"": ""2026-04-30T00:00:00.000"", ""expiresdate"": ""2026-08-11T00:00:00.000"", ""remodel_repair_sqft"": ""665"", ""number_of_floors"": ""2"", ""housing_units"": ""2"", ""electrical_valuation_remodel"": ""200"", ""original_address1"": ""1500 FARO DR UNIT 2624"", ""original_city"": ""AUSTIN"", ""original_state"": ""TX"", ""original_zip"": ""78741"", ""council_district"": ""3"", ""jurisdiction"": ""AUSTIN FULL PURPOSE"", ""link"": {""url"": ""https://abc.austintexas.gov/web/permit/public-search-other?t_detail=1&t_selected_folderrsn=13627559""}, ""project_id"": ""13627559"", ""masterpermitnum"": ""13627557"", ""contractor_trade"": ""Electrical Contractor"", ""contractor_company_name"": ""LP General Services Contractor"", ""contractor_full_name"": ""Luis Ramirez"", ""contractor_phone"": ""5125894880"", ""contractor_address2"": ""1881  Grove"", ""contractor_city"": ""Austin"", ""contractor_zip"": ""78741-____"", ""certificate_of_occupancy"": ""No""}",2026-05-03T10:54:27.275855+00:00
2026-053897 EP,Emergency Permit needed. customer had an Austin Energy disconnect due to fallen tree branch on service drop line and damage to old existing service ca,2026-04-30T00:00:00+00:00,Repair,Electrical Permit,,GIDERDON ELECTRICAL SERVICES,Active,602 HARRIS AVE,78705,Residential,5129031051,https://abc.austintexas.gov/web/permit/public-search-other?t_detail=1&t_selected_folderrsn=13696102,2026-05-01T00:00:00+00:00,"{""permittype"": ""EP"", ""permit_type_desc"": ""Electrical Permit"", ""permit_number"": ""2026-053897 EP"", ""permit_class_mapped"": ""Residential"", ""permit_class"": ""Residential"", ""work_class"": ""Repair"", ""condominium"": ""No"", ""permit_location"": ""602 HARRIS AVE"", ""description"": ""Emergency Permit needed. customer had an Austin Energy disconnect due to fallen tree branch on service drop line and damage to old existing service ca"", ""tcad_id"": ""0217061408"", ""legal_description"": ""E 40FT OF LOT 2 *& W10FT OF LOT 3 BLK 6 OLT 7-8 DIV C HARPERS SUBD"", ""applieddate"": ""2026-04-30T00:00:00.000"", ""issue_date"": ""2026-04-30T00:00:00.000"", ""day_issued"": ""THURSDAY"", ""calendar_year_issued"": ""2026"", ""fiscal_year_issued"": ""2026"", ""issued_in_last_30_days"": ""Yes"", ""issue_method"": ""Permit Center"", ""status_current"": ""Active"", ""statusdate"": ""2026-05-01T00:00:00.000"", ""expiresdate"": ""2026-10-27T00:00:00.000"", ""remodel_repair_sqft"": ""0"", ""number_of_floors"": ""1"", ""housing_units"": ""1"", ""electrical_valuation_remodel"": ""4000"", ""original_address1"": ""602 HARRIS AVE"", ""original_city"": ""AUSTIN"", ""original_state"": ""TX"", ""original_zip"": ""78705"", ""council_district"": ""9"", ""jurisdiction"": ""AUSTIN FULL PURPOSE"", ""link"": {""url"": ""https://abc.austintexas.gov/web/permit/public-search-other?t_detail=1&t_selected_folderrsn=13696102""}, ""project_id"": ""13696102"", ""latitude"": ""30.29569514"", ""longitude"": ""-97.73021136"", ""location"": {""latitude"": ""30.29569514"", ""longitude"": ""-97.73021136"", ""human_address"": ""{\""address\"": \""\"", \""city\"": \""\"", \""state\"": \""\"", \""zip\"": \""\""}""}, ""contractor_trade"": ""Electrical Contractor"", ""contractor_company_name"": ""GIDERDON ELECTRICAL SERVICES"", ""contractor_full_name"": ""Shawn Jones"", ""contractor_phone"": ""5129031051"", ""contractor_address2"": ""16913  Lathr"", ""contractor_city"": ""PFLUGERVILLE"", ""contractor_zip"": ""78660-____"", ""certificate_of_occupancy"": ""No""}",2026-05-03T10:54:27.275855+00:00
